noteId,coverUrl,title
69ad7987000000001503345e,https://sns-webpic-qc.xhscdn.com/202610010105/666ceb6ba24259a7b791495a99b40965/notes_pre_post/1040g3k831tf38h3gm2705pp0ia57dlf37h7ldf8!nc_n_webp_mw_1,真金白银砸下去💸我的Model 3选购避坑指南！
69affaac000000002202f884,https://sns-webpic-qc.xhscdn.com/202610010100/5d7a8785d84b81562d00b1bb6124ef47/notes_pre_post/1040g3k031thhdk5rl8005pgbcak1hno0cprgmno!nc_n_webp_mw_1,别被“电车贵”骗了！🧮今天给你算笔账！
6ab24e880000000031013038,https://ci.xiaohongshu.com/notes_pre_post/1040g3k0325dqa5mv4e705pooulu7e0uuakcms18?imageView2/2/w/1080/format/jpg,山东提Model Y这个价吗...有点说法
69b53f01000000002302491b,https://sns-webpic-qc.xhscdn.com/202610010100/dc6eae4a06154b37510037362151aae4/notes_uhdr/1040g3qg31tmm5td0nu005pgbcak1hno0508408o!nc_n_webp_mw_1,Model 3快银还是珍珠白？
69b6ced7000000001b003610,https://sns-webpic-qc.xhscdn.com/202610010100/1426d989f9fb3a0ef39e8b2bd2deea32/notes_pre_post/1040g3k831to6t33c04005pgbcak1hno0c1am1qo!nc_n_webp_mw_1,3月 | Model Y 国补后落地价
69b3f347000000001d0183c3,https://sns-webpic-qc.xhscdn.com/202610010100/0b3f473b2c087401711647047ba00a8e/notes_pre_post/1040g3k031tldk0ne6i005pgbcak1hno06448bk0!nc_n_webp_mw_1,Model Y落地价：24.35W，还有机会
6ab1f45a000000003a023b0f,https://ci.xiaohongshu.com/notes_pre_post/1040g3k0325degfhr4q105p9bk65qjdq135lkab8?imageView2/2/w/1080/format/jpg,国补后19.47w起拿下Model 3！是谁还没冲？
69c918f50000000023020f5e,https://sns-webpic-qc.xhscdn.com/202610010100/050c301c187c38f2072397071ca2f242/1040g00831ua29vg02s005pgbcak1hno0ceb1r08!nc_n_webp_mw_1,早就说了，手握25个Model Y就是最优解
69d27a780000000023022745,https://sns-webpic-qc.xhscdn.com/202610010100/2375a8209fe503d7a15ac7833ca31df5/note_pre_post_uhdr/1040g3r031uj7jf061u005pgbcak1hno02kfgbfo!nc_n_webp_mw_1,4月兴奋了，Model 3：20w+
69d2521a000000001d01f1dd,https://sns-webpic-qc.xhscdn.com/202610010100/d63b565903616157fb0b01571372aefa/notes_pre_post/1040g3k831uj2kkp1j4705pgbcak1hno0dgjsb9o!nc_n_webp_mw_1,Model Y落地价：24.35W，还有机会
69de5040000000001d01abc9,https://sns-webpic-qc.xhscdn.com/202610010100/c7f75f43725e8761b55a26b8da6df5e8/1040g00831v227fcsju805pgbcak1hno0o2mol00!nc_n_webp_mw_1,Model 3和Model Y的区别📝建议收藏
69ecccba0000000035032c2a,https://sns-webpic-qc.xhscdn.com/202610010100/2ce64f3102b94ccf7b4a0bf507906b7d/notes_uhdr/1040g3qo31vcu6sh3is705pgbcak1hno0g9vn9ro!nc_n_webp_mw_1,四月底，黑标Model Y落地价泰心动了
69f0a69e0000000036003bfe,https://sns-webpic-qc.xhscdn.com/202610010100/4a463f33f4cdbfca7ad9679787d38185/note_pre_post_uhdr/1040g3r031vgmhng22s005pgbcak1hno05fon3n0!nc_n_webp_mw_1,五一Model Y L：月供3895，忍不了了！
69fdee6b0000000035031ec6,https://sns-webpic-qc.xhscdn.com/202610010100/a7cc6c2d30838d7cc81100130a0ee8fa/note_pre_post_uhdr/1040g3r831vtlapjll6705pgbcak1hno0u38148g!nc_n_webp_mw_1,兴奋了！！日供98拿下Model Y
69ff508a000000003503bc4e,https://sns-webpic-qc.xhscdn.com/202610010100/768a6be67a93d3ac6bb115af89f6e80f/note_pre_post_uhdr/1040g3r831vv0kt49l6705pgbcak1hno0i4gfge0!nc_n_webp_mw_1,2026国补后，20.67w提走Model 3
6a01bf4f000000003502f8cc,https://sns-webpic-qc.xhscdn.com/202610010100/de4e7aa0ed06c13c05617cc8e80bc54e/note_pre_post_uhdr/1040g3r83201cokm0l4705pgbcak1hno0ur9nok0!nc_n_webp_mw_1,Model 3太猛了！手付5w 月供2k起开走
6a10610400000000350309f6,https://sns-webpic-qc.xhscdn.com/202610010100/0581ba10fe55d5926b6488f268e50f6d/notes_pre_post/1040g3k0320fm0ndrli005pgbcak1hno0nded4tg!nc_n_webp_mw_1,2026国补后，20.67w提走Model 3
6a1593f5000000003501cebe,https://sns-webpic-qc.xhscdn.com/202610010100/1714f3f2edaf5d766183dd92134e954c/note_pre_post_uhdr/1040g3r0320ko7qq2lk305pgbcak1hno0qvk6tjg!nc_n_webp_mw_1,4.59w开走网红Model Y L，明细梳理
6a1af2ca00000000350206c6,https://sns-webpic-qc.xhscdn.com/202610010100/b30b154ab544dc2655c0675c59a27f30/notes_uhdr/1040g3qg320q0c22kmq005pgbcak1hno06jh4j9o!nc_n_webp_mw_1,Model 3：4.59w提走了，大惊喜！
6a2580f20000000036001e09,https://sns-webpic-qc.xhscdn.com/202610010100/f0a680e3d028deba33390c197fb3983e/note_pre_post_uhdr/1040g3r83214a5vnm6u705pgbcak1hno0257jv5o!nc_n_webp_mw_1,02年男生👨4.59W无痛开走Model 3
6a2e1a030000000022023c36,https://sns-webpic-qc.xhscdn.com/202610010100/ce48a1d7460302660982bbbf774b2b8d/note_pre_post_uhdr/1040g3r8321cmrq6fn4805pgbcak1hno0gg6l2uo!nc_n_webp_mw_1,赚翻了！国补后，Model 3：19.97w
6a4a66cc000000001101627b,https://sns-webpic-qc.xhscdn.com/202610010100/fe01411f838d6061832bb80b1176023a/note_pre_post_uhdr/1040g3r83228b850s72005pgbcak1hno02ghnmtg!nc_n_webp_mw_1,国补后，黑标Model Y：24.27w起
6a5f53aa000000000f007170,https://sns-webpic-qc.xhscdn.com/202610010100/cd163c6e4c056e69687bf1fa249e78c8/note_pre_post_uhdr/1040g3r8322sp5hm970705pgbcak1hno0o6i3omg!nc_n_webp_mw_1,特斯拉开10年vs油车谁更划算？
6a684dbc0000000022019009,https://sns-webpic-qc.xhscdn.com/202610010100/d46ab3be7333001e3a54bbd74adbebe2/notes_pre_post/1040g3k83235hmborn4705pgbcak1hno0hrlnv6g!nc_n_webp_mw_1,最后三天⏰黑标Model Y：23.47w
6a087d8400000000350231bf,https://sns-webpic-qc.xhscdn.com/202610010100/fad7277024934acbfb82a000fe75a48c/1040g0083207vfsnvlk105pgbcak1hno051ihhp8!nc_n_webp_mw_1,Model Y更新前后对比，落地24w+
6a22f99000000000070289a3,https://sns-webpic-qc.xhscdn.com/202610010100/0951fdd8f75ad434714304fcaa13d1cb/notes_pre_post/1040g3k03211p6fa5nae05omq9s70vhnq528vrp8!nc_n_webp_mw_1,天塌了❗️西安买Model YL新购🉑减1oooo❓
6a4cf2740000000006032b40,https://sns-webpic-qc.xhscdn.com/202610010100/5ebf050fbc6e01891e733db6d4bdf1ab/notes_pre_post/1040g3k0322aqggrunu1g5omq9s70vhnqecf52r8!nc_n_webp_mw_1,8🈷️新购Model 3太夯了💙立省2w➕
6a46a2c60000000006030439,https://sns-webpic-qc.xhscdn.com/202610010100/6a76bc57a55cfe3723c2abacb72c12a2/1040g2sg3224gs0o07ee05omq9s70vhnqrb7mgjg!nc_n_webp_mw_1,8月Model Y落地23.85w♥️也是被我享受到了
6a4f790b0000000007026f73,https://sns-webpic-qc.xhscdn.com/202610010100/d5870fb7bd22bc7a03bdd62aafc2c3c5/notes_pre_post/1040g3k8322crkqjn7u905omq9s70vhnqd50r5u0!nc_n_webp_mw_1,Model Y：落地24.27w，月2691无痛提车
6a62e823000000001d023620,https://sns-webpic-qc.xhscdn.com/202610010100/7a24188892ab6cf8b41f82b4a5a59e22/notes_pre_post/1040g3k0322vk01vig26g49cqg4i70nu364jgrj0!nc_n_webp_mw_1,油价飙升，把油车换成Model 3，怎么买才划算❓
6a6cbdf60000000033030d4b,https://sns-webpic-qc.xhscdn.com/202610010100/70f3fb1ae5d3c8e43f864c91a75d9ab2/1040g2sg324joakjunu705omq9s70vhnq4k68pu8!nc_n_webp_mw_1,9🈷️新购Model Y至高享11798元💰抓紧手速
6a71aa02000000003300a96b,https://sns-webpic-qc.xhscdn.com/202610010100/173af5165873613564c6c76b8c2dbc58/1040g2sg323em25o2ga005omq9s70vhnq5dhpdt8!nc_n_webp_mw_1,8月特斯拉太夯了❗️Model Y新购至少10000❓
6a75a28f0000000028032743,https://sns-webpic-qc.xhscdn.com/202610010100/63b9550b62530c6ec36ae88b00474f9e/notes_pre_post/1040g3k8323ii945t7u705omq9s70vhnq0a092b0!nc_n_webp_mw_1,8🈷️置换Model 3：20.15w，香惨了🔥
6a7b09eb000000003300b4f3,https://sns-webpic-qc.xhscdn.com/202610010100/61b22cf6c0cf22b9476151761371fb4e/notes_pre_post/1040g3k8323nr2c5agb4g5omq9s70vhnq7e9isc8!nc_n_webp_mw_1,00后第1️⃣台车❗19.87w提Model 3真的香🙋‍♂️
6a7da724000000003300e991,https://sns-webpic-qc.xhscdn.com/202610010100/0a7b3afe03c1e958cde0a25d837bd0aa/notes_pre_post/1040g3k8323qcmbt47a9g5omq9s70vhnqkn3a450!nc_n_webp_mw_1,8月无痛提车❗西安提Model 3 19.87w起💙
6a82af120000000035017467,https://sns-webpic-qc.xhscdn.com/202610010100/8e0487a426acea304d36744a44987d68/1040g008323v9srqb0o705omq9s70vhnqbigahpg!nc_n_webp_mw_1,特斯拉新购提车❗️西安新购Model 3立减10000
6a8433f10000000035017c9b,https://sns-webpic-qc.xhscdn.com/202610010100/872ada6b9eeea92c9f48bd1e3b9337f4/notes_pre_post/1040g3k03240pdfia7a305omq9s70vhnq100u1dg!nc_n_webp_mw_1,珍珠白VS星钻黑：Model 3 💵19w拿下❗️
69d22704000000002301f186,https://sns-webpic-qc.xhscdn.com/202610010100/fe065466141fc244a26d161492d45150/1040g00831uo78vnl2q005pgt3migu6q16fe7bkg!nc_n_webp_mw_1,我的梦中情车 四月手付4W搞定！🤩
6a056e63000000000803f8f9,https://sns-webpic-qc.xhscdn.com/202610010100/b668c403ea3ddcd2b82576c305769185/note_pre_post_uhdr/1040g3r83204roemdii905pgt3migu6q11e7s95g!nc_n_webp_mw_1,五月开心提车！Model Y : 24.35W🤫
6a0ab52b0000000007024a2e,https://sns-webpic-qc.xhscdn.com/202610010100/a6b1147142b59c3496652ddf6dda7581/notes_pre_post/1040g3k0320a35m17m80g5pgt3migu6q1d7l1qeg!nc_n_webp_mw_1,Model Y 全系已更新！24W+提走
6a44adb20000000007026633,https://sns-webpic-qc.xhscdn.com/202610010100/47d6c4868d3d6cb0235f4f4f15f818e9/1040g2sg322ej6oqo7oeg5pgt3migu6q1v79t2e8!nc_n_webp_mw_1,9月入Model 3时机刚好！别错过！
6a47a33f00000000200389f5,https://sns-webpic-qc.xhscdn.com/202610010100/596b2b64739f584897ab05dc54f0e5d8/1040g2sg3225krgsr7oe05pgt3migu6q1i8jr27o!nc_n_webp_mw_1,4.59w提走Model Y L，怎么做到的？
6a549550000000000702e9cd,https://sns-webpic-qc.xhscdn.com/202610010100/aefea809eeff998bd7b27d7531d0de47/notes_uhdr/1040g3qg322i9espl7a0g5pgt3migu6q1nsedqp8!nc_n_webp_mw_1,20W预算不看Model 3 还能看啥？🤩
6a58ec40000000000e034fab,https://sns-webpic-qc.xhscdn.com/202610010100/c928572ef3cb2af046d59d1bcddd84e0/note_pre_post_uhdr/1040g3r8322mh1d4u7k705pgt3migu6q1c7pqg2g!nc_n_webp_mw_1,终于等到！特斯拉Model 3：20.67w起
6a658414000000000f0094f7,https://sns-webpic-qc.xhscdn.com/202610010100/c7e7bbdf36112013a1b816accd64cc72/1040g2sg3232q0o0pnks05pgt3migu6q1up19h70!nc_n_webp_mw_1,国补方案🤩Model 3 : 19.95w起
6a6e00fa000000002800002f,https://sns-webpic-qc.xhscdn.com/202610010100/157429e33507751e5e077882bca89ef7/1040g2sg323b3oh6m0a0g5pgt3migu6q10maemng!nc_n_webp_mw_1,算笔硬仗💰黑Model Y低至22.8W落地
69d877ad000000001e00d0a8,https://sns-webpic-qc.xhscdn.com/202610010100/446cfd5781d5c4b31346ec835ea3d1f8/notes_pre_post/1040g3k031up2nbag3q105pcjkod8iqdntaki3io!nc_n_webp_mw_1,Model Y蕞低🈷️供：2188，还有机会
69dcacfa0000000020038194,https://sns-webpic-qc.xhscdn.com/202610010100/3c67d10bb9775f8b2aedf41912e9df78/notes_pre_post/1040g3k831ut638jl2i805pcjkod8iqdnhbkcj78!nc_n_webp_mw_1,手付2.19w开走！ Model 3四月提车攻略
69ed85d2000000002003bdcc,https://sns-webpic-qc.xhscdn.com/202610010100/be2f875353004e6423b57ccfbd41ff2c/notes_pre_post/1040g3k831vdkj3vgiq405pcjkod8iqdn65011bo!nc_n_webp_mw_1,Model Y L省3.5w‍🔥00后直接一步到位！！
6a6f1041000000002701fbfa,https://sns-webpic-qc.xhscdn.com/202610010100/8d279d82b7331acaf7cca279b0e3e7e5/1040g008323c4kh0o7a005pcjkod8iqdngc9kc9o!nc_n_webp_mw_1,别急着下单！8月西安Model Y省💴全攻略❗️
69e5fd7800000000200388b5,https://sns-webpic-qc.xhscdn.com/202610010100/60eeca8e7211ab8951245463a5277af9/notes_pre_post/1040g3k031v69dn602q005pke1a2gu7nnjg0cn2g!nc_n_webp_mw_1,Model 3还有机会，2k多点月供！
69f562d30000000023004a3d,https://sns-webpic-qc.xhscdn.com/202610010100/ef1aa42401ea9035205bef8c2f6767df/notes_pre_post/1040g3k831vlahl4eia005pke1a2gu7nnm5ga3m8!nc_n_webp_mw_1,白色Model 3提车：20.75w，合肥等你
6a0fd03b0000000006037906,https://sns-webpic-qc.xhscdn.com/202610010100/cc99e329a65b5d9591704fac1324b49a/notes_pre_post/1040g3k8320f4cv3rls705pke1a2gu7nnj2n41vo!nc_n_webp_mw_1,被问了100遍的Model Y真实落地价！
6a2aadb0000000002200a0f1,https://sns-webpic-qc.xhscdn.com/202610010100/264fc15d1dfefb1b1f4fb0bcf8b52c5d/1040g0083219bu0i6no705pke1a2gu7nng8561lo!nc_n_webp_mw_1,00后男生用4.59w提走Model 3
6a328abb00000000210210ca,https://sns-webpic-qc.xhscdn.com/202610010100/43ab8087a17b196b048e87540fd15f94/1040g008321h1jo9k7e005pke1a2gu7nnhvq6tm8!nc_n_webp_mw_1,7月特斯拉Model Y，落地价已算好！
6a40fe7800000000220156ec,https://sns-webpic-qc.xhscdn.com/202610010100/2a9936986da5276b3f3b693298ca94c7/notes_uhdr/1040g3qg321v59pmp7u005pke1a2gu7nnvtiqcu0!nc_n_webp_mw_1,长期主义的选择，24w+ Model Y适配度MAX
6a4a4fed000000002003827b,https://sns-webpic-qc.xhscdn.com/202610010100/fefdff7cd5b07d2a46e1c9aea012d5f8/notes_uhdr/1040g3qo32288ftqh7u7g5pke1a2gu7nn1vfclro!nc_n_webp_mw_1,7月特斯拉20000+3000补贴抓紧冲！
6a4e3fe8000000000702c5c9,https://sns-webpic-qc.xhscdn.com/202610010100/f04cf5126ead24be6d370d7de2f7f091/note_pre_post_uhdr/1040g3r0322fulbajnu005pke1a2gu7nnug78kho!nc_n_webp_mw_1,7月国补绝了，Model Y珍珠白：24.27w
6a522a1f0000000006020519,https://sns-webpic-qc.xhscdn.com/202610010100/337d38abdc87b97c052b42e1dc22bc87/notes_pre_post/1040g3k8322ftq6l37o7g5pke1a2gu7nn6t0ot7o!nc_n_webp_mw_1,00后男生月薪8500，靠自己拿下Dream Car
6a635c9b0000000014007e91,https://sns-webpic-qc.xhscdn.com/202610010100/90c93fafee285be686661ad356368e40/notes_pre_post/1040g3k03230n96p67u005pke1a2gu7nnmfm8j5g!nc_n_webp_mw_1,人生第一台Model 3，特斯拉好宠哦🚗💖
6a6f3a210000000025010f3d,https://sns-webpic-qc.xhscdn.com/202610010100/dd7746d05acd906a2dd5348c9df87339/1040g2sg323ca2l34na005pke1a2gu7nn41i9q5o!nc_n_webp_mw_1,想买Model 3的，8月太兴奋了！
6a6ab36400000000140064a5,https://sns-webpic-qc.xhscdn.com/202610010100/1c35734d0534f1953d4061b62567f3d6/note_pre_post_uhdr/1040g3r03237sf9tu02205pke1a2gu7nn6ketum8!nc_n_webp_mw_1,上班暂停💻｜5.59w开走Model Y在霸都打卡
6a732fc4000000002202cea5,https://sns-webpic-qc.xhscdn.com/202610010100/b17543f0f4923bf2b2fcd07f6d56a31b/notes_pre_post/1040g3k8323g5puu47a705pke1a2gu7nn0henfm0!nc_n_webp_mw_1,00年男生Model 3快银20w+提车‼️
692eb91d000000001e02cb1f,https://sns-webpic-qc.xhscdn.com/202610010101/7b422a6e3249f9b9db5b1b98db4036e9/note_pre_post_uhdr/1040g3r031pj9jhgakg1g5pvndri3lkud57ihke8!nc_n_webp_mw_1,1月买特斯拉，这儿还有购置禾兑补补‼️
69623d7a000000001a028476,https://sns-webpic-qc.xhscdn.com/202610010101/f613b64e28c1d38d78b28305d9f9a34d/note_pre_post_uhdr/1040g3r831r5jvfv1ng705pvndri3lkudhuqvcj0!nc_n_webp_mw_1,千万别买贵了！model Y👋付2.5w🌙供2718开走
696f1fed000000001a024cf7,https://sns-webpic-qc.xhscdn.com/202610010101/5951f3e5a1cd56b0b3cc790be03b355b/note_pre_post_uhdr/1040g3r031ri6r720g0005pvndri3lkud39su9q0!nc_n_webp_mw_1,2026年新政策，特斯拉入手就是现在
699e94d5000000001a01ead8,https://sns-webpic-qc.xhscdn.com/202610010101/ce83297777be0a5455a47b88be77a3da/note_pre_post_uhdr/1040g3r831t0hsl2a62705pvndri3lkud93fbleg!nc_n_webp_mw_1,🚝每月2263，0压力提车Model Y
69aff555000000000601c3ef,https://sns-webpic-qc.xhscdn.com/202610010101/e94003f89890ad24cbd8c6f48108571a/notes_uhdr/1040g3qg31thgtnpmlm005pvndri3lkudesf7vm0!nc_n_webp_mw_1,2026 | 拿下Model Y需要多少钱？
6ab1e5f1000000003a020e47,https://ci.xiaohongshu.com/notes_pre_post/1040g3k0325ddgtdp4e005oq5d3nmbm0ui025h08?imageView2/2/w/1080/format/jpg,9月20日刚提！Model Y蕞新落地价😱
69d5cb16000000001f001ff3,https://sns-webpic-qc.xhscdn.com/202610010101/9abb1bd6ac3487cd9939125ea3bd6d6b/note_pre_post_uhdr/1040g3r831umf84942i705pvndri3lkud4a58jbg!nc_n_webp_mw_1,本月入Model Y L，只要这个价格！！
69f31582000000001a036ab6,https://sns-webpic-qc.xhscdn.com/202610010101/585f88bf63bdcfb621b53050adc0116b/notes_uhdr/1040g3qg31vj2jfpe3q005pvndri3lkudemf861o!nc_n_webp_mw_1,成都川西自驾🌿特斯拉5月政策直接封神✨
6a0f039d0000000006031f6e,https://sns-webpic-qc.xhscdn.com/202610010101/a338def287ebfb6cb9cd0650dd5bc2fd/note_pre_post_uhdr/1040g3r8320ebaqc6m80g5pvndri3lkudslk9o00!nc_n_webp_mw_1,5月莎疯了！！！👋付5w🌙供3k开走YL
6a09b881000000000702d6eb,https://sns-webpic-qc.xhscdn.com/202610010101/73234248a605b823e75770f8b834622e/1040g2sg32095ipf75s705pvndri3lkudflb16gg!nc_n_webp_mw_1,5月Model3活动太🐮了！手付3w月供2k开走
6a34dd2e0000000006022c47,https://sns-webpic-qc.xhscdn.com/202610010101/ae18d84c61e6e9b132ffef529cf5e165/1040g2sg321vusf057ae05q19pcd3i8u5vf8pueo!nc_n_webp_mw_1,心动电车✨特斯拉Model Y&Model YL太香了～
6a7d5409000000002501115d,https://sns-webpic-qc.xhscdn.com/202610010101/125f31bd7cc4284caa02390414c5c8de/notes_pre_post/1040g3k0323q2mkqkga005q19pcd3i8u5fg84ff0!nc_n_webp_mw_1,8月买特斯拉看这张表就够了✨一目了然👀
6a771e5900000000330134ed,https://sns-webpic-qc.xhscdn.com/202610010101/98195e7da4dd76994d0d4cf7379031b5/notes_uhdr/1040g3qo323k0m9t90a705q19pcd3i8u568atgp8!nc_n_webp_mw_1,特斯拉 Model Y必看🔥2026年8月买车思路
6a6efc8f000000003300d42f,https://sns-webpic-qc.xhscdn.com/202610010101/6330d2d5fe1ff5888859925ddcde69e5/notes_pre_post/1040g3k0323c1l1d102705q19pcd3i8u5hd5aefo!nc_n_webp_mw_1,不用跑长沙！8月特斯拉湖南地级市试驾活动～
6a54a7e2000000001c024528,https://sns-webpic-qc.xhscdn.com/202610010101/26fcc2e29bd8b6f1639d6ffb7d0abdc8/notes_pre_post/1040g3k8322ibglq87a705ppuh3k7dt3v1hdb14g!nc_n_webp_mw_1,用车两年，我的 Model 3 使用成本❤️
6a7eda1c00000000060063fe,https://sns-webpic-qc.xhscdn.com/202610010101/7012299f06bf05f278deed4d8325c035/notes_pre_post/1040g3k0323ri9jrpna7g5ppuh3k7dt3vc4388jo!nc_n_webp_mw_1,8月国补后，Model Y：23.47w【攻略篇】
6a6d61fa0000000005033449,https://sns-webpic-qc.xhscdn.com/202610010101/f480002b56d2b68a88e6c931228b476e/notes_pre_post/1040g3k8323afu1aega6g5ppuh3k7dt3vdlkofk0!nc_n_webp_mw_1,西安8月新政❗Model Y置换补+消费券可叠加💰
6a71be5900000000050316a2,https://sns-webpic-qc.xhscdn.com/202610010101/7fec48d7f9cc3265abfd3c483abc2269/notes_uhdr/1040g3qg323eon6i1nk0g5ppuh3k7dt3vojd6sbg!nc_n_webp_mw_1,9月，又猛又兴奋❗️西安Model Y新购25.32w
6a72ff03000000000502adec,https://sns-webpic-qc.xhscdn.com/202610010101/bcc861896e526000535e19f41df12641/1040g008323g0km8mga005ppuh3k7dt3vred5h20!nc_n_webp_mw_1,8月，又猛又兴奋❗️Model 3落地20.70w起💥
6a4b63340000000017028ff3,https://sns-webpic-qc.xhscdn.com/202610010101/7696e0a6ff6ac0e8dcd134d9c7b8c608/notes_pre_post/1040g3k83229a1h9r7u7g5ppuh3k7dt3vck4n7i0!nc_n_webp_mw_1,8月又猛又兴奋❗️Model 3：20.75w起🔥
69ddd06c0000000023006865,https://sns-webpic-qc.xhscdn.com/202610010101/732e67b0da59fd6ced5bb819953d046a/notes_uhdr/1040g3qo31uu9tut63q705pt5q9v2nkqq8f081to!nc_n_webp_mw_1,广东4月提Model YL 也太香了！
69ec3e19000000001f000706,https://sns-webpic-qc.xhscdn.com/202610010101/6fa780916fb27597af9f54888054391a/1040g2sg31vccm59l2ae05pt5q9v2nkqqpi9b2g8!nc_n_webp_mw_1,4月，Model3这个价真的香
69f204530000000023014ebf,https://sns-webpic-qc.xhscdn.com/202610010101/8db1942b9344aa4c81d3d55ca2264280/1040g00831vi07qtuia005pt5q9v2nkqqhrhgfuo!nc_n_webp_mw_1,天呐！新标Model Y五一太香了！
6a01691f00000000070237a5,https://sns-webpic-qc.xhscdn.com/202610010101/8a4e842526f35f3d6fa92a10413600b2/1040g2sg32012af1d2i005pt5q9v2nkqqk98rq58!nc_n_webp_mw_1,5月Model 3落地，真的太香了
6a103db20000000007024b26,https://sns-webpic-qc.xhscdn.com/202610010101/a90b71835dd54bd069f800eb6b53827c/notes_pre_post/1040g3k8320fhjbvulsc05pt5q9v2nkqq64c1d7g!nc_n_webp_mw_1,爱你老己| 送自己一台心动Model 3✨
6a1a5eb10000000007012291,https://sns-webpic-qc.xhscdn.com/202610010101/ec00b6e49bca28159a793b7694985f76/notes_pre_post/1040g3k8320pe6n1blma05pt5q9v2nkqqdn5ajj0!nc_n_webp_mw_1,6月Model 3太香啦！20.67W直接落地
6a17d3700000000007011dc7,https://sns-webpic-qc.xhscdn.com/202610010101/d9b3fdd791850e2a63c8dea6ecb5ef89/notes_pre_post/1040g3k8320mu2r21lscg5pt5q9v2nkqqg06dtqg!nc_n_webp_mw_1,真的顶，🈷️供2k开走特斯拉Model 3
6a2184a40000000006022105,https://sns-webpic-qc.xhscdn.com/202610010101/5ccb32a81afeee042847140971d61b0f/1040g0083210d7q877k005pt5q9v2nkqq8ube8mo!nc_n_webp_mw_1,O息买Model Y，我等不了了...
6a3f30ae0000000007012648,https://sns-webpic-qc.xhscdn.com/202610010101/27ecc7d9efccfdc6df135141cfb13446/1040g008322550vek7a005pt5q9v2nkqq47t8q08!nc_n_webp_mw_1,24.27w入Model Y，7 月趁还有赶快
6a3f30fe000000000702f307,https://sns-webpic-qc.xhscdn.com/202610010101/dc87522897f2a8759dcf1bfca475b7e5/notes_pre_post/1040g3k8321tcs71d7a005pt5q9v2nkqq85bo6i8!nc_n_webp_mw_1,家庭用车来，如何30w+提六座Model Y L
6a3d26bc000000000702349a,https://sns-webpic-qc.xhscdn.com/202610010101/ab2ac761c11e012cebd40703414d4fec/1040g2sg321rd4poink005pt5q9v2nkqq2fnel08!nc_n_webp_mw_1,广东国补后提Model 3，只要20.67w
6a3400ce0000000020038d06,https://sns-webpic-qc.xhscdn.com/202610010101/8bb9b5a47c5b70e5f52544937326f87f/1040g008321if76lgnk005pt5q9v2nkqqkd1prlg!nc_n_webp_mw_1,model 3快银也太高级了！
6a4db3fc0000000020039c5e,https://sns-webpic-qc.xhscdn.com/202610010101/5cc937cf2e04fdf4b36f5187b81469bb/notes_pre_post/1040g3k0322ekf7eq7k005pt5q9v2nkqqbrp747g!nc_n_webp_mw_1,00后女生存款8w拿下梦中情车Mode 3
6a535d91000000002003a466,https://sns-webpic-qc.xhscdn.com/202610010101/0ff52a8bc2fac0ca743620815d17be82/1040g2sg322h3d2027k705pt5q9v2nkqqi4mqnhg!nc_n_webp_mw_1,7月无痛提车，黑标Model Y落地价23.47w
6a5cf42c000000000e037480,https://sns-webpic-qc.xhscdn.com/202610010101/687d2ee902b29a200c0c01c19d92280b/notes_pre_post/1040g3k83217so5qf7u9g5pt5q9v2nkqqvf8cano!nc_n_webp_mw_1,通勤买了Model 3，现在越开越喜欢！
6aabccb4000000002b0032c2,https://ci.xiaohongshu.com/note_pre_post_uhdr/1040g3r83257eugr34e705q15m5ehjvrlq11fbeg?imageView2/2/w/1080/format/jpg,9 月 Model Y，23.35w起就能开走！
6a5f552e000000001c013dbf,https://sns-webpic-qc.xhscdn.com/202610010101/9cfb4d8462425c4b067bb2594e278cba/notes_pre_post/1040g3k8322sp9p097u005pt5q9v2nkqq44bbjuo!nc_n_webp_mw_1,油车置换六座Model Y L❓直接看这篇
6a61bdda000000001d02386e,https://sns-webpic-qc.xhscdn.com/202610010101/cfe4c3767fb2df054323fc5258833cb3/notes_pre_post/1040g3k8322v4jct07k705pt5q9v2nkqq1bok958!nc_n_webp_mw_1,超适合女生的Model 3 | 4.59w就能拿下
6a5cf4490000000013026906,https://sns-webpic-qc.xhscdn.com/202610010101/7d09f316bc47fec19931ae68ed37c9b6/note_pre_post_uhdr/1040g3r0322qf22bena005pt5q9v2nkqqrr17j78!nc_n_webp_mw_1,见到珍珠白Model 3的瞬间，直接心动了
6a28c9830000000006036ad0,https://sns-webpic-qc.xhscdn.com/202610010101/9cb408cac50d07025f9ab8e56aaa2ae7/notes_pre_post/1040g3k03217gqflp7oag5pt5q9v2nkqqg30v428!nc_n_webp_mw_1,2026黑标Model Y：24.27w直接落地提走
698e07bf000000001d026ef2,https://sns-webpic-qc.xhscdn.com/202610010101/ef91653f441c08353175e696d1988518/notes_pre_post/1040g3k831sgcj1knlm7g5pujojh3i3j6ht6di00!nc_n_webp_mw_1,2月Model 3落地价明细｜落地价清晰版✨
6a033461000000003601942e,https://sns-webpic-qc.xhscdn.com/202610010101/ad506389675c6e47f2b60e0dacc65611/notes_pre_post/1040g3k03202qbkp72q005pujojh3i3j64lip498!nc_n_webp_mw_1,20.67w提走Model 3！2026国补后真的香哭了😭
6a09a8cd000000003601fa5a,https://sns-webpic-qc.xhscdn.com/202610010101/38d64639751c3bdc89fcf386af834f6f/1040g2sg3209435g65m005pujojh3i3j6gcrr1k0!nc_n_webp_mw_1,🚗💥真心安利！特斯拉，真的太适合女生开了！！
6a0290e6000000003502361c,https://sns-webpic-qc.xhscdn.com/202610010101/39759b95a9afc0459505961d83d6ee8c/notes_pre_post/1040g3k832054qo9el4705ptg2di3jlc723hgvro!nc_n_webp_mw_1,五月入手特斯拉OK吗？！！
6a1ff233000000002201abae,https://sns-webpic-qc.xhscdn.com/202610010101/04dbb421f3c23548751548487172015b/notes_pre_post/1040g3k8320usf1j06u705ptg2di3jlc794rb4mo!nc_n_webp_mw_1,Model 3，20w出头拿下～
6a1843210000000035023f47,https://sns-webpic-qc.xhscdn.com/202610010101/2ff2450f690ad1f21fda2fd5f717bd73/notes_pre_post/1040g3k0320nbmduq6q4g5ptg2di3jlc70lcpjgo!nc_n_webp_mw_1,Model Y L六月🉑入手吗🧐
6a266fd80000000035024e89,https://sns-webpic-qc.xhscdn.com/202610010101/1fe6dac3814b4b67b472928de8d067ba/notes_pre_post/1040g3k83217uci3nmu8g5ptg2di3jlc7cod1s9g!nc_n_webp_mw_1,谁说特斯拉Model3没有好价？
6a3e4659000000000f029c08,https://sns-webpic-qc.xhscdn.com/202610010101/1a9b594a339d031dd9c0cff189076dd5/notes_pre_post/1040g3k03225gh160748g5ptg2di3jlc7mfrm9ig!nc_n_webp_mw_1,Model 3什么时候定？
6a55fb8f000000000f0146ac,https://sns-webpic-qc.xhscdn.com/202610010101/0796649500e0a975270456a3f2b9d7de/note_pre_post_uhdr/1040g3r0321prd3cfmu005ptg2di3jlc7r6m2fb8!nc_n_webp_mw_1,23.57w😧拿下Model Y
69d111f7000000002102cc91,https://sns-webpic-qc.xhscdn.com/202610010102/b93bffe7f035dae2c120b3d3bfccbc30/notes_uhdr/1040g3qg31uhrlu802q705pooulu7e0uumct8i3o!nc_n_webp_mw_1,4月，白色Model Y，25W+提走了
6a0294930000000036032ea5,https://sns-webpic-qc.xhscdn.com/202610010102/36f96a3f31099e7342fae1302af8fa49/note_pre_post_uhdr/1040g3r832026mfu42q905pooulu7e0uur4aguco!nc_n_webp_mw_1,济南东也能近距离看赛博越野旅行车了！
6a0475800000000037036b75,https://sns-webpic-qc.xhscdn.com/202610010102/6f3f6fd269f71a171948e9daff630ef3/notes_uhdr/1040g3qo32041imle3q005pooulu7e0uulp8ago8!nc_n_webp_mw_1,济南0️⃣压力提车攻略，5年低xi方案太绝了！
6a0efd26000000003701f6a3,https://sns-webpic-qc.xhscdn.com/202610010102/929fa46653c070ff3ad4ce459b1f2ee9/note_pre_post_uhdr/1040g3r8320eajb4968005pooulu7e0uu89b4aso!nc_n_webp_mw_1,5月济南Model Y：5w+提走，马上截止！
6a086f890000000038037f6b,https://sns-webpic-qc.xhscdn.com/202610010102/3890b0f0a58bcfbd6a6a66dfa669c55b/note_pre_post_uhdr/1040g3r03207tpu82me005pooulu7e0uul4f5go0!nc_n_webp_mw_1,五月无痛提车！Model Y：25W+
6a1afc68000000003700da24,https://sns-webpic-qc.xhscdn.com/202610010102/7971f8b555e42dae69b70246aa38affd/note_pre_post_uhdr/1040g3r0320q1gl52ls705pooulu7e0uunui7tco!nc_n_webp_mw_1,这波真忍不了，月供3k提了Model Y！！
6a1ef16f000000003701f5b3,https://sns-webpic-qc.xhscdn.com/202610010102/31d1c55cad0e2af57248a24c590b7c71/note_pre_post_uhdr/1040g3r0320tt5n3gne0g5pooulu7e0uu1ej2akg!nc_n_webp_mw_1,济南毕业就提 Model 3，真的太香了
6a2c1ca000000000150252a5,https://sns-webpic-qc.xhscdn.com/202610010102/6a7b28bb4804e0adb6be86b6b07c5de7/note_pre_post_uhdr/1040g3r8321aogpasna105pooulu7e0uud4buk3o!nc_n_webp_mw_1,同样是Model YL，换个颜色感觉像两台车！
6a28cc67000000001c024c90,https://sns-webpic-qc.xhscdn.com/202610010102/f39320ea067a225b657aa04a6fceaf69/note_pre_post_uhdr/1040g3r03217h4c597k305pooulu7e0uu4japhig!nc_n_webp_mw_1,年轻人第1️⃣台ModelY | 24W+就能拥有
6a3267de0000000016027e23,https://sns-webpic-qc.xhscdn.com/202610010102/0b3744a9179a45ce92783c3b015f159f/notes_uhdr/1040g3qo321gtdfoj7u705pooulu7e0uu6jsb1k0!nc_n_webp_mw_1,Model YL星光金，回头率真的有这么高吗？
6a4f2b4b0000000016026197,https://sns-webpic-qc.xhscdn.com/202610010102/8f5e318b525358f36fca4e9339efd0ca/note_pre_post_uhdr/1040g3r8322d0776rnk3g5pooulu7e0uu89b43k0!nc_n_webp_mw_1,济南日供90开走Model Y，这波我冲了
6a44d8c9000000001503e92c,https://sns-webpic-qc.xhscdn.com/202610010102/ed889b614fdc55d05d979a39446ea71b/note_pre_post_uhdr/1040g3r83222tlhg0nu705pooulu7e0uu6kg00u8!nc_n_webp_mw_1,济南7月补补拉满，月3736提六座Model Y L
6909a101000000000402235b,https://sns-webpic-qc.xhscdn.com/202610010210/e4519319481a71da010870a0231ecd2d/1040g00831of32s9elm0g5ofnj7140iguhje63no!nc_n_webp_prv_1,Cybercab上海首秀，这是人能想出来的车？
6ab0b390000000002502fb9b,https://ci.xiaohongshu.com/1040g008325c84dt250005pq3u677dgo2qs7ca7g?imageView2/2/w/1080/format/jpg,后排屏别只用来开空调❗特斯拉还能这么玩💥
69b51586000000001a034bb0,https://sns-webpic-qc.xhscdn.com/202610010217/c4761e5f74bb4c1ae4529eeed9f439b4/1040g00831tmgj96in2005psi5443994ld8a59ug!nc_n_webp_mw_1,特斯拉员工都开什么车？
6a5f54eb000000000101e6c0,https://sns-webpic-qc.xhscdn.com/202610010102/e72f17a0abe12261f5e211c96fbc4bbd/notes_pre_post/1040g3k0322spafqa7k005pooulu7e0uu6lslij8!nc_n_webp_mw_1,4.59w 开走，Model Y 太适合家用啦～
689c3e12000000001c00887c,https://sns-webpic-qc.xhscdn.com/202610010217/29b5a5d9ee0e8e91be8571d74e857f86/notes_pre_post/1040g3k831l48ms3j347g5pgt3migu6q1l48qju8!nc_n_webp_prv_1,买得起23万的新Y，那你养得起吗？
6aaf75ac000000002b000727,https://ci.xiaohongshu.com/1040g2sg325b15oigkke05pko023gubtqi2n0qdo?imageView2/2/w/1080/format/jpg,特斯拉选3还是选Y? 新手直接抄作业❗️
6aaf6c530000000026014313,https://ci.xiaohongshu.com/notes_pre_post/1040g3k8325b03o8s50305qdine8som1de4uas9g?imageView2/2/w/1080/format/jpg,月入8k｜养一台Model Y一个月要花多少
6aaf62ed000000002902f0c5,https://ci.xiaohongshu.com/notes_pre_post/1040g3k0325av1qbp4c005q3gme6ngg64frukpb0?imageView2/2/w/1080/format/jpg,2026黑标Model 3：19.42w起，方案直接给
6a686fc60000000001033756,https://sns-webpic-qc.xhscdn.com/202610010102/3474872a5b1f47ae732f16dd6990a6c4/notes_pre_post/1040g3k03235lrau4no005pooulu7e0uuu653u0g!nc_n_webp_mw_1,济南选家用车，六座Model Y L月3736提走
6aae49c80000000028035857,https://ci.xiaohongshu.com/1040g2sg3259sns5ck6705q1o0e87997npkn11q0?imageView2/2/w/1080/format/jpg,原来特斯拉的后备箱可以自动开启！！！
6aae1866000000001203fb76,https://ci.xiaohongshu.com/1040g0083259mlj1944005q4g8mkq5f7fobcq070?imageView2/2/w/1080/format/jpg,划算！22.65w起提Model Y错过真🈚️了
6aae0ade00000000260159e0,https://ci.xiaohongshu.com/1040g0083259kvpqokq705pq3u677dgo2i8kjm0o?imageView2/2/w/1080/format/jpg,极限二选一😭特斯拉珍珠白还是快银？
6a16d083000000003502a6df,https://sns-webpic-qc.xhscdn.com/202610010102/7fcbce448462a4c167df651e984c6907/1040g008320lkg4715e305pl0io693k6f8ve8ijg!nc_n_webp_mw_1,4.59w提走网红Model Y L，明细一览
6a22c75b00000000220261c9,https://sns-webpic-qc.xhscdn.com/202610010102/d6c634cd785a56b5601d5210b9fd9206/1040g2sg3211kt8lbn0s05pl0io693k6fut84f5o!nc_n_webp_mw_1,99年打工人🌷4.59w拿下的Dream Car🚗
6aab9eb900000000260317b0,https://ci.xiaohongshu.com/notes_pre_post/1040g3k0325793u6m50105q1p4q7nai2cakc4isg?imageView2/2/w/1080/format/jpg,为什么最好看的红色model3没人买
69225bbc000000001e032d7e,https://ci.xiaohongshu.com/1040g00831p77sbgo2o005psi5443994l76fi4eg?imageView2/2/w/1080/format/jpg,后排屏幕怎么用？看过来！
6aab88c4000000000d026f27,https://ci.xiaohongshu.com/notes_pre_post/1040g3k032576kbml56005popndv7e4aatpsefk0?imageView2/2/w/1080/format/jpg,出现！Cybercab太帅了😎来现场感受！
6a2d384a0000000036002d92,https://sns-webpic-qc.xhscdn.com/202610010102/23486f079c0b592e2d2e2556ea09ac40/1040g2sg321bqvck170e05pl0io693k6fiv43ud8!nc_n_webp_mw_1,Model Y和Model Y L区别及费用一览
6985ccad000000001d012a0d,https://ci.xiaohongshu.com/notes_pre_post/1040g3k031s8ald5t5k405pqagf8733lq14fmid8?imageView2/2/w/1080/format/jpg,特斯拉潮汕招人啦！和有趣的人改变世界🌍
6aaa394d0000000026015401,https://ci.xiaohongshu.com/notes_uhdr/1040g3qo325k6ejqdlg705qdine8som1dofb80pg?imageView2/2/w/1080/format/jpg,9月16日特斯拉Modely各地落地价！
6a3742e80000000011018b49,https://sns-webpic-qc.xhscdn.com/202610010102/18fce57c87a4d829880516f048e4c04b/note_pre_post_uhdr/1040g3r0321ll06kdn0005pl0io693k6fqmh6ka0!nc_n_webp_mw_1,国补来袭！6月高颜值特斯拉Model 3拿下！
6aa90219000000002a02da78,https://ci.xiaohongshu.com/note_pre_post_uhdr/1040g3r03254niglhju105q15m5ehjvrl33os5h0?imageView2/2/w/1080/format/jpg,➕8k选择白色内饰真的有必要吗？
6a3a6fea00000000110127fd,https://sns-webpic-qc.xhscdn.com/202610010102/f84647e3ca28e11378403d8d7803d7be/note_pre_post_uhdr/1040g3r0321oo998gn0005pl0io693k6femag0e8!nc_n_webp_mw_1,4.59w拿下我的Dream Car！Model 3🚗
6a49b9fa0000000022018f1d,https://sns-webpic-qc.xhscdn.com/202610010102/cf2a8ce172d3b7f714672ca7a2e53fa5/1040g0083227m2tj0700g5pl0io693k6f0uc4oog!nc_n_webp_mw_1,7月，浙江省全年唯1️⃣叠加置换报废补！
69a6a94b000000001a01c868,https://ci.xiaohongshu.com/notes_pre_post/1040g3k031t8ecmmblk0g5q484f7jdrhlfnqm3i8?imageView2/2/w/1080/format/jpg,特斯拉车主狂喜！三代家充有单相电版本啦🥹
6a59f151000000001101ae8a,https://sns-webpic-qc.xhscdn.com/202610010102/9a1e4b113d0f79cc257a7e334b8bc476/1040g008322ngrmhi722g5pl0io693k6f1c9gceg!nc_n_webp_mw_1,Model Y怎么日供89元开走？【攻略篇】
697c504b0000000028009cab,https://sns-webpic-qc.xhscdn.com/202610010102/ff8bcd732e001dc389f1bf28afc02c20/notes_pre_post/1040g3k031rv30lkm2g005q0pp2lini8uv22u8l8!nc_n_webp_mw_1,因为综合实力入了Model Y，25w+直接香到跺脚
6aa6c74d000000001001dc41,https://ci.xiaohongshu.com/notes_pre_post/1040g3k03252hepuqj6005pk51p2junhf8qm9qqg?imageView2/2/w/1080/format/jpg,现在买Model Y啥价格了？一万现车激励来了？
68dba31a00000000050314ff,https://sns-webpic-qc.xhscdn.com/202610010214/21ae828442e2261f2fab8bc867f5aa47/notes_pre_post/1040g3k031n251j7fli005pc6hnan4ql4eovmia0!nc_n_webp_prv_1,天呢！特斯拉官网更新，快看！
69c7dd1f000000002301778a,https://sns-webpic-qc.xhscdn.com/202610010102/001344867ddbb6ac6e94dfa08b26f461/1040g2sg31u8rb7po2aeg5pp1n0kn37o45j4den8!nc_n_webp_mw_1,特斯拉｜4月政策延续！
69c8e590000000002300668b,https://sns-webpic-qc.xhscdn.com/202610010102/a948ff3c722042ae67b521acbe2b53aa/notes_pre_post/1040g3k031u9s42ldii105pp8tn7n368tdqskcn8!nc_n_webp_mw_1,2026河南家人必看！Model Y L买车新姿势🔥
69ea1304000000002202ac10,https://sns-webpic-qc.xhscdn.com/202610010102/044b1197a7ddf1f5d463d6b163e09443/note_pre_post_uhdr/1040g3r031va8v41g2a005pp8tn7n368t5siv3lo!nc_n_webp_mw_1,都4月了，特斯拉Model 3这个浮力你不知道？
69e1f7a90000000023007f48,https://sns-webpic-qc.xhscdn.com/202610010102/3f4150b7dbcbd3ce24ccc5536aff72f4/note_pre_post_uhdr/1040g3r031v2blfnjiq005pp8tn7n368t73r1jcg!nc_n_webp_mw_1,4月 Model Y太猛了 👋付4.59w，月供2718开走
69547bd5000000001e021998,https://sns-webpic-qc.xhscdn.com/202610010211/83e83917c9995205106144c8153db2c8/1040g2sg31qo6a4e400e05neh3n9090qbq2krrk8!nc_n_webp_prv_1,交付中心教您速学特斯拉功能（全网超细）
6a5f232b000000001303f473,https://sns-webpic-qc.xhscdn.com/202610010102/81bff7661bce7ad2e828259f9b34c68f/1040g2sg322se2d0602e05pp8tn7n368t7npq4ko!nc_n_webp_mw_1,油车换Model 3？别只盯着车价，这么算真香！
697a14b5000000001a0354ea,https://sns-webpic-qc.xhscdn.com/202610010103/f5eeacb26887075ffdf827e596077e21/note_pre_post_uhdr/1040g3r031rst59lu2a005q030lh3juhu0gno9qg!nc_n_webp_mw_1,每天一杯奶茶钱💰，把特斯拉开回家！
699a5adc000000001a024346,https://sns-webpic-qc.xhscdn.com/202610010103/dee907b883055dc028b9e374e0d810f7/notes_pre_post/1040g3k831ssdl17bm2c05pmf3qh7e45dragqtr0!nc_n_webp_mw_1,喜提Model Y✨女生的梦中情车终于到手
69a1600d000000001a035e8a,https://sns-webpic-qc.xhscdn.com/202610010103/30783cd33e3d9dc7eb538a2e62ee7769/notes_pre_post/1040g3k031t38t9rplk105pmf3qh7e45dfbqrd0o!nc_n_webp_mw_1,谁懂啊！新款Model Y 实车也太能打了🚗
696dfdb8000000000d008111,https://sns-webpic-qc.xhscdn.com/202610010103/5789f74a6dd05a17331c55f81fcf7173/spectrum/1040g0k031rh3chtegm005q1o0e87997n4sio13o!nc_n_webp_mw_1,3年Model Y|依然是电车Next level
697d5bdc000000000b008795,https://sns-webpic-qc.xhscdn.com/202610010103/09f5eb4fc48fd38da7d161cc601ca6f7/1040g2sg31s97c5ni5c7g5q1o0e87997ng1c5270!nc_n_webp_mw_1,20+男生一定要有自己的车🚗
69cd39ed000000001a022673,https://ci.xiaohongshu.com/notes_pre_post/1040g3k831ue396la2g7g5pooulu7e0uufjob6so?imageView2/2/w/1080/format/jpg,济南经十东路特斯拉全家福！
697c158d000000000a030d21,https://sns-webpic-qc.xhscdn.com/202610010103/0d21e1875987d6c05f6d49373281c78c/notes_pre_post/1040g3k831rurrrc8i2005q1o0e87997nfbj29s8!nc_n_webp_mw_1,🧮特斯拉2月费用明细表📝建议码住
68e4ab9d0000000007035327,https://ci.xiaohongshu.com/1040g2sg31nb045kb50005q4g8mkq5f7fpgo5188?imageView2/2/w/1080/format/jpg,天呐！特斯拉手机钥匙还有主账号和副账号？
6a8d381d000000002802ae9a,https://ci.xiaohongshu.com/note_pre_post_uhdr/1040g3r03249j93ggmu3g5pl0io693k6fco7cpg8?imageView2/2/w/1080/format/jpg,2026国补后，Model Y，22W+
6985c293000000000a03e9e0,https://sns-webpic-qc.xhscdn.com/202610010103/63abcedce9bba6bf0363bc79a9aa0128/notes_pre_post/1040g3k831s8a4n6ulm905pgpdp4homab5mrbov8!nc_n_webp_mw_1,把我整兴奋了！！Model 3这个价格太值了
6a995adf0000000028029775,https://ci.xiaohongshu.com/notes_pre_post/1040g3k8324lco4qg7a0g5pp4oerndu795oueq9o?imageView2/2/w/1080/format/jpg,黑or白❓Model 3到底怎么选~
6996af75000000000a02d0ad,https://sns-webpic-qc.xhscdn.com/202610010103/9fe6c4e2a5f46f93f1e892cf445b98b0/1040g00831sor4rr3l63g5q1o0e87997n2strcqo!nc_n_webp_mw_1,兴奋了！！日供82拿下Model 3
698eee42000000000b010a0c,https://sns-webpic-qc.xhscdn.com/202610010103/7a4b402e6b1c9fd7617be467cee2eaec/notes_pre_post/1040g3k831sh8o0nn5c0g5q1o0e87997nfteunlo!nc_n_webp_mw_1,Model Y落地价：24.35W，还有机会
69a79c8c0000000023038108,https://sns-webpic-qc.xhscdn.com/202610010103/f2a0baca57ad643c493614e3f733f365/1040g2sg31t9c3b955a6g5q1o0e87997ncn66lq8!nc_n_webp_mw_1,特斯拉Model Y真的太适合新手开了！
68773c18000000002001b2bf,https://ci.xiaohongshu.com/notes_pre_post/1040g3k031k03fnjf321g5pgt3migu6q1rk5jkqo?imageView2/2/w/1080/format/jpg,25岁人生第1台车，23.85万拿下焕新Y！
69a5a46c000000002202f727,https://sns-webpic-qc.xhscdn.com/202610010103/c5bc7e06d027a42947a978a845b9340c/1040g00831t7ehsudla0g5q1o0e87997n81esvqg!nc_n_webp_mw_1,Model Y提车3个月，欢迎提问
69b272d2000000002202d876,https://sns-webpic-qc.xhscdn.com/202610010103/b4a480a5d9ab35c79845baaa5b6368f6/notes_pre_post/1040g3k831tjuo3h1mk705q1o0e87997nf2nlb60!nc_n_webp_mw_1,开Model Y半年后，我的生活变成了这样…
6996ff53000000000a030004,https://sns-webpic-qc.xhscdn.com/202610010216/c78253555a3d9339e3d11c5b0dd577ca/1040g2sg31sp4qpha58705pldvvl7eer78ut10og!nc_n_webp_prv_1,当你在荷兰的高速公路遇到绿牌特斯拉🤨
69bbb33a000000001d0183ab,https://sns-webpic-qc.xhscdn.com/202610010103/eeaf8c5818e7e80fba4bfda567b7d60c/1040g00831tv9f6qk1a105q1o0e87997n2fnpmb0!nc_n_webp_mw_1,男人可以不帅，但男人的车一定要帅
69c65c39000000002200cb52,https://sns-webpic-qc.xhscdn.com/202610010103/dab01ba15bb9fd17e1d6076f04686f6d/notes_pre_post/1040g3k831u7cu6avj4cg5q1o0e87997n8bug4co!nc_n_webp_mw_1,Model 3太帅了！！比油车省太多！（💰真实账单）
69e305b5000000001b002a5a,https://sns-webpic-qc.xhscdn.com/202610010103/724dcdab84b7503cb4888f5853e8d217/notes_pre_post/1040g3k831v2atbq61ud05q1o0e87997n501htdg!nc_n_webp_mw_1,🔥Model 3太猛了！手付2.59w日82开走
69f319670000000036001bc6,https://sns-webpic-qc.xhscdn.com/202610010103/3f4c4e2a7338aa8d08cfd097c5aaae2d/notes_pre_post/1040g3k031vj2qdr7ii3g5pgpdp4homab32bo950!nc_n_webp_mw_1,五一…🥹20w+提走了Model 3
6a0570b70000000035039205,https://sns-webpic-qc.xhscdn.com/202610010103/147073270ae66b1e0a43bc9830a030c1/notes_pre_post/1040g3k03205078s0l6005q1o0e87997nv0rsjt0!nc_n_webp_mw_1,2026黑标Model Y落地价：24.27W
69d4e24d000000001d018f84,https://ci.xiaohongshu.com/1040g00831ulio4ha2s005pgbcak1hno0rc27teg?imageView2/2/w/1080/format/jpg,原来特斯拉的后备箱可以自动开启！！！
6a1bdb3a000000003502f494,https://sns-webpic-qc.xhscdn.com/202610010103/f6f68ace2266e6ee81ec43132b7726b1/notes_pre_post/1040g3k0320qsnhosmo305q1o0e87997ne0m1mmo!nc_n_webp_mw_1,20.67w提走Model 3【提车攻略】
69ecdfdd000000001f000d88,https://sns-webpic-qc.xhscdn.com/202610010103/409a66d875520801f83e91bf0d18e24b/1040g00831vd07gtbjq005pq97cdndp17uoqfuq0!nc_n_webp_mw_1,父母夸爆！Model YL五年低息拿下！
69f60711000000001e00fd7a,https://sns-webpic-qc.xhscdn.com/202610010103/f85ed0cd5201d068cedf994e764d0d83/notes_pre_post/1040g3k031vlti7q8jq505pq97cdndp1702o0j68!nc_n_webp_mw_1,25岁女生入手Model Y的三个理由
69a54086000000001b015e0f,https://sns-webpic-qc.xhscdn.com/202610010215/fedc00cfff1965f5f408cff0fdebec1b/1040g2sg31t727lfgm8l05q48lmeq6g14qvl5i2g!nc_n_webp_prv_1,特斯拉员工都开什么车？
69f4c79c000000001e00d87a,https://sns-webpic-qc.xhscdn.com/202610010103/76a741eef8a7acdf0e04fb0b835e17c9/notes_pre_post/1040g3k831vkma44hiab05pq97cdndp17j5bdlf8!nc_n_webp_mw_1,山东5月入手特斯拉价格赢麻了！
6a179fac0000000007024538,https://sns-webpic-qc.xhscdn.com/202610010103/dba4a48155babb474e2aeae956084652/note_pre_post_uhdr/1040g3r0320mnjg09m2605pq97cdndp17e48hf6g!nc_n_webp_mw_1,山东提走Model 3这一篇帮你算清落地价
68d94ff6000000001201fe9a,https://ci.xiaohongshu.com/1040g00831mvt5n3n4q005pgbcak1hno0rn6t0eo?imageView2/2/w/1080/format/jpg,让你买特斯拉的销售居然都开……
6a218ee8000000002003bf42,https://sns-webpic-qc.xhscdn.com/202610010103/297fc0ac2dbf5b945067e88e0c10de91/notes_pre_post/1040g3k83210eh4danu705pq97cdndp17rqoskdg!nc_n_webp_mw_1,二十岁提Model 3很难吗？
6a2ea557000000000803cdfe,https://sns-webpic-qc.xhscdn.com/202610010103/344277429503cdfde5db0acb33a2b05e/notes_pre_post/1040g3k8321d7sfmt7e705pq97cdndp17n2naso0!nc_n_webp_mw_1,6月还等啥？高颜值Model Y手付不到5个！
69cfe7df000000001a03646f,https://sns-webpic-qc.xhscdn.com/202610010103/8cab2a3678de99294da9046c5fe8c18d/notes_pre_post/1040g3k031ugn4lml2q5g5oqsvru65469p1j4j6o!nc_n_webp_mw_1,开Model 3的春天，真的比别人多份浪漫🌸
69f5cf6f000000001a034e47,https://sns-webpic-qc.xhscdn.com/202610010103/122cc3109edfdc00cc6696900254520b/1040g00831vlnmk9cjqd05oqsvru65469b4c8ml8!nc_n_webp_mw_1,不说废话，教你23.65w直接落地Model Y！
69f32f53000000002003bb29,https://sns-webpic-qc.xhscdn.com/202610010103/dfdc8154526837302e93b098dc2e5849/1040g2sg31vj0kgmi2gc05oqsvru654694lf666g!nc_n_webp_mw_1,不说废话，教你24w不到开走modely
6a0dbba700000000070247f4,https://sns-webpic-qc.xhscdn.com/202610010103/c756c66a8a4e780336410296190e5999/1040g2sg320d359pem8bg5oqsvru65469f9meov8!nc_n_webp_mw_1,520礼物天花板：一辆Model 3就够了💗
6a1ad62c0000000007025346,https://sns-webpic-qc.xhscdn.com/202610010103/53e8960a20d77425857d4f84f06bfba3/1040g2sg320psqnfcm2kg5oqsvru65469lp9bl50!nc_n_webp_mw_1,24.35w拿下快银Y！打工人第一台车太酷了✨
6a4738ae000000002103e9cb,https://sns-webpic-qc.xhscdn.com/202610010103/a04c631fa1e34a248a10da4df8f2435b/1040g00832257rqbg7o6g5oqsvru65469per7ntg!nc_n_webp_mw_1,7月23.67w提走黑标Model Y，你等的来了‼️
6a0bc1ab000000003700c1c2,https://sns-webpic-qc.xhscdn.com/202610010103/b3b2990d037eb14276fecc64f23423c6/1040g008320b56squ5m105pk51p2junhfrlps58o!nc_n_webp_mw_1,浙江特斯拉价格又又下调了？Model3来到21w……
6a0f0f49000000003601d384,https://sns-webpic-qc.xhscdn.com/202610010103/76acfbc23559496a1852fc2bf328e99e/1040g008320earsa05ss05pk51p2junhfinb9kdg!nc_n_webp_mw_1,等等党胜利了✌️Model3手付5.59w能提车了…
6a1d83680000000036032772,https://sns-webpic-qc.xhscdn.com/202610010103/cfc4ad6c48347886dfc60ce825898fb5/notes_pre_post/1040g3k0320sg7drino0g5pk51p2junhf0vr7ob0!nc_n_webp_mw_1,浙江6月Model 3新策新价！20.27w就能开走
6a2001cd0000000038035901,https://sns-webpic-qc.xhscdn.com/202610010103/c1a018b158213945fcc83c6480180d3a/note_pre_post_uhdr/1040g3r8320utqbog7e705pk51p2junhft9fsbsg!nc_n_webp_mw_1,浙江8月Model YL新落地价！想入的可以参考👉
6a27655e000000001603e50c,https://sns-webpic-qc.xhscdn.com/202610010103/39436dce2a32f1bf2e5625c6bf722b20/notes_pre_post/1040g3k83217vb9o7ne905pk51p2junhf10l8un0!nc_n_webp_mw_1,浙江新策😭6月特斯拉Model 3提走20.27w…
6a412a37000000001702899e,https://sns-webpic-qc.xhscdn.com/202610010103/9ea85f0abac41f47c4679b5f9b158ab3/1040g2sg321v9qc60nes05pk51p2junhftcp5leo!nc_n_webp_mw_1,太夸张了😭打工人月💰2.6k提走Model Y
6a3bf05c000000001503d01d,https://sns-webpic-qc.xhscdn.com/202610010103/e4655c11dcb42637b4960608ae63816a/notes_uhdr/1040g3qo321q7aibj7ae05pk51p2junhf3ka2h08!nc_n_webp_mw_1,Model 3国补后价格！真的香晕了！！😭
68b27e72000000001c00ad62,https://ci.xiaohongshu.com/spectrum/1040g34o31lq0535050505oq5d3nmbm0uvcbtpdg?imageView2/2/w/1080/format/jpg,就问，帅不帅？
68cf82360000000012023508,https://sns-webpic-qc.xhscdn.com/202610010214/3b70905168625bacbc29bb82eef0da9f/spectrum/1040g34o31mmarium52005oq5d3nmbm0uvnufkpg!nc_n_webp_prv_1,Model Y 23w+...10月真爽啊
6a368dd7000000001c024b95,https://sns-webpic-qc.xhscdn.com/202610010103/36f6ce2e4d9d539021309ee22eadc784/1040g008321kum5hf7k705pk51p2junhfp1pdq00!nc_n_webp_mw_1,实拍live图｜6月Model 3限时补补8000💥
6a0c5ebb000000003502f0f4,https://sns-webpic-qc.xhscdn.com/202610010104/253f1acfa1108e72b1119240ce579447/notes_pre_post/1040g3k8320booiha6i9g5ppa09l730nabrnht90!nc_n_webp_mw_1,哪里能买到30w出头的Model Y L？
6a449dea000000001702f3b5,https://sns-webpic-qc.xhscdn.com/202610010103/69ab3a64acd40417ce8c3ebeba77dc90/notes_pre_post/1040g3k03222l1ljq7kh05pk51p2junhfcr4bsko!nc_n_webp_mw_1,7️⃣🈷️特斯拉Model Y补补更新了啥🤏
6a4cbe11000000001702f7da,https://sns-webpic-qc.xhscdn.com/202610010103/1607239aef15a261f4b21907bae16e70/1040g008322ak7k93ne0g5pk51p2junhfrdv59r8!nc_n_webp_mw_1,咋别人的车总是更好开😭Model Y设置攻略📝
694276a2000000001e012f00,https://sns-webpic-qc.xhscdn.com/202610010211/9df2fab7efbbd6c1a2b5924a43801f31/1040g00831q6io0gk74005pgbcak1hno0710a04g!nc_n_webp_mw_1,特斯拉五周年员工礼包开箱🌟
6a2abb4c000000000803d40d,https://ci.xiaohongshu.com/notes_pre_post/1040g3k03219ddgg1ne005prmgmp62ii56dr02k0?imageView2/2/w/1080/format/jpg,沈阳特斯拉销售｜在线答疑✨有问必答
6a4666e6000000001702bd31,https://sns-webpic-qc.xhscdn.com/202610010103/1f89d018a14ea9bf6cecad0c092e3667/notes_pre_post/1040g3k83224dg45qnk105pk51p2junhffbeoou0!nc_n_webp_mw_1,浙江IP集合❗️考虑7️⃣🈷️👀🚗的有福了…
6a587178000000000101d7de,https://sns-webpic-qc.xhscdn.com/202610010103/90d43326e58c97ca5914a7fef51282e1/notes_pre_post/1040g3k0323ibju327k005pk51p2junhfj22erco!nc_n_webp_mw_1,浙江必看🚗8月购车叠加补补返场！立省2.4w🔎
6a643343000000000503b973,https://sns-webpic-qc.xhscdn.com/202610010103/733e7cc7cad9ce04aef2114059e6ed7a/notes_pre_post/1040g3k03231h451h7a005pk51p2junhfc9gb0m0!nc_n_webp_mw_1,Model Y快银室外实拍｜预算5w，日供89📃
6a71e16c0000000022031d59,https://sns-webpic-qc.xhscdn.com/202610010103/a4ed68af482e9ed7e6057a9bcccc2186/notes_pre_post/1040g3k8323esvl22g2705pk51p2junhfep2jhao!nc_n_webp_mw_1,5w拿下，00后人生第一台纯电轿跑
6a6a0826000000000101fc2d,https://sns-webpic-qc.xhscdn.com/202610010103/1dd79fe18c8152cc338f6ff540386ea8/notes_pre_post/1040g3k832377mnj1g2705pk51p2junhf1p74j4o!nc_n_webp_mw_1,20+女生的安全感，是特斯拉给的
696072d0000000000a02f4cc,https://sns-webpic-qc.xhscdn.com/202610010104/b4fc3de78c58bee19b11d6328ee4bbcb/notes_pre_post/1040g3k031r3s3tenmu0g5pslleb39bt38p9tpeg!nc_n_webp_mw_1,🈷️供一千多的特斯拉和打车比，谁更香
69776086000000000a02ed57,https://sns-webpic-qc.xhscdn.com/202610010104/bd5689b3e181666980e070ea6ccfb4a2/notes_pre_post/1040g3k831rq8hdql208g5pslleb39bt3u2mvavo!nc_n_webp_mw_1,东北车主。选特斯拉的福音来啦！
69cdf107000000001b020a1a,https://sns-webpic-qc.xhscdn.com/202610010104/415697946a69c42cc3607f9ce6802fdd/note_pre_post_uhdr/1040g3r831uepqsv0ig805pr56abm2uenbs0r99o!nc_n_webp_mw_1,《24w+，就买综合实力强的车》
69c780a8000000001e00cb7a,https://sns-webpic-qc.xhscdn.com/202610010104/b8e4bc9a051bc6297d6afca85cda5c33/notes_pre_post/1040g3k031u8gm1nj2g005pr56abm2uen7m0iitg!nc_n_webp_mw_1,顶不住了，月供 2224 开走Model Y！
69230b84000000000d00d7d6,https://ci.xiaohongshu.com/notes_pre_post/1040g3k831p7tabqg2g705pto7983i7oii8okmpo?imageView2/2/w/1080/format/jpg,特斯拉车牌平移教程来了🚙
6ab3e91000000000150121c0,https://ci.xiaohongshu.com/notes_pre_post/1040g3k8325fc8c9r4e205omq9s70vhnqfkp3lmg?imageView2/2/w/1080/format/jpg,9月西安新购真的赢麻了！Model Y蕞高2w+❗🔥
69c673d7000000001f006165,https://sns-webpic-qc.xhscdn.com/202610010104/868e8900bb1d2e3dfb95f536b131cd59/notes_pre_post/1040g3k031u7fprse2q705pr56abm2uenor9vjcg!nc_n_webp_mw_1,特斯拉4月政ce官宣！
69fa0562000000001f002775,https://sns-webpic-qc.xhscdn.com/202610010104/771c8832259031d9491a0cd084a9ac67/notes_pre_post/1040g3k031vpr94c3ig005pr56abm2uene36jhv8!nc_n_webp_mw_1,特斯拉全国补补明细
6a03f89a0000000007029b56,https://sns-webpic-qc.xhscdn.com/202610010104/9b8e10e1901d3a7e32b29afe40445efb/notes_pre_post/1040g3k83203i7cpj2g8g5pr56abm2uenbak5gqg!nc_n_webp_mw_1,5月Model3活动太猛了!手付5w月供2k开走
6a0d3cd50000000007010240,https://sns-webpic-qc.xhscdn.com/202610010104/cb311856f5f99b14817c52841c99a704/notes_uhdr/1040g3qo320cm4l035m005pr56abm2uenaclcm4o!nc_n_webp_mw_1,520被男朋友送特斯拉后｜才敢说的真实到手价
6a1b0a010000000007021205,https://sns-webpic-qc.xhscdn.com/202610010104/daafe095771f92a05f6619fd6e6acfa2/1040g008320q3666q5s005pr56abm2uenbs3brao!nc_n_webp_mw_1,6月：浙江Model 3补补➕落地→清清楚楚
6a24d5710000000008001d99,https://sns-webpic-qc.xhscdn.com/202610010104/1abaf4af26f5804ca3eabf1bcbd74b88/note_pre_post_uhdr/1040g3r03213l9c24no005pr56abm2uenvpuemn8!nc_n_webp_mw_1,Model Y 6月提走：24w+香到没边
6a1e93ab000000002200a955,https://sns-webpic-qc.xhscdn.com/202610010104/3cdd8b542d2e0c22cace63ab52de614f/notes_pre_post/1040g3k0320tho8h27ee05pr56abm2uen79v7d50!nc_n_webp_mw_1,6月真别等了：手付4.59w提走Model Y L
6a3733bb0000000006020870,https://sns-webpic-qc.xhscdn.com/202610010104/686bcbc2271e7bb7c5f139acc2c4e47e/notes_uhdr/1040g3qo321lj9hjj7k705pr56abm2uenrvb8tug!nc_n_webp_mw_1,Model Y L蕞新落地，给大家一个参考
6a4e49b2000000000602160c,https://sns-webpic-qc.xhscdn.com/202610010104/7da71dae239095b0ad00a408c7aaefa0/note_pre_post_uhdr/1040g3r0322c4m58snk005pr56abm2uen5gnmq80!nc_n_webp_mw_1,为什么销售都推荐标续Model 3 落地20.76？
6a49a5c60000000022017e25,https://sns-webpic-qc.xhscdn.com/202610010104/972ee3088759dd7f7e6bdd8bebcbb032/1040g0083227jmmjvno005pr56abm2uen9kj4s8o!nc_n_webp_mw_1,Model Y｜白色车漆+19寸轮毂现车好帅✨
6a89746c000000002301147a,https://ci.xiaohongshu.com/1040g0083245tllq8mu005q4g8mkq5f7fv3pmh68?imageView2/2/w/1080/format/jpg,一招解决空调频繁启停✅特斯拉车主请码住
6a45c8580000000007021436,https://sns-webpic-qc.xhscdn.com/202610010104/7d58afbba5128d17b2bf1c786062bd74/notes_pre_post/1040g3k83223qsch37k705pr56abm2uenktpj3ng!nc_n_webp_mw_1,特斯拉销售专业技能up有问必答！
6a51a33f0000000007020d63,https://sns-webpic-qc.xhscdn.com/202610010104/bb8d9cf10ceb2cb45c39eafadcb58a4f/note_pre_post_uhdr/1040g3r0322fdd4uhne1g5pr56abm2uen9lkk6r0!nc_n_webp_mw_1,00后女生👩攒了10w👋开走Model 3
6ab3c38e000000001a025928,https://ci.xiaohongshu.com/notes_pre_post/1040g3k8325f7prqh5e705ovn1ep43vb705fo828?imageView2/2/w/1080/format/jpg,🌴 海南 · 特斯拉实习生招募
6a16aefe000000000702e4f5,https://sns-webpic-qc.xhscdn.com/202610010059/05461a6552de0d66a11261b7d6b8e771/spectrum/1040g0k0320te52can0005p9m1knhgl16dg6nuh8!nc_n_webp_mw_1,26黑标Model Y：24.27W，清清楚楚
6a62247e000000000e034419,https://sns-webpic-qc.xhscdn.com/202610010104/7ebbc0c9ace4072308b9b0ddcedc20b2/1040g008322vh603502005pr56abm2ueno7b2pb0!nc_n_webp_mw_1,特斯拉Model Y，7月政策我都看好了🔥
6a6842a30000000010028c40,https://ci.xiaohongshu.com/1040g2sg3234gjatdg20g5q484f7jdrhls3k2lm8?imageView2/2/w/1080/format/jpg,今天手把手教你设置特斯拉「空调自动化」～
6ab3ba29000000001a0278c0,https://ci.xiaohongshu.com/notes_pre_post/1040g3k8325f6e77856905q484f7jdrhlb0uhbj0?imageView2/2/w/1080/format/jpg,特斯拉Model YP 实车开箱来啦
6ab3b975000000001500e47d,https://ci.xiaohongshu.com/1040g2sg325f6i7il44705ptljl0398lf1tk41j8?imageView2/2/w/1080/format/jpg,刚刚！看到一台Model YP！
6a6e9d67000000003302c9e5,https://sns-webpic-qc.xhscdn.com/202610010104/a9a01aeb6b364274b455d82772e7d9b8/1040g008323bmu7ntnk005pr56abm2uen3c5p648!nc_n_webp_mw_1,00后女生喜提特斯拉！珍珠白Model 3💅
6a72f6a90000000028001981,https://sns-webpic-qc.xhscdn.com/202610010104/14e667c0a015535c2a6d25f03fdeed53/1040g008323fur23tna005pr56abm2uenv4i1t1o!nc_n_webp_mw_1,Model Y月供2691，谁还不心动
6ab3ab7f000000001b023dd8,https://ci.xiaohongshu.com/1040g008325f4t8vqkq005pke1a2gu7nnt16k5go?imageView2/2/w/1080/format/jpg,帅到失语❗️Model Y P终于来了🔥
6a7575a80000000025010a38,https://sns-webpic-qc.xhscdn.com/202610010104/9b511b50abcb47139ab075ba2197f4a9/notes_uhdr/1040g3qg323icrar602005pr56abm2uenrfoe9cg!nc_n_webp_mw_1,特斯拉可叠加置换报废的地补来了！
6a166c7f0000000006022a76,https://sns-webpic-qc.xhscdn.com/202610010120/4b16789bdfe43c4f330605ef786aeb2a/notes_pre_post/1040g3k0320lh8hoo6e705qd98suskg7gh1tq2fg!nc_n_webp_mw_1,什么？特斯拉现在直⬇️3w？？？？？
6a76bf740000000035015134,https://sns-webpic-qc.xhscdn.com/202610010104/ca7c88463299dd611d4c41520bcc31f8/notes_pre_post/1040g3k0323jl3dok7a005pr56abm2uenecktfqg!nc_n_webp_mw_1,00后女生置换Model 3，果然没失望
6ab39686000000001303cf01,https://ci.xiaohongshu.com/note_pre_post_uhdr/1040g3r0325f2b7qhkq005qdine8som1d2nmk5u8?imageView2/2/w/1080/format/jpg,🚨00后存款5万想提Model 3？答案先看五年低
6a7be044000000002202cf85,https://sns-webpic-qc.xhscdn.com/202610010104/b7d12a82dc067d7fe88363c368732f74/notes_pre_post/1040g3k8323olbjnrga705pr56abm2uenmimch9o!nc_n_webp_mw_1,00后Model 3提车一个月｜真实体验分享
6ab38b760000000015009e67,https://ci.xiaohongshu.com/notes_pre_post/1040g3k8325f107tal8705qb87pkdtgstihninn8?imageView2/2/w/1080/format/jpg,抢先看！！Model Y高性能版实拍来了！
6ab386e20000000014039e3b,https://ci.xiaohongshu.com/notes_pre_post/1040g3k8325f7gutfl0705ppuh3k7dt3vdk1cqa0?imageView2/2/w/1080/format/jpg,00后销冠👑西安有没有宝宝找我试驾特斯拉呀
69fab0b50000000035032f7f,https://sns-webpic-qc.xhscdn.com/202610010104/35da7fbf882c53c85d5bf228298506e4/notes_pre_post/1040g3k831vpqsb9h2s9g5ppa09l730na81ctdt0!nc_n_webp_mw_1,“2026国补”后，Model Y落地明细
6ab378c40000000015016884,https://ci.xiaohongshu.com/1040g008325euhr9jl8005pgbcak1hno0l8hevkg?imageView2/2/w/1080/format/jpg,Model Y高性能版来袭⚡️是谁的心头爱？
69f7544a0000000035030d86,https://sns-webpic-qc.xhscdn.com/202610010104/fc887baac3366574b1365a08d2fd44bd/notes_uhdr/1040g3qo31vn790ueis005ppa09l730na810jpeg!nc_n_webp_mw_1,新标Model Y 五一落地23W，赶紧冲！
6ab376e0000000001a030476,https://ci.xiaohongshu.com/notes_pre_post/1040g3k8325eubvct50705q1bc8l2nh4js8hh5ho?imageView2/2/w/1080/format/jpg,被💙新款ModelYPerformance狠狠戳中！细节图
6a351f43000000001003efc7,https://sns-webpic-qc.xhscdn.com/202610010104/1276d9c767288572bc05b6413005a497/1040g2sg321jgb8nf72e05ppa09l730nam0lb4g8!nc_n_webp_mw_1,0个人可以拒绝这个大屁屁｜Model Y
6ab36b90000000001500f719,https://ci.xiaohongshu.com/1040g2sg325et2vk258e05pl0io693k6fhjlsa08?imageView2/2/w/1080/format/jpg,Model Y高性能版🚙这会是你的爱车吗？
6a50c509000000000f01e604,https://sns-webpic-qc.xhscdn.com/202610010104/9f085e10abc11c2e380811c5d25056c6/1040g008322ei1t3emu005ppa09l730na7geidto!nc_n_webp_mw_1,4.59w开走上班族梦中情车✨Model Y 真的绝了
6a719d690000000027020a56,https://sns-webpic-qc.xhscdn.com/202610010104/820f60f3160cd611a31bb99e846385eb/1040g2sg323iiqu1r72e05ppa09l730nalh6khg0!nc_n_webp_mw_1,所有女生！买车思路看这篇｜20w提Model 3
6a75a8bc0000000022016da7,https://sns-webpic-qc.xhscdn.com/202610010104/d93610532c76f4eddf9eae12541f64a4/1040g2sg323iiqu1r72f05ppa09l730nadbvu1ao!nc_n_webp_mw_1,8月新政ce，Model 3价格全拆解⭐️
69e0c13300000000220020cb,https://sns-webpic-qc.xhscdn.com/202610010104/42253cf9c6077f195b15efa3bdebe130/notes_uhdr/1040g3qg31v15qgdfii005pukqtu3jhebbcfp58g!nc_n_webp_mw_1,2026年Model Y｜首付2w+月供2k开走？
6a1b9d680000000036032070,https://sns-webpic-qc.xhscdn.com/202610010104/8fd67447cfa74dbc9ec7fc98b6c45ce5/note_pre_post_uhdr/1040g3r8320ql2fv46e7g5pukqtu3jhebfeunqh0!nc_n_webp_mw_1,毛豆3六月落地价格
6ab3593e0000000014039e8a,https://ci.xiaohongshu.com/1040g008325eqs0nele005oo9necjoqjv9ecl6p8?imageView2/2/w/1080/format/jpg,上班暂停🎀提特斯拉Model Y：22.57w起
6a48880c000000001503e21c,https://sns-webpic-qc.xhscdn.com/202610010104/09d2be168fb02c9964460122b9ddb9a2/note_pre_post_uhdr/1040g3r83226gr05ana705pukqtu3jhebfno9rdg!nc_n_webp_mw_1,7月国补后 | 白色Model Y：24.27w
6ab35651000000001500a7e7,https://ci.xiaohongshu.com/notes_pre_post/1040g3k8325dkm68044c05pqqvo4n3f9eciiq5u8?imageView2/2/w/1080/format/jpg,快银Model 3车主，有句话憋很久了🤫
6a201313000000003503806c,https://sns-webpic-qc.xhscdn.com/202610010105/b902080cfee7b4fb4699193a08cccd42/notes_pre_post/1040g3k0320v0hhai72005pvef943i874b5go7tg!nc_n_webp_mw_1,20w+预算女生买车，最终选了 Model 3
6a2e10b0000000003503b06b,https://sns-webpic-qc.xhscdn.com/202610010105/eab76d6c70e521d22b9c9f9abf03eaaa/notes_pre_post/1040g3k0321cllk1d72005pvef943i87471ltkg0!nc_n_webp_mw_1,🔥6月底截止！Model Y这波福利真的杀疯了
6a325f86000000000f02b84a,https://sns-webpic-qc.xhscdn.com/202610010105/7510b695522a4701c9df816093a260cc/notes_pre_post/1040g3k83220ehukt728g5pvef943i874ugag0vg!nc_n_webp_mw_1,6月买Model YL别乱花钱！攻略收好📷
6a3b7130000000000f0333a5,https://sns-webpic-qc.xhscdn.com/202610010105/8f201722df074f04b9c9098c7b88ac5a/note_pre_post_uhdr/1040g3r0321pnlodv6s0g5pvef943i874e92m8eg!nc_n_webp_mw_1,西安的要买车的朋友注意啦❗
6a58afe2000000001003e312,https://sns-webpic-qc.xhscdn.com/202610010104/00ade9d148606f64c0d7f776d7474dce/notes_pre_post/1040g3k0322m9c1ku6se05pvef943i874jamsveg!nc_n_webp_mw_1,🎀00后女生的第一辆车，我会选Model Y！
6a562ad4000000001101fa23,https://sns-webpic-qc.xhscdn.com/202610010104/490d93b90878f1e12bbf886f2082c71a/notes_pre_post/1040g3k8322jqufsh74005pvef943i874qttpa1o!nc_n_webp_mw_1,预算20w+的女生，快冲Model 3✨
6a68af4b000000000f01763b,https://sns-webpic-qc.xhscdn.com/202610010104/6e9b805a5d59dce4e2d006df6aff05d3/notes_pre_post/1040g3k03235tjuhin4005pvef943i874vujkm20!nc_n_webp_mw_1,油费抵🈷供｜女生换Model Y真的太香了🤍
6ab3386f000000001800629f,https://ci.xiaohongshu.com/notes_pre_post/1040g3k8325empqp6l07g4b1d8f8obkelge2qp60?imageView2/2/w/1080/format/jpg,9月23日刚提！Model 3蕞新价格来了
6a7edea4000000002c001f7c,https://sns-webpic-qc.xhscdn.com/202610010104/3a79e5be2ec629744cef750f129b59c2/notes_pre_post/1040g3k8323risnli70005pvef943i8748r3p3gg!nc_n_webp_mw_1,8月国补后，Model 3：19.92w【攻略篇】
695f0dc50000000022030cb0,https://sns-webpic-qc.xhscdn.com/202610010105/0aa616fb0551c8167fd1e2c6c9d22b84/notes_pre_post/1040g3k031r2gi20mnu005pp0ia57dlf3bt8kst8!nc_n_webp_mw_1,月薪5k也能开走特斯拉？看完方案我信了！🚗💰
6988af12000000001b0160b6,https://sns-webpic-qc.xhscdn.com/202610010105/4e5712403b40f809a859f894f01c51fa/notes_pre_post/1040g3k031sb5h2c75s205pp0ia57dlf38blbvuo!nc_n_webp_mw_1,20w开走model3新车，我怎么做到的
6a22a6a70000000015026e47,https://sns-webpic-qc.xhscdn.com/202610010105/c06a05e0f06a6ed760d31783f1c169e7/notes_pre_post/1040g3k03211h1arh7a305pp0ia57dlf30kk9gv8!nc_n_webp_mw_1,6月无痛提车！Model Y：24.35W  🔥
6a28072f000000001702f7c3,https://sns-webpic-qc.xhscdn.com/202610010105/41ed5b5851fd475677ed478e2678e894/notes_pre_post/1040g3k83216p3llhno705pp0ia57dlf33qcolr0!nc_n_webp_mw_1,不敢信！5w存款提走Model 3 👨🏻‍💻
69e4b53c000000002102d4a9,https://sns-webpic-qc.xhscdn.com/202610010216/9d3e129024ac933e9ddb817ccd9fbe61/notes_pre_post/1040g3k831v51b0s02q705pg2o3iipqc63fr7va8!nc_n_webp_mw_1,Model Y能开15年吗？ 讨论一下
6a3140aa000000001c026e33,https://sns-webpic-qc.xhscdn.com/202610010105/aa504c3d84f8039b7e059181745606ef/notes_pre_post/1040g3k0321fpbcutnu005pp0ia57dlf3910l3v8!nc_n_webp_mw_1,特斯拉这波太狠了！Model 3直接杀到19.97w
6a3e3c2f000000001c0241de,https://sns-webpic-qc.xhscdn.com/202610010105/09aad956d2d6401712a32beb3a6c3754/notes_pre_post/1040g3k8321sf2krf7oe05pp0ia57dlf3s3nupr0!nc_n_webp_mw_1,黑标 Model Y：23.67w，别再犹豫
6ab26abd000000003b006322,https://ci.xiaohongshu.com/1040g008325dtmgfi4k005q484f7jdrhlbkrlnh0?imageView2/2/w/1080/format/jpg,Model YP震撼登场！沉浸式体验🔥
6ab2604c00000000310172c1,https://ci.xiaohongshu.com/1040g2sg325dsfelkl6e05popndv7e4aaed62c4o?imageView2/2/w/1080/format/jpg,9月20日刚提！苏州新购后Model Y落地价🔍
69ad7960000000002603048d,https://sns-webpic-qc.xhscdn.com/202610010105/a242a22808149d101e4da14d093d6abc/notes_pre_post/1040g3k831tf2ug0r5aa05ps52ll2349ejhplmm0!nc_n_webp_mw_1,被问爆了，2026年深圳补补快问快答！
6ab2564c000000003102717b,https://ci.xiaohongshu.com/notes_uhdr/1040g3qg325dr8k3v44005q3gme6ngg642iv26vg?imageView2/2/w/1080/format/jpg,9月21日刚提，特斯拉Model 3蕞新落地
69a930dc0000000022038bce,https://sns-webpic-qc.xhscdn.com/202610010105/b4790402a414859f457c351871553db6/notes_pre_post/1040g3k831tat5d4qla005ps52ll2349e6552qho!nc_n_webp_mw_1,女生选车别纠结‼️闭眼冲特斯拉就对了✨
6ab24de8000000003003f645,https://ci.xiaohongshu.com/notes_pre_post/1040g3k8325do9r6146b05q1o0e87997nn20bkt8?imageView2/2/w/1080/format/jpg,国补后，Model 3：19.47w起
69c664e700000000210051aa,https://sns-webpic-qc.xhscdn.com/202610010105/95ce153ed17664c0379764896edad23c/1040g00831u7dk2mqhu005ps52ll2349eggulsfg!nc_n_webp_mw_1,26年特斯拉可以享受的zf补贴合集🚘💰
6ab24bf40000000036015651,https://ci.xiaohongshu.com/notes_pre_post/1040g3k8325do9r61469g5q1o0e87997n53r58s8?imageView2/2/w/1080/format/jpg,刚提！Model 3落地20.45w，没买贵吧？
695d05fe000000001a0249df,https://sns-webpic-qc.xhscdn.com/202610010105/7b32234a340fe8acdec5eab294ddb939/1040g2sg31r0gmq5j7ofg5q0a0dm397q2c66i5o0!nc_n_webp_mw_1,特斯拉一月政策🔥7年低xi+2w补贴！
699477d5000000001a02030e,https://sns-webpic-qc.xhscdn.com/202610010059/68380279e377c79b1a5579b46d0fb940/1040g00831smlritplk005pgpdp4homababj9uu0!nc_n_webp_mw_1,25w内最佳选项：Model Y
6987349b000000001a031e71,https://sns-webpic-qc.xhscdn.com/202610010105/7945cd156da4954e58556d5ef02552c4/notes_pre_post/1040g3k031s9n5hjem20g5q0a0dm397q2kael308!nc_n_webp_mw_1,首付4.59w开Model Y！这购车思路直接抄作业
699ad832000000000e03d59a,https://sns-webpic-qc.xhscdn.com/202610010105/1bc5472315b708d1a65424454d9214d1/1040g00831tb067ba5m005pral1tm2m5eced6cp0!nc_n_webp_mw_1,初五返程记｜开Model 3后驱长续航
69a3c600000000001a022d61,https://sns-webpic-qc.xhscdn.com/202610010105/4904aa6810f66b3f4a179b5d3331d4d1/notes_pre_post/1040g3k831t5k36omm2705pral1tm2m5ec3lithg!nc_n_webp_mw_1,上海浦东特斯拉购车补贴攻略🔥5000元
6ab200810000000036014d2c,https://ci.xiaohongshu.com/1040g008325dgoo6ekc005q4g8mkq5f7fc1aoes0?imageView2/2/w/1080/format/jpg,让特斯拉车主崩溃的5大瞬间⚡️千万别这样开！
6a1c5ae30000000038020b93,https://sns-webpic-qc.xhscdn.com/202610010105/2b885d883b4475fe073b344605b20433/notes_uhdr/1040g3qg320rcafaq62005q4j3fg82aonbkv07j0!nc_n_webp_mw_1,我等不了了！！Model Y L:👋🏼付4.59w
6a2978a90000000016025220,https://sns-webpic-qc.xhscdn.com/202610010105/b7d58e39f5e1fdf8a166136dccf25cc1/1040g0083218614m97e305q4j3fg82aonp3d5glo!nc_n_webp_mw_1,6月又猛又兴奋！Model 3：19.57w
6ab1ee47000000003100c885,https://ci.xiaohongshu.com/notes_pre_post/1040g3k0325deh9vl4e005p9kj7uhgo66emkklm8?imageView2/2/w/1080/format/jpg,假期想露营？Model Y L给你大床房
6a218203000000003601c5f2,https://sns-webpic-qc.xhscdn.com/202610010105/472f6f92e5bab8678cae4723c088ae3c/notes_pre_post/1040g3k83210d9lr1no805q4j3fg82aonucn5si0!nc_n_webp_mw_1,沉浸式体验Model Y✨新手也能秒上手
6a2c0fa8000000001603ce68,https://sns-webpic-qc.xhscdn.com/202610010105/1b7e7800147ec7592d9a250e00d1ad4f/note_pre_post_uhdr/1040g3r0321an37os7a4g5q4j3fg82aon3bp0ujo!nc_n_webp_mw_1,6月Model Y L：每月3985开走...
6a3cb735000000001702e523,https://sns-webpic-qc.xhscdn.com/202610010105/1e306f0bd7665659f8e7c6d3ce5828b6/notes_uhdr/1040g3qg321qvefd8ne005q4j3fg82aonogbsuug!nc_n_webp_mw_1,有补补！现在入Model 3要多少钱？
6a38e108000000001603ddfa,https://sns-webpic-qc.xhscdn.com/202610010105/b51ada1dd8ec22a8a07faf868d05a405/note_pre_post_uhdr/1040g3r8321n7mc20ne705q4j3fg82aonf8mh48o!nc_n_webp_mw_1,6月冲Model Y L！叠加补补省2w+🔥
6a4790640000000015025b84,https://sns-webpic-qc.xhscdn.com/202610010105/cdd5b72d1ba00781251894db0d93eb26/notes_uhdr/1040g3qo3225ijkdd7a005q4j3fg82aonfdrq9mg!nc_n_webp_mw_1,7月提六座Model Y L，每月3736就搞定！
6a48ffc7000000001503fa5c,https://sns-webpic-qc.xhscdn.com/202610010105/afd747fe6a87f3ebdf4874812548d6b4/note_pre_post_uhdr/1040g3r83226v9msqna705q4j3fg82aont8mbuoo!nc_n_webp_mw_1,2026黑标Model Y：24.27W起
6a4f7e63000000001700b651,https://sns-webpic-qc.xhscdn.com/202610010105/f6b338797461a0196b2a04f1df7a1cb3/note_pre_post_uhdr/1040g3r8322dacqls7a005q4j3fg82aon5438vt0!nc_n_webp_mw_1,3w+！黑标Model Y补补拉满
6ab11a19000000003a02e61c,https://ci.xiaohongshu.com/notes_pre_post/1040g3k8325cjrm06kq705pc6hnan4ql4d0dr9jg?imageView2/2/w/1080/format/jpg,在特斯拉的第三个生日🎂HBD
6a59df19000000000101f4c6,https://sns-webpic-qc.xhscdn.com/202610010105/afd1d69ac82c80a8fc7b9359c7081967/1040g2sg322neld81g0705q4j3fg82aonlbb5ns8!nc_n_webp_mw_1,爱你老己！20.67w拿下Model 3
69b24a40000000001b01e367,https://sns-webpic-qc.xhscdn.com/202610010105/552964892319d9d2e87ddd8edc45ef7e/1040g00831tjq4195mu005q4ggc0n09110ha8cpg!nc_n_webp_mw_1,江西抚州宝子集合！特斯拉双重补不炸场💰
69ca32b3000000001a0228fa,https://sns-webpic-qc.xhscdn.com/202610010105/9013ba56c3819def62830913ec01d9eb/1040g00831ub4usqe2o005q4ggc0n0911rlo22d0!nc_n_webp_mw_1,24.35万闭眼冲！特斯拉性价比天💐板✨
69ad827c000000002202ec22,https://sns-webpic-qc.xhscdn.com/202610010100/ecb05073121966d83d3a539226011fe7/notes_uhdr/1040g3qo31tf4ddml58705pgbcak1hno05cnfbco!nc_n_webp_mw_1,25w内最佳选项：Model Y
6ab0c6970000000034035274,https://ci.xiaohongshu.com/1040g008325cadm3aka105q4g8mkq5f7fb2mb0to?imageView2/2/w/1080/format/jpg,🚗买车时我听到的vs我实际听到的‼️
6aa120e30000000012002af4,https://ci.xiaohongshu.com/notes_pre_post/1040g3k8324t12arojuig5pgpdp4homab7nqbdhg?imageView2/2/w/1080/format/jpg,9月新政，Model 3：19.47w起
69eb7e570000000037037e1b,https://sns-webpic-qc.xhscdn.com/202610010105/504d788f7f5ac952e8c84f730021e811/1040g00831vbl936m2i005q4ggc0n09115qeno88!nc_n_webp_mw_1,特斯拉Model YL疯抢🔥4月活动直接省3万
69ef3eca000000001f005b70,https://sns-webpic-qc.xhscdn.com/202610010058/53c825a7a5c987570cdc7d39ccb10d24/notes_uhdr/1040g3qg31vfal16lii005pc6hnan4ql4an8ho0g!nc_n_webp_mw_1,六座真神！Model Y L🈷️供2849，真的太省了
6aa11e19000000002a02ca0f,https://ci.xiaohongshu.com/notes_pre_post/1040g3k8324t12arojue05pgpdp4homabnfu35mo?imageView2/2/w/1080/format/jpg,【9月开销】月入6k👩🏻‍💻打工人养Mode l Y
69f061610000000038035970,https://sns-webpic-qc.xhscdn.com/202610010105/e52c0af203fb5cb2a4b1cce5e978141c/1040g2sg31vge46sd3qe05q4ggc0n0911ae7a6qo!nc_n_webp_mw_1,2026款特斯拉Model 3｜四月入手超划算✅
69968e6e000000000903afcc,https://ci.xiaohongshu.com/1040g00831son33bdl6005pl0io693k6f7jb5po8?imageView2/2/w/1080/format/jpg,Model Y三个版本怎么选？
6a0469480000000038034edf,https://sns-webpic-qc.xhscdn.com/202610010105/ca30bc5fb73d5b165bf7961b87d8a086/notes_uhdr/1040g3qg320402psq2i005q4ggc0n0911voaar78!nc_n_webp_mw_1,无痛提车，10w预算也可以开Model Y L
6a0b2cb6000000003601d85b,https://sns-webpic-qc.xhscdn.com/202610010105/0b61a5ad23e96808fa88a1ba02592c08/notes_uhdr/1040g3qg320ajec3nm2005q4ggc0n0911qibt3b8!nc_n_webp_mw_1,预算3.59w起｜男女通吃，闭眼冲特斯拉Model3
69e194f1000000001b020612,https://sns-webpic-qc.xhscdn.com/202610010059/c861aa90af90509fee984c300c97e391/note_pre_post_uhdr/1040g3r831v1vfnvjjqag5p88agvkgg8401rrhmg!nc_n_webp_mw_1,长期主义电车，25w内拿下Model Y
6a19751c000000003700c4b5,https://sns-webpic-qc.xhscdn.com/202610010105/767bf3b367b9bf623f63ac4247bbd5ee/1040g008320ohgah662005q4ggc0n091186c8qpg!nc_n_webp_mw_1,6月特斯拉Model3/Y政策速看🔥简单直白版
6a45b6ea000000001700a671,https://sns-webpic-qc.xhscdn.com/202610010105/9fb09f6813c63cd2dc4264ab0149bc96/1040g2sg3223on62i7e705q4ggc0n091112kkuo0!nc_n_webp_mw_1,特斯拉六座Model Y L半年用车感受【客观版】
6a4a585f000000001700b025,https://sns-webpic-qc.xhscdn.com/202610010105/ace0755c137ad1419631960533eccf20/notes_pre_post/1040g3k032289fdb67k005q4ggc0n0911frbmflg!nc_n_webp_mw_1,政策已定，Model 3只要20.67w就能开走
6a4cf14a0000000015024194,https://sns-webpic-qc.xhscdn.com/202610010105/65d6aedcdc1f7fc74b82158de1d053b2/notes_pre_post/1040g3k0322aqlmm1no005q4ggc0n0911as9qkbo!nc_n_webp_mw_1,Model Y落地24.27w｜补补算清了💙
6a520a100000000007024ac7,https://sns-webpic-qc.xhscdn.com/202610010105/bd0660cd5f5325896db4116acf94c08c/1040g0083230ikqseg2005q4j4cma18teocb5hlo!nc_n_webp_mw_1,Model YL月供：3985 ？我忍不了了！！！
6a9fd8270000000028002463,https://ci.xiaohongshu.com/notes_pre_post/1040g3k0324ros2isho105pqqvo4n3f9enhqb5f8?imageView2/2/w/1080/format/jpg,提车半年，全家彻底离不开六座Model Y L了😱
6a5cb3a2000000001c00e452,https://sns-webpic-qc.xhscdn.com/202610010105/52f793ce8fe048249a5d8d69d3fb07f9/1040g2sg322q713n27k005q4j4cma18te2plcfro!nc_n_webp_mw_1,00后男生月薪6000，轻松拿下Model Y
6a47a7db000000002103e2ef,https://sns-webpic-qc.xhscdn.com/202610010105/638b9a8c08762a5c1cafa8feb2cbe0da/1040g0083225l66nq7e705q4j4cma18teqk7kgk8!nc_n_webp_mw_1,7️⃣🈷️model3 依旧稳定发挥！！！
6a608424000000001303db75,https://sns-webpic-qc.xhscdn.com/202610010105/d6cc217a2a0295d607561cec9cceb985/notes_pre_post/1040g3k0322tu9hou7o705q4j4cma18teffaelr8!nc_n_webp_mw_1,国补｜00后毕业一年，拿下人生首台Model 3
695db3af000000001a02f10b,https://sns-webpic-qc.xhscdn.com/202610010106/c358f8b41e3e4ebecaf63f733c9ac40c/notes_pre_post/1040g3k031r16c1ld7o6g5ngdrlf09fpsm4o25r0!nc_n_webp_mw_1,特斯拉七年分期来袭！
6a242d23000000001c027eb1,https://ci.xiaohongshu.com/note_pre_post_uhdr/1040g3r832130mrpeno705popndv7e4aaiejjv80?imageView2/2/w/1080/format/jpg,👉右翻看Model Y 焕新大轮毂
698d2b6b000000002801d1c4,https://sns-webpic-qc.xhscdn.com/202610010106/328dbca47e498b8df47af01334c64022/note_pre_post_uhdr/1040g3r831sfhnm5nm2dg5ngdrlf09fps7fdg7h8!nc_n_webp_mw_1,特斯拉新政🔥7年低息+5年0息！
6a3a82d300000000150262fe,https://ci.xiaohongshu.com/notes_uhdr/1040g3qo321oqmn3n7e005pq3u677dgo22nrkqvg?imageView2/2/w/1080/format/jpg,月新6️⃣k也能拿下Model3，月共算给你看
69a960d9000000002801f63a,https://sns-webpic-qc.xhscdn.com/202610010106/b28ea92c10010f61da2eb0b1d55a06af/notes_pre_post/1040g3k831tb3a492m8ag5ngdrlf09fpsmp6hsug!nc_n_webp_mw_1,特斯拉Model YL实测｜星光金色太惊艳！
69a2f54e0000000022033b96,https://sns-webpic-qc.xhscdn.com/202610010106/fa30abf6d622966350528ce709b9eb80/notes_pre_post/1040g3k031t4qh9505a005pbkb2uo6rlhfvdojgo!nc_n_webp_mw_1,手付7w+拿下Model 3!!  通勤好搭子🥳
69b7949f000000001d018a29,https://sns-webpic-qc.xhscdn.com/202610010106/e6d3e36083aee9f0c0ad1e10f557ab7f/notes_pre_post/1040g3k831touqavt7u005pbkb2uo6rlh5ub878g!nc_n_webp_mw_1,太猛了！！日供70提走Model Y🧨
69b2acfa000000002202ee7e,https://sns-webpic-qc.xhscdn.com/202610010106/7381ef25816f8637654f9f56be897a03/1040g2sg31tk5p4ounoe05pbkb2uo6rlh7flmb00!nc_n_webp_mw_1,Model YL  还得是星钻黑！！
69b64d2f000000001d01b11d,https://sns-webpic-qc.xhscdn.com/202610010106/7de7664d332f7dc35dfc15f8fb1ae614/notes_uhdr/1040g3qg31tnn59e4mq005pbkb2uo6rlhh7egdg8!nc_n_webp_mw_1,“2026国补”后，Model Y落地明细
6a1fe485000000002202d08d,https://sns-webpic-qc.xhscdn.com/202610010106/2d6b9286a9010793b1196ec61387cf60/spectrum/1040g34o320uqnpr0724g5pbkb2uo6rlhfv7brko!nc_n_webp_mw_1,🔥20.75万提 Model 3！6 月补贴蕞后一波
6a28d2820000000035023fd9,https://sns-webpic-qc.xhscdn.com/202610010106/9b6d75e36050fc27be46707a7f97ff37/note_pre_post_uhdr/1040g3r03217htl6f720g5pbkb2uo6rlhntcc1do!nc_n_webp_mw_1,✋️把手教你买Model 3，如何省下3w+
69d6740d000000002301ea77,https://sns-webpic-qc.xhscdn.com/202610010212/41e094cd42ac3e66ac064d3c11ad3f1e/1040g2sg31un3s2uiiqs05p9m1knhgl1626n6d9o!nc_n_webp_prv_1,特斯拉前摄像头竟然可以自动清洗
6a2bf0b3000000002100927e,https://sns-webpic-qc.xhscdn.com/202610010106/5584bd5639297ef99cca34dd29b67438/spectrum/1040g0k0321aj6s896u905pbkb2uo6rlhlp4ga9o!nc_n_webp_mw_1,✋付4.59w提Model 3？补补大全
6a3136d4000000000f01f85b,https://sns-webpic-qc.xhscdn.com/202610010106/e73cc3ab54c627af0affdb377f65f885/notes_uhdr/1040g3qg321fo5u456u005pbkb2uo6rlh3na2fqg!nc_n_webp_mw_1,😭谁懂啊！手付 4.59w 我终于提了 Model 3
6a33cac0000000000f02b056,https://sns-webpic-qc.xhscdn.com/202610010106/d80af01639ac6f73d86fa31c96b18cf7/note_pre_post_uhdr/1040g3r0321i8mkmn72005pbkb2uo6rlh68mrnt0!nc_n_webp_mw_1,国补后，黑标Model Y：23.57w起
6a4dba71000000000f031049,https://sns-webpic-qc.xhscdn.com/202610010155/902112a575e4dbf363a5bf1ffa3247fb/note_pre_post_uhdr/1040g3r0322bivrh2704g5q0at3pji3uhpi5k8qo!nc_n_webp_mw_1,7月only☝️机会！补贴🉑叠加国补省补
6a3e371b000000002201a3c1,https://sns-webpic-qc.xhscdn.com/202610010106/e2bbd372dc4665780eeda3cb4106dce0/notes_uhdr/1040g3qo321seelhomu705pbkb2uo6rlhhvkpmv8!nc_n_webp_mw_1,太夯了，手付4.59w起拿下Model Y
6a3b29b1000000000f03141e,https://sns-webpic-qc.xhscdn.com/202610010106/e0a7b5ae421adf9c7de945be8666b500/notes_uhdr/1040g3qg321pf2fvnms005pbkb2uo6rlh1duh190!nc_n_webp_mw_1,00后女生，4.59w无痛提走Model 3
69b1725c000000000400207d,https://sns-webpic-qc.xhscdn.com/202610010106/bab51173eccfbdcd46b0c3e8189f1864/notes_pre_post/1040g3k031tjm72o172005ovjlmmk3m90888jjv8!nc_n_webp_mw_1,每天开着特斯拉上班，同事说我家里有矿？
695dd0110000000021030af2,https://sns-webpic-qc.xhscdn.com/202610010106/975ed7a985b0ac189e8ebb0046af57f4/notes_pre_post/1040g3k031rbvadsl7g1g5pvi2vbinkgr2gs8lgg!nc_n_webp_mw_1,‼️Model Y焕新升级💥这波改动太戳了！
69856c590000000022032711,https://sns-webpic-qc.xhscdn.com/202610010106/9cc6c5e534de012ceeb7e01651a936f6/note_pre_post_uhdr/1040g3r831s7v78jhlm305pvi2vbinkgr8q562q8!nc_n_webp_mw_1,到店实拍｜特斯拉Model 3海洋蓝美到窒息🌊
69f33c9200000000380355fa,https://sns-webpic-qc.xhscdn.com/202610010107/e72012b21e9186835ae71a4eab3faf2b/note_pre_post_uhdr/1040g3r831vj7b01bii705psdppsinih63bqo7pg!nc_n_webp_mw_1,5月特斯拉Model 3购车金融攻略🔥
6a0707780000000006034429,https://sns-webpic-qc.xhscdn.com/202610010104/606915d5cc54f0e8964e5b5968576b66/notes_uhdr/1040g3qo3206hsv62m8705pr56abm2uenu8ouf5g!nc_n_webp_mw_1,5月还等啥，Model Y👋付5，24.35w+
6a2ebc0d00000000220093cc,https://sns-webpic-qc.xhscdn.com/202610010111/dc4c5e3057695f0fb05fbacb2c623316/notes_pre_post/1040g3k0321dal0oina005prmgmp62ii5t0650n0!nc_n_webp_mw_1,东北24.35搞定Model Y 无痛提车攻略码住！
6a3234b0000000001603f043,https://sns-webpic-qc.xhscdn.com/202610010107/aabd06d88754ecaf65fda63ada141486/notes_pre_post/1040g3k8321gn4qdkne705psdppsinih6687k328!nc_n_webp_mw_1,黑标Model Y：23.57w，纠结党速进！！
6a2e64a6000000001603f4ec,https://sns-webpic-qc.xhscdn.com/202610010107/ffca835c4715626832b6277b740e6e1b/1040g2sg321co6sdonol05psdppsinih6dqdhqh0!nc_n_webp_mw_1,Model 3和Model Y区别及费用一览
6aafcc7f000000000b000257,https://ci.xiaohongshu.com/note_pre_post_uhdr/1040g3r0325bbu2klkk005q4j4cma18tef5cj9no?imageView2/2/w/1080/format/jpg,🔥9月即将截止｜Model Y 22.57w起
6a50d3500000000015027a1b,https://sns-webpic-qc.xhscdn.com/202610010107/e6c34dd3eda204d162a8e3446b371810/1040g008322ejsrluno005psdppsinih6ppidlto!nc_n_webp_mw_1,长期主义进‼️8月Model Y：24.27w
6a62f4aa000000000503bbf8,https://sns-webpic-qc.xhscdn.com/202610010107/6b699fac71418442beecff6f9fb766f3/1040g0083230acf8f7a005psdppsinih6ru82140!nc_n_webp_mw_1,年轻家庭的第1️⃣台车✨4.59w提走Model Y
6a75ad50000000002403fe10,https://sns-webpic-qc.xhscdn.com/202610010107/2264742958868c5913f15628fe30e887/note_pre_post_uhdr/1040g3r8323igb8027u305psdppsinih6pv9uulg!nc_n_webp_mw_1,00后新购｜4.59w无痛提走Model 3！
6a19872e0000000036032174,https://sns-webpic-qc.xhscdn.com/202610010107/47cc5f3bd2e60bbed52989a211c201a3/note_pre_post_uhdr/1040g3r0320ojv8t96e005q38t15msc8l90ptsl8!nc_n_webp_mw_1,6月有点说法‼️Model Y L🈷️3736直接开走
6a067fc700000000060344f3,https://sns-webpic-qc.xhscdn.com/202610010100/5b86d09eb455590f375c1eefa8b34c62/notes_pre_post/1040g3k0320617sgl2i0g5pke1a2gu7nnu38rqi0!nc_n_webp_mw_1,香炸💥Model Y 日供102 开走！
6a23acee000000001503d58a,https://sns-webpic-qc.xhscdn.com/202610010107/702a715a551b5c09060a0f404b0fc77d/notes_pre_post/1040g3k83212gtsmg7o705q38t15msc8lsl5a8d0!nc_n_webp_mw_1,2026国补后 Model 3落地20.75w
69ca527f000000001d01b484,https://ci.xiaohongshu.com/1040g2sg31ub8kdkkhme05pl0io693k6fmastu78?imageView2/2/w/1080/format/jpg,90%的人都不知道！！特斯拉冷门技巧！
6a6f0ae7000000002800549f,https://sns-webpic-qc.xhscdn.com/202610010107/1c0a8bac77e23a437497ec30c09dce64/1040g2sg323c49ks5ga705q1p4q7nai2cfehrngo!nc_n_webp_mw_1,世纪难题｜Model 3 和 Model Y 到底怎么选？
6a9e6683000000002901036a,https://ci.xiaohongshu.com/notes_pre_post/1040g3k0324qc7fk11sng5pl0io693k6fgrvo1qg?imageView2/2/w/1080/format/jpg,限时补补！Model3✂️5k｜Model Y✂️1w
6a6c68a700000000220330d5,https://sns-webpic-qc.xhscdn.com/202610010107/b6ec24911879264dff2b4e87a1bbfb2d/notes_pre_post/1040g3k03239hvq5102205ngi1b3g8uc4f62dsi0!nc_n_webp_mw_1,冰河蓝Model Y：23.55w，真的很难拒绝💙
6a2938c5000000003502263c,https://ci.xiaohongshu.com/spectrum/1040g0k03217ub89m72105oq5d3nmbm0ukgka248?imageView2/2/w/1080/format/jpg,起猛了：特斯拉Model 3手付是4.59w
697c6f0a000000001a024411,https://sns-webpic-qc.xhscdn.com/202610010107/d7f50b719a5ef2b66626ba7ea098b17c/notes_uhdr/1040g3qo31rv87tv82g705pbqcd9o5t8j6m3mfro!nc_n_webp_mw_1,💰预算20个，不内耗直接冲Model 3！
69b693b2000000002301c152,https://sns-webpic-qc.xhscdn.com/202610010107/0ca5eddf2c7dfab72d359dc5c7ba2102/note_pre_post_uhdr/1040g3r831tnvktgkn2005pbqcd9o5t8jk2l961o!nc_n_webp_mw_1,2026新国标｜特斯拉还能闭眼冲吗？纠结党进
695c6a0f000000002203b106,https://sns-webpic-qc.xhscdn.com/202610010109/fabd7c24faf79c556d6d69172447a9be/1040g00831qvtvq77g0005pvu32d3if6fo2gm3d8!nc_n_webp_mw_1,什么？特斯拉蕞🆕金融政ce已出！
69f7385300000000360198b2,https://sns-webpic-qc.xhscdn.com/202610010109/fbe23f129487337bae484ec46b9c3743/note_pre_post_uhdr/1040g3r031vn3nkjj2g1g5pv4rebjie5svplmc4g!nc_n_webp_mw_1,Model3想要 Model3得到‼️｜提车日记
6a04652f00000000360307ff,https://sns-webpic-qc.xhscdn.com/202610010109/4f8c14bd9a1adf341fda9db3657cdd31/1040g2sg3203vgbn8igeg5pv4rebjie5s1qooke8!nc_n_webp_mw_1,什么叫🖐️付5w开走特斯拉？
6a76c0da000000002402e0ef,https://ci.xiaohongshu.com/notes_uhdr/1040g3qo323jl92epnu705pqagf8733lqeqk2v38?imageView2/2/w/1080/format/jpg,梅州小伙伴看过来！特斯拉招实习生啦🚗
6aafbc87000000002600b11b,https://ci.xiaohongshu.com/1040g008325b9akum4q005prn95k63hllktgp360?imageView2/2/w/1080/format/jpg,40万公里的特斯拉，电池衰减如何？
6a36870a0000000015027505,https://sns-webpic-qc.xhscdn.com/202610010109/de66367899d03f8dcd6baabd22723ec9/note_pre_post_uhdr/1040g3r8321ku6sqrne005pv4rebjie5scp4d2r8!nc_n_webp_mw_1,别再等了！6月Model Y手付不到5个真能拿下
69fca6d4000000003700dc43,https://sns-webpic-qc.xhscdn.com/202610010109/8bb77b72ef7cd61fb71b9c2b59485719/notes_pre_post/1040g3k031vt1sqkp2i004b1d8f8obkel2grph1o!nc_n_webp_mw_1,特斯拉五月新政！Model Y蕞低24.35提走！
6a0adb0c0000000036018f13,https://sns-webpic-qc.xhscdn.com/202610010109/7657e8677cb4f46bc0ca8947c098e72d/1040g008320a9dtifls004b1d8f8obkelgfvchbo!nc_n_webp_mw_1,Model 3六色无滤镜实拍✨开走仅20.35❕
6a0431d2000000003601e114,https://sns-webpic-qc.xhscdn.com/202610010109/f3cfc41694c031319cc79c33ecb90bb4/notes_pre_post/1040g3k83204rc4vt2i704b1d8f8obkelv3vh3p8!nc_n_webp_mw_1,【特斯拉轻松开回来 月供2K+】
6a2a9b1f000000001c026bff,https://sns-webpic-qc.xhscdn.com/202610010109/be7407f3334361d098103d8924ae305c/notes_pre_post/1040g3k832199i31vnu704b1d8f8obkel5gsmrc0!nc_n_webp_mw_1,宁波特斯拉车主狂喜🔥蕞高能省2万+补贴汇总
6a3bb3fb000000001603dc3b,https://sns-webpic-qc.xhscdn.com/202610010109/c853cd985a67fd24c5595a867d655210/note_pre_post_uhdr/1040g3r8321pvseog7e104b1d8f8obkeltrpl45g!nc_n_webp_mw_1,倒计时6天！特斯拉6月政ce窗口期全攻略
6a7adcf3000000002403f615,https://sns-webpic-qc.xhscdn.com/202610010109/ecb0f1568dafcc0ab0c094a809f51f1e/notes_pre_post/1040g3k8323nll57nnk004b1d8f8obkel37enbf8!nc_n_webp_mw_1,今天下雨，出门一眼看到我的珍珠白Model Y！
6a9e3012000000001001cdc9,https://ci.xiaohongshu.com/notes_pre_post/1040g3k0324q5j5nm7a005pooulu7e0uus7o9hpo?imageView2/2/w/1080/format/jpg,字少事大！9月Model Y立省1w！
6a1f7cac0000000038023007,https://sns-webpic-qc.xhscdn.com/202610010109/b416a24dd6d5f60f28a8c3ccec695882/1040g2sg320uprlom7ee05pg4sko1hhlsciinh20!nc_n_webp_mw_1,6️⃣月入手Model Y！性价比封👑🔥
6a283976000000001502512d,https://sns-webpic-qc.xhscdn.com/202610010109/3485dbee2cfff24b08834c4472d3613c/1040g0083216v4ep2ne005pg4sko1hhls3t1qkn8!nc_n_webp_mw_1,特斯拉Model 3｜2026闭👀入的宝藏电车💥
697c6b5b000000001a02a232,https://sns-webpic-qc.xhscdn.com/202610010109/291524313a337f270a0bc76ae31717a7/notes_pre_post/1040g3k031rv697r4ig1g5pq95co7dnn6ri8nd5o!nc_n_webp_mw_1,✋️付8w直接提走Model 3！这波真的太香了
6aaf85000000000027014378,https://ci.xiaohongshu.com/1040g2sg325b32jo34ql05pke1a2gu7nn4ds1lr8?imageView2/2/w/1080/format/jpg,9月特斯拉购车浮利拉满，蕞高可省33000！
69835261000000001a02b6fc,https://sns-webpic-qc.xhscdn.com/202610010109/ead0f18d39d9cb1cacdfc7bcc6041e18/notes_pre_post/1040g3k031s5tt6him8805pq95co7dnn6dkdhcoo!nc_n_webp_mw_1,打工人第一台车🚗月供不到3k拿下特斯拉！
69a1ca16000000000e03e074,https://sns-webpic-qc.xhscdn.com/202610010109/3d1d97c22b2268a0efc9aea4bf94a9ee/notes_pre_post/1040g3k831t3kb4p5lm105pq95co7dnn6r82qmho!nc_n_webp_mw_1,青岛2026新购补补🔥收藏不踩🕳️
69b60b30000000001e00e34c,https://sns-webpic-qc.xhscdn.com/202610010109/5b83c0af0ce4351ceb0d9ec876961588/notes_pre_post/1040g3k031tnev1mj721g5pq95co7dnn69tgmes0!nc_n_webp_mw_1,年轻人的第一台车🔥｜低预算也能开上特斯拉
6a3a1d7400000000210220c8,https://sns-webpic-qc.xhscdn.com/202610010109/6891a9c1de2266fbe517f421b652924b/1040g2sg321oe1v747oe05pueon73lpn60i4ln88!nc_n_webp_mw_1,Model Y L展车全新到店！👋付4.59w直接开走
6a34dd69000000000803d911,https://sns-webpic-qc.xhscdn.com/202610010109/23b800f360946f1a0508fb3e4d8253d6/1040g2sg321j983u67kfg5pueon73lpn62a9bg3g!nc_n_webp_mw_1,新能源下乡！20.67w起开走Model 3！
699e5a5b000000000e00c281,https://sns-webpic-qc.xhscdn.com/202610010110/acfd7d224418eccd489510059ad596a0/notes_pre_post/1040g3k831t0afb18m8405q1bc8l2nh4j4togf18!nc_n_webp_mw_1,我等不了了，Model3：1918月供❓
69c67223000000001a02ea62,https://sns-webpic-qc.xhscdn.com/202610010110/6fa78ed98b6f41dbc7041efb78fa2f25/note_pre_post_uhdr/1040g3r831u7fjso4iitg5q1bc8l2nh4j331dp40!nc_n_webp_mw_1,4🈷️政策已经出💙 如何购买 叠加补贴 戳‼️
6aaf7f1b000000002802a1e7,https://ci.xiaohongshu.com/1040g2sg325b2fnn94q005pt5q9v2nkqqe6h9mko?imageView2/2/w/1080/format/jpg,此乃何物！见到特斯拉Cybercab了！
6a2373140000000007029a63,https://sns-webpic-qc.xhscdn.com/202610010117/f0c6a1399195aab8321b9ddc2b847f7d/notes_pre_post/1040g3k03212a00erne005pgiqci0uavn92dvdeo!nc_n_webp_mw_1,六月提 Model Y 居然能省这么多？
69da49f00000000023014f1e,https://sns-webpic-qc.xhscdn.com/202610010110/f3290faafdc72d61addb2fddcf320369/note_pre_post_uhdr/1040g3r831uqp371mig805q1bc8l2nh4j9214pag!nc_n_webp_mw_1,ModelY | 4月补6K💰  公司补5k💰
69e239af000000001e00e113,https://sns-webpic-qc.xhscdn.com/202610010110/3d054f4498f4752b545374d2cc84c00d/note_pre_post_uhdr/1040g3r031v2jl1vciq005q1bc8l2nh4jdtbsrvg!nc_n_webp_mw_1,4月|  ModelY  珍珠白 落地价超惊喜‼️
69ed8064000000002202a6fc,https://sns-webpic-qc.xhscdn.com/202610010110/99e78ddbfde518cce920a8840e49ea11/note_pre_post_uhdr/1040g3r031vdk59mr2g005q1bc8l2nh4jqouoqb0!nc_n_webp_mw_1,宁波  特斯拉model3 这个价太值啦🥰
69d5c3a7000000001a020f37,https://sns-webpic-qc.xhscdn.com/202610010112/e713a4cd45d9c7c301c02e6858bfa84c/spectrum/1040g0k031umeg60jhu005q3gme6ngg6413tb7fg!nc_n_webp_mw_1,还有机会，Model 3：20w+
69ee1f63000000001e00cc5c,https://sns-webpic-qc.xhscdn.com/202610010110/5b6c78a2b0df601a459fbd55dd44ee4f/notes_pre_post/1040g3k831ve7d82miie05q1bc8l2nh4jnfksg60!nc_n_webp_mw_1,五月想开特斯拉嘛🫵 戳进来😊 大招‼️
6aaf5581000000000b03415d,https://ci.xiaohongshu.com/notes_pre_post/1040g3k0325atd4qhkk005q1bc8l2nh4jl5krmeo?imageView2/2/w/1080/format/jpg,换了两次车，六座Model Y L满足了我所有想象
6a2a2d4100000000070134f1,https://sns-webpic-qc.xhscdn.com/202610010121/e88556fa31c1463d5d181da5deefeff2/note_pre_post_uhdr/1040g3r83218s7fg87e005qaelsidt231nsqcua8!nc_n_webp_mw_1,6月20.67w提走Model 3，我是怎么做到的？
6aaf535a000000002802a78b,https://ci.xiaohongshu.com/1040g2sg325aqq4jc50705omblph3hkd8nfua6kg?imageView2/2/w/1080/format/jpg,狠狠被种草，特斯拉HEPA功能太贴心啦
6a728568000000003203064a,https://ci.xiaohongshu.com/1040g2sg323fgvku16s705q4g8mkq5f7f7sne9gg?imageView2/2/w/1080/format/jpg,重生之我在特斯拉当皇帝…？
69fa143e00000000200397d8,https://sns-webpic-qc.xhscdn.com/202610010109/c517ced427948e26e540c0733d3a56d0/note_pre_post_uhdr/1040g3r031vpst1ceiq005q1bc8l2nh4j40bnvf0!nc_n_webp_mw_1,特斯拉Model3  🚨抄底好时机别错过🚙
6a00a1c8000000000702d54b,https://sns-webpic-qc.xhscdn.com/202610010109/2defc800bbb7895a878169b9101526c5/notes_uhdr/1040g3qg32009pk5qig2g5q1bc8l2nh4j89ip82g!nc_n_webp_mw_1,老板们冲❗公司户买特斯拉5000-7000💰
6a09da8a000000000803224f,https://sns-webpic-qc.xhscdn.com/202610010109/d9cfb48f740f309fc5f92666b0a3c52e/note_pre_post_uhdr/1040g3r83209a1gmc5m705q1bc8l2nh4jd2t0ifg!nc_n_webp_mw_1,宁波特斯拉补贴告急❗手慢无
6a1ab63e00000000360317bf,https://sns-webpic-qc.xhscdn.com/202610010107/089cf8442a3b9e842601e69040e65f77/notes_pre_post/1040g3k8320poton668905psdppsinih66uj4f70!nc_n_webp_mw_1,价格曼妙，Model 3：20.47w提走
6a05316600000000060203fa,https://sns-webpic-qc.xhscdn.com/202610010109/fb207037a7fdff6a7253ac47955bb9b7/note_pre_post_uhdr/1040g3r83204og0c1jq705q1bc8l2nh4jb7jcs0g!nc_n_webp_mw_1,5月入Model 3，20.75w直接开走
6a1ad4d9000000000702ea12,https://sns-webpic-qc.xhscdn.com/202610010109/9f2f918e93f0d10cd71c26c21b5c7d94/note_pre_post_uhdr/1040g3r0320psik2d6e005q1bc8l2nh4j3dboho8!nc_n_webp_mw_1,2026国补后，Model 3：20.35w入
6a2e98670000000021014611,https://sns-webpic-qc.xhscdn.com/202610010109/a3b001fb1e91ebc9159ce931c104457b/notes_uhdr/1040g3qo321d6ak737u005q1bc8l2nh4j4msb61g!nc_n_webp_mw_1,6月国补后的Model Y L，30出头拿下了 🤗
6a407a560000000006020ff6,https://sns-webpic-qc.xhscdn.com/202610010109/a25d0c45f45c83ac76f94625373816db/notes_pre_post/1040g3k8321ul3h7g7u705q1bc8l2nh4j0fh2u3g!nc_n_webp_mw_1,买Model Y之前，我都在想什么？ 补补
6a3ce11b000000000803dba5,https://sns-webpic-qc.xhscdn.com/202610010109/7cd77eae0498139307aaf28e559bf30d/note_pre_post_uhdr/1040g3r0321r4likdnu1g5q1bc8l2nh4j2m86ht8!nc_n_webp_mw_1,$noteTitle
6a46269e000000000803d4e0,https://sns-webpic-qc.xhscdn.com/202610010109/1395605392c4ba484dabf594552b99c9/note_pre_post_uhdr/1040g3r832246cvltnu005q1bc8l2nh4j6n3vd38!nc_n_webp_mw_1,‼️ 宁波叠加置换or报废的补贴💥来袭🫵
6a7ebc91000000000502ad1b,https://sns-webpic-qc.xhscdn.com/202610010117/c1c91d87c637e65b59586da3300609bc/1040g008323remt6ena005p9kj7uhgo66kdvr2m0!nc_n_webp_mw_1,人生第1️⃣台电车Model 3，19.92w提走
6a4a6178000000000702cafb,https://sns-webpic-qc.xhscdn.com/202610010109/1c19a91f7d2d8727b551d9bf1c7f786c/notes_pre_post/1040g3k03228aenrl7a005q1bc8l2nh4jrs1dii0!nc_n_webp_mw_1,价格19.79w 在宁波提焕新款Model3🚙
6a255207000000002101bf40,https://sns-webpic-qc.xhscdn.com/202610010117/47b0b9339e62779febc2b9e1ee5571dd/1040g008321440eoo7o005psnj4f3i30guejgtio!nc_n_webp_mw_1,Model Y🆚Model YL到底该怎么选？
697caede000000002203a8e7,https://sns-webpic-qc.xhscdn.com/202610010101/8e59d0424ddee48cea3a0ce2e78c1488/notes_pre_post/1040g3k031rveedbmkc0g5pujojh3i3j61obfsh8!nc_n_webp_mw_1,特斯拉Model Y 二月份这样买能省下这么多？！
6a58cf56000000001303de90,https://sns-webpic-qc.xhscdn.com/202610010109/14d941990f83edb0bbe91921bace3481/note_pre_post_uhdr/1040g3r0322md75vs7kr05q1bc8l2nh4j3jtkgn0!nc_n_webp_mw_1,宁波保显补贴来啦‼️ 你的ModelY可享受叠补
6a4a629e0000000021018b42,https://sns-webpic-qc.xhscdn.com/202610010109/3b3b090676903fd69ad31447506b548b/note_pre_post_uhdr/1040g3r03228alsabna005q1bc8l2nh4j9p16osg!nc_n_webp_mw_1,ModelY 宁波提→享受政府保险补贴叠加4000☘️
6a229a3f0000000036033a59,https://sns-webpic-qc.xhscdn.com/202610010112/6335afc2d6c9922027e7e2261a90c5a1/spectrum/1040g34o3211fgre3n0205q3gme6ngg64qpskfs8!nc_n_webp_mw_1,6月无痛提车：Model Y手付4.59w
6a9ba2fc0000000026008306,https://ci.xiaohongshu.com/notes_pre_post/1040g3k8324nlher9go705q15m5ehjvrl9pfoumo?imageView2/2/w/1080/format/jpg,特斯拉9月政ce更新～最高补28800
6aae3deb00000000280367ff,https://ci.xiaohongshu.com/notes_pre_post/1040g3k03259r89a1k6005q4g8mkq5f7fvgnnfmo?imageView2/2/w/1080/format/jpg,2026年9🈷苏州新购补贴来啦！最高补7k‼
6a53aed500000000210226c8,https://sns-webpic-qc.xhscdn.com/202610010109/008926c5b8f5221100ba8548291e14e0/note_pre_post_uhdr/1040g3r0322hd1g0tnu205q1bc8l2nh4jcbv37p0!nc_n_webp_mw_1,在宁波如何买到19.79w的焕新款Model3❓
6aae20d300000000280285d2,https://ci.xiaohongshu.com/1040g0083259nnmvm4e705prmgmp62ii5qs3a5ug?imageView2/2/w/1080/format/jpg,特斯拉这3个设置让你秒变老司机！
6a02d8a400000000080034d5,https://ci.xiaohongshu.com/notes_pre_post/1040g3k03202753psiq2g5n5hv3ckit7t9q0ofp8?imageView2/2/w/1080/format/jpg,2026国补后，黑标Model 3落地20.75w
6a22962a0000000007022952,https://sns-webpic-qc.xhscdn.com/202610010121/27e9ed4544f3f127556a171ef388dda6/notes_pre_post/1040g3k83211eejsp7a905qaelsidt231f5kk7oo!nc_n_webp_mw_1,东北特斯拉｜Model Y｜6月新政直接抄🔥
6a6627e7000000001c013c89,https://sns-webpic-qc.xhscdn.com/202610010109/0ccb6542106a63116a0c6041b9384edc/note_pre_post_uhdr/1040g3r83233eblrj7k3g5q1bc8l2nh4jguih998!nc_n_webp_mw_1,烈焰红Model3：19.79w提走🚗
6a755ef70000000024027cc0,https://ci.xiaohongshu.com/notes_pre_post/1040g3k8323i9p0ntn2705qh7qfsgfr01icec9i0?imageView2/2/w/1080/format/jpg,7.99w拿下Model3🚗通勤好帮手✨
6a603b6e0000000010029c18,https://sns-webpic-qc.xhscdn.com/202610010109/03bd1a431106e502a367f883ff800f67/note_pre_post_uhdr/1040g3r0322tl93i2na305q1bc8l2nh4j2c6i1b8!nc_n_webp_mw_1,5万提特斯拉Model 3，看我给你算
69d85b1f0000000023011c12,https://ci.xiaohongshu.com/1040g2sg31uovbc0q2se05q4g8mkq5f7f8pp6jv8?imageView2/2/w/1080/format/jpg,其实 特斯拉开启自然风只需要1秒！
6aae0ee2000000002601f017,https://ci.xiaohongshu.com/1040g0083259lgvktkq005q6q3faob6db8bc38d0?imageView2/2/w/1080/format/jpg,六座Model Y L好在哪？全家出行都离不开
6a8d43600000000028029d7e,https://sns-webpic-qc.xhscdn.com/202610010149/6f12f44008f9efe01d28f810ef8a8f6a/notes_pre_post/1040g3k83249kev4o6u705pqqvo4n3f9e8mvlci0!nc_n_webp_mw_1,提车两个月，懂了为啥都说Model Y L好
69eb2c1c000000002202a0a4,https://ci.xiaohongshu.com/1040g2sg31vbb7ea63qe05psi5443994lg3snr3o?imageView2/2/w/1080/format/jpg,特斯拉交付高能量的一整天！
6a6de1050000000033013a86,https://sns-webpic-qc.xhscdn.com/202610010109/41a2d701989dc6142219c6239ad1052f/note_pre_post_uhdr/1040g3r8323avpas4027g5q1bc8l2nh4jvn6b93o!nc_n_webp_mw_1,💡新购baby看过来🫵   M3：8550 MY：10270
6a2107e0000000003501cc35,https://ci.xiaohongshu.com/notes_pre_post/1040g3k8320usdloemu705pl0io693k6fk65kmf0?imageView2/2/w/1080/format/jpg,上班暂停🎀提特斯拉Model Y：手付4.59w
6a729f2c0000000005022727,https://sns-webpic-qc.xhscdn.com/202610010109/3abdc94ed872eaf30dbf26af8207e950/notes_pre_post/1040g3k0323fk525rnk005q1bc8l2nh4j040kvv8!nc_n_webp_mw_1,纯电家用SUV怎么选？Model Y怎么样
6a269c290000000008000dc2,https://ci.xiaohongshu.com/1040g0083215ck19hna005pc6hnan4ql4s32b1jg?imageView2/2/w/1080/format/jpg,6🈷️青岛提车，Model Y 真香迷糊了！23.97w?
6a44faee000000000702b415,https://sns-webpic-qc.xhscdn.com/202610010100/70affda3c33d6391567fa7630743d434/notes_pre_post/1040g3k83222ocdd17a105omq9s70vhnqfbj8dvo!nc_n_webp_mw_1,星钻黑or珍珠白❓哪个颜色才是Model Y的本命
6a1e9590000000003502869a,https://sns-webpic-qc.xhscdn.com/202610010155/01288e18b0777c3bb215c9fc434a8e8a/note_pre_post_uhdr/1040g3r8320thvbi0mu705q0at3pji3uh1efcrio!nc_n_webp_mw_1,赚翻了！🔥Model 3干到20w提走了！！
6aabcb39000000001203790c,https://ci.xiaohongshu.com/1040g2sg3257envj4k4705ptljl0398lfhkhdv6g?imageView2/2/w/1080/format/jpg,特斯拉Cybercab 震撼首发！！
69f759d6000000003700ed14,https://sns-webpic-qc.xhscdn.com/202610010110/8333a8c9a3d499eb5ae4e56fdf977c19/notes_pre_post/1040g3k031vn7u3nv3q005pg2o3iipqc6m77j4a0!nc_n_webp_mw_1,5月还等啥，Model 3👋付5w拿下
69cdfa68000000002301ebb1,https://ci.xiaohongshu.com/notes_pre_post/1040g3k031ueqtdj8ion05q484f7jdrhlmg3kjdo?imageView2/2/w/1080/format/jpg,🔥安徽置换补贴申请教程｜特斯拉蕞高省1.5w
6a0311d00000000036018e37,https://sns-webpic-qc.xhscdn.com/202610010110/f359e7fba148af47a49cf9481d722308/1040g2sg3202m3vg5iqe05pg2o3iipqc6hoegje0!nc_n_webp_mw_1,2026国补后，20.75w拿下Model 3！是谁的梦中
6aa8eb88000000001103a598,https://ci.xiaohongshu.com/notes_pre_post/1040g3k03253d3gk7326g5pqqvo4n3f9e3j9jftg?imageView2/2/w/1080/format/jpg,纠结半年，这四点让我果断定了六座Model Y L
6a157de60000000038034e6d,https://sns-webpic-qc.xhscdn.com/202610010110/1dcabfbf2cc48e7486d8e31b2507780e/1040g008320klqgrmls005pg2o3iipqc6en17rsg!nc_n_webp_mw_1,4.59w提走Model Y L 来看明细
6a23ea5b000000001702e688,https://sns-webpic-qc.xhscdn.com/202610010110/8a7af8199a47502a0afa92d0ff53c3bd/1040g0083212oh19bnu005pg2o3iipqc6gv4kfag!nc_n_webp_mw_1,刚提回来就被邻居围观是什么感觉
6a2935fe000000001503d149,https://sns-webpic-qc.xhscdn.com/202610010112/1b8211b355c7bf82fbf78f4c2abe03d1/spectrum/1040g0k03217u173e70005q3gme6ngg64fgpu8bg!nc_n_webp_mw_1,别观望了：黑标Model Y 24.27w
6a2555c5000000001503f575,https://sns-webpic-qc.xhscdn.com/202610010110/746f78a60dbe54ed88fe36677fa48e0b/1040g0083218sm5db7ol05pg2o3iipqc6c7nr12g!nc_n_webp_mw_1,什么 Model 3直接20.67w就能提车！
6a27af46000000001702c75a,https://sns-webpic-qc.xhscdn.com/202610010110/288151c4c4b19e0332059e95aac7c005/notes_pre_post/1040g3k03216e5sp2na305pg2o3iipqc6bnetadg!nc_n_webp_mw_1,珍珠白Model 3｜不靠别人 开回家那天哭了
696765a5000000000a02fe0a,https://sns-webpic-qc.xhscdn.com/202610010110/bb78d95a3caabdec1c9b49322bbaf650/notes_pre_post/1040g3k831rala86tn4105pbqbkno5mc6le7sg0g!nc_n_webp_mw_1,月薪4000拿下特斯拉Model 3！
69fdd7ad0000000022025ca3,https://sns-webpic-qc.xhscdn.com/202610010059/6993267745e4cd6321e30b81b74deeae/notes_pre_post/1040g3k031vtiojf8jq705ofnj7140igu6727118!nc_n_webp_mw_1,🐮！国补后｜Model 3落地20个➕
6975d233000000000a02ddb1,https://sns-webpic-qc.xhscdn.com/202610010110/8f1a6729531f92c470a4738da241356b/notes_pre_post/1040g3k831roo216e24805pbqbkno5mc6vgriepo!nc_n_webp_mw_1,Model 3双重补贴省出1.6万，买车时机真到了
6a9ac3f2000000002601f1fd,https://ci.xiaohongshu.com/1040g008324mqk14l7a6g5pva7bijltnqpbnk0g8?imageView2/2/w/1080/format/jpg,9月六座Model Y L，裸车价30.12w起
69a9430a000000002603c3fc,https://sns-webpic-qc.xhscdn.com/202610010110/8accaed534af86b53f50cb462e31ce47/notes_pre_post/1040g3k831tavdqk7le8g5p9dhv0ql7n8660faog!nc_n_webp_mw_1,Model 3 三月蕞优提车方案
69c26cb100000000230206dd,https://sns-webpic-qc.xhscdn.com/202610010100/319cdfcbba54c74339c5e958c146c05b/1040g00831u3hurg2hs005pgbcak1hno03lohd0o!nc_n_webp_mw_1,3月预算20个，拿下Model 3！！
6a9ab8dc0000000026033207,https://ci.xiaohongshu.com/notes_uhdr/1040g3qg324mp8t6a7k005pflcrkhhv9hv32dei8?imageView2/2/w/1080/format/jpg,"9月限时➖1w,22.65w开走Model y!"
696f0642000000000a03ff58,https://sns-webpic-qc.xhscdn.com/202610010110/9a419d30443a131661172d8ef32a5a84/1040g00831ri3mau51q005q1epf3j9frc4cifph0!nc_n_webp_mw_1,💰购车计划？特斯拉低西方案来了，🈷️供惊人！
69759f0a0000000028008604,https://sns-webpic-qc.xhscdn.com/202610010111/f0c71917a734e0373a5b53a165ff638b/notes_pre_post/1040g3k031rohs4ooig105pn301mncbpsgqijd60!nc_n_webp_mw_1,20-25w预算 | Model 3 | 2026买车作业
69a30574000000002202c968,https://ci.xiaohongshu.com/1040g00831t4sdl3dl8005pcee57oi1v4ebk2k8g?imageView2/2/w/1080/format/jpg,🔥温州特斯拉招人啦！！神仙团队等你上车🔥
6a19722d0000000008033257,https://sns-webpic-qc.xhscdn.com/202610010058/6b2c086d0575ba72b6d044f432c08197/note_pre_post_uhdr/1040g3r0320ohbioh621g5pc6hnan4ql4tpcgdeo!nc_n_webp_mw_1,2026年Model 3购车攻略，码住不亏
6a1bd933000000003601b03e,https://sns-webpic-qc.xhscdn.com/202610010102/77cf62461972b3c4a51242eda1d0e90d/note_pre_post_uhdr/1040g3r0320qsdsm8lm005pooulu7e0uutm9c45g!nc_n_webp_mw_1,济南经十东烈焰红Model Y实拍
6a9163ad000000000a00b72f,https://ci.xiaohongshu.com/1040g2sg324dll6cegse05qb87pkdtgstkbl727g?imageView2/2/w/1080/format/jpg,特斯拉Model 3 车漆实拍！你怎么选？
698308db000000001a020fa3,https://sns-webpic-qc.xhscdn.com/202610010111/9704d06de1b97e37927b1edc65e99e86/notes_pre_post/1040g3k831s5l1qvf5m7g5pn301mncbpshkb5em8!nc_n_webp_mw_1,2月｜Model Y国补后落地价
6a188231000000000702f880,https://sns-webpic-qc.xhscdn.com/202610010111/7e82ac374792807a9d1f35fb10442597/notes_pre_post/1040g3k0320nk0fu268005prmgmp62ii51vqgdo0!nc_n_webp_mw_1,辽宁宝子看这里！6月5.59w开走Model3🔥
6aaa0c1d000000000b00ced0,https://ci.xiaohongshu.com/notes_pre_post/1040g3k03255o5p20kq005n5hv3ckit7tv7b5tsg?imageView2/2/w/1080/format/jpg,26年国补后：19.47w起入Model 3！！
6a1ad2b2000000000803c1f4,https://sns-webpic-qc.xhscdn.com/202610010111/92d78df2c394b5d71a46057d8a5d8397/1040g008320ps6i4a6e005prmgmp62ii5v3sqj9o!nc_n_webp_mw_1,沈阳特斯拉｜6月新政直接抄🔥
6a1ee64b000000000702d4a6,https://sns-webpic-qc.xhscdn.com/202610010111/3b1667fe1f4dec14a5f7e21f0d6bae77/notes_pre_post/1040g3k0320trp5o77a005prmgmp62ii5vh6ojig!nc_n_webp_mw_1,沈阳每日支出70+ 轻松拿下Model 3
6a283148000000002201708b,https://sns-webpic-qc.xhscdn.com/202610010111/353977211302a6b6dbc64f1579eb92ad/1040g2sg3216u548b7ucg5prmgmp62ii5eaukod8!nc_n_webp_mw_1,👋付5w💰开走Model 3❓限时方案来啦❗️
6a4334a2000000001603c819,https://sns-webpic-qc.xhscdn.com/202610010149/8190a3d2059a6428c657bbc1a1daff2e/notes_pre_post/1040g3k83221a5luj7a7g5pqagf8733lq1q5lq3o!nc_n_webp_mw_1,8️⃣月政策更新，21.67w提Model 3
6a4927cb000000002003a712,https://sns-webpic-qc.xhscdn.com/202610010111/1dc8ff9b4da99b22ad8f3b87914b1017/notes_pre_post/1040g3k0322749u1q7al05prmgmp62ii56057dno!nc_n_webp_mw_1,辽宁黑标Model Y 7月入手！23.67w起直接开走
6aa916f70000000012025913,https://ci.xiaohongshu.com/notes_pre_post/1040g3k03254q8qd948005q3gme6ngg64vts2thg?imageView2/2/w/1080/format/jpg,白色Model Y提车，国补后：22w+
6aa916bd0000000028038a51,https://ci.xiaohongshu.com/1040g0083253o3kviis005pl0io693k6fkk6idb0?imageView2/2/w/1080/format/jpg,手付5.59w，开走六座Model Y L
6a9a947c000000002502d6ab,https://ci.xiaohongshu.com/1040g008324mkqf657k005ppuh3k7dt3vp8pn108?imageView2/2/w/1080/format/jpg,特斯拉秋天必开｜自然风模式🍂
69bfd4eb000000001b0030df,https://sns-webpic-qc.xhscdn.com/202610010112/6a5aba7f4e9d82793041b8e7a5bff2ca/spectrum/1040g34o31tui2lvh1a3g5ptljl0398lfof5fj2o!nc_n_webp_mw_1,存款8w提走Model 3，月供1.8k~
6a41e935000000000803ee5a,https://sns-webpic-qc.xhscdn.com/202610010111/e30cbc5c314a628efd82f549731eca7d/notes_pre_post/1040g3k832201snl87k005prmgmp62ii5c98e98g!nc_n_webp_mw_1,太绝了，Model 3 Performance⚡
6aa90d6e000000002802e092,https://ci.xiaohongshu.com/notes_pre_post/1040g3k83254kokke3c705oo9necjoqjva5sq9g0?imageView2/2/w/1080/format/jpg,9月购车明细📑Model Y：22.57w起
698e90730000000016008c91,https://sns-webpic-qc.xhscdn.com/202610010112/be55ede027b95faf5e5ccbe5a2b7623d/notes_pre_post/1040g3k831sgt99vk5m705oip5n48c1u0b72im18!nc_n_webp_mw_1,谁懂啊！新款黑标Model 3帅到失语
6a48593b0000000021020285,https://sns-webpic-qc.xhscdn.com/202610010111/01f9f7cb7650ee4a9970d8e53054c20b/note_pre_post_uhdr/1040g3r03226atkr8ne305prmgmp62ii5h32vm68!nc_n_webp_mw_1,7月辽宁国补后｜Model 3：19.67w
6aa90928000000002603279c,https://ci.xiaohongshu.com/1040g2sg3254oi9u03ue05puej59392c2m8nmbv0?imageView2/2/w/1080/format/jpg,特斯拉开车如何做到零剐蹭⁉️
6a60253e000000000f0133ce,https://sns-webpic-qc.xhscdn.com/202610010111/f3b827bedb3e379deedcac52799533e6/notes_pre_post/1040g3k0322tiocj27k005prmgmp62ii5210uaa0!nc_n_webp_mw_1,女生通勤座驾，怎么不能是Model 3！🚗
6aa9091c0000000028003b91,https://ci.xiaohongshu.com/notes_pre_post/1040g3k03255kbhmgk8105pbp6af85ps0ig543ig?imageView2/2/w/1080/format/jpg,2026国补后，Model Y：22W+
69ddbba9000000001a031c36,https://sns-webpic-qc.xhscdn.com/202610010102/00c06164d9d4d906723806886259834a/note_pre_post_uhdr/1040g3r031uu767qtiq305pooulu7e0uu9s7bqmo!nc_n_webp_mw_1,纯享版｜Model Y浅灰内饰夯爆了！
6a5abcab00000000130257a0,https://sns-webpic-qc.xhscdn.com/202610010111/83848c86cdd665cbdcc7bc97d3f7e6a9/notes_pre_post/1040g3k0322o9o00lg0005prmgmp62ii51g5foug!nc_n_webp_mw_1,Model 3浅色内饰氛围感太好了吧！
6a69da530000000010024342,https://sns-webpic-qc.xhscdn.com/202610010111/80700377af60020a061f3010db6ced57/notes_pre_post/1040g3k83237249j4nk705prmgmp62ii56sn1re8!nc_n_webp_mw_1,01年女生🎀解锁Model 3💅梦中情车
6a4283050000000008001995,https://sns-webpic-qc.xhscdn.com/202610010111/64b3a1005abee6eb0b06356938272e4b/notes_pre_post/1040g3k0324iq1636na005prmgmp62ii581j1b18!nc_n_webp_mw_1,辽宁Model3 9月政ce一览 落地明细来啦
69b6cd9c000000001f007f49,https://sns-webpic-qc.xhscdn.com/202610010111/4dd75333a079ca391e9e47e705288af8/notes_uhdr/1040g3qo31to6id05ne8g5puej59392c2j930g3g!nc_n_webp_mw_1,26年手握四万 开走海洋蓝Model 3🤓
69c520e80000000021006e99,https://ci.xiaohongshu.com/1040g2sg31u66ejfphm005pgbcak1hno0tcdjg70?imageView2/2/w/1080/format/jpg,90%的人都不知道！！特斯拉冷门使用技巧
6aa79796000000000b0348ca,https://ci.xiaohongshu.com/1040g0083253bar4o3i705q484f7jdrhlr6iudk0?imageView2/2/w/1080/format/jpg,特斯拉“炫酷”开机动画
6aa75698000000002601dfac,https://ci.xiaohongshu.com/1040g2sg32533giq8jue05psi5443994lp693ia0?imageView2/2/w/1080/format/jpg,特斯拉车主必看！行车记录仪完整使用攻略！
6a317bd8000000002200ad4e,https://sns-webpic-qc.xhscdn.com/202610010111/c8b85dea440324daa484672821133243/1040g008321g0a02jne005puej59392c2d9v4sig!nc_n_webp_mw_1,烈焰红Model 3 现在21W美美开走💥
69b3f3af000000001b0234c6,https://sns-webpic-qc.xhscdn.com/202610010111/c7be0280e693f8cd41cca02b8b783239/notes_pre_post/1040g3k831tldhc0h6u7g5po2d41nc3ptj2a266o!nc_n_webp_mw_1,🚗 3月山东买特斯拉全攻略！这篇建议收藏~
6a1644d80000000008002994,https://sns-webpic-qc.xhscdn.com/202610010111/dff74188a49403a0700a9025fe7f0795/notes_pre_post/1040g3k8320le3mv1m8705po2d41nc3pt72ssm3g!nc_n_webp_mw_1,20.67W拿下Model 3｜流程超清晰✨
6a9a23c50000000028002ec2,https://ci.xiaohongshu.com/notes_pre_post/1040g3k0324m722sqgs005pl0io693k6flblcnmo?imageView2/2/w/1080/format/jpg,9月国补后，黑标Model Y：23.57w起
6a2548b7000000003503254c,https://sns-webpic-qc.xhscdn.com/202610010111/e31bb9b2e380004454d4b9347dcdf410/1040g2sg3217vm9hh70eg5pue8v4jjm0c3094ho0!nc_n_webp_mw_1,Model Y L 最新方案，一分钟带你了解透彻👉
6a241d200000000036002610,https://sns-webpic-qc.xhscdn.com/202610010111/a54a214396f396d266d3d1bc4d5f4a6e/1040g2sg3212u8b45n4005pue8v4jjm0c2661ggg!nc_n_webp_mw_1,毕业提Model 3，真香还是后悔？真的合适吗🤨
6a4bb4aa000000001101ac37,https://sns-webpic-qc.xhscdn.com/202610010111/b8ca0f105f6194bf8785d7651dc12f89/1040g008322scht4fn40g5pue8v4jjm0c5uceod8!nc_n_webp_mw_1,🚨7月买特斯拉赢麻了！ Model 3 ：20.45w
695ceb4b000000000a02e44c,https://sns-webpic-qc.xhscdn.com/202610010111/6d6602c561a9b46ca90c91c00a45d1fc/notes_pre_post/1040g3k831r0dssj3n0705q3iir37946lbnjsif8!nc_n_webp_mw_1,一篇带你理清2026新年的买车思路！🚗
6a45f16b000000000803e956,https://sns-webpic-qc.xhscdn.com/202610010107/51669dcb0f0b153eb65a3c722ea5eb3f/note_pre_post_uhdr/1040g3r03223vt8pene105q1p4q7nai2cgnve9c8!nc_n_webp_mw_1,七月新政策：20.07w提走Model3
6a0c06b900000000360010c5,https://ci.xiaohongshu.com/spectrum/1040g0k03208umrl75i1g5ptljl0398lffd00bco?imageView2/2/w/1080/format/jpg,Model Y L每月3736开走...5月有点说法
69a41828000000002203a9b4,https://sns-webpic-qc.xhscdn.com/202610010111/a7ced691d222de833de1f64e96b85073/notes_pre_post/1040g3k031t5u3tmo58005q3iir37946lb56ffu8!nc_n_webp_mw_1,开了一年Model 3，有些话不得不说…
6aa24f36000000002902f35c,https://ci.xiaohongshu.com/notes_pre_post/1040g3k0324u5vnc02u2g5pqqvo4n3f9ekdvbpo8?imageView2/2/w/1080/format/jpg,当初反对特斯拉白内饰，半年后我妈抢着坐
6a09c16d0000000038036c86,https://ci.xiaohongshu.com/notes_uhdr/1040g3qg320973c9368005pvu32d3if6f1lpcdag?imageView2/2/w/1080/format/jpg,终于提车了，model s！
69bb569f000000001d01d969,https://sns-webpic-qc.xhscdn.com/202610010111/38c94ade6ae55593a66efacd3d8dbe7a/note_pre_post_uhdr/1040g3r031tsk4337mo1g5q3iir37946lu5nhle0!nc_n_webp_mw_1,3月提Model 3真香！首付2W+就能开走✨
69c8d98c000000002102d4ef,https://sns-webpic-qc.xhscdn.com/202610010112/5ae612ca13c3df8878c73d5d8fd39c66/spectrum/1040g34o31u8ia9jg2s3g5ptljl0398lf1kvc120!nc_n_webp_mw_1,Model Y干到23w+！3月提车攻略
6a44dbb7000000002201781f,https://sns-webpic-qc.xhscdn.com/202610010102/3d8a2bf541a5abfc4f2e4c7eba5adaeb/notes_pre_post/1040g3k03222ttmmvna005pp8tn7n368t024qva8!nc_n_webp_mw_1,7月来啦，来看特斯拉25w⬇️怎么拿
69d0902d000000001f003ddc,https://sns-webpic-qc.xhscdn.com/202610010112/493132397dea5b37b0f16b525d0a5d42/spectrum/1040g34o31uen0ccbj61g5ptljl0398lf0e8t3vo!nc_n_webp_mw_1,今年只花4w多，提走白色Model 3
6a9965b8000000002a024915,https://ci.xiaohongshu.com/notes_pre_post/1040g3k0324lfqjjona005pke1a2gu7nno7ahoa8?imageView2/2/w/1080/format/jpg,男生审美｜特斯拉车漆极限3选一
6aa2a0e20000000027017e25,https://ci.xiaohongshu.com/1040g008324ugarrkj6005pgiqci0uavnsd8vqso?imageView2/2/w/1080/format/jpg,二胎家庭，换六座Model Y L真实感受
69d23eef000000002103b042,https://sns-webpic-qc.xhscdn.com/202610010207/e9ddebd8a245ae9a56e2b6fe81ec568f/1040g00831uj0cirn2o005psdppsinih61ipkhk0!nc_n_webp_prv_1,特斯拉车主必看！再也不怕关门推玻璃了✨
69db0159000000001a034198,https://sns-webpic-qc.xhscdn.com/202610010112/faee7a4c807bf49cc9065c280dfa6503/spectrum/1040g34o31up17kjn1m3g5ptljl0398lfufub7b8!nc_n_webp_mw_1,特斯拉Model 3最新落地，爱了
69e7298e000000001a036a2e,https://sns-webpic-qc.xhscdn.com/202610010112/abf472d9a58667cf76405fa1ebded48f/notes_pre_post/1040g3k031v7n9m8dis7g5ptljl0398lfoac0deo!nc_n_webp_mw_1,4月还等啥，Model 3👋付5，20w+
69f2caab0000000022027168,https://ci.xiaohongshu.com/notes_pre_post/1040g3k831vipekn3ig7g5q7n8sftoq2u7u3huo8?imageView2/2/w/1080/format/jpg,简直无痛提车！Model Y：24.27W
69f580df000000003700fc13,https://sns-webpic-qc.xhscdn.com/202610010112/1ff3a3e5a3f4901483891253c0a41ba7/spectrum/1040g34o31vke7fk34c3g5ptljl0398lfvm99gcg!nc_n_webp_mw_1,5月买特斯拉Model 3，大惊喜！
6a04356f0000000008026cee,https://sns-webpic-qc.xhscdn.com/202610010059/bf2721bc382d949e54ed5cde53fea22c/1040g0083203po8vhig005ofnj7140igufdap4t8!nc_n_webp_mw_1,有野心的冲Model Y L，月供2896
6a04135c000000000803fb61,https://sns-webpic-qc.xhscdn.com/202610010112/9c022ebd0a2049c7e94e9162a8965770/notes_pre_post/1040g3k83202fe5tq3q905p9bk65qjdq1a6sar7g!nc_n_webp_mw_1,新政策来了，截止5月底，Model 3月还2193
69e0eba3000000001d01cfd3,https://sns-webpic-qc.xhscdn.com/202610010100/9c37da750796c0cd0f7a57eccd0e3ad2/note_pre_post_uhdr/1040g3r831v1avfk41m705pgbcak1hno0fds2ls8!nc_n_webp_mw_1,预算20个，不内耗的女生冲Model 3
6a3107a200000000160263a1,https://sns-webpic-qc.xhscdn.com/202610010148/a97419d895d9be9fe72354df3842cc2b/notes_uhdr/1040g3qo321fidjag7a705oo9necjoqjvf4sjb08!nc_n_webp_mw_1,6月真心动了！Model 3手付4.59w拿下✨
6aad1e5e00000000120025ed,https://ci.xiaohongshu.com/1040g0083258o5fa34a005pbp6af85ps06n5226o?imageView2/2/w/1080/format/jpg,北京9月18蕞新价🔥Model 3：19w起
6a994a850000000012036f91,https://ci.xiaohongshu.com/1040g2sg324lchsl072705pvef943i874jmns2n8?imageView2/2/w/1080/format/jpg,香麻了…西安9月Model Y：23.65w提走！
69b134120000000005032cc3,https://sns-webpic-qc.xhscdn.com/202610010059/f5c422bade19392f52668b4dd54e667e/spectrum/1040g34o31tinoigul6405n5hv3ckit7t36ds7tg!nc_n_webp_mw_1,Model Y超低落地价，速看！
69e8ec020000000021007eb8,https://ci.xiaohongshu.com/1040g2sg31vj1n5st4ce05pcee57oi1v46tjtdno?imageView2/2/w/1080/format/jpg,温州特斯拉内部推jian来啦🔥一起快乐工作
69dbb8fe0000000023015102,https://ci.xiaohongshu.com/1040g00831us8go0q2ie05pt5q9v2nkqq3gfpplg?imageView2/2/w/1080/format/jpg,Model 3月供1759，广东特斯拉超划算
6aad17bd0000000012000ce4,https://ci.xiaohongshu.com/1040g0083258na48kkc005ptg2di3jlc7005de30?imageView2/2/w/1080/format/jpg,换特斯拉才懂！秋天“自然风”一开，省电又舒服
6a1814e1000000003502369e,https://sns-webpic-qc.xhscdn.com/202610010112/eaaf3f9dc69a439e0498fb1d91588c85/spectrum/1040g0k0320n6nb1s6q005ptljl0398lfs4ohbo0!nc_n_webp_mw_1,喜提爱车！Model 3 20.75w
6a193f950000000035029bd1,https://sns-webpic-qc.xhscdn.com/202610010112/59310bbebe0f3963dde6d2a2f98bc6c6/notes_pre_post/1040g3k0320obb9vglk105ptljl0398lfrm611go!nc_n_webp_mw_1,太给力了！月 3736 开走Model Y L
6a29372c000000001c0272ae,https://sns-webpic-qc.xhscdn.com/202610010112/ee1e8398b934b71bf54202af86081ca3/spectrum/1040g34o3217u3uhvn2305ptljl0398lfiuetsb0!nc_n_webp_mw_1,Model 3丝滑提车：20.67w
6aad0b78000000000d027626,https://ci.xiaohongshu.com/spectrum/1040g0k03258ls9qc46005pqqvo4n3f9ed0jppro?imageView2/2/w/1080/format/jpg,就是这5点！让我毫不犹豫选了特斯拉
6a9fdcb8000000002a02f512,https://ci.xiaohongshu.com/notes_pre_post/1040g3k0324rpas57im005pc6hnan4ql4pabvpug?imageView2/2/w/1080/format/jpg,Model Y到底选星钻黑还是珍珠白？决赛圈了
6a33a252000000001503e55b,https://sns-webpic-qc.xhscdn.com/202610010112/37bf69d5e5b0844df5178c383c47a7c8/spectrum/1040g0k0321i3pdebn2105ptljl0398lf761bl1g!nc_n_webp_mw_1,浮力告急：20w+的Model 3谁要？
6a61a6360000000011015d85,https://sns-webpic-qc.xhscdn.com/202610010112/1f8628b826f31ac3bcc66d0a6331b281/notes_pre_post/1040g3k8322v1oepa72705ptljl0398lfdotilro!nc_n_webp_mw_1,99年女生，存款10w冲Model 3漂亮车💖
6a02ce530000000008033129,https://sns-webpic-qc.xhscdn.com/202610010112/e3ce232e42e84db97c54479f72520293/notes_pre_post/1040g3k83202du1e9l6c05q3gme6ngg64nia95sg!nc_n_webp_mw_1,补到大动脉！20.47W 提Model 3
6a193d4100000000350215da,https://sns-webpic-qc.xhscdn.com/202610010112/b56807403c5d27e47e9a6c117dae35e3/spectrum/1040g0k0320oarcrple005q3gme6ngg6408nr9bo!nc_n_webp_mw_1,Model 3实锤了❗00后女生通勤神器+1
6aacf9e3000000002700bf00,https://ci.xiaohongshu.com/1040g0083258jme1ak6005pgbcak1hno0q5ahi80?imageView2/2/w/1080/format/jpg,9月Model Y：22.57W起，真的不买吗？
6a4109340000000008003423,https://sns-webpic-qc.xhscdn.com/202610010100/a260845846d6ca715016e97e2d335f38/notes_pre_post/1040g3k8321v6774bnu705omq9s70vhnqgg1mpb0!nc_n_webp_mw_1,太夯了！！销冠Model Y新购能拿10000💰
6a730b10000000002603508a,https://ci.xiaohongshu.com/notes_pre_post/1040g3k8323fst01b7a2g5p9bk65qjdq10slii40?imageView2/2/w/1080/format/jpg,9月太值了，22.95w提黑武士Model Y
6a17e8ff000000003502f869,https://sns-webpic-qc.xhscdn.com/202610010112/3e486b908ceebe96aa54514b4efa3907/notes_pre_post/1040g3k8320n1emhrmo705q3gme6ngg64v7t5nig!nc_n_webp_mw_1,6月又猛又兴奋！Model Y 24.35w
6a1023300000000006020dc9,https://ci.xiaohongshu.com/1040g2sg320fego9a5s705ovn1ep43vb7c6gl8r0?imageView2/2/w/1080/format/jpg,为什么这么多人不撕特斯拉小窗的贴纸呢？
6a339ff40000000016024d77,https://sns-webpic-qc.xhscdn.com/202610010112/a71a9006a81b52274c9c8f8497c62c0c/spectrum/1040g0k0321i3fmao740g5q3gme6ngg642qc8d6g!nc_n_webp_mw_1,来不及了：Model 3 20.67w快上车！
6a50ea5c000000000702f244,https://sns-webpic-qc.xhscdn.com/202610010112/fb2ce123a4b366aa8ca194425baa9416/spectrum/1040g34o322emol5370405q3gme6ngg64lsdjp98!nc_n_webp_mw_1,7月入手太香了！Model Y珍珠白：24.27w
6a2e12b2000000002100a8fd,https://sns-webpic-qc.xhscdn.com/202610010101/7aad61ef51c3d82f22126040e824aa01/notes_pre_post/1040g3k8321clehht7ad05pt5q9v2nkqq5k9pbng!nc_n_webp_mw_1,毕业季冲Model 3的看过来！
6a69ce52000000000f017bc9,https://sns-webpic-qc.xhscdn.com/202610010112/c8e4a81852b1bfe172a98c4219b05273/notes_pre_post/1040g3k83236u2pf0no905p9bk65qjdq15f25f10!nc_n_webp_mw_1,预算10万左右🌸适合女生开的Model 3
6a853aa800000000250125a1,https://ci.xiaohongshu.com/1040g0083241pk2ko0a005pgiqci0uavnuh5r11g?imageView2/2/w/1080/format/jpg,男生日通勤40km，开Model 3真实感受
6a1ae7cf000000000702216a,https://sns-webpic-qc.xhscdn.com/202610010101/093791704288108290397dc1149d3822/1040g2sg320puu5gv5ss05psgt2bji7pj01sgmfg!nc_n_webp_mw_1,六月特斯拉Model 3落地价，全攻略
6a9682e500000000110317a2,https://ci.xiaohongshu.com/1040g2sg324ilbamj0af05ppuh3k7dt3v1bmivuo?imageView2/2/w/1080/format/jpg,晚上倒车看不清❓手把手教你特斯拉自动化
6a41400400000000060341ed,https://sns-webpic-qc.xhscdn.com/202610010109/47b3f3d5f59147a61f306d7d5a418cbe/notes_pre_post/1040g3k8321vd4m4k7k005q1bc8l2nh4jcibvoj0!nc_n_webp_mw_1,6月底的modelY怎么买🤗
6a745de80000000024025b7a,https://sns-webpic-qc.xhscdn.com/202610010112/8645cf31184f1f3f5be842fcea9446ee/notes_pre_post/1040g3k8323hagmao6u005q3gme6ngg64tont598!nc_n_webp_mw_1,Model 3这颜值和性能，心动中！
6aacd05d000000002b000549,https://ci.xiaohongshu.com/notes_uhdr/1040g3qg3258elhjk4q005pbnu2qmdgns6lhlk18?imageView2/2/w/1080/format/jpg,烟台龙口龙湖天街｜特斯拉Cybertruck来了🫶
69aa3065000000000e00c7ff,https://sns-webpic-qc.xhscdn.com/202610010112/65e05793777d99e83137d0bc4cce6720/notes_pre_post/1040g3k831tbsg2ivls7g5q7n8sftoq2ul987nog!nc_n_webp_mw_1,Model 3黑武士太帅了！日供60也能拿下了？
69b2765900000000060337af,https://sns-webpic-qc.xhscdn.com/202610010112/38cb87004128e576cd37688390c4384d/notes_pre_post/1040g3k031tjnr7vi7q005q7n8sftoq2u72gnkk0!nc_n_webp_mw_1,📝3月Model 3落地明细！！太爽了！
6a6b16dc0000000005031af0,https://ci.xiaohongshu.com/notes_pre_post/1040g3k032388mcia7k005ppuh3k7dt3vqojc128?imageView2/2/w/1080/format/jpg,烈焰红Model Y L❤️建议这几类人闭眼冲❗️
69bbcb30000000001a034165,https://sns-webpic-qc.xhscdn.com/202610010112/ea06c8138156aeb37ba1bf2d1c933d69/1040g00831tt0ukknmu005q7n8sftoq2uhjci4do!nc_n_webp_mw_1,沉浸式体验Model Y L！建议调大音量🔊
6a03e22a0000000006031d6f,https://sns-webpic-qc.xhscdn.com/202610010111/b7eedc03b731efcd276153e885af2be3/notes_uhdr/1040g3qg3203fj4h32q005puej59392c2qo1ftj0!nc_n_webp_mw_1,新活动！Model 3/Y 5W开走 每月2k轻松还🚀
69d3094a00000000230264b6,https://ci.xiaohongshu.com/1040g00831ujp27j6340g5q4g8mkq5f7f9okuhv0?imageView2/2/w/1080/format/jpg,特斯拉远近光3 秒切换，开车超省心！
69c658c7000000001b02006e,https://sns-webpic-qc.xhscdn.com/202610010112/455fecae7ea70c300034c5df75719610/1040g2sg31u7ccqac2ge05q7n8sftoq2u6tj8gvo!nc_n_webp_mw_1,Model 3和Model Y的区别📝（熬夜整理版）
6aabc3bc000000002a004a33,https://ci.xiaohongshu.com/note_pre_post_uhdr/1040g3r83258b7tpb50705prn95k63hllarsd4kg?imageView2/2/w/1080/format/jpg,9月，特斯拉Model Y 22.57W提走啦！
69c53761000000001f006691,https://sns-webpic-qc.xhscdn.com/202610010112/830538def6c96df4167e12518ac4d586/1040g2sg31u72la5b2ie05q7n8sftoq2ugg2cjag!nc_n_webp_mw_1,Model 3普通人最好的性能车📑
6a9814e100000000260092d5,https://ci.xiaohongshu.com/1040g008324k6kusogo005pc6hnan4ql4j43r7jo?imageView2/2/w/1080/format/jpg,听说很少有人会选红车漆的Model Y，真的吗？
6aabbc62000000001203409a,https://ci.xiaohongshu.com/1040g0083257cm66tk4105pcee57oi1v4ns7dpq0?imageView2/2/w/1080/format/jpg,温州特斯拉｜新购补补来了！
69da977d000000002202756f,https://sns-webpic-qc.xhscdn.com/202610010112/3da5f32b37e31cabe602d37805ad9238/notes_pre_post/1040g3k031ur569p52q2g5q7n8sftoq2uvt32stg!nc_n_webp_mw_1,Model 3太猛了！手付2.59w，日供82开走
6aabb11d000000002900f18b,https://ci.xiaohongshu.com/1040g2sg3257bi2ep4a705q4g8mkq5f7fm5vvsl0?imageView2/2/w/1080/format/jpg,🚗特斯拉急救包里有什么？关键时刻能救命
6a97c6e50000000011032f79,https://ci.xiaohongshu.com/notes_pre_post/1040g3k0324jt8cqonue05popndv7e4aao3ff4qo?imageView2/2/w/1080/format/jpg,9月Model Y提车这个价吗…有点说法🤔
6a3cc1420000000011004cb0,https://sns-webpic-qc.xhscdn.com/202610010121/370375ae45d95d90948bc915531df18c/1040g008321r0q5son2005pbp6af85ps0njm50eo!nc_n_webp_mw_1,📣2026国补后，黑标Model Y：23.67w
69e882a5000000001e00f9ca,https://sns-webpic-qc.xhscdn.com/202610010112/631fb225e28bb3c3ece6c77dc11fa76b/notes_pre_post/1040g3k831v95l80lii805q7n8sftoq2ua2l2ei8!nc_n_webp_mw_1,🔥Model Y：24W+提走了
6a75710a0000000005031a68,https://ci.xiaohongshu.com/1040g2sg323ic3g6j0ae04b1d8f8obkelu9bslkg?imageView2/2/w/1080/format/jpg,⚠️宁波8月新车首保&企业购新补
69e9ce86000000002301cd3b,https://sns-webpic-qc.xhscdn.com/202610010112/f111185dfd07d4afd4c998f22b75fb29/notes_pre_post/1040g3k831vk70qsk3q8g5q7n8sftoq2u66fubv0!nc_n_webp_mw_1,Model 3 日供：82🥹…真的赢麻了！！
6a15a5930000000036018102,https://sns-webpic-qc.xhscdn.com/202610010102/9c139cb943d2eb4923e10b7a29b2b50f/note_pre_post_uhdr/1040g3r8320kqlrhilm705pooulu7e0uubec5su0!nc_n_webp_mw_1,🔥Model 3太猛了！日供 82 直接提走！
69ec3d80000000001b021c8d,https://sns-webpic-qc.xhscdn.com/202610010112/5151eb07283ba9daf438a6985bce0765/notes_pre_post/1040g3k831vk70qsk3q705q7n8sftoq2upepc0i8!nc_n_webp_mw_1,Model 3手付4.59w提走！！无痛拿下！！
6a07f6220000000007026367,https://sns-webpic-qc.xhscdn.com/202610010112/9813de72a26fcfa928bf2da08da7cbec/1040g0083207eqqeels005q7n8sftoq2ul03er50!nc_n_webp_mw_1,Model 3和Model Y区别及费用一览
6a695d8f000000001d00e12b,https://sns-webpic-qc.xhscdn.com/202610010058/4037051214aaa2c316775fe4c7a016d4/notes_pre_post/1040g3k03236is4rgno005oq5d3nmbm0u1bgr3no!nc_n_webp_mw_1,油车置换特斯拉20.77w起，这篇攻略请查收！
6a1bd98d00000000070248b9,https://sns-webpic-qc.xhscdn.com/202610010112/2c652fc04b4c2b3e2a5fbcff7b1b573b/notes_pre_post/1040g3k8320qsf5qam8mg5q7n8sftoq2ubpkvj9g!nc_n_webp_mw_1,黑标Model Y：24.27w，别再观望了
6a851829000000002800896a,https://ci.xiaohongshu.com/notes_pre_post/1040g3k83241lcodd7ue05pgpdp4homabvdir7bo?imageView2/2/w/1080/format/jpg,Oh my god！🩵Model 3:手付4.59w
6a22c4b00000000006037d81,https://sns-webpic-qc.xhscdn.com/202610010112/7665661235e60025d5fb6fae7c521fa5/1040g0083211gm1mlnu005q7n8sftoq2uv7dj600!nc_n_webp_mw_1,00年女生开特斯拉Model 3一年要花费多少？
6a72de28000000003301b9f2,https://sns-webpic-qc.xhscdn.com/202610010104/6ca34b1daae6a1c4022109e800898816/note_pre_post_uhdr/1040g3r0323frrg416s005ppa09l730na5kh6cko!nc_n_webp_mw_1,00后买车优选Model 3｜落地20.75w起
6a2526460000000006030bc9,https://sns-webpic-qc.xhscdn.com/202610010112/760d42281a8df4d62476b500aa398a7e/notes_pre_post/1040g3k03213ui2js7o005q7n8sftoq2u2ku704o!nc_n_webp_mw_1,特斯拉官宣了！！Model Y L:手付4.59w提走
6aaa8697000000002802cb5a,https://ci.xiaohongshu.com/notes_pre_post/1040g3k83256754ccke704b1d8f8obkellgj0p10?imageView2/2/w/1080/format/jpg,刚出的！宁波！叠加置换报废补！
69b4174a000000002800910e,https://sns-webpic-qc.xhscdn.com/202610010112/887ed102b2fc88f32c06738c9806faed/notes_pre_post/1040g3k031tk5rqic7q005p82qsuln3tnv6ltpc8!nc_n_webp_mw_1,Model3 26年4月政策已更新
6aaa7e400000000029017146,https://ci.xiaohongshu.com/notes_uhdr/1040g3qo325664pb550705pgt3migu6q1qkho50o?imageView2/2/w/1080/format/jpg,9.16号成都Model 3蕞新落地。。19.65w拿下
69ddcf700000000023017bd6,https://ci.xiaohongshu.com/notes_pre_post/1040g3k031uu9l8dm3q3g5psi5443994ldr044p0?imageView2/2/w/1080/format/jpg,🚗【新手必看】车辆临牌申请指南，保姆级教学
6a6f26b100000000280301c6,https://sns-webpic-qc.xhscdn.com/202610010111/64a1c72cb16c411da70d37def33d2de0/note_pre_post_uhdr/1040g3r8323c7mhv9g28g5prmgmp62ii5k7bcl70!nc_n_webp_mw_1,辽宁全损理赔➕置换特斯拉💡思路超清晰
698afd59000000001d013456,https://sns-webpic-qc.xhscdn.com/202610010112/bdf4a896ad9087fb35cf2bf66c7cb808/spectrum/1040g34o31sddjf0sla205p9bk65qjdq1oal6u6g!nc_n_webp_mw_1,年轻人买Model 3，这个政策太贴心
698d4457000000001b017bb7,https://sns-webpic-qc.xhscdn.com/202610010112/5f375b14268803aea0f380b34972fbf6/spectrum/1040g34o31sfko3del6205p9bk65qjdq1v1hu448!nc_n_webp_mw_1,月薪6K，养Model 3有压力吗？
6a03f3c40000000008003efe,https://sns-webpic-qc.xhscdn.com/202610010112/064af9a2a05f103708f23867f85d413c/spectrum/1040g0k03203n5b15l4005q3gme6ngg64g6kljp8!nc_n_webp_mw_1,刚出！5月Model Y手付5w，2k+提走..
6a0c0696000000003501c89e,https://sns-webpic-qc.xhscdn.com/202610010112/e23eb5277f10b9350728e8f790c5edb1/spectrum/1040g0k0320a6ts18lc105q3gme6ngg649lvcd70!nc_n_webp_mw_1,5月又猛又兴奋！Model Y：24.27W
69a14954000000001b01c450,https://sns-webpic-qc.xhscdn.com/202610010112/15295b87fa1d4f0ee39443480f75538e/spectrum/1040g0k031t36ccil58005p9bk65qjdq1ek5ah7o!nc_n_webp_mw_1,买得起Model 3，那你养得起吗？
6aaa0550000000002600ac21,https://ci.xiaohongshu.com/notes_pre_post/1040g3k83255nbvlgkq705pt5q9v2nkqqq4svt50?imageView2/2/w/1080/format/jpg,广东的宝子看这里，22w+起带走Model Y
6a803934000000002402e81d,https://sns-webpic-qc.xhscdn.com/202610010215/b3f66c51c0693ed82d6622ea89e0eab6/1040g2sg323rr6bsi7u0g5p8aj694gthta4n547o!nc_n_webp_prv_1,又到了台州一年一度特斯拉车友会🔥
69ffe6b10000000008033150,https://sns-webpic-qc.xhscdn.com/202610010104/3dc4fe4e804efdc4daf4e00571334d2a/1040g00831vvj4jakia005pr56abm2ueneu40rv0!nc_n_webp_mw_1,我不行了🥹，白色Model 3落地21w+
69bcf860000000002301e82f,https://sns-webpic-qc.xhscdn.com/202610010112/18fc41b70f273e7081495ac7eb06efbd/spectrum/1040g0k031tu7dbaj1g005p9bk65qjdq1uukaabg!nc_n_webp_mw_1,Model Y和Model Y L区别及政策一览
6aa94a72000000002600b602,https://ci.xiaohongshu.com/notes_pre_post/1040g3k032550hv4q4e005pke1a2gu7nnbedrhao?imageView2/2/w/1080/format/jpg,00后男生，19.47w起提走Model 3
69a00ac6000000001d011201,https://sns-webpic-qc.xhscdn.com/202610010112/3b6c3e18f5c06486c0bde11e1a5f3d96/spectrum/1040g0k031t1vdckpl6005p9bk65qjdq1i5vruko!nc_n_webp_mw_1,24w入手Model Y，无门槛开销冠车
6a58aca0000000001101b83b,https://sns-webpic-qc.xhscdn.com/202610010100/aac7ed03efc0b8e6c3f38796a7623c7c/notes_pre_post/1040g3k0322m98psumu005pgbcak1hno0u1lqhf0!nc_n_webp_mw_1,02年男生，为什么 第一台车选了六座？
6aa93b4e0000000025035c31,https://ci.xiaohongshu.com/1040g2sg3254umbtj4qe05popndv7e4aamt47jl0?imageView2/2/w/1080/format/jpg,预算10w适合高智感女生的轿跑：Model 3
6aa930e90000000011035e81,https://ci.xiaohongshu.com/1040g2sg3254t9i24kee04b1d8f8obkelvnruf9o?imageView2/2/w/1080/format/jpg,⚠️宁波9月首保购新补（可叠加）
6aa924af000000002802f419,https://ci.xiaohongshu.com/notes_pre_post/1040g3k03254rsf6s50005pk51p2junhfv83speo?imageView2/2/w/1080/format/jpg,9月Model 3补补至高4w，裸车19.47w起
6aa9176c000000002503461a,https://ci.xiaohongshu.com/1040g2sg3254qa74djce04b1d8f8obkelsueaano?imageView2/2/w/1080/format/jpg,9月兴奋了！浙江22.57w起 提走Model Y
69fff409000000003803467a,https://sns-webpic-qc.xhscdn.com/202610010112/2361d9a173895ab9b19e73530322ca86/notes_pre_post/1040g3k031vvkpeqrl4705q3gme6ngg6491jtbv8!nc_n_webp_mw_1,补补后Model Y：24.07w，教你拿！
69cf61ca0000000022025994,https://sns-webpic-qc.xhscdn.com/202610010112/66c23cad48eec14fbd01cbdafc809b65/spectrum/1040g0k031ug6qh2jj6005p9bk65qjdq1m0nftdg!nc_n_webp_mw_1,zui佳入手时机，Model Y早买早享受
69e5e49b000000001b0233ca,https://sns-webpic-qc.xhscdn.com/202610010112/baab7db3884eaa2f856d7b900c83b826/notes_pre_post/1040g3k031v662thm2q005p9bk65qjdq15ptgcho!nc_n_webp_mw_1,预算25w，不内耗直接冲Model Y
69e73a40000000001a02cc92,https://sns-webpic-qc.xhscdn.com/202610010112/203a76fcd35c156aa3215c2b63bf2f76/notes_pre_post/1040g3k031v7fn5tmjq005p9bk65qjdq1ccflluo!nc_n_webp_mw_1,等不了了，Model Y L：月供2849开走
6a2bd96100000000080018d6,https://sns-webpic-qc.xhscdn.com/202610010112/30275e879a06b470c66019bc3bac233e/notes_pre_post/1040g3k032198jbr2700g5q3gme6ngg64gjud1qo!nc_n_webp_mw_1,更新了！特斯拉Model Y L六月落地政策！
6a48f366000000000f017b54,https://sns-webpic-qc.xhscdn.com/202610010121/530da760231d65e20a3462ce22571d30/notes_pre_post/1040g3k03226ttibo72005pbp6af85ps0te04pbg!nc_n_webp_mw_1,黑标Model Y 9月入手！23.67w起直接开走
69e87f77000000001f002f56,https://sns-webpic-qc.xhscdn.com/202610010112/4e5f3dad2bc4bd50eddc8e6eb7ba0def/notes_pre_post/1040g3k031v8kshfi2a005p9bk65qjdq11fr77q8!nc_n_webp_mw_1,落地做到20.67w，白色Model 3提车了
69e8797d00000000220023fd,https://sns-webpic-qc.xhscdn.com/202610010112/ad46e2164bf16bce39432cb0ffe91086/spectrum/1040g34o31v8mse7ehm0g5p9bk65qjdq1ri82hig!nc_n_webp_mw_1,5w付，无法拒绝Model 3的价格
69d0659e000000001a0379bf,https://sns-webpic-qc.xhscdn.com/202610010100/8c133ee95ed85203a7ee59eec9266861/notes_pre_post/1040g3k031uh6kiuu2i705pke1a2gu7nnebtgmqg!nc_n_webp_mw_1,合肥买车，千万别放过月供1k多的Model 3
69e9b8dc000000002003b61b,https://sns-webpic-qc.xhscdn.com/202610010112/06b983439c2f5dcf9cf3240c88285e94/notes_pre_post/1040g3k831v8ntnqdia4g5p9bk65qjdq10n0bqm0!nc_n_webp_mw_1,Model Y终于等到这个价格‼️4月权益也太香了
6a3932f200000000210083e1,https://sns-webpic-qc.xhscdn.com/202610010101/414efbcde75a7b51e08dcc596676b5e1/1040g2sg321nhbmbinoe05q19pcd3i8u5boukqig!nc_n_webp_mw_1,💰特斯拉中年买车思路，官方政策+政府补贴
6aa7bb57000000002700835d,https://ci.xiaohongshu.com/note_pre_post_uhdr/1040g3r03253fr0rpj0005q4gasga5qko71c7pig?imageView2/2/w/1080/format/jpg,9.14刚提🚗 特斯拉Modely费用明细
69ead25600000000230164e3,https://sns-webpic-qc.xhscdn.com/202610010112/714424e2ba02301123e3444b669f7622/notes_pre_post/1040g3k031va2scvb2a705p9bk65qjdq1dte59so!nc_n_webp_mw_1,Model Y落地23w+，有需要的自取
6aa6a0e6000000000d027a9b,https://ci.xiaohongshu.com/1040g0083252dbs6j3c0g5pcanr6oi8eu8vdf35g?imageView2/2/w/1080/format/jpg,特斯拉10.01发布会倒计时｜10月1日不见不散
69eb1255000000001e00e5e9,https://sns-webpic-qc.xhscdn.com/202610010112/83e1e5a96069dba06e551f33b46d7fad/notes_pre_post/1040g3k031vb2pphhiq305p9bk65qjdq1beepkg0!nc_n_webp_mw_1,2026国补，教你20.67w提走Model 3
69eb25b50000000023017cdb,https://sns-webpic-qc.xhscdn.com/202610010112/c3b844c48171bd7f753db546b080b658/notes_pre_post/1040g3k031vb2pphhiq605p9bk65qjdq16v9u058!nc_n_webp_mw_1,五一该出手了，Model 3居然干到20➕了
69eb1f990000000020013000,https://sns-webpic-qc.xhscdn.com/202610010112/09f315fdb4db5bcdbb85eb7954afe884/1040g2sg31vb2pphf2ae05p9bk65qjdq1k2bmacg!nc_n_webp_mw_1,Model Y🆚Model Y L超全对比（含费用）
69f47983000000003701e4df,https://sns-webpic-qc.xhscdn.com/202610010112/74edf3d1ebb8cad12b7cbf9624797cf2/notes_pre_post/1040g3k031vqdr29h540g5q3gme6ngg64539tm6g!nc_n_webp_mw_1,5月提Model 3：20.75w明细...（可参考）
69fed92b000000001a02cd3b,https://sns-webpic-qc.xhscdn.com/202610010112/48f6ba855fb048227e08540d6f9a41fc/notes_pre_post/1040g3k831vuhstae2a705p9bk65qjdq18ch0pf0!nc_n_webp_mw_1,黑标Model 3落地:20.75W，给你一个参考
6a057320000000000702f24c,https://sns-webpic-qc.xhscdn.com/202610010112/3dca81461ccbf5f883ae57a46f3435f9/spectrum/1040g34o3204v8dogk8505p9bk65qjdq1mg8flbo!nc_n_webp_mw_1,国补+新政，5w手付提走Model 3
6aa67cb2000000002601474d,https://ci.xiaohongshu.com/1040g2sg32528r0al3o005pqagf8733lqier4eqo?imageView2/2/w/1080/format/jpg,沉浸式体验Model YL｜建议调大音量🔊
6a0c069e0000000006020a3e,https://sns-webpic-qc.xhscdn.com/202610010112/88c7d545283417d392a5237dfefbfb0d/notes_pre_post/1040g3k8320bdnn7tlm705p9bk65qjdq1hntqbgo!nc_n_webp_mw_1,它来了，5月Model 3大惊喜
6a266a700000000021022412,https://sns-webpic-qc.xhscdn.com/202610010112/e2393bea024e770dee7e9f6a16d2f277/notes_pre_post/1040g3k832156btmm7u705p9bk65qjdq1cea8kc8!nc_n_webp_mw_1,大惊喜｜20.67w落地拿下绝美Model 3
6aa66000000000000b034989,https://ci.xiaohongshu.com/note_pre_post_uhdr/1040g3r032525ek8v3o005ovn1ep43vb7e7junbg?imageView2/2/w/1080/format/jpg,9月兴奋了，Model Y可达23.05w起
69f1adf7000000002301d7bc,https://sns-webpic-qc.xhscdn.com/202610010112/e0e76756b5c2f24e9624123ab73ff248/notes_pre_post/1040g3k031vhmel0riq005p9bk65qjdq1r2ueia0!nc_n_webp_mw_1,Model Y L月供：3985，趁还有赶快！
6a3b8361000000002100b3e7,https://sns-webpic-qc.xhscdn.com/202610010112/3512f7ad46d20ee6fe0f781a6b488ae7/notes_pre_post/1040g3k8321ppkskk7e005p9bk65qjdq1bav42o0!nc_n_webp_mw_1,6月国补后｜黑色Model Y落地24.27w
6a4e037b0000000008000bfe,https://sns-webpic-qc.xhscdn.com/202610010112/edeb6d18612913d21b45cbba5e670ad2/notes_pre_post/1040g3k0322br0ebjna005p9bk65qjdq1dgce8h8!nc_n_webp_mw_1,家用六座Model Y L｜7月最新落地来啦
69ede362000000001f000594,https://sns-webpic-qc.xhscdn.com/202610010112/9fca518ce33b06ddbeb35950f49df023/spectrum/1040g34o31ve02s9q48405ptljl0398lf2aehdog!nc_n_webp_mw_1,价格真的漂亮，珍珠白Model 3 谁要？
6a0ec0d80000000035029918,https://sns-webpic-qc.xhscdn.com/202610010148/f9b700c06ea4576d77366eab123122e2/notes_pre_post/1040g3k0320e2rr5ilf305p8h5selsevo8bs3g30!nc_n_webp_mw_1,27w内 长期用车首选Model Y
6aa524780000000029019782,https://ci.xiaohongshu.com/1040g2sg3250un09m3ue05n5hv3ckit7t4d0ssho?imageView2/2/w/1080/format/jpg,特斯拉这6个实用功能，提车必开！
6a5af1fa000000002201ae66,https://sns-webpic-qc.xhscdn.com/202610010057/f8c528714d2bcab9b2d17387a2c2e48f/notes_pre_post/1040g3k0322og7sbjms3g5q4lra7a0m1q39qmho8!nc_n_webp_mw_1,第一辆车被Model 3拿捏了😭
6a6062ce0000000010025311,https://sns-webpic-qc.xhscdn.com/202610010112/3e719a568242c2ab300e8d44559142dc/notes_pre_post/1040g3k8322shsdqj7a205p9bk65qjdq1oa1fpi0!nc_n_webp_mw_1,入手Model Y，选全款还是五年免西？
6a0a81f20000000006034334,https://sns-webpic-qc.xhscdn.com/202610010058/11c358ba9cb452348c0e9585fb7b70fc/note_pre_post_uhdr/1040g3r83209ue9j75m005pc6hnan4ql4vraslo8!nc_n_webp_mw_1,"5月，提Model Y L太香了，首付5.59w,月供3k➕"
6aa5fdca0000000029012a7c,https://ci.xiaohongshu.com/note_pre_post_uhdr/1040g3r83251pc9ud30a05q4g8mkq5f7fadov1lg?imageView2/2/w/1080/format/jpg,9月想买Model Y？教你怎么22.65w拿下
6a574e75000000001702f2b3,https://sns-webpic-qc.xhscdn.com/202610010148/3f83f55eeed3c0844441360b12882716/notes_pre_post/1040g3k8322kugt717o705oo9necjoqjv3r9ehkg!nc_n_webp_mw_1,长期主义选车 落地24.27w拿下Model Y
6a9ab3e2000000002601fdd1,https://ci.xiaohongshu.com/1040g008324molimtnu005pke1a2gu7nnu8u0hn8?imageView2/2/w/1080/format/jpg,月薪6k能养特斯拉吗❓车主真实经历分享
6a696ee0000000001b01e7a2,https://sns-webpic-qc.xhscdn.com/202610010112/43db5104f84cf4bd55f63d27efac2829/1040g0083235hts69no005p9bk65qjdq12i4595o!nc_n_webp_mw_1,油车置换Model 3，每月2193起
6a6c1342000000003301daab,https://sns-webpic-qc.xhscdn.com/202610010112/3f1aad6e87e7b0a461bd7320efd25c97/notes_pre_post/1040g3k832384q2ni7k605p9bk65qjdq1uq5i4vg!nc_n_webp_mw_1,8月抢先看，Model 3快银20.67w开走
6a2919ca0000000016024d30,https://ci.xiaohongshu.com/notes_pre_post/1040g3k83217qh46nna705oo9necjoqjvugum4oo?imageView2/2/w/1080/format/jpg,2026黑标Model 3-20.67w，方案直接给
6aa54c61000000002603010d,https://ci.xiaohongshu.com/note_pre_post_uhdr/1040g3r032513baom3o305prn95k63hllp3d68r0?imageView2/2/w/1080/format/jpg,9月提特斯拉Model3优惠4万｜入手真实底价
6a280e450000000007012cfa,https://ci.xiaohongshu.com/1040g2sg3217ga1td7ke05q484f7jdrhlh64rpb0?imageView2/2/w/1080/format/jpg,特斯拉驾驶员自动识别，再也不用手动切换
6a754d830000000035015bd0,https://sns-webpic-qc.xhscdn.com/202610010112/a030c40b95f855b42bf0e8883fd9751e/notes_pre_post/1040g3k8323hagmao6u1g5q3gme6ngg645qs81d8!nc_n_webp_mw_1,8月我兴奋了｜黑标Model 3落地20.07w起
6a7bec5d000000003501647d,https://sns-webpic-qc.xhscdn.com/202610010112/3a6c2303c1f210b22b02938765106c6e/notes_pre_post/1040g3k8323njotbt0a605p9bk65qjdq15diamfo!nc_n_webp_mw_1,8月又兴奋了｜Model Y落地：23.62w起
6a7980b60000000008011815,https://sns-webpic-qc.xhscdn.com/202610010149/c3d20347ecf0a6f0e4fd01ad7f5d2106/1040g2sg323mas8linae05pqagf8733lqlokqum0!nc_n_webp_mw_1,9月，白色Model Y，24W+开走🤍
6a7c197c0000000028008b59,https://sns-webpic-qc.xhscdn.com/202610010112/180bfb0d7ee7ccaeb24639b522e58bc2/notes_pre_post/1040g3k8323omr2k7nang5p9bk65qjdq1i227bu0!nc_n_webp_mw_1,2026国补后｜Model Y黑武士：23.52w
6a6609cc00000000130241c1,https://sns-webpic-qc.xhscdn.com/202610010104/73f3d8411aa9baef4b11f8675e939f17/notes_uhdr/1040g3qg3233aton07u005pr56abm2uen7lvdj68!nc_n_webp_mw_1,7 月终于提了特斯拉 Model3
697abf48000000002202224f,https://sns-webpic-qc.xhscdn.com/202610010112/d3d230bb3508e198e7bd8fc142aa53a0/1040g00831rthnii0is005oip5n48c1u09l97tbo!nc_n_webp_mw_1,快银低调？冰河蓝吸睛？Model Y配色实拍+金融
6aa51b1a000000000d027e9d,https://ci.xiaohongshu.com/1040g2sg3250tp0gi3c705qdine8som1dtl734so?imageView2/2/w/1080/format/jpg,毛豆Y和毛豆3官网下定已恢复原价
6968a38d000000002103c12a,https://sns-webpic-qc.xhscdn.com/202610010113/65e353da1fb055abc682f335ac1c0683/notes_pre_post/1040g3k831rbs4eapng805pug2qt396bknvt5a7g!nc_n_webp_mw_1,开走快银Model 3 月供≈加油钱
6a03ef540000000036019cc1,https://sns-webpic-qc.xhscdn.com/202610010113/9bcd82dbaac7f4d779282630c5fce4c4/notes_pre_post/1040g3k83203h2dcn2q005pug2qt396bks57q510!nc_n_webp_mw_1,👋付5万多开特斯拉？🈷供2千出头！
69e2eb99000000001b0013b6,https://sns-webpic-qc.xhscdn.com/202610010114/186aa0c8f975f6377a0083ededec973e/1040g2sg31vbheo0o2se05ntvqaig8mmin4868k8!nc_n_webp_mw_1,特斯拉三电给的底气💪🏻另附Model Y方an
6a71c1b70000000025014a4a,https://sns-webpic-qc.xhscdn.com/202610010111/2be48d9134366d4b101497233d301522/notes_pre_post/1040g3k8323ep3jidnu705prmgmp62ii5d88glh8!nc_n_webp_mw_1,换车✨特斯拉6座SUV太香了
6aa27cb20000000029011484,https://ci.xiaohongshu.com/1040g008324ubrqcb32005q3gme6ngg64plt795g?imageView2/2/w/1080/format/jpg,95年女生，沉浸式体验Model 3🎀
6a19436d000000003502b36c,https://sns-webpic-qc.xhscdn.com/202610010058/3056548985d8560774293058a994401c/spectrum/1040g34o320obl2ah5c405oq5d3nmbm0un0ijj48!nc_n_webp_mw_1,门槛更低，手付4.59w开走Model Y L
69cc6a64000000001d01d287,https://sns-webpic-qc.xhscdn.com/202610010114/01e8ecdba189e8a5824958e78347e2bf/1040g2sg31ud9pjb8j4705ntvqaig8mmi6tagoc0!nc_n_webp_mw_1,刚提！4月特斯拉福🌰你必须要知道👀
6a03f167000000003502b0cc,https://sns-webpic-qc.xhscdn.com/202610010114/7567d2b6aa8a10618a76872f7b5a99a2/note_pre_post_uhdr/1040g3r83203hdpp0is005ntvqaig8mmi5tnbal0!nc_n_webp_mw_1,👋付5万多开特斯拉？🈷供2千出头！
6a5397ef0000000017008cc3,https://sns-webpic-qc.xhscdn.com/202610010104/6be995b5d14687d4f6c3a5d8d606f916/note_pre_post_uhdr/1040g3r0322hah49ana005pukqtu3jhebkoedirg!nc_n_webp_mw_1,浙江7月特斯拉补贴保姆级攻略🔥手慢无
6a5a2392000000001b01d899,https://sns-webpic-qc.xhscdn.com/202610010114/18e382eb8cbed59677a82158b34cec9b/notes_pre_post/1040g3k0322nmraip7a3g5q15m5ehjvrlfdo20po!nc_n_webp_mw_1,Model Y怎么日供89元开走？【攻略篇】
6a44fc5a000000000f004cd1,https://sns-webpic-qc.xhscdn.com/202610010101/04e4dbff53dabfe220a7258ff18442a7/notes_pre_post/1040g3k83223200j96u705ptg2di3jlc75jt14lo!nc_n_webp_mw_1,来了！特斯拉7️⃣月政策🚗
6a009614000000000803f9a6,https://sns-webpic-qc.xhscdn.com/202610010109/468f5974dc3bad731cd2e576ce3d9278/note_pre_post_uhdr/1040g3r032008d8d4ii005q1bc8l2nh4jqc02oqo!nc_n_webp_mw_1,谁懂啊😭特斯拉海洋蓝Model 3居然只要🩷‼️
6a61c87a000000001b01c5dd,https://sns-webpic-qc.xhscdn.com/202610010059/c10b1acbd20d5d33d68d44d342a2fa4d/notes_pre_post/1040g3k0322v43sq17k305n5iq0l46tkpjp9qks0!nc_n_webp_mw_1,🚨八月购车爽之！Model Y每天89元也能开
6aa41840000000002802cc85,https://ci.xiaohongshu.com/notes_pre_post/1040g3k8324vu2f433c705pvu32d3if6fph3p118?imageView2/2/w/1080/format/jpg,终于上线✨Model Y高性能版真的帅到离谱！
6a6d7bf000000000250174bf,https://sns-webpic-qc.xhscdn.com/202610010114/37eade4fe93a2fccf3bd6a6ff6fdeb0f/notes_pre_post/1040g3k8323aj05qd7a005q15m5ehjvrl80i55ag!nc_n_webp_mw_1,8月特斯拉补贴狂飙！Model YL补24000
6a7c504a0000000033012e29,https://sns-webpic-qc.xhscdn.com/202610010114/a979439869a03eecddcf96c493ab67ac/note_pre_post_uhdr/1040g3r8323p2v1guga705q15m5ehjvrl6qgulog!nc_n_webp_mw_1,家用选 Model Y L✨｜大空间 8 月购车礼遇🔥
6a142802000000003601a482,https://sns-webpic-qc.xhscdn.com/202610010114/047afb8baea948685da398c38bd1b7ae/notes_pre_post/1040g3k0320j9vdnvls105popndv7e4aa4q73vg0!nc_n_webp_mw_1,👋付5.5💰❓开走特斯拉Model 3
6a55f526000000001602748b,https://sns-webpic-qc.xhscdn.com/202610010114/17beec0adbf817a7a9e0abe8767ee375/note_pre_post_uhdr/1040g3r0322jk9cnonke05popndv7e4aae08ais8!nc_n_webp_mw_1,4.59w拿下❓毕业党 冲
6a8aa5b2000000002902571c,https://ci.xiaohongshu.com/1040g0083245r23ec0m105qb87pkdtgstifba078?imageView2/2/w/1080/format/jpg,特斯拉后排屏幕使用指南！（超详细）
6a5ed95f000000000401e453,https://sns-webpic-qc.xhscdn.com/202610010114/f85d3ed527a6237a27a6f9ab704ddce5/note_pre_post_uhdr/1040g3r0322sa6osink005popndv7e4aaghhu398!nc_n_webp_mw_1,特斯拉Model YL到底是谁在买❓
6a607c79000000000503a54f,https://sns-webpic-qc.xhscdn.com/202610010114/c35beca666200d7c98f16ae0dd6723e4/note_pre_post_uhdr/1040g3r0322ttd6g402005popndv7e4aavtbp4f0!nc_n_webp_mw_1,00后女生喜提特斯拉❗️星钻黑Model 3💅
6a72a2f70000000008012671,https://sns-webpic-qc.xhscdn.com/202610010114/7453d6089d14343f6d0b0407057e8e7f/note_pre_post_uhdr/1040g3r8323fkh3f8nk705popndv7e4aartahdf8!nc_n_webp_mw_1,✨8月太夯了！！Model 3:20.75w
69855051000000000e03c22b,https://sns-webpic-qc.xhscdn.com/202610010114/306440b3011e171ede3a074810879aa9/1040g2sg31s7s7e6562eg5praetim3if5klllvdo!nc_n_webp_mw_1,ModelY保姆级购车攻略🔧看完买车不迷路🚥
6a460de4000000001702ecb6,https://sns-webpic-qc.xhscdn.com/202610010105/a93e71287276c96715a7a22569a61e07/1040g2sg322439u34nuf05q4j3fg82aon5d231dg!nc_n_webp_mw_1,夯爆了！00后女生，20.67w提走Model 3
6a868394000000002b02501a,https://sns-webpic-qc.xhscdn.com/202610010218/9f1a962e790bc322d64c022901ea2840/1040g2sg32431ordi7ue05pt5q9v2nkqq5evtj5o!nc_n_webp_prv_1,二胎家庭换六座Model Y L真实感受！
6aa3be200000000027008029,https://ci.xiaohongshu.com/notes_pre_post/1040g3k8324vj61dt30705pl0io693k6f9iq6pa0?imageView2/2/w/1080/format/jpg,🚀特斯拉｜全新Model Y高性能版已上线！
6a6eadb00000000032020ca0,https://ci.xiaohongshu.com/notes_pre_post/1040g3k8323bot76jn2705pgbcak1hno0tj67bs8?imageView2/2/w/1080/format/jpg,2026黑标Model Y落地价：23.87W
6a1955ac000000000803d729,https://sns-webpic-qc.xhscdn.com/202610010101/ff1a18a93a94b43b47736a49eae5d9a7/1040g008320odsarkm8705psgt2bji7pjk51nh50!nc_n_webp_mw_1,别再乱算钱！2026特斯拉真实花费全整理💰
6aa3ba6f000000002502fb09,https://ci.xiaohongshu.com/1040g008324vhgr8ojo0g5qdine8som1dssnfl68?imageView2/2/w/1080/format/jpg,提车半年，六座Model Y L把我们全家都惯坏了
6a179e7f0000000035022be9,https://sns-webpic-qc.xhscdn.com/202610010115/d24d2fb4cfd016f49d1dea067e4f5358/note_pre_post_uhdr/1040g3r0320mo9kbt5i005pp6phnn3em4sa10qu0!nc_n_webp_mw_1,20w预算，冲Model 3 5️⃣个理由！
6a33fc96000000002200a891,https://ci.xiaohongshu.com/1040g008323eeas83nk005oqsvru65469og23bl8?imageView2/2/w/1080/format/jpg,8月国补后4.59w提走黑标Y，我真等不了了！
6a16a5060000000035029df2,https://sns-webpic-qc.xhscdn.com/202610010115/2821107f37b68edc4730841f461bb578/notes_pre_post/1040g3k0320lpnsshmo005pp6phnn3em46fgn6po!nc_n_webp_mw_1,Model Y和Model Y L区别及费用一览
697c4c72000000002200883c,https://sns-webpic-qc.xhscdn.com/202610010115/f6583ebbce2d10b77b5d1bb1a44048b4/notes_pre_post/1040g3k831rv2ch75igog5pkf8c2jurli4imta50!nc_n_webp_mw_1,提车了，ModelY费用明细一览📝
69a8f072000000000d008dfe,https://sns-webpic-qc.xhscdn.com/202610010115/0bd99564b91968776d7a8c07efbb58d5/1040g00831talhgptm81g5pccvfe83jsfdmknea0!nc_n_webp_mw_1,2026特斯拉政策大起底！省3.5万不是梦！
6aa39fd3000000000d025d41,https://ci.xiaohongshu.com/notes_pre_post/1040g3k0324ufsq5ujc005psdppsinih6lputgm0?imageView2/2/w/1080/format/jpg,二胎家庭买车，9月减2.2w开走Model Y L🚗
6a0eb3b400000000060329de,https://sns-webpic-qc.xhscdn.com/202610010116/77f54263bdc0c02cd11e83cb5e8d9609/notes_pre_post/1040g3k8320e1f8b86e005ovn1ep43vb79s3lb7o!nc_n_webp_mw_1,10w 预算去看油车，结果却提了一台特斯拉
6a3c8ccd00000000210217f6,https://sns-webpic-qc.xhscdn.com/202610010116/f0dbe54933234680dae5d9bdc499cbda/notes_pre_post/1040g3k8321qqcr3v7k705ovn1ep43vb780ctu3o!nc_n_webp_mw_1,五年O息！Model 3 无压力上车攻略
6a4ef8c000000000080034fd,https://sns-webpic-qc.xhscdn.com/202610010116/54b1705ca632f323495cab5ccb2a1b83/notes_pre_post/1040g3k0322cq0unfnk005ovn1ep43vb717vvi1o!nc_n_webp_mw_1,7月又猛又兴奋！Model 3：20.07w
6a51b9f3000000002103cf79,https://sns-webpic-qc.xhscdn.com/202610010116/7564ec049de3047e64907eae77355be8/1040g008322fg5lnlne005ovn1ep43vb752hl8ro!nc_n_webp_mw_1,Model Y 还是 Model YL 家庭用户看过来👀
6a6468ad000000001f01f2d3,https://sns-webpic-qc.xhscdn.com/202610010116/46fbf15ebc6be18e3892f6deefd60ef7/1040g2sg3231o069r7ue05ovn1ep43vb7pon2c9o!nc_n_webp_mw_1,正考虑油车换电车？快领补贴
6a32a8cf000000001702fa0e,https://sns-webpic-qc.xhscdn.com/202610010103/4d3103aae427ccb4fc2729c415f01a13/notes_pre_post/1040g3k0321h4jmiv7u005pk51p2junhff9pk0gg!nc_n_webp_mw_1,别盲目订车！六月浙江Model Y补补抢先看！
6a0be1d60000000006030f69,https://sns-webpic-qc.xhscdn.com/202610010155/74b6ebca874f74491041c48822456a6f/1040g2sg320cu93uj62eg5pp4oerndu798uvgi60!nc_n_webp_mw_1,5🈷️Model 3太香了！手付3w，月付2k！
6aa38b4c000000002803248a,https://ci.xiaohongshu.com/notes_pre_post/1040g3k0324vcsj9gj63g5omq9s70vhnqbimhjro?imageView2/2/w/1080/format/jpg,终于等到了🔥Model Y高性能版正式上线！
6a78197d000000002701dab5,https://sns-webpic-qc.xhscdn.com/202610010116/c04c097f230d844eb80aed0cfdb903ab/notes_pre_post/1040g3k0323kvavno0o005ovn1ep43vb77i3luso!nc_n_webp_mw_1,不用再刷了❌2026买新能源电车看这篇就够了
6a7b04f60000000022016855,https://sns-webpic-qc.xhscdn.com/202610010104/f8edf3dfbe945f0988e207fe1c12c6a7/1040g2sg323nqi10in0e05pvef943i8743aaj9dg!nc_n_webp_mw_1,8月油车换Model Y太香了❗️23.27w提走
6aa37956000000002602195c,https://ci.xiaohongshu.com/notes_pre_post/1040g3k8324van8jqj0705q4g8mkq5f7fod8851g?imageView2/2/w/1080/format/jpg,💥Model YP全球首秀，全球销冠X性能猛兽
6a48a91300000000210144d0,https://sns-webpic-qc.xhscdn.com/202610010111/9cdafc73fa651cae46def46056750eb6/note_pre_post_uhdr/1040g3r83226kqs237k705prmgmp62ii5qu5amlo!nc_n_webp_mw_1,7月无痛提车 黑标Model Y落地价23.47w
6a71c43e000000002102181f,https://ci.xiaohongshu.com/1040g2sg323epd4upn4g05pl0io693k6f8iah308?imageView2/2/w/1080/format/jpg,9月无痛提车！Model Y：23.87W
6aa368690000000011038516,https://ci.xiaohongshu.com/notes_pre_post/1040g3k8324v8k0iqiu705p8h5selsevo1gsatn8?imageView2/2/w/1080/format/jpg,漳州的宝宝！漳州新购来啦Model 3低至21.8w
6a4089390000000011005aea,https://ci.xiaohongshu.com/1040g2sg321umsnpfn0005pvef943i8744bulvq8?imageView2/2/w/1080/format/jpg,第一台车选择特斯拉可以吗？
6a2bb9e300000000080267b2,https://sns-webpic-qc.xhscdn.com/202610010116/46940625f0c175518678c68aad0587d5/1040g2sg32194tv817keg5pp4oerndu79tp809e8!nc_n_webp_mw_1,23.87w拿下Model Y🔥
6aa367130000000026014c5c,https://ci.xiaohongshu.com/notes_pre_post/1040g3k8324v8ka8ejcl05p9bk65qjdq1pi68i3g?imageView2/2/w/1080/format/jpg,9月国补后，黑色Model Y：22.57w起
6a33dd790000000007022e68,https://sns-webpic-qc.xhscdn.com/202610010116/ff13b1d677ee97fa1564cfe3d461ce11/notes_pre_post/1040g3k8321iar3o0nk8g5pp4oerndu79fe5h31o!nc_n_webp_mw_1,2026抄底指南｜23w+喜提毛豆Y🚨
6a3f53550000000006020a0a,https://ci.xiaohongshu.com/1040g2sg321th0jtp7ee05q484f7jdrhlqcnthg8?imageView2/2/w/1080/format/jpg,停车后前备箱嗡嗡响？别慌，是车在给自己降温
6a912814000000002102c74c,https://ci.xiaohongshu.com/1040g008324de04907k005prn95k63hllpse2uk8?imageView2/2/w/1080/format/jpg,上牌教程❗️女生也可以自己安装牌照啦
6a427d300000000008033139,https://sns-webpic-qc.xhscdn.com/202610010116/cdce449cad41560d2bfccc1cd5337b92/1040g0083220jm14ene7g5pp4oerndu791h4g5s8!nc_n_webp_mw_1,Model3 7月政策一览，落地明细
6a3f2d3b0000000007022b42,https://ci.xiaohongshu.com/note_pre_post_uhdr/1040g3r8321tcfqg67a005p11pkhkiehscvhjoo0?imageView2/2/w/1080/format/jpg,✋️把✋️教你 23.67w拿下Model Y
69ff14f30000000038034b77,https://ci.xiaohongshu.com/notes_pre_post/1040g3k031vupe08g2a805pq3u677dgo2anojb6o?imageView2/2/w/1080/format/jpg,嘉兴南湖特斯拉服务中心（直营服务中心）
6a6b4053000000003301b935,https://sns-webpic-qc.xhscdn.com/202610010118/8285c1f239366157e317cabab1a2ae2e/notes_pre_post/1040g3k03238dmg2t740g5q7l1tjdoh627cglcio!nc_n_webp_mw_1,8月Model 3落地可达22.15w
6a75b0fa000000002c00244f,https://sns-webpic-qc.xhscdn.com/202610010112/0844c524c0ff3ec8bc5420654cc9b215/notes_pre_post/1040g3k8323iigoelna205p9bk65qjdq1rghni7g!nc_n_webp_mw_1,Model3：20.09w，谁能拒绝❓
6a3d1bd3000000001503e287,https://sns-webpic-qc.xhscdn.com/202610010109/2c7a5917b7f8d0c7a2d247d48fc1b454/notes_uhdr/1040g3qg321rbsdb97a004b1d8f8obkel7ofiifo!nc_n_webp_mw_1,毕业生专属福利🎓，2200无痛提走黑标Model3！
6a47499e000000000f0051b2,https://sns-webpic-qc.xhscdn.com/202610010121/da93810892743d8d7cacdd4a3fddeb2f/note_pre_post_uhdr/1040g3r832259tu91n2705q4gasga5qko4tt3f58!nc_n_webp_mw_1,7月补补拉满，月3736提走Model Y L
6a25561300000000210220a3,https://sns-webpic-qc.xhscdn.com/202610010109/aba3f8b7b7487275e8e822f9e3f80541/note_pre_post_uhdr/1040g3r032144t0tlnu205q1bc8l2nh4ja2j79t8!nc_n_webp_mw_1,算完 ModelY 这笔账让你直接心动
6a323cfe000000000803d5d9,https://sns-webpic-qc.xhscdn.com/202610010111/95170ddd22b6c05aacedb4e52c898fb9/notes_pre_post/1040g3k8321go0mi87a005prmgmp62ii56lbttuo!nc_n_webp_mw_1,❗️❗️辽宁2026国补后Model Y 23.17W起
6a6968bb000000000c01744c,https://sns-webpic-qc.xhscdn.com/202610010109/54562e440ff1301bf07effadc6866a4a/notes_pre_post/1040g3k83236k5udt7u705q1bc8l2nh4jav8dnog!nc_n_webp_mw_1,油车置换买六座Model Y L，月供3736
6a758da5000000003301a0fd,https://ci.xiaohongshu.com/1040g008323ifipcmn20g5q4gasga5qkoljs9mqg?imageView2/2/w/1080/format/jpg,空调频繁开关?只需一招教你搞定!
6a3f2b0400000000080328dd,https://sns-webpic-qc.xhscdn.com/202610010116/8d6d5b1cad328e2434ce2ec2e0e68f53/notes_pre_post/1040g3k8321tc2thbne005pp4oerndu79no81rj8!nc_n_webp_mw_1,手付5w买的Model 3，会后悔吗？
6a73f9b3000000003300bc9c,https://sns-webpic-qc.xhscdn.com/202610010109/08006d88d31d92255de3c6781aefef84/note_pre_post_uhdr/1040g3r8323gue91j7a705q1bc8l2nh4ja1f3aa0!nc_n_webp_mw_1,8月大惊喜，Model 3落地可达20.67w
6a67199d0000000010024121,https://sns-webpic-qc.xhscdn.com/202610010116/7f7e2d54ce797d50e6a4738a8a9f15ce/1040g2sg3235oebvqna705pp4oerndu79eg7510g!nc_n_webp_mw_1,油车置换Model Y落地省2W+明细🔥
6a50a7ee000000000702f822,https://sns-webpic-qc.xhscdn.com/202610010116/e777185ddedb523f7f0e2a34793e7dc7/1040g2sg322lurruig00g5pp4oerndu794s0tv60!nc_n_webp_mw_1,7🈷️Model3😭 这价格真的杀疯了
6aa286470000000011033fa7,https://ci.xiaohongshu.com/notes_uhdr/1040g3qg324ud40el3c005pqagf8733lqqso4rsg?imageView2/2/w/1080/format/jpg,🚗Model Y L 的第三排，你们平时都怎么用？
6a6e1fd70000000033008f20,https://sns-webpic-qc.xhscdn.com/202610010116/28659fab59d6f792778b0cda1e5db6f6/notes_pre_post/1040g3k8323b7ih2jga905pp4oerndu79dmv1hs0!nc_n_webp_mw_1,黑标Model 3：手付4.59w拿下
6a7045ca000000002202daff,https://sns-webpic-qc.xhscdn.com/202610010116/5b8dc37fc72a392b428fd47cadfcbfc0/notes_pre_post/1040g3k0323dag8binu2g5pp4oerndu798p1d8no!nc_n_webp_mw_1,25w级纯电SUV，告诉你要怎么选！
6a0c70850000000008031a9e,https://sns-webpic-qc.xhscdn.com/202610010101/1f5f870c1138d00e83ea51f9b7f078ae/1040g2sg320bqogh668005pt5q9v2nkqqc9nslro!nc_n_webp_mw_1,每天花70左右，拿下Model 3太香啦
6a291ecf000000003502ae43,https://ci.xiaohongshu.com/1040g0083217oslvln0005p8h5selsevod5gni00?imageView2/2/w/1080/format/jpg,刚提！8月蕞新特斯拉Model 3费用明细
6a66102b000000001f01d96a,https://sns-webpic-qc.xhscdn.com/202610010103/2ae573804b38fd3a802368c77d4eb6d0/1040g0083235v4pt4nk005oqsvru654693fiqe98!nc_n_webp_mw_1,Tesla车漆补补8000了，还可以选星空灰嘛？
6a3de9e50000000021022d5a,https://sns-webpic-qc.xhscdn.com/202610010105/18111a810b65d71743e3c05b514d2355/notes_pre_post/1040g3k8321s4buadneh05q4j4cma18te2031oto!nc_n_webp_mw_1,6️⃣🈷️Model 3只要20.07w起了嘛！
6a112e00000000000803119c,https://sns-webpic-qc.xhscdn.com/202610010058/8626b3ac8718d1b56a874ad3396d02f6/notes_uhdr/1040g3qo320gf3dqmm2705pc6hnan4ql4voqhp0g!nc_n_webp_mw_1,8月，青岛Model 3补补太香❗️落地20w+
6a8514a1000000002701d6f7,https://sns-webpic-qc.xhscdn.com/202610010116/a7183c101e881aebff474deb32c65265/1040g0083241l0ce87u005pp4oerndu79bcu8ne8!nc_n_webp_mw_1,家庭用车置换Model Y的3大理由
69f08433000000003701d1dd,https://sns-webpic-qc.xhscdn.com/202610010117/3e6e300621266fb2f0835d79a060e50e/note_pre_post_uhdr/1040g3r031vhqr7a12i005p9kj7uhgo66e39n27g!nc_n_webp_mw_1,5月Model Y长续航821km落地来了7.99w开走
69a45ef6000000001a02aa82,https://ci.xiaohongshu.com/1040g2sg31t66jqvcm2eg5q1bc8l2nh4jt0hdmlg?imageView2/2/w/1080/format/jpg,Model3提车🚗补贴完后20w不到车价
6a147a45000000000702fc7e,https://sns-webpic-qc.xhscdn.com/202610010117/6879638c176300d641734c72ed3eb27d/spectrum/1040g34o320jm550vlc105p9kj7uhgo66anladko!nc_n_webp_mw_1,Model Y后备箱｜你不知道的小技巧
6a472c84000000002201679d,https://ci.xiaohongshu.com/1040g008322550vek7a0g5pt5q9v2nkqq6ok4p20?imageView2/2/w/1080/format/jpg,9月政策更新，20.67w提Model 3
6aa21b40000000002a004134,https://ci.xiaohongshu.com/notes_pre_post/1040g3k8324u4l4jr3i705ovn1ep43vb72b59obo?imageView2/2/w/1080/format/jpg,🚗被Model YL拿捏了！这才是我理想中的电车
6a1b8c360000000035038b7c,https://ci.xiaohongshu.com/note_pre_post_uhdr/1040g3r8320qj2s51lc6g5pl0io693k6fqgd6gvo?imageView2/2/w/1080/format/jpg,Model Y 2026提走：23.97w，香惨了
6a447e390000000022009615,https://ci.xiaohongshu.com/notes_pre_post/1040g3k83222i3gr37a7g5q15m5ehjvrland6vjo?imageView2/2/w/1080/format/jpg,特斯拉9月蕞新政策出来了！
6a6ac941000000000401c94a,https://sns-webpic-qc.xhscdn.com/202610010117/ad810d68cd798c053c7d4022a927d01b/notes_pre_post/1040g3k83237v8sfj7a6g5p9kj7uhgo66igjss5o!nc_n_webp_mw_1,什么？23w+就能提Model Y了？
6aa1386c000000002603800c,https://ci.xiaohongshu.com/notes_pre_post/1040g3k8324t44ll8jc005q4j4cma18teviquaog?imageView2/2/w/1080/format/jpg,谁懂啊！冰河蓝Model Y真的被严重低估
6aa136d6000000000d0268a5,https://ci.xiaohongshu.com/1040g2sg324t3oujm3oe05popndv7e4aal1kfd50?imageView2/2/w/1080/format/jpg,真的有说法！9月Model Y提走仅这个价！
6aa1386100000000280017c0,https://ci.xiaohongshu.com/1040g2sg324t46ba6j2e05q4g8mkq5f7fnmqk2do?imageView2/2/w/1080/format/jpg,Model Y L究竟有多能“装”？一个视频告诉你
6a68828a000000000100f934,https://sns-webpic-qc.xhscdn.com/202610010117/b352a181a668dd5d002e1761118ae86d/notes_pre_post/1040g3k83235o5dk57kd05p9kj7uhgo66rgb6u28!nc_n_webp_mw_1,Model Y 23.67w！为啥男生都选它？
6a7be6cd000000002402e532,https://sns-webpic-qc.xhscdn.com/202610010117/094a7124925d54b728ea6788aded2dfd/notes_pre_post/1040g3k0323olvldl7u005p9kj7uhgo66ued2vcg!nc_n_webp_mw_1,八月Model Y👋付4.59w起
6a6c8b49000000003300b556,https://ci.xiaohongshu.com/note_pre_post_uhdr/1040g3r83239m6gr1na705pgpdp4homabr5juf9g?imageView2/2/w/1080/format/jpg,8月，Model Y黑武士：23.87w
6aa1230100000000260085dd,https://ci.xiaohongshu.com/note_pre_post_uhdr/1040g3r0324t1mpcp3o705q7n8sftoq2uisbnogo?imageView2/2/w/1080/format/jpg,刚试驾下定！Model 3：19.47w起
6aa12215000000002802da4a,https://ci.xiaohongshu.com/1040g2sg324t1j05ijc705ppuh3k7dt3v96rndqg?imageView2/2/w/1080/format/jpg,误会你了❗️原来特斯拉车机导航这么香😭
6a8a6fa9000000002800a72e,https://sns-webpic-qc.xhscdn.com/202610010117/456286ca954a47cf06daaa29a464792a/notes_uhdr/1040g3qo32472b48k7kb05p9kj7uhgo66bn7o9c0!nc_n_webp_mw_1,2026全新黑标Model Y｜23.57w起怎么拿下？🚗
6a1ea453000000003501fbb0,https://ci.xiaohongshu.com/1040g008320tjn6iqmse05pvef943i8745rsdkng?imageView2/2/w/1080/format/jpg,朋友关门经常手推玻璃？特斯拉一招化解尴尬
69ee31a30000000035033183,https://ci.xiaohongshu.com/1040g2sg31ve9pnid48705q1o0e87997n7tfh550?imageView2/2/w/1080/format/jpg,Model Y全新升级黑标，4.59w提走！！
69e2cf4f0000000022027458,https://sns-webpic-qc.xhscdn.com/202610010117/f3ebc9349466ca2099ec7950c8f8ae32/notes_pre_post/1040g3k031v35t2om3q1g5ponrvknce23kjgju4o!nc_n_webp_mw_1,4万多首付买了特斯拉，再也不羡慕别人了
6aa005960000000029018b3e,https://ci.xiaohongshu.com/1040g008324rut679ia605pva7bijltnqhg4j5ig?imageView2/2/w/1080/format/jpg,再✂1w，9月提Model Y的宝子有福了
6a9fe2fe0000000012035ee9,https://ci.xiaohongshu.com/1040g008324rnu77t1m005ptljl0398lfu24nm70?imageView2/2/w/1080/format/jpg,特斯拉玩具箱太上头啦！进来感受
6a1ced0000000000080265df,https://sns-webpic-qc.xhscdn.com/202610010117/e39716592388ac0fb636b964dee6f823/note_pre_post_uhdr/1040g3r0320ru1lnn6e005ponrvknce2320ia6qg!nc_n_webp_mw_1,黑标Model Y：24.27w，别再观望了
6a258e910000000006031697,https://sns-webpic-qc.xhscdn.com/202610010117/67b6c38738d5105bb5334be4dae589da/notes_pre_post/1040g3k03214bpg6gno005ponrvknce23o9snie0!nc_n_webp_mw_1,🎓毕业季｜Model 3才是本命车
6a17a09b000000000800232a,https://sns-webpic-qc.xhscdn.com/202610010117/36fc962545c4d3912e97f265e07f2801/note_pre_post_uhdr/1040g3r8320moeoqdls105ponrvknce23a6tbnmg!nc_n_webp_mw_1,6月买特斯拉闭眼冲🙈
6a17eba00000000006020ec6,https://sns-webpic-qc.xhscdn.com/202610010148/9b1f55fe30a09176786516d92005163b/1040g008320n1hchom2005otmu12ptaeghpt8r6o!nc_n_webp_mw_1,特斯拉Model 3 6月份优惠以及配置讲解
6a2a8456000000002003b02d,https://sns-webpic-qc.xhscdn.com/202610010104/8b0cae178fdf837d692c901d9189e753/notes_pre_post/1040g3k032196sa0c7ke05pr56abm2uen8uqapg8!nc_n_webp_mw_1,6月特斯拉Model Y值得买吗？
6a84263300000000320333be,https://ci.xiaohongshu.com/notes_pre_post/1040g3k03240nr0od0m005pl0io693k6fr3bdufg?imageView2/2/w/1080/format/jpg,2026全新黑标Model Y：23.57w
6a32655e0000000021017596,https://sns-webpic-qc.xhscdn.com/202610010058/299998eb35109882636f39462b5e7cef/1040g2sg321gt3pi47k005pc6hnan4ql4cadmv9o!nc_n_webp_mw_1,更新了！特斯拉Model Y L六月落地政策！
69f56639000000001f006caf,https://sns-webpic-qc.xhscdn.com/202610010117/53c66b900ef1a285e28ef894418b0f7c/notes_pre_post/1040g3k031vlaknheii005psnj4f3i30gsotegh8!nc_n_webp_mw_1,谁懂啊！5️⃣1️⃣提一台model 3需要🌸多少💰？
6a3b6de00000000020039899,https://sns-webpic-qc.xhscdn.com/202610010059/9bedfe4e15ca4ad69feaf4ad44b7bda4/note_pre_post_uhdr/1040g3r0321pn82pj7o005ofnj7140igukmuqn6o!nc_n_webp_mw_1,4.59w开走高颜值纯电SUV
6a33c6010000000008000152,https://sns-webpic-qc.xhscdn.com/202610010117/1838be2aefa4b2d1f3b98428fea799b4/notes_pre_post/1040g3k8321i6uajlno8g5psnj4f3i30gfgi8eio!nc_n_webp_mw_1,六月Model 3广东购车攻略｜🈷️供2193拿下！
69ac1d14000000001b016305,https://sns-webpic-qc.xhscdn.com/202610010117/a2ded5fde33293d2cd232a4571eefe4b/note_pre_post_uhdr/1040g3r831tdmmtl65sqg5pllhtnnc5fvnribpog!nc_n_webp_mw_1,月薪多少才敢冲特斯拉model3？
69b10c0b000000001b01f448,https://sns-webpic-qc.xhscdn.com/202610010117/6fb462d7459fa14144764db376aad59d/1040g2sg31tie5e9f68lg5pllhtnnc5fvu6sr9eo!nc_n_webp_mw_1,Model Y落地24.35W，真的香吗？
6a6f01c9000000002c00525e,https://ci.xiaohongshu.com/notes_pre_post/1040g3k8323c363rrn4l05ptg2di3jlc76tn8pt8?imageView2/2/w/1080/format/jpg,20.27w提车！！Model 3太香了
69a95462000000001503bc24,https://sns-webpic-qc.xhscdn.com/202610010117/2a12aadfa01fe6b9190941e606671c08/1040g00831tb0phu35s4g5pllhtnnc5fv1ofm7lg!nc_n_webp_mw_1,🚗特斯拉Model Y落地24.35W？真香警告！
6a0d44160000000007029657,https://sns-webpic-qc.xhscdn.com/202610010101/07094b8b62f6c25b306bb8e0e82038d5/note_pre_post_uhdr/1040g3r8320ckkdlels705psgt2bji7pjce2vmqo!nc_n_webp_mw_1,坐标重庆Model Y，24W轻松拿下✨
69d9ab98000000001a028198,https://sns-webpic-qc.xhscdn.com/202610010117/18b75df3c347d95e883d76a50b731297/note_pre_post_uhdr/1040g3r831uq8asjk2qdg5pllhtnnc5fvruttmq8!nc_n_webp_mw_1,4月疯了！白色Model3落地20.27w+😭
6a2d5bd7000000000803f52f,https://sns-webpic-qc.xhscdn.com/202610010103/d9ed3fa89eaa59214c2532cf509b7e7b/1040g008321bveabi7a005pq97cdndp17hvfts88!nc_n_webp_mw_1,工作一年就拿下Model Y！其实很轻松
6a256bc40000000008026d47,https://sns-webpic-qc.xhscdn.com/202610010142/3a86671d401d0a057c9ee056fe8596b9/notes_uhdr/1040g3qg32147koh4ne005pt5q9v2nkqqouggkg8!nc_n_webp_mw_1,通勤买了Model 3，现在越开越喜欢！
6a2d3849000000000603033a,https://sns-webpic-qc.xhscdn.com/202610010117/b6202de3fc15d86e00a19db6ab591829/notes_pre_post/1040g3k0321bqq0fpno0g5psnj4f3i30gbkd199g!nc_n_webp_mw_1,珍珠白Model 3和🆚Model Y纠结怎么选？
69f1e4130000000036031103,https://sns-webpic-qc.xhscdn.com/202610010117/ac0db836a41a5657b61cc8d44ffd21ec/notes_pre_post/1040g3k031vhsn0hg2i105pllhtnnc5fv3juclfg!nc_n_webp_mw_1,替大家试过了，5月特斯拉model3真香🔥
6a7e8939000000002500e55c,https://ci.xiaohongshu.com/notes_pre_post/1040g3k0323q7ddkgga305pc6hnan4ql4ol0dnm0?imageView2/2/w/1080/format/jpg,听说极少数人会选红车漆的Model Y
6a202365000000003703721a,https://sns-webpic-qc.xhscdn.com/202610010117/457a37fee25b5810baabaa4add6206d1/notes_uhdr/1040g3qg320v2i03i7u005pllhtnnc5fvpequ4hg!nc_n_webp_mw_1,毕业第1️⃣台车｜特斯拉购车方案不要太友好🥳
6a2b5bae000000002200889d,https://ci.xiaohongshu.com/notes_pre_post/1040g3k8321a15ol57o705q484f7jdrhl730be5g?imageView2/2/w/1080/format/jpg,快！2026肥东第3⃣️轮购车补补申请来了！
68cf5acf0000000012016a45,https://ci.xiaohongshu.com/1040g2sg31mm6113q52e05pl0io693k6fq4ra8n0?imageView2/2/w/1080/format/jpg,哪里能买到不到24W的Model Y？就杭州！
6a0595650000000007029a5a,https://sns-webpic-qc.xhscdn.com/202610010117/2c2bc9a580f0809fc92b88870f77d4e2/notes_pre_post/1040g3k032054h7k1ia105pgiqci0uavnpfdb0n8!nc_n_webp_mw_1,👋付5万多开特斯拉？🈷️供2千+，还有补贴！
69e229990000000023020a5f,https://ci.xiaohongshu.com/notes_pre_post/1040g3k031v2hqlgl2s105ptljl0398lfgb0ctng?imageView2/2/w/1080/format/jpg,Model Y L提车最新落地，给大家一个参考
6a35444a00000000060321fc,https://sns-webpic-qc.xhscdn.com/202610010117/971d8f46ef95174e2906eeb18fafbed8/note_pre_post_uhdr/1040g3r0321jmp3lh7o105pgiqci0uavnvnqu7bo!nc_n_webp_mw_1,特斯拉Model Y：24.27w，别再观望了
6a3beb9b000000002003b77f,https://sns-webpic-qc.xhscdn.com/202610010117/fb9a246fb55891d5344a385d26fd7fa0/notes_pre_post/1040g3k0321q6mvq57o2g5pgiqci0uavn858crmg!nc_n_webp_mw_1,爽了！4.59w手付提走Model 3
6a58c6d90000000004028280,https://sns-webpic-qc.xhscdn.com/202610010117/2e68506496c2cfd557b4bd15c8c87d1b/1040g2sg322n53g7cg0e05p9kj7uhgo66aaf0p18!nc_n_webp_mw_1,爽了！每天80块拿下Model 3
6a2c168a0000000021021b44,https://sns-webpic-qc.xhscdn.com/202610010117/9720a05b5e987ad97696b07ffa170e66/1040g008321and4le7o005psnj4f3i30gkacg8s0!nc_n_webp_mw_1,TESLA 烈焰红Model Y不会只有我一个喜欢吧？
6a2bcd61000000003501e076,https://sns-webpic-qc.xhscdn.com/202610010105/745cdf324f1158c05104aa2b198243f5/notes_pre_post/1040g3k8321aevms7ms105pvef943i874fd9kd9o!nc_n_webp_mw_1,家庭用车 | 6月Model Y L 入手什么价？
6a19a013000000000702d667,https://ci.xiaohongshu.com/notes_uhdr/1040g3qo320on11ltls0g5pgt3migu6q1b7111mo?imageView2/2/w/1080/format/jpg,特斯拉哨兵模式，真的被低估了🤩
6a6356d4000000000f005b10,https://ci.xiaohongshu.com/1040g0083230mi6b470005pbp6af85ps0dau19l0?imageView2/2/w/1080/format/jpg,2026国补后，Model Y:24.02w！！
6a9d88e30000000011034816,https://ci.xiaohongshu.com/1040g2sg324ph1js97ae05pk51p2junhfkvs6vpg?imageView2/2/w/1080/format/jpg,9月黑标Model Y，浙江落地价23.65w
6a4924fc0000000022014b37,https://sns-webpic-qc.xhscdn.com/202610010117/ce38af8d10d7c61b8767791dd0e5f394/1040g00832273nkvf7u005pgiqci0uavn5a38lc0!nc_n_webp_mw_1,7月国补后Model Y：23.97W起
6a602ea9000000001d023823,https://sns-webpic-qc.xhscdn.com/202610010117/a87b7f025dd8fb85cd6dce4a5eb561e2/notes_pre_post/1040g3k0322tjt6pt7k005pgiqci0uavnvk7rcqg!nc_n_webp_mw_1,上海宝子必看！Model 3 置换补930结束！
6a90050d0000000005029eb0,https://ci.xiaohongshu.com/notes_pre_post/1040g3k0324can2hfga4g5pp4oerndu79994dq2g?imageView2/2/w/1080/format/jpg,纠结疯了🔥黑白双煞谁更胜一筹？
6a2b75310000000022008ef1,https://sns-webpic-qc.xhscdn.com/202610010112/df38c65e3437b422628ef8d628af6c80/notes_pre_post/1040g3k8321a3m8tqnu705p9bk65qjdq1qim8gj8!nc_n_webp_mw_1,2026黑标Model 3｜落地20.67w提走
6a9d6757000000002b002f6a,https://ci.xiaohongshu.com/1040g008324pd1taigo705pbnu2qmdgnsrh0fjm8?imageView2/2/w/1080/format/jpg,Cybercab 来了🫶
6a9d53bb000000002b002ecc,https://ci.xiaohongshu.com/1040g008324pah3b6na005prn95k63hll51ioc3g?imageView2/2/w/1080/format/jpg,特斯拉这种情况还能买吗？
69a95bab000000001a02a105,https://sns-webpic-qc.xhscdn.com/202610010118/c07e38676ee81aefe2d45571e29a8598/notes_pre_post/1040g3k031tb27kuplk505ogn9lfocrvgf5krnq8!nc_n_webp_mw_1,特斯拉3月福🌰来啦！！7年低西超划算！
6a61dac3000000001101c362,https://ci.xiaohongshu.com/notes_pre_post/1040g3k0322v846gun2005qb87pkdtgstugh3lkg?imageView2/2/w/1080/format/jpg,银色Model Y真绝了！！（24.35W拿下）
6a1042240000000008003ae8,https://sns-webpic-qc.xhscdn.com/202610010115/6e43a7fc8345c06f2585539b1f467a6e/spectrum/1040g0k0320fhlsgc5k105pp6phnn3em45oo9q0o!nc_n_webp_mw_1,20.67w提走Model 3📝清清楚楚
6a603f75000000000e037653,https://sns-webpic-qc.xhscdn.com/202610010058/5d565e75f58d9fcbc7129d657cd4f71b/1040g008322tlvmk5nk005pc6hnan4ql4tmi8cm0!nc_n_webp_mw_1,ip青岛！Model Y L:月供3736，无痛提车！！
6a532229000000001101dd76,https://sns-webpic-qc.xhscdn.com/202610010155/2a4e615ec3878b061a2f5e2cd2210966/notes_pre_post/1040g3k8322grvggn6s105q0at3pji3uhuk7h04g!nc_n_webp_mw_1,23.87w拿下全球🌍销量☝️【简单的长期主义】
69f0a5930000000023016e2c,https://sns-webpic-qc.xhscdn.com/202610010118/7c975359aad43fdb70052bfd415037ba/1040g2sg31vhdhkj5ig905p11pkhkiehs28g53pg!nc_n_webp_mw_1,特斯拉Model 3，值得吗？
6a97d0fa0000000029019192,https://ci.xiaohongshu.com/note_pre_post_uhdr/1040g3r8324jufgcl0o705prmgmp62ii5qkmr890?imageView2/2/w/1080/format/jpg,9月又猛又兴奋！辽宁Model 3：20.75w
6a24f7850000000036003345,https://ci.xiaohongshu.com/note_pre_post_uhdr/1040g3r03213p8om972205pqqvo4n3f9ebsgns08?imageView2/2/w/1080/format/jpg,9月入手Model Y L，全新落地价参考
6a277fd700000000220140fa,https://sns-webpic-qc.xhscdn.com/202610010118/0391cdd2a18643ef0d17203f2f94c8fb/notes_pre_post/1040g3k832163t99pno705p11pkhkiehsli7uppg!nc_n_webp_mw_1,存款5w我提了特斯拉Model 3！！
6a51c18e0000000021020b2d,https://sns-webpic-qc.xhscdn.com/202610010111/dda19213b4531db177f43332f66a11d1/note_pre_post_uhdr/1040g3r0322fh3qnhnk005puej59392c2f4n45f8!nc_n_webp_mw_1,“2026国补”后，Model Y23.67w起🔥
6a28d6a500000000060351eb,https://sns-webpic-qc.xhscdn.com/202610010118/5f68a4c965338fe4049ed73094cb8aaf/notes_pre_post/1040g3k83217idgmvnu705p11pkhkiehs7bce3p0!nc_n_webp_mw_1,保姆级攻略，Model Y省下3w+💰
6a759d440000000005023bde,https://sns-webpic-qc.xhscdn.com/202610010100/e508cf3e9d9cc54da6db5122ea63091a/notes_uhdr/1040g3qo323ihm23u0a005pgt3migu6q1naods4o!nc_n_webp_mw_1,速进！Model Y L 低至31.1w落地😨
6a76fac000000000220114e2,https://sns-webpic-qc.xhscdn.com/202610010101/95736eedd87dc2818d9ecc9021fd6822/1040g2sg323js9aj30me05ptg2di3jlc7s6a88tg!nc_n_webp_mw_1,浙江买特斯拉！叠加补补！！！
6a22863c0000000008000fc8,https://sns-webpic-qc.xhscdn.com/202610010118/d2e15aa3bb81235b8986412e7894922a/1040g2sg321992k48noe05q6q3faob6db95qkp8o!nc_n_webp_mw_1,谁懂啊！Model 3 海洋蓝实车美到犯规💙
6a5f3da70000000009035cde,https://sns-webpic-qc.xhscdn.com/202610010118/578f54365add5c3234bab0ac646b09ee/1040g008322smgjg07u005p11pkhkiehsl63uflo!nc_n_webp_mw_1,高颜值SUV，10w预算拿下Model Y
6a51d8330000000008033634,https://ci.xiaohongshu.com/1040g008322fef9q87k005q15m5ehjvrlhigkobg?imageView2/2/w/1080/format/jpg,特斯拉新车上牌不用再去车管所了啦！
6a4121650000000007011b91,https://sns-webpic-qc.xhscdn.com/202610010103/0ba5746b01137e8581a8cdae30f22fa2/1040g2sg321v9h1tanekg5oqsvru654694usr7v8!nc_n_webp_mw_1,🎀00后女生存5w提Model 3成功上岸！
6a8bdc490000000014028d06,https://ci.xiaohongshu.com/notes_pre_post/1040g3k032488rludnk005pc6hnan4ql45daqvao?imageView2/2/w/1080/format/jpg,2026全新黑标Model Y：23.57w
6a0efcd30000000006033b07,https://sns-webpic-qc.xhscdn.com/202610010100/13035802899cded834ebc8063db98a0e/note_pre_post_uhdr/1040g3r8320eaj65r6e705pke1a2gu7nntlci61g!nc_n_webp_mw_1,极简主义爱车：20w+提走Model 3
6a50ddc70000000021017c96,https://sns-webpic-qc.xhscdn.com/202610010058/a736adbd7427b2ed7def9d93e16f80c0/notes_pre_post/1040g3k8322el8qmh7u705oq5d3nmbm0ug9n36po!nc_n_webp_mw_1,更新了：Model Y国补后落地价
6a1fbab30000000022024fd6,https://sns-webpic-qc.xhscdn.com/202610010118/24ea53ad2310fd2ad832c5297ef23d56/spectrum/1040g34o320ul4mb0n24g5p11pkhkiehs2ln708g!nc_n_webp_mw_1,🚨20.75w 提 Model3！6 月蕞新补贴手慢无
6a3cf3980000000021008f59,https://sns-webpic-qc.xhscdn.com/202610010058/4a5150003120179fa274ce874b838aa5/notes_pre_post/1040g3k0321r6d6q67k405oq5d3nmbm0unscj6eg!nc_n_webp_mw_1,还有机会：Model 3手付4.59w
6a28f564000000002103eaf1,https://sns-webpic-qc.xhscdn.com/202610010118/a1d23762fe31365efe31820c04446848/notes_pre_post/1040g3k83217heo9uneeg5oep4beodb6laqofh5o!nc_n_webp_mw_1,为什么我放弃Model 3，选择了ModelY 🤔
6a508a8c000000000702babf,https://sns-webpic-qc.xhscdn.com/202610010112/919a9acd3d9b3ee2bc07d11cbf358889/notes_pre_post/1040g3k8322e68fbsna405p9bk65qjdq1jd9q2m0!nc_n_webp_mw_1,落地24.27｜黑色Model Y谁能拒绝❓
6a507dc600000000210157cc,https://ci.xiaohongshu.com/1040g2sg322e9jclb7ae05q15m5ehjvrl0h321kg?imageView2/2/w/1080/format/jpg,特斯拉置换补贴申请
69aab5f1000000001a02d2c6,https://sns-webpic-qc.xhscdn.com/202610010118/30e3d3e440ea9c94b1f1448af887e4c4/1040g2sg31tccueov5m005q1i13ij9ei7lq7l3s0!nc_n_webp_mw_1,谁还没被Model3海洋蓝美到啊😭
6a74538a0000000027023fd0,https://sns-webpic-qc.xhscdn.com/202610010118/db856c78ef48677bfc3826f712365faf/notes_uhdr/1040g3qo323h9e2dumu705q7l1tjdoh62qctfqfg!nc_n_webp_mw_1,8🈷️model 3 ，价格「20.75w」！！！
6a505d6c000000002103f05e,https://sns-webpic-qc.xhscdn.com/202610010100/f2a3f48c511cb0cf13a203c9bbbfc6c2/note_pre_post_uhdr/1040g3r8322e5jdq17u9g5neh3n9090qbgcb3jm0!nc_n_webp_mw_1,Model Y：24.27w起，赶紧码住！！
6a1ffce3000000002003af3b,https://sns-webpic-qc.xhscdn.com/202610010118/1dcac8209af2e864089c3517f2b86c55/1040g2sg320vpb0c27k705q6q3faob6db76aagc8!nc_n_webp_mw_1,毕业选车🚗20.47w+搞定model 3不亏
6a8f16f30000000029036056,https://ci.xiaohongshu.com/notes_pre_post/1040g3k8324bdo2u2nu705pvnrso3iacvepp6ovo?imageView2/2/w/1080/format/jpg,提车第14天，彻底明白了什么叫“真香定律”🚗
6a4b5664000000002103c790,https://sns-webpic-qc.xhscdn.com/202610010118/cca08c8d8621b77e10823cf55ebeaa9c/1040g2sg322ac2tv1noe05q6q3faob6db2a5fp5o!nc_n_webp_mw_1,Model Y L 官方政ce解读/六座车决赛
6a51016e00000000080305bc,https://sns-webpic-qc.xhscdn.com/202610010118/43fa3ad0f4aff0d7a43dfd295ddc800f/notes_pre_post/1040g3k0322flabekno005q6q3faob6dbk5khmcg!nc_n_webp_mw_1,7️⃣月如何24.27w开走Model Y❓
6a59cfcb0000000006010d12,https://sns-webpic-qc.xhscdn.com/202610010118/f6eface183a4389fb00e07fa587b1b45/1040g008322nch9j47u005q6q3faob6db7ergif0!nc_n_webp_mw_1,8月真香｜4.59w拿下Model Y谁懂啊😭
6a4f906b000000001702ce7c,https://sns-webpic-qc.xhscdn.com/202610010110/2a987a00a4e883ca57bda52615a518c6/1040g2sg322l6kj847ae05pg2o3iipqc6nh2utq8!nc_n_webp_mw_1,7月入手白色Model Y｜24w+直接提走
6a75b1c400000000330363b6,https://sns-webpic-qc.xhscdn.com/202610010116/77aa124002a192e714b4566f349845f7/1040g008323ik5m0u02005ovn1ep43vb7hmsnul8!nc_n_webp_mw_1,月薪6k也能养Model Y？真实花费公开👀
6a3b6a5b000000000f01ce6e,https://sns-webpic-qc.xhscdn.com/202610010148/0b9f374fde9364b07ade4d9b03ee8e03/1040g008321pm0unr70205p8h5selsevoak70420!nc_n_webp_mw_1,8月购车明细📑Model 3：20.75w起
6a7303a700000000320230db,https://sns-webpic-qc.xhscdn.com/202610010149/8a6bfc6ee3098cce4d0b935989d7f84c/notes_pre_post/1040g3k0323g032p6n2005pqqvo4n3f9e6ajbiko!nc_n_webp_mw_1,去年还是油车党 今年被Model 3珍珠白拿捏了
69a93d48000000001b015abb,https://sns-webpic-qc.xhscdn.com/202610010119/e1b542e7d8dbdb9dacb73ebacc06fd9d/1040g00831trnsjb57e005niohdk094fb1hauej8!nc_n_webp_mw_1,这波直接被特斯拉击穿！！！💥
6a4f2dda0000000016027002,https://sns-webpic-qc.xhscdn.com/202610010148/97f5578300665e474bf55cb002ee09ba/notes_uhdr/1040g3qo322d0isua7o705oo9necjoqjv1a58qa0!nc_n_webp_mw_1,赚了！4.59w提走特斯拉六座 | 明细一览
6a4e519a0000000011017470,https://sns-webpic-qc.xhscdn.com/202610010104/036069063959fb00d33d27538e8ba57b/1040g008322c5l77gmu005ppa09l730na4advteo!nc_n_webp_mw_1,有主见的女生买车，7月请冲Model 3！！
69ba78e40000000022002c6d,https://sns-webpic-qc.xhscdn.com/202610010119/a6b00bd949b5d60c162b5e9d52f69f76/1040g00831trnsjb57e105niohdk094fbo7qftn8!nc_n_webp_mw_1,油价飞了，毛豆Y只要24个了！
69e873440000000023022df9,https://sns-webpic-qc.xhscdn.com/202610010119/4a5fe7c1f2ff5c499dd84f3ab7fe51db/spectrum/1040g0k031v8ma2eg3m005q80ibadoqn8kdn2f9o!nc_n_webp_mw_1,马斯克保持十年来初心不变。
6a29516800000000210156f6,https://sns-webpic-qc.xhscdn.com/202610010100/72d6cb18262464e8f69cadc5b09e6116/1040g00832180gvlq7a005omq9s70vhnqiovh0bg!nc_n_webp_mw_1,6🈷️Model Y真的香迷糊了💰置换能拿22000❗️
6a6b1b2d000000002701f890,https://sns-webpic-qc.xhscdn.com/202610010112/3792e66fe67b0ec27a1812450650b5e7/notes_pre_post/1040g3k832384q2ni7k205p9bk65qjdq1nnillgo!nc_n_webp_mw_1,2026国补后｜Model Y提车24.27w起
69fdf68d000000001f003b8b,https://sns-webpic-qc.xhscdn.com/202610010120/9c0cb7d2f088403c699fd8598c98d268/note_pre_post_uhdr/1040g3r831vtmhukeii705qd98suskg7gpd676c8!nc_n_webp_mw_1,月入6k打工人｜真实养Model3开销❗不装不吹
6a072bbe0000000007021457,https://sns-webpic-qc.xhscdn.com/202610010120/708ecd0ec4faa7d918e9784870806c12/1040g0083207gkjig6e005qd98suskg7gn2qfklo!nc_n_webp_mw_1,不腿销，只帮你选对🚗
6a4cfb130000000020039165,https://ci.xiaohongshu.com/note_pre_post_uhdr/1040g3r0322arql6j7o005q1p4q7nai2c1a46b78?imageView2/2/w/1080/format/jpg,温州Model Y提走只要24w
6a34ec1f000000002103e4d9,https://sns-webpic-qc.xhscdn.com/202610010059/d5db5b21c70198f7bf8d150bca8fc828/notes_pre_post/1040g3k0321jbr09ana405p88agvkgg8424lm6m8!nc_n_webp_mw_1,98年男生开特斯拉Model 3💰算完账沉默了
6a30dc94000000001700a1cc,https://sns-webpic-qc.xhscdn.com/202610010120/0cb4f5f2788734eb1ca1461993213be6/1040g2sg321fcsgdp7ue05pq3u677dgo2jqau97g!nc_n_webp_mw_1,毕业喜提特斯拉｜5️⃣.5️⃣9️⃣w拥有💰开上路⚡
6a21308e0000000006030409,https://sns-webpic-qc.xhscdn.com/202610010118/bbe2a7c6166bd3fa7c836e69085fc727/note_pre_post_uhdr/1040g3r8321035bjanu9g5oep4beodb6lmsktato!nc_n_webp_mw_1,6️⃣月政ce 🚗 喜提Model 3 20.75w
6a4ca6030000000021021e08,https://sns-webpic-qc.xhscdn.com/202610010118/a824c7dc932439f6f16f543382f13533/1040g2sg322ah6po7nla05q6q3faob6db32ngte0!nc_n_webp_mw_1,8️⃣月入手Model Y L嘬新落地价参考
6a4c8bec000000002101667c,https://sns-webpic-qc.xhscdn.com/202610010116/19232b94f9c8267e3583caebb7ed4ba0/notes_pre_post/1040g3k0322ae6c3i7k005ovn1ep43vb7np9uf9o!nc_n_webp_mw_1,Model YL： 月供3736 有娃家庭闭眼入🚗
6a1e5f710000000036018c49,https://sns-webpic-qc.xhscdn.com/202610010148/8ad8549c6a9f1d02867e07169bd6c72b/notes_pre_post/1040g3k8320tb85kb7u705oo9necjoqjv5ka260g!nc_n_webp_mw_1,6月适合入手特斯拉吗？
6a7c1de70000000022011b61,https://ci.xiaohongshu.com/1040g008323osr2oa70005q4g8mkq5f7f5cppu5o?imageView2/2/w/1080/format/jpg,特斯拉新车主必看！语音换挡提醒🔔
6a6c41ea0000000032030de0,https://sns-webpic-qc.xhscdn.com/202610010104/d72e11b893878296c46152316151ce90/1040g2sg3239d5vt2n0fg5ppa09l730na95k9ljo!nc_n_webp_mw_1,👋付4.59w拿下销🏆车型Model Y
6a69c86e000000001002b717,https://ci.xiaohongshu.com/notes_pre_post/1040g3k0324k12f5pnk005pp4oerndu79kssje98?imageView2/2/w/1080/format/jpg,ModelY 9🈷️政策居然这样（内部抢先看）
6a8428500000000032033e0e,https://ci.xiaohongshu.com/notes_pre_post/1040g3k03240o3rfd70005pgbcak1hno0gl77rbg?imageView2/2/w/1080/format/jpg,8月，Model Y：23.57w，香惨了
6a62dac900000000010305d8,https://sns-webpic-qc.xhscdn.com/202610010114/9e69c88438e3dfeb38b702e9e20697f9/notes_pre_post/1040g3k032307ce447u005popndv7e4aauc6c7l0!nc_n_webp_mw_1,江苏油车置换Model Y怎么蕞划算？攻略来啦！
6a92651400000000290287db,https://ci.xiaohongshu.com/notes_pre_post/1040g3k0324el1svo0a005ovn1ep43vb7145t9no?imageView2/2/w/1080/format/jpg,今日海口天气：Model 3珍珠白☁️
6a1d4a2c00000000360189aa,https://sns-webpic-qc.xhscdn.com/202610010120/b3e1e9bc34cce64c79416a9f6f983534/notes_pre_post/1040g3k8320s8psqa7ug05pq3u677dgo2qdr78s0!nc_n_webp_mw_1,六月的Model3还不心动？！2O.67w拥有开走💗
6a50509b0000000022016940,https://sns-webpic-qc.xhscdn.com/202610010118/870725a47b5e816c8cec7fd1580392dc/notes_pre_post/1040g3k0322e415atnu705p11pkhkiehs6jmv5u8!nc_n_webp_mw_1,预算20w+，7月直接冲Model Y
6a5089b70000000021022745,https://sns-webpic-qc.xhscdn.com/202610010111/ff0da81cd8b579dc4a9bf817f9f24c77/note_pre_post_uhdr/1040g3r8322eau65bnk705prmgmp62ii56sv6u7g!nc_n_webp_mw_1,Model Y珍珠白😎23w+🌈7月长春提！
6a969e15000000000b036bad,https://ci.xiaohongshu.com/notes_pre_post/1040g3k0324iopmqk0o2g5pp4oerndu79fkftcl8?imageView2/2/w/1080/format/jpg,95后新婚夫妻，7.99w手付冲Model Y
6a436f8d0000000021018ca1,https://sns-webpic-qc.xhscdn.com/202610010112/0ebff9a04fe853e416506c3ed00b6571/notes_pre_post/1040g3k03221h55l0nu005p9bk65qjdq1vege8hg!nc_n_webp_mw_1,颜控女生进｜黑标Model 3最新落地
6a967859000000000b0372d3,https://ci.xiaohongshu.com/notes_uhdr/1040g3qg324ikdt257a005prn95k63hll55jb4po?imageView2/2/w/1080/format/jpg,特斯拉Model3｜落地价格19.47W 🌸女生开真香
6a96331e00000000110388f3,https://ci.xiaohongshu.com/notes_pre_post/1040g3k8324hgklpv6u705pl0io693k6fkre3dl0?imageView2/2/w/1080/format/jpg,浙江🔥Model 3：19.47w起【全国可提】
6a478725000000001c027f8e,https://sns-webpic-qc.xhscdn.com/202610010117/fbf8ccb3be044465813eba8d3e9aa54a/notes_pre_post/1040g3k83225hb1127ae05p9kj7uhgo66nqqhv9o!nc_n_webp_mw_1,7月买Model Y L：手付4.59w起
6a2e89c6000000001c02483c,https://sns-webpic-qc.xhscdn.com/202610010109/75c1aa88b56cc8956fca78717d0f697e/1040g008321n1pnlvnk005pv4rebjie5sc32cia0!nc_n_webp_mw_1,为什么说换车尽头是电车？一篇告诉你
6a79d1c50000000006004fca,https://ci.xiaohongshu.com/1040g008323mkh6qi7u005pqagf8733lq93eh1h0?imageView2/2/w/1080/format/jpg,普宁也可以试驾Model Y啦！真的被惊艳到了😭
6a4b24fa000000001700993b,https://sns-webpic-qc.xhscdn.com/202610010120/d54484341a10d7cbbcb4e3f9f2b1f807/note_pre_post_uhdr/1040g3r032292dlq1ne005pq3u677dgo2nasj350!nc_n_webp_mw_1,7月购车福力｜700w地方激励资金可申领
6a9e33ed0000000027008f45,https://ci.xiaohongshu.com/notes_pre_post/1040g3k0324q61fakn4005ptljl0398lf794q26o?imageView2/2/w/1080/format/jpg,🚨炸裂！特斯拉9月限时重磅抢现车❗️
6a43cb4b0000000017029688,https://sns-webpic-qc.xhscdn.com/202610010120/444a92394e1f99378a41ee10d4a1c7e5/note_pre_post_uhdr/1040g3r03221somf2no005pq3u677dgo2l2s1hho!nc_n_webp_mw_1,30w➕六座操控性纯电怎么选？YL黑武士请了解
6aa373ca000000002b00021a,https://ci.xiaohongshu.com/notes_pre_post/1040g3k0324va1afn36005ovn1ep43vb78l4b8io?imageView2/2/w/1080/format/jpg,🌊海南的椰风，配快银Model Y刚刚好
6aae4db1000000002b0131aa,https://ci.xiaohongshu.com/1040g2sg3259t62ab4ee05q7n8sftoq2ut3ucdig?imageView2/2/w/1080/format/jpg,沉浸式体验特斯拉｜Model Y：22.57w起
6aadd323000000002b01d193,https://ci.xiaohongshu.com/notes_pre_post/1040g3k83259e4hdskk705n5hv3ckit7t2mr9pd8?imageView2/2/w/1080/format/jpg,9月又猛又兴奋！Model 3：19.47w起
6a8c100b00000000230137d0,https://ci.xiaohongshu.com/notes_pre_post/1040g3k03248a3og2n2005pqqvo4n3f9e7kpech0?imageView2/2/w/1080/format/jpg,Model Y还是Y L？后悔没早想清楚这几点
6aad1ad200000000120370c0,https://ci.xiaohongshu.com/notes_pre_post/1040g3k03258nlfa3k4005ptljl0398lfa3rrefo?imageView2/2/w/1080/format/jpg,9月18日刚提：特斯拉Model Y蕞新落地💰
6a98102b0000000026030526,https://ci.xiaohongshu.com/1040g008324k65iu77a005oqsvru65469v01gt2o?imageView2/2/w/1080/format/jpg,偶遇海洋蓝Model 3，这质感谁懂？🌟
6aa8deb9000000002902edaa,https://ci.xiaohongshu.com/notes_pre_post/1040g3k03253d3gk732205pqqvo4n3f9ehcvgu9o?imageView2/2/w/1080/format/jpg,天呐9月太合适了 Model 3🤩19.47w起
6a4f83ff000000001702aa25,https://sns-webpic-qc.xhscdn.com/202610010120/11c36167ba3ef12d2224b3616545be6b/notes_pre_post/1040g3k8322d86853nk705pq3u677dgo2koe0db8!nc_n_webp_mw_1,家用选车｜🈷供3736，轻松提六座Model Y L‼️
6aa012070000000011038366,https://ci.xiaohongshu.com/1040g008324s0b2k1hm005pl0io693k6fmfarnrg?imageView2/2/w/1080/format/jpg,来交付中心看看Model 3的车漆实拍！💫
6a33b57e0000000021015865,https://sns-webpic-qc.xhscdn.com/202610010149/b0c06ae0ca541b900b065d3268e88411/1040g008321hu9ndmmu0g5pqqvo4n3f9e934k5o0!nc_n_webp_mw_1,入手Model 3，来算算一年花了多少？
6a61bfcf000000000301e68c,https://sns-webpic-qc.xhscdn.com/202610010149/21f8515cd013630ac6131eada787ab48/1040g2sg322v4nl0hnue05pqagf8733lqi7cqi40!nc_n_webp_mw_1,哇！沉浸式感受model3海洋蓝🌊
6aa69fdd0000000026015f0a,https://ci.xiaohongshu.com/notes_pre_post/1040g3k83252d36243o705pq3u677dgo24ecmiv0?imageView2/2/w/1080/format/jpg,谁说26年Model Y没有猛货？Performance来袭！
6aa792e40000000029010abf,https://ci.xiaohongshu.com/note_pre_post_uhdr/1040g3r83253asslv30705pvef943i874iqnmj6o?imageView2/2/w/1080/format/jpg,运损Model3 Model Y各一台🙋等一位有缘人
6a901e3a000000000a008bd3,https://ci.xiaohongshu.com/notes_pre_post/1040g3k8324cdsmpqgm705qb87pkdtgst66v0p90?imageView2/2/w/1080/format/jpg,幸福了‼️19.97W拿下Model 3！！
6a4623c7000000001003e26e,https://sns-webpic-qc.xhscdn.com/202610010101/f53c5867e637884de22bde513375c573/notes_pre_post/1040g3k8322461lr8ms705ptg2di3jlc70mg1joo!nc_n_webp_mw_1,特斯拉浙江省内可叠加补贴来了！
6a62f28a000000001102f376,https://ci.xiaohongshu.com/notes_pre_post/1040g3k03230a001t6s2g5pbp6af85ps0sp8beb8?imageView2/2/w/1080/format/jpg,🎀特斯拉Model 3：20.02w提走
6a5da227000000001c00c0ab,https://ci.xiaohongshu.com/1040g2sg322r3dfso00605pgt3migu6q10fg4b1o?imageView2/2/w/1080/format/jpg,00后普通女生提Model 3半年分享🤩
6a435e6a0000000006035769,https://sns-webpic-qc.xhscdn.com/202610010100/2eb6e50d0bf8f6360b3ed5b1d8fc1da6/notes_uhdr/1040g3qg3221fghae7a105pgt3migu6q1in8kb1g!nc_n_webp_mw_1,特斯拉八月活动提前出台！补补叠加！
6a35edbe0000000022016dca,https://ci.xiaohongshu.com/notes_pre_post/1040g3k8321kbfps3no4g5ovn1ep43vb7kv36bi0?imageView2/2/w/1080/format/jpg,6月兴奋了，Model Y落地可达24.27w
6a58807f0000000004028bd8,https://sns-webpic-qc.xhscdn.com/202610010120/8a32b539fcc38760d471ee31725962ca/notes_pre_post/1040g3k8322n97s5u7a705pq3u677dgo2ebn38o0!nc_n_webp_mw_1,Model Y L实打实开了半年，用了多少钱？
6a2fda64000000000f0067dd,https://ci.xiaohongshu.com/1040g008321edjknvn0005q4g8mkq5f7fdrbghro?imageView2/2/w/1080/format/jpg,ModelY 上牌螺丝这件事，很多新车主人都担心
6a22c69c0000000022028965,https://sns-webpic-qc.xhscdn.com/202610010120/12bb0809622cd99d397726fc2ca128e5/1040g0083211ku3ff72005qcdvuanb7keis5g7jg!nc_n_webp_mw_1,天津6月提Model 3，4.59w直接开走‼️
6aa6c8560000000026017e18,https://ci.xiaohongshu.com/notes_pre_post/1040g3k03252hepuqj6305pk51p2junhfvpgjqoo?imageView2/2/w/1080/format/jpg,杭州9月特斯拉真的夯爆了！补补拉满🔥
6a2d74970000000035028fd8,https://sns-webpic-qc.xhscdn.com/202610010120/43c7fd3ef131553a5ef7ab9a09177985/notes_pre_post/1040g3k8321c2lifamu705qcdvuanb7ker66jvk0!nc_n_webp_mw_1,00后上升期女生👧手付4.59w开走Model 3
6aaa5295000000002b01f65a,https://ci.xiaohongshu.com/note_pre_post_uhdr/1040g3r03255s3iouke205pc6hnan4ql492ku800?imageView2/2/w/1080/format/jpg,9🈷️青岛提Model Y，新购也能拿1.2w补补？！！
6a3fc8eb0000000011016a39,https://sns-webpic-qc.xhscdn.com/202610010120/fb4e8bcb115b2cef6f9d8574c59ac574/1040g0083221j5ie5ms005qcdvuanb7keufg5j8g!nc_n_webp_mw_1,7月惊喜🔥特斯拉Model 3: 20.67w起
6a698bbd000000001101bd20,https://sns-webpic-qc.xhscdn.com/202610010112/349eb195b7f99d6104460f0bb8d29f39/note_pre_post_uhdr/1040g3r83236oh6mln2705ptljl0398lfb1dol90!nc_n_webp_mw_1,油车还是电车？算完选了Model Y！
6a1c0fb20000000035021fab,https://sns-webpic-qc.xhscdn.com/202610010121/58996171d8089697284da12b01ae223c/notes_pre_post/1040g3k8320r33qts5c005pbp6af85ps0n93jpu0!nc_n_webp_mw_1,Model Y和Model Y L怎么选？💰方案大
6a15a063000000003501d831,https://sns-webpic-qc.xhscdn.com/202610010121/1ffea6d574eae18fbed2182ab2737b2a/notes_pre_post/1040g3k8320kq1ggslk705pbp6af85ps01p2k8ho!nc_n_webp_mw_1,北京新能源指标来了！Model 3 5年O息太香了
6a2a647e00000000360004b5,https://sns-webpic-qc.xhscdn.com/202610010121/1da4672c309d57e63858bb5fa928c170/notes_pre_post/1040g3k832192vvn170005pbp6af85ps03chuhno!nc_n_webp_mw_1,打工人全款拿下！Model 3：20.27w
6a96d06f0000000026039dfb,https://ci.xiaohongshu.com/1040g008324iqmulcga305pva7bijltnq3l7ptf8?imageView2/2/w/1080/format/jpg,特斯拉十大封神隐藏功能
6a492b8f0000000008002260,https://sns-webpic-qc.xhscdn.com/202610010100/95127b9094bbf29dbca9346b0ff34c94/notes_pre_post/1040g3k0322747l05nu205pgt3migu6q1gbq2slo!nc_n_webp_mw_1,Model Y黑标23w+！上班族泪目了😭
6a51cc75000000000f01cb0d,https://sns-webpic-qc.xhscdn.com/202610010121/106db5f39863b9fe12996c9e7d5d13fa/notes_uhdr/1040g3qg322fi8bg874005pbp6af85ps0n4rfgvo!nc_n_webp_mw_1,我等不了了！！六座Model Y L:3736月供
6a578c5a0000000011015ee6,https://sns-webpic-qc.xhscdn.com/202610010121/d96ca7fcb3b9d7184447486113ad6cd9/1040g008322l5grsdn22g5pbp6af85ps0hdloum8!nc_n_webp_mw_1,你开着你的特斯拉去哪玩了啊？
6a5c32b0000000001003f897,https://sns-webpic-qc.xhscdn.com/202610010121/b6900da60eaba93a4a2b0d4d2adc6816/notes_pre_post/1040g3k8322pmg5us6ud05pbp6af85ps0f4ujilo!nc_n_webp_mw_1,特斯拉Model 3🎀：手付4.59w开走
6a6d65c800000000240253c0,https://sns-webpic-qc.xhscdn.com/202610010121/dbac15f03b3031d34b9d5c4a4b15ef77/1040g008323aff8t56u005pbp6af85ps0kcfvcgg!nc_n_webp_mw_1,Model Y跟Model Y L区别及费用一览
6a6c77e10000000029030363,https://sns-webpic-qc.xhscdn.com/202610010121/24012ffd240c4e81e46c0215efc1c3e8/1040g2sg3239jm41rn2705pbp6af85ps003p9u9g!nc_n_webp_mw_1,8月无痛提车!Model Y:23.87W
6a70334a0000000022016f15,https://sns-webpic-qc.xhscdn.com/202610010121/a439278fddc1e393dba5c999db29976a/note_pre_post_uhdr/1040g3r0323d8avo3n0305pbp6af85ps0g2cm59o!nc_n_webp_mw_1,八月特斯拉Model 3 ：19.87w提走❗️
6a742aa000000000290321e2,https://sns-webpic-qc.xhscdn.com/202610010121/b348cb6d74eb015bea271f94580d78c1/notes_pre_post/1040g3k8323h4da2on2005pbp6af85ps0g2ivmng!nc_n_webp_mw_1,黑色Model Y: 23.97w👀 谁能拒绝❓
6a7879a0000000002c0029ce,https://sns-webpic-qc.xhscdn.com/202610010121/61b8b972b6783dbb4580d3b81d0a7b9c/1040g008323lb2ttu74005pbp6af85ps00d7rp88!nc_n_webp_mw_1,8月，特斯拉Model Y 价格配置怎么选？
6a75d6cd000000002201744f,https://sns-webpic-qc.xhscdn.com/202610010121/60acacca2086679462622d6a951ef338/notes_pre_post/1040g3k0323iomh9un4005pbp6af85ps0bn4jaf0!nc_n_webp_mw_1,Model 3选黑色还是白色？
6a7c2c400000000021021056,https://sns-webpic-qc.xhscdn.com/202610010121/90bfd6a06be5849346702161915d10fb/1040g2sg323ouk3f8n0eg5pbp6af85ps0qj9vaoo!nc_n_webp_mw_1,还得是快银啊❗️一眼沦陷Model 3+
6a7b0866000000002102357f,https://sns-webpic-qc.xhscdn.com/202610010121/6daf5d689a17e485ccd53cb1661cd45c/notes_pre_post/1040g3k8323nqo6ign4b05pbp6af85ps0sh4jcp0!nc_n_webp_mw_1,性价比之king:Model 3✨19.87w❗️
6a2aa92100000000350322a5,https://sns-webpic-qc.xhscdn.com/202610010121/d0ec91de7ed92f44db563d09d8f19e1b/1040g0083219auco96s005q4gasga5qkoa58pjao!nc_n_webp_mw_1,2026年Model Y | 首付2w+月供2k开走?
6a44c0e900000000110171ff,https://sns-webpic-qc.xhscdn.com/202610010121/73aa4eba0dccc9746f638fb05a64ce3b/note_pre_post_uhdr/1040g3r83222qp1fvn06g5q4gasga5qkoqq98qo8!nc_n_webp_mw_1,日供80左右拿下Model 3，选5年0西！
6a811950000000003203266b,https://sns-webpic-qc.xhscdn.com/202610010121/5c700f753ca1fa290cbd7e8a359fc710/notes_uhdr/1040g3qo323toidjgn2705qh7qfsgfr01jj5ov6o!nc_n_webp_mw_1,提车10天就悟了！Model Y才是闭眼冲的神🌟
6a71a9ff0000000025001551,https://sns-webpic-qc.xhscdn.com/202610010121/15495372cb7373990504264800a67116/notes_pre_post/1040g3k0323em6cr9ms005qh7qfsgfr01f85h84o!nc_n_webp_mw_1,新手第一台车｜Model3真的太友好🚗💐
6a84057e0000000022016320,https://sns-webpic-qc.xhscdn.com/202610010121/1f2b64e1655d52d5ddef29046a21125f/note_pre_post_uhdr/1040g3r03240jt3mvgm005qh7qfsgfr01tnit6pg!nc_n_webp_mw_1,刚工作就想买Model 3，19.87w起真的够
6a856c110000000025000846,https://sns-webpic-qc.xhscdn.com/202610010121/d0dffee069e65c88674f5b35707b00f1/notes_pre_post/1040g3k83241v8i2e74705qh7qfsgfr01hk11ijo!nc_n_webp_mw_1,七夕礼物 是特斯拉给我的自由与底气✨
6a8ae71c000000003300a319,https://sns-webpic-qc.xhscdn.com/202610010121/054b8eb4ee968a874e09ca295b562e4c/notes_pre_post/1040g3k83247aidam6u905qh7qfsgfr014j64oio!nc_n_webp_mw_1,🎀勇敢的人先享受世界｜4.59w拿下Model 3
6a56e632000000000f01f4e7,https://sns-webpic-qc.xhscdn.com/202610010121/920cf3b00fbe25f4e10833d6363b1f43/note_pre_post_uhdr/1040g3r0322khpa35702g5qa0r290q3v3ju643eg!nc_n_webp_mw_1,7月国补后 Model Y 23W+可拿下！
6a64c1aa000000001003c549,https://sns-webpic-qc.xhscdn.com/202610010121/cccf6833dbab1c1c27c9b1a96ce77201/1040g2sg32322fitjn2005qb87pkdtgstikqn438!nc_n_webp_mw_1,第一视角沉浸式体验特斯拉试驾！！
6a6d8b0c00000000220146d3,https://sns-webpic-qc.xhscdn.com/202610010121/83f1f0b56eb32e695ad6fc98655994b5/1040g2sg323ahvadhn4f05qb87pkdtgstkkkuioo!nc_n_webp_mw_1,买车必看！逻辑一下就清晰了！
6a6c58430000000029033056,https://sns-webpic-qc.xhscdn.com/202610010121/4fcf1a27b83150827ffeb1357a8af67a/1040g2sg3239fsg7hms005qb87pkdtgstob943uo!nc_n_webp_mw_1,Model Y L全色系车漆实拍，你怎么选？
6a76ecf200000000250006fe,https://sns-webpic-qc.xhscdn.com/202610010121/7cb7725e06e2500b288ec1d31031de86/1040g2sg323ikk4oemug05qb87pkdtgst8l3qmn0!nc_n_webp_mw_1,Model Y 四个配置该怎么选?！
6a1669ad0000000035023357,https://sns-webpic-qc.xhscdn.com/202610010139/b86fa199a94399237ccd3dc30c6000d5/notes_pre_post/1040g3k0320lij5krlc005q4lra7a0m1qebqchd8!nc_n_webp_mw_1,北京指标上岸！别急着提车❌这3步走好才不亏✅
6a7980280000000022030406,https://sns-webpic-qc.xhscdn.com/202610010142/db24b5225e4d49d80ba80fa4d1ae53e5/notes_pre_post/1040g3k8323mb1lobnu705ppuh3k7dt3vjqhl990!nc_n_webp_mw_1,8月提Model Y，23.57w拿下❗️
6a7c2f700000000008010dcd,https://sns-webpic-qc.xhscdn.com/202610010142/1949176ac6235fddf8c1c3a1365a80b5/notes_uhdr/1040g3qg323ov0vrana005ppuh3k7dt3vpbr5oa8!nc_n_webp_mw_1,通勤党的福音来啦❗19.87w提走Model 3🔥
6a747c37000000002500426e,https://sns-webpic-qc.xhscdn.com/202610010142/8e65e6acb784cf6998af3de7d7bbabda/1040g008323he3rpuna705ppuh3k7dt3vcuh0h9o!nc_n_webp_mw_1,✨Model 3｜My Dream Car🤍
6a1ff2e70000000022023df8,https://sns-webpic-qc.xhscdn.com/202610010102/38d4608576accaed10433e9b447020d1/1040g2sg320usdlobn2e05pl0io693k6fmmh0660!nc_n_webp_mw_1,4.59w开走，全新黑标星钻黑Model Y L
69ff365a000000002301480b,https://sns-webpic-qc.xhscdn.com/202610010142/47afdb81e921cbec8be03731c9a10a97/notes_pre_post/1040g3k831vut2jojiqa05pt5q9v2nkqq96qsnco!nc_n_webp_mw_1,2026全新Model Y黑标，落地24W+
6a0d93460000000007026c52,https://sns-webpic-qc.xhscdn.com/202610010142/ad87d91de3575a868e934744458fffcf/notes_pre_post/1040g3k0320cto19clm605pt5q9v2nkqqk05dhrg!nc_n_webp_mw_1,520取悦自己，喜提梦中情车Model 3✨
6a293b5400000000210096f2,https://sns-webpic-qc.xhscdn.com/202610010142/dbfe175f5118bf7a08eb648ebe84b2d9/notes_pre_post/1040g3k03217umlopnk405pt5q9v2nkqqd8o95f8!nc_n_webp_mw_1,广东提车太香了！20w+拿下Model 3！
6a3f1fe30000000008027511,https://sns-webpic-qc.xhscdn.com/202610010142/b218c3fd2e4d172e559fc55b56a8861d/1040g008321tafr51nu005pt5q9v2nkqq0n16f38!nc_n_webp_mw_1,五年O息！Model 3无压力上车攻略
696b1fdf000000001a02e649,https://sns-webpic-qc.xhscdn.com/202610010148/63710c94bb711203cab7a281a1ecb8e6/note_pre_post_uhdr/1040g3r831re9r5apga705o4nc7mg8dacce16a0g!nc_n_webp_mw_1,不啰嗦，2026年Model Y速评👇
697611bc000000001a0344ab,https://sns-webpic-qc.xhscdn.com/202610010148/373d399cba56f7c1ee88da68b205b0aa/note_pre_post_uhdr/1040g3r831rovos502g705o4nc7mg8dacq8l6d1g!nc_n_webp_mw_1,特斯拉Model 3车主狂喜🔥保险补补来袭‼️
69a1410d000000000e03da86,https://sns-webpic-qc.xhscdn.com/202610010148/3ed5451a16d62f434b6379e97d4deb4a/notes_uhdr/1040g3qo31t35dt04lk005o4nc7mg8dacg1vieho!nc_n_webp_mw_1,随橙想呢，准备4.59w就可以拥有特斯拉！
69a81cd4000000001a02bb86,https://sns-webpic-qc.xhscdn.com/202610010148/f88e391c67481279f0812152a2fcaa7b/1040g00831t9rhti668005o4nc7mg8dack4m2png!nc_n_webp_mw_1,不装了！现在日供75即可获得你的旅游搭子
69f435b9000000003502918b,https://sns-webpic-qc.xhscdn.com/202610010148/72a885ae76ab9b0631d083a4d2c73d31/notes_pre_post/1040g3k831vk5hdfrk8705p8h5selsevonp0bdu8!nc_n_webp_mw_1,5🈷️买特斯拉Model 3，月供2460
6a1576f80000000035030fa8,https://sns-webpic-qc.xhscdn.com/202610010148/63aade69d7483c1a84444d78e14f48f1/1040g2sg320kkmqkqmoe05p8h5selsevotkcj7ug!nc_n_webp_mw_1,特斯拉｜Model 3星钻黑
6a1adee400000000360006d5,https://sns-webpic-qc.xhscdn.com/202610010148/c895b1879924e405241fa1d8c6dc5234/notes_pre_post/1040g3k0320ptph2t5e3g5p8h5selsevoq94a7m8!nc_n_webp_mw_1,8月更新：首付5.59w ，🈷️供2691，提MY
6a34fb9b000000000f02b2f7,https://sns-webpic-qc.xhscdn.com/202610010148/632cf1cfb8afdc8c78dae658c2e1eb6c/note_pre_post_uhdr/1040g3r8321jdsard6s705p8h5selsevo4bta1c0!nc_n_webp_mw_1,试完Model Y，我原谅了所有早晚高峰…
6a4b0ff0000000000f01d321,https://sns-webpic-qc.xhscdn.com/202610010148/0023973f340b46c55b7b37cad3d042e0/1040g2sg3228vip5570005p8h5selsevo49kpf88!nc_n_webp_mw_1,Model 3！星钻黑｜月付2193提走！！
6a5728be0000000011017ac5,https://sns-webpic-qc.xhscdn.com/202610010148/25906d88ee0b887c54ca3b5159563cc2/1040g2sg322kpsegi74l05p8h5selsevo8m0lo10!nc_n_webp_mw_1,太夯了！20w预算稳稳拿下Model 3
69ae9e8f000000002801d0e5,https://sns-webpic-qc.xhscdn.com/202610010148/8f04749d3ea87234f5b1b153edf12380/notes_pre_post/1040g3k031tg71rdtlm005otmu12ptaega8meb8g!nc_n_webp_mw_1,这个价格入手Model 3？给我整兴奋了！！
6a17d03e00000000080323a0,https://sns-webpic-qc.xhscdn.com/202610010148/c2eb11d18feeb89627d8655d69271965/1040g2sg320n6d33v5s705otmu12ptaeg8k5u77g!nc_n_webp_mw_1,特斯拉2026年6月优惠讲解
6a2ed3bb000000002103f8cb,https://sns-webpic-qc.xhscdn.com/202610010148/9c2b821514ae70773284214715d035d1/1040g008321ddh7gs7ol05otmu12ptaeg86j9mmo!nc_n_webp_mw_1,特斯拉Model Y后轮长续航落地价格
6a43561300000000080305fd,https://sns-webpic-qc.xhscdn.com/202610010148/eb3bc6aaaf710cfba4bd4a4fd33a9ef8/1040g2sg3221e8c3c7ee05otmu12ptaeg5fqf2jg!nc_n_webp_mw_1,特斯拉Model 3 七月优惠 配置选择讲解
6965af79000000000a0329fe,https://sns-webpic-qc.xhscdn.com/202610010148/fd0d833063c4436999a79f7c531289ae/1040g2sg31r8vqlrrgm005oppm2d65b04pnanb50!nc_n_webp_mw_1,一月份政策太香，我把Model 3开回家啦
69cba3f1000000001a03304c,https://sns-webpic-qc.xhscdn.com/202610010148/5d575969d19490c29c543266f1e0e0f4/note_pre_post_uhdr/1040g3r031uchv0e02q005oo9necjoqjvrrel1j0!nc_n_webp_mw_1,天津姐妹看过来！Model 3手付2.19w开回家🔥
69f1cc44000000003803704d,https://sns-webpic-qc.xhscdn.com/202610010148/503a499a83651f7f4a9a48e857c84c1a/note_pre_post_uhdr/1040g3r031vhqccr4jq005oo9necjoqjva77omqg!nc_n_webp_mw_1,特斯拉福利炸场🔥双重补补叠加直接省到头
69fd9c20000000003701c088,https://sns-webpic-qc.xhscdn.com/202610010148/b7963a85694063f30028ad862aa85d20/note_pre_post_uhdr/1040g3r031vtbfue5ig0g5oo9necjoqjviqq3m60!nc_n_webp_mw_1,5月买特斯拉Model 3，大惊喜！
6a1a3d19000000003703567f,https://sns-webpic-qc.xhscdn.com/202610010148/0a08cd3ee529015bc64cb678b045f925/note_pre_post_uhdr/1040g3r8320pa34vb68705oo9necjoqjvcambhcg!nc_n_webp_mw_1,六月和Model 3适配度直接拉满🌿
6a2291a400000000380223d3,https://sns-webpic-qc.xhscdn.com/202610010148/16a973898f4f36d7f75889a7b2d968b7/notes_pre_post/1040g3k03211dula5ne405oo9necjoqjvbvhkha8!nc_n_webp_mw_1,入职1年｜我送给自己一台特斯拉Model 3
695f7f3e000000000e00d999,https://sns-webpic-qc.xhscdn.com/202610010103/94dbfe0668b41029225b944e51503573/spectrum/1040g0k031r46ivbdn2005q1o0e87997niu7c2to!nc_n_webp_mw_1,20-25w预算 | Model 3，2026买车指南💡
6a240a99000000001c02653a,https://sns-webpic-qc.xhscdn.com/202610010148/274c69a9c18ef042a82160a5be84aaa5/1040g0083212sfajona005oo9necjoqjvii4pt6g!nc_n_webp_mw_1,4w+手付提走Model Y L【换车必看🔥】
6a3bca95000000001702a664,https://sns-webpic-qc.xhscdn.com/202610010148/57656b92e6abfc72ff963a5039ade8a1/notes_uhdr/1040g3qg321qqfnc7ne7g5oo9necjoqjvngb5h8o!nc_n_webp_mw_1,7月黑标Model Y：23.57w开走🔥纠结党速进！
6a5f4516000000000301fb28,https://sns-webpic-qc.xhscdn.com/202610010148/808171e7e480b81977a58e8a5ab8544b/note_pre_post_uhdr/1040g3r0322tpvpla7o005oo9necjoqjvddbam3o!nc_n_webp_mw_1,你的特斯拉是全款还是零西🤔
6a33b4eb00000000210232bd,https://sns-webpic-qc.xhscdn.com/202610010149/0d656cc080b6c6de195dc98898bae4ed/spectrum/1040g0k0321i5r7996u0g5pqqvo4n3f9eoaho3so!nc_n_webp_mw_1,6月Model Y L：手付4.59w，轻松开走！
6a3a2cb400000000110141a9,https://sns-webpic-qc.xhscdn.com/202610010149/d1971495577f7447a55a92ee2d1760c0/note_pre_post_uhdr/1040g3r0321og5ufe72005pqqvo4n3f9en22utno!nc_n_webp_mw_1,超清晰购车明细，想提Model Y L的看过来
6a55ef680000000022018376,https://sns-webpic-qc.xhscdn.com/202610010149/278753e37915a9ec37d2ffee13b5c7aa/notes_pre_post/1040g3k0322jikv6gn45g5pqqvo4n3f9e0r3g9go!nc_n_webp_mw_1,00后第一台车｜女生审美Model 3选哪个颜色
6a4f9406000000000f02bf6f,https://sns-webpic-qc.xhscdn.com/202610010149/3e94de3a5c43c3db18433fc2552afeaf/notes_pre_post/1040g3k0322dculi174005pqqvo4n3f9esdjjgt8!nc_n_webp_mw_1,别再观望了！Model Y 24.27w起，手慢无
6a62f128000000001101a283,https://sns-webpic-qc.xhscdn.com/202610010149/19ed61a9ffdcb1e4557d9e15b0354a1c/1040g2sg322v1pfdfn4h05pqqvo4n3f9eptgj5c0!nc_n_webp_mw_1,00后女生油车换电车｜直接真香了！
6a6729800000000011011aa5,https://sns-webpic-qc.xhscdn.com/202610010149/951851755dcf4fb13a0c54ae59bdfba3/notes_pre_post/1040g3k03234dr0ca721g5pqqvo4n3f9esn6g6vo!nc_n_webp_mw_1,00后女生提车一个月，打车软件已卸载
6a7578c40000000024025b4f,https://sns-webpic-qc.xhscdn.com/202610010149/24be4ce03f507f316d593b376f643e93/notes_pre_post/1040g3k0323id1ris702g5pqqvo4n3f9eh5e2m38!nc_n_webp_mw_1,00后5w存款提了特斯拉？我自己都不敢信
6a7ae97d0000000022031604,https://sns-webpic-qc.xhscdn.com/202610010149/1da9ec0117bee2d57a1156bab7ca7605/spectrum/1040g34o323nn7a6i721g5pqqvo4n3f9einjukv0!nc_n_webp_mw_1,沉浸式体验Model 3，和你想的真的不一样
6a82caa00000000032031546,https://sns-webpic-qc.xhscdn.com/202610010149/d7416c5392e04f489dda4d7384efb53c/notes_pre_post/1040g3k0323uav41r705g5pqqvo4n3f9e0f839so!nc_n_webp_mw_1,00后女生提车三个月，庆幸选了快银Model Y
6a840ef600000000270231da,https://sns-webpic-qc.xhscdn.com/202610010149/e0eefb95c18c2532e5954897115e6956/note_pre_post_uhdr/1040g3r83240jlgurgm905pqqvo4n3f9ejqcja08!nc_n_webp_mw_1,提车两周，终于懂为啥都买Model 3了
695d0a6b000000001a01d424,https://sns-webpic-qc.xhscdn.com/202610010149/ba8e143304225dc4664876d3672dc9cb/notes_pre_post/1040g3k831rjege7332705pvnrso3iacvf8fjro0!nc_n_webp_mw_1,特斯拉7年低熄，买车思路一下清晰
69706566000000000e00f590,https://sns-webpic-qc.xhscdn.com/202610010149/3945a9537709991690aa81e2fd5502b2/note_pre_post_uhdr/1040g3r031rjeieur2s005pvnrso3iacvs4j6vf8!nc_n_webp_mw_1,不会吧？月薪4000也能轻松拿下特斯拉Model 3
69d608540000000023006408,https://sns-webpic-qc.xhscdn.com/202610010105/32d2b2e678d391e60303a1461b0efb4c/notes_pre_post/1040g3k031ummmneuia005pral1tm2m5ekndnm2o!nc_n_webp_mw_1,油价暴涨！特斯拉Model3省钱+蕞新优hui✨
69b255d9000000000902369e,https://sns-webpic-qc.xhscdn.com/202610010149/0c443d2c584cc721f4d4b7c6a1434ef2/notes_uhdr/1040g3qo31tjr729g7e9g5pvnrso3iacv50c2ij8!nc_n_webp_mw_1,突击检查！特斯拉员工自己都开什么车??
6a4a04cf0000000017028208,https://sns-webpic-qc.xhscdn.com/202610010149/9cfdfdfb069b8a312da9ea27f492c8cf/1040g008322d8veibnu005pqagf8733lqbv93nq0!nc_n_webp_mw_1,第一辆梦中情车，20w➕拿下model3太快乐啦～
6a6dd71f0000000005029a24,https://sns-webpic-qc.xhscdn.com/202610010149/4560b8301af58b7e11a4664f9de8f0a9/notes_uhdr/1040g3qg323aunrdq02005pqagf8733lq9atnl08!nc_n_webp_mw_1,8月冲！Model Y落地24w➕，5年0息还在🔥
6a6b31ac000000000801164f,https://sns-webpic-qc.xhscdn.com/202610010149/bbefab7533d55dd0ce74232ab7eb3685/1040g0083238bul007k005pqagf8733lqlc9sljg!nc_n_webp_mw_1,8月！24.27w开走Model Y🚗！安排～
69df411c000000001f000e9f,https://sns-webpic-qc.xhscdn.com/202610010104/d98fd24525f7022bc4c1ea7ade5f32ec/1040g00831v2crqoniq005pr56abm2uenie24n38!nc_n_webp_mw_1,4w＋预算直接冲Model 3！
695ce19e000000001a02a256,https://sns-webpic-qc.xhscdn.com/202610010059/2bda06c7a5a68437ca3e1c37e532eff6/spectrum/1040g34o31r0cvk5t72105pgpdp4homabsfq2sdg!nc_n_webp_mw_1,2月太猛了，model 3 月供1.9k+
69fc2a3e0000000037034d7a,https://sns-webpic-qc.xhscdn.com/202610010112/11c7898878cd3fe510326aa489dd2df5/notes_pre_post/1040g3k831vrudhmik84g5q3gme6ngg64ued1vgg!nc_n_webp_mw_1,无副作用提车！Model Y：24.35w
6a78956f0000000006007521,https://sns-webpic-qc.xhscdn.com/202610010149/f2e36790f41294c34734c805fc44e628/1040g2sg323lea90dgoe05pqagf8733lqll1sg2o!nc_n_webp_mw_1,8月Model 3｜👋付5.59w，🈷️供2k➕，直接冲🚗
69a955c1000000001a01f212,https://sns-webpic-qc.xhscdn.com/202610010149/92eabb647011a29c94fcfe81aeb603d7/spectrum/1040g0k031tb1q0pqle005ppr2ktndjbcvadn4k8!nc_n_webp_mw_1,Model 3与同级油车养车成本对比
69a2873f000000001a02c381,https://sns-webpic-qc.xhscdn.com/202610010058/22a5c661d81f1e8cc119cbcd7fb3f69e/notes_pre_post/1040g3k831t4d6sd35s8g5oq5d3nmbm0us5d4a2g!nc_n_webp_mw_1,3月提车 | 26补补➕落地明细
69ba71a0000000001a02bfe9,https://sns-webpic-qc.xhscdn.com/202610010149/a000f5f17f73509ce00a7bc13b1ca98d/note_pre_post_uhdr/1040g3r831troilgonq705pv4rebjie5se6hdmf8!nc_n_webp_mw_1,特斯拉Model 3 & Y｜夫妻CP车
69b93971000000001a02348f,https://sns-webpic-qc.xhscdn.com/202610010149/9312b4fbaae0bb23d304f25c8c4557f1/notes_pre_post/1040g3k831tqi6rj3nq705pv4rebjie5st80q4bg!nc_n_webp_mw_1,轮到我提快银model3啦✌️
69621c9a000000001a03006c,https://sns-webpic-qc.xhscdn.com/202610010105/f7a9e306c1c237d05c7fa296c17992ed/notes_pre_post/1040g3k031r5g00260a305q4j4cma18te69t4qm8!nc_n_webp_mw_1,特斯拉一年跑了7w公里，你敢信‼️
69cf6be7000000001a02d9e2,https://sns-webpic-qc.xhscdn.com/202610010059/325974afff3cc6547b6394574464ff8e/spectrum/1040g0k031ug83m2hj60g5p88agvkgg8495957u0!nc_n_webp_mw_1,躺平式换车✨25w内，提Model Y
6a06ccbc000000003701c3e3,https://sns-webpic-qc.xhscdn.com/202610010152/19dac7b0334ad5f3b6db39bc8344804d/spectrum/1040g0k03206aerl45k205p9bk65qjdq173j7aq0!nc_n_webp_mw_1,5月轻松入，手付5w，月2k+提走Model Y
69b3716d00000000230381fb,https://sns-webpic-qc.xhscdn.com/202610010103/53a137a38465067e5d2a9c363d48abc2/notes_pre_post/1040g3k031tktlg0bne205pgpdp4homabki4eqng!nc_n_webp_mw_1,预算20个，不内耗的女生冲Model 3
6972ef8e000000001a023371,https://sns-webpic-qc.xhscdn.com/202610010059/276bee852373439e67ad37332592f026/notes_uhdr/1040g3qo31rltvf3sj2705p88agvkgg845c08lpo!nc_n_webp_mw_1,六座SUV，选Model Y L的5个理由
69d5c244000000001b02179c,https://sns-webpic-qc.xhscdn.com/202610010142/5124717b1ef5617869a0c5042b7e201c/1040g00831ume66rs2a005pke1a2gu7nn8bv1j70!nc_n_webp_mw_1,4月不焦虑了，特斯拉Model Y落地明细
69fb16b0000000003701dcb6,https://sns-webpic-qc.xhscdn.com/202610010105/6ad6d2e0afe0c35876195fc2d362a118/1040g2sg31vqsgubg2i005q4ggc0n0911vp19mcg!nc_n_webp_mw_1,特斯拉5月最新补贴｜落地价一目了然
69ac3e0e000000002800bd6d,https://sns-webpic-qc.xhscdn.com/202610010111/90ddc71e576fd7df62cc5f24b4db50e5/1040g2sg31tdshjd95me05puej59392c2q3cf4dg!nc_n_webp_mw_1,Model Y 24W入手 还划算吗？
6a03d60e000000003502f6df,https://sns-webpic-qc.xhscdn.com/202610010153/caeaf59fec19bd5e007b1a14961bd52a/notes_pre_post/1040g3k03203djd9dis005q4b9vpa53qvqloa2eg!nc_n_webp_mw_1,不再依赖特斯拉算长大嘛？弹性贷来了～
697ee6290000000009039a0d,https://ci.xiaohongshu.com/spectrum/1040g0k031s1jq2thk4005q3gme6ngg64cabkf8o?imageView2/2/w/1080/format/jpg,我等不了了，Model 3：1819月供
69f2ec69000000002202bd11,https://sns-webpic-qc.xhscdn.com/202610010102/30be436bd0ec9a4f7abbc0c52c6f9938/note_pre_post_uhdr/1040g3r831vite4502q705pp8tn7n368t9cba4j8!nc_n_webp_mw_1,真的不等了！！Model Y 25w+可提！
6a092906000000003502b2fc,https://sns-webpic-qc.xhscdn.com/202610010153/87c66785ecf7ae7c1ebff0bcc53de30e/notes_pre_post/1040g3k83208k8in45c005q4b9vpa53qvtqt80c0!nc_n_webp_mw_1,上海特斯拉试驾｜政ce补补 冲！
697b50cb000000000b01314a,https://sns-webpic-qc.xhscdn.com/202610010105/3dbf7dbcf0c2a13701b0ffa447e9e837/notes_pre_post/1040g3k031ru3q9uvi2005ps52ll2349ehdpullo!nc_n_webp_mw_1,2026 model3落地分享！
69f093bd0000000038022d08,https://sns-webpic-qc.xhscdn.com/202610010109/9b797e2ee91bd9c2777ff1b129254085/note_pre_post_uhdr/1040g3r831vgk6kgk2g705pv4rebjie5scehq6g0!nc_n_webp_mw_1,刚定了ModelY！特斯拉颜色怎么选不踩雷
6a293be10000000008031223,https://sns-webpic-qc.xhscdn.com/202610010153/e323c450923503f5897687feaec9f915/note_pre_post_uhdr/1040g3r83217uop8c7o705omblph3hkd84l3f62g!nc_n_webp_mw_1,放大招啦🚗 Model 3  4.59w即可入手
6a23bf0f000000000800228a,https://sns-webpic-qc.xhscdn.com/202610010153/e589953b6425dbefcd29abffe69a92e3/notes_uhdr/1040g3qo3212ja0g77k4g5omblph3hkd8i6i1a6g!nc_n_webp_mw_1,Model 3：首付4.59w开走‼️
69ec5d00000000001b023bfc,https://sns-webpic-qc.xhscdn.com/202610010059/affe3bdba12c88e5afb9754e6bf8769f/note_pre_post_uhdr/1040g3r031vcgit432i005ofnj7140igumei2qpg!nc_n_webp_mw_1,预算20个，精打细算的人冲Model 3
698d453c000000001d0108c3,https://sns-webpic-qc.xhscdn.com/202610010112/374e6407b8f8dece83684d3565312594/spectrum/1040g0k031sfkr22t5e0g5p9bk65qjdq1mh0vjso!nc_n_webp_mw_1,Model Y提车半年真受【超真实版】
69daffeb0000000023017add,https://sns-webpic-qc.xhscdn.com/202610010058/5fe3268f7c719ad3cce9051169836d63/spectrum/1040g0k031up132btis1g5oq5d3nmbm0ujuqcci8!nc_n_webp_mw_1,预算20个，清醒的搞钱女孩冲Model 3
6a00ada00000000007010faf,https://sns-webpic-qc.xhscdn.com/202610010117/b992333ef64a123e94e5e8096e1c7bc3/notes_pre_post/1040g3k03200atqboig2g5pgiqci0uavnfo0lsqo!nc_n_webp_mw_1,🚨五月新政！Model Y劲省3.5W+
6a243ae600000000080324ff,https://sns-webpic-qc.xhscdn.com/202610010153/01a486e6c55f571666c58caf43b4e7fb/1040g2sg32131e49r7ke05omblph3hkd8l5bo6d0!nc_n_webp_mw_1,黑标Model Y：24.27w，别再观望了
6a211ff8000000003601ac2b,https://sns-webpic-qc.xhscdn.com/202610010110/1bfe2403be383996982a41d3b3638509/notes_pre_post/1040g3k832101beenna705pg2o3iipqc6hdk64u0!nc_n_webp_mw_1,🔥纠结Model Y的别再观望！黑标款落地24.27w
6a6c3e6c000000000502b8dd,https://sns-webpic-qc.xhscdn.com/202610010117/e5854d9ceb77759dfe1177291353e599/1040g0083239cjv0h7o005p9kj7uhgo66au7rmno!nc_n_webp_mw_1,2026年8月Model Y怎么选？一篇讲清👇
6a1eceb4000000000802700d,https://sns-webpic-qc.xhscdn.com/202610010100/feb60a6cd830d8ced520e42937414432/notes_uhdr/1040g3qo320touuvi7a905omq9s70vhnq1g7jt90!nc_n_webp_mw_1,8🈷️Model 3新购能拿1.2w太夯了💰
6a339b730000000021021a93,https://sns-webpic-qc.xhscdn.com/202610010153/8e961f56339858b0a668c2c493b5fd20/notes_uhdr/1040g3qo321i2utklno005omblph3hkd83a8qvko!nc_n_webp_mw_1,特斯拉Model 3直接杀疯🔥19.97w落地谁懂啊
6a3681d900000000060334c7,https://sns-webpic-qc.xhscdn.com/202610010153/86c8961d01f6e8fcbc87514e709e48fe/note_pre_post_uhdr/1040g3r0321ktgll97e005omblph3hkd88a0pnkg!nc_n_webp_mw_1,黑标Model Y：23.97w，纠结党速进！！
69c65a5a000000001b0208be,https://sns-webpic-qc.xhscdn.com/202610010059/74143f0e6701eea9915613a7c339b3aa/notes_pre_post/1040g3k831u7cjn11iq705pgpdp4homaba45knf0!nc_n_webp_mw_1,🆚对比油车月薪5k，买Model Y有压力吗？
6a7c05ab000000003300fb1d,https://sns-webpic-qc.xhscdn.com/202610010109/2a13ff6271feea00d6faa6864be7941b/notes_pre_post/1040g3k8323opescinks05q1bc8l2nh4j8dg7a50!nc_n_webp_mw_1,旧车置换买特斯拉，这一篇就够了
6a5c3651000000000301ddd7,https://sns-webpic-qc.xhscdn.com/202610010102/0414db6b448b61173fb558e453791abb/note_pre_post_uhdr/1040g3r8322pniih57oag5pooulu7e0uujbnbsqo!nc_n_webp_mw_1,7🈷️济南特斯拉交付盛况！！
6aa6c9b4000000002802d47a,https://ci.xiaohongshu.com/note_pre_post_uhdr/1040g3r03252dvbflj6205pslqvkh9d2kju8qr7o?imageView2/2/w/1080/format/jpg,极少数人才敢选的烈焰红Model Y！也很绝🚗
6a3c18a1000000000702dfde,https://sns-webpic-qc.xhscdn.com/202610010153/02bad13a829819d44ee23bff9c06e547/notes_uhdr/1040g3qo321qc7t0fno705omblph3hkd8l4vrr5g!nc_n_webp_mw_1,6月大惊喜 | 手付4.59w提Model 3
69c533470000000023007022,https://sns-webpic-qc.xhscdn.com/202610010059/de13e3e296c0b1b654a3088d0265c3e8/notes_pre_post/1040g3k831u68m8dpia705pgpdp4homabgj9euqg!nc_n_webp_mw_1,Model 3还是Model Y?纠结党速看🤯
69e9da64000000001f000350,https://sns-webpic-qc.xhscdn.com/202610010059/af837ce3003f1f882b8f799d390d2ced/notes_pre_post/1040g3k831va0m9njig905q7n8sftoq2umoc2l40!nc_n_webp_mw_1,月供1000多就能提走Model 3，👋付5
69f82010000000003601d834,https://sns-webpic-qc.xhscdn.com/202610010102/618eb682e8d6aa67d274e6d8cb9c7efd/note_pre_post_uhdr/1040g3r031vo04r0i2g005pooulu7e0uua4gdjhg!nc_n_webp_mw_1,Model 3｜20w出头的电车天花板
6a41029b000000002101847d,https://sns-webpic-qc.xhscdn.com/202610010153/1d092ab416bb4c22fd3c92fe37543e75/note_pre_post_uhdr/1040g3r0321v5p3qb7u005omblph3hkd8ujehe8o!nc_n_webp_mw_1,2026国补后，冰河蓝Model Y：23.97W起
69acdf97000000000d00937f,https://sns-webpic-qc.xhscdn.com/202610010112/c2961989b72bfcf694e098c9bd8b8016/1040g2sg31tegalha68005q7n8sftoq2ulqfblbg!nc_n_webp_mw_1,🌸樱花和特斯拉更配哦～美炸了！！（live实拍）
6a428e590000000007028fd8,https://sns-webpic-qc.xhscdn.com/202610010153/47e87a0a4bb9f2c64d2ffe09e012d50b/notes_uhdr/1040g3qo3220m3ol67k705omblph3hkd8irtnrs8!nc_n_webp_mw_1,【黑标Model Y】| 国补后竟然24.27w！
69c66eb4000000001b0014a2,https://sns-webpic-qc.xhscdn.com/202610010100/f274624fa9327082d12e474b24fcddc4/note_pre_post_uhdr/1040g3r031u7f6qqt1m005pgbcak1hno0uihhpj0!nc_n_webp_mw_1,上班暂停，提辆Model 3先～
6a40c2ad000000001603daf0,https://sns-webpic-qc.xhscdn.com/202610010103/572a98b41d1d6433d85a84425bc8fe36/notes_pre_post/1040g3k8321utthrlnu905pbh44ho5udc6cvrcpo!nc_n_webp_mw_1,国补后，黑标ModelY：23.57w起
6a44b7ff000000002103da9f,https://sns-webpic-qc.xhscdn.com/202610010153/6298ccfa588f63311bdc640fda44bc32/1040g2sg3222plno0nul05omblph3hkd8ovo57oo!nc_n_webp_mw_1,7月重磅｜日供80提走Model 3🚗
69ff03f3000000003503b62e,https://sns-webpic-qc.xhscdn.com/202610010148/56ce7edba8ab6ffcd787d7dc986216ee/notes_pre_post/1040g3k031vuneq6j1m0g5p8h5selsevo3qc31e0!nc_n_webp_mw_1,Model 3最新落地核算，准备入可参考
6a47878b00000000220156ef,https://sns-webpic-qc.xhscdn.com/202610010153/97c525f63b9a48e8b18e78cd3b406660/notes_uhdr/1040g3qg3225hh4uono005omblph3hkd8riplmv0!nc_n_webp_mw_1,7月买Model Y L，手付低至4.59w
6a6215d9000000000f0081c5,https://sns-webpic-qc.xhscdn.com/202610010103/c5deda5a7e6ff52d5f9181eafa123cfb/1040g2sg322vfcrtunai05oqsvru65469g2lf54o!nc_n_webp_mw_1,上班暂停！🌷月薪6k提特斯拉 Model 3
6a4cea140000000007022fb3,https://sns-webpic-qc.xhscdn.com/202610010153/bea98e4af381913eebfc5befb26bbfeb/notes_uhdr/1040g3qo322apq4btnk705omblph3hkd8tnpo1ro!nc_n_webp_mw_1,黑标Model 3最新落地，有需要的参考
6a18ff21000000003701ece7,https://sns-webpic-qc.xhscdn.com/202610010103/a7472ace2f0f382689f50b2aec89844a/1040g008320o2meeb5m0g5pk51p2junhfh45qeu8!nc_n_webp_mw_1,一分钟讲清Model Y和Model YL区别及费用…
6a7d3e74000000002803334b,https://sns-webpic-qc.xhscdn.com/202610010112/83d7c7fe0c74c001413d516ed01557d7/1040g2sg323q03m8q0oe05p9bk65qjdq1k70sh38!nc_n_webp_mw_1,00后工科男人生首车，Model 3可以这样买
6a560ce5000000002103dd72,https://sns-webpic-qc.xhscdn.com/202610010153/f55610a8d490f59022a47f093c43fc10/note_pre_post_uhdr/1040g3r0322km6s5gno005omblph3hkd8vpc3bgo!nc_n_webp_mw_1,【黑标ModelY24.27w✨现在入手太值】
6a09dfc200000000080241d5,https://sns-webpic-qc.xhscdn.com/202610010111/a7d4dbb0f6125100eb445ca3b4ec3fbe/1040g2sg3209amjg5m8e05puej59392c228bt9a8!nc_n_webp_mw_1,新年新活动 5W开走YL的好机会🥳
6a58d041000000000f01d18a,https://sns-webpic-qc.xhscdn.com/202610010104/7e13257e6b25587bebc162d176d2084d/1040g008322md4re7n4105ppa09l730na3v95h78!nc_n_webp_mw_1,好闺闺才会推荐的车，21w落地Model 3太香啦
6a66e147000000000f011b03,https://sns-webpic-qc.xhscdn.com/202610010058/5c574ff81eece50536129631aad3c755/1040g2sg3235bfs2og2e05pc6hnan4ql4cqqb0gg!nc_n_webp_mw_1,9️⃣月，👋付5.59w，月供2198，开走Model 3！
6a3a0a08000000001503f9ed,https://sns-webpic-qc.xhscdn.com/202610010103/7b2e72c5429c1182bd599b1886ed90fd/notes_pre_post/1040g3k0321obfbov7o005pk51p2junhfdg63ub8!nc_n_webp_mw_1,🔥终于赶上国补了｜Model Y L手付4.59w提走！
69fd7979000000002301fc23,https://sns-webpic-qc.xhscdn.com/202610010104/e27995d992a8e950863588c9e710f4b5/notes_pre_post/1040g3k031vt76m812i005pr56abm2uendd7pobg!nc_n_webp_mw_1,五月Model Y✨24万+无痛提车太香了
6a5a06fa000000001003f1c5,https://sns-webpic-qc.xhscdn.com/202610010112/053e952d28d2e148ce7c08c6b79e3726/note_pre_post_uhdr/1040g3r8322njib43ms005ptljl0398lfnhs8nd8!nc_n_webp_mw_1,六座家用车🔥特斯拉Model Y L给到夯
6a585091000000000100cbda,https://sns-webpic-qc.xhscdn.com/202610010107/8cdbb1100a2d20d5081c2eb6729a2878/1040g008322ltvs4unk205psdppsinih6gsc75ug!nc_n_webp_mw_1,落地20.67w｜快银Model 3无痛提车‼️
6a3bb4700000000021014a29,https://sns-webpic-qc.xhscdn.com/202610010116/4746151b15433ce862dde735df755d20/1040g2sg321pvrrcunk005pp4oerndu79elrpnng!nc_n_webp_mw_1,24.27w入Model Y，6月趁还有赶快
6a2d37ae0000000021015ce3,https://sns-webpic-qc.xhscdn.com/202610010153/4fab6d1995c6696cbdd6ac730ccea95e/notes_uhdr/1040g3qo321br98qk7k005omblph3hkd8n0pgl40!nc_n_webp_mw_1,特斯拉Model 3：20.27w起！这波直接杀疯了！
6a6b0051000000000f030d38,https://sns-webpic-qc.xhscdn.com/202610010100/ef2dc83fd48b38fe4911ee467c785465/notes_pre_post/1040g3k832385vmt1n4705pgbcak1hno0jdq58o0!nc_n_webp_mw_1,8月无痛提车，20.27w提走Model 3
6a5f433e0000000010026ca7,https://sns-webpic-qc.xhscdn.com/202610010153/65dc2979e036a168748f37b4ffb0b07a/1040g2sg322sn600qnk6g5omblph3hkd86h163e8!nc_n_webp_mw_1,2026国补后，Model Y落地参考
6aa7bb680000000026020375,https://ci.xiaohongshu.com/1040g0083253fobbi2u005q4g8mkq5f7fpbsnbag?imageView2/2/w/1080/format/jpg,🪫特斯拉充电充80%还是100%？最低标准🤔🤔
6a5a0d89000000001003cbfa,https://sns-webpic-qc.xhscdn.com/202610010100/abf3823e99c24351bd92daf27f0a748b/notes_pre_post/1040g3k8322nkc8ei6s705pgbcak1hno091dmrs8!nc_n_webp_mw_1,国补后，20.35w提走Model 3
6a5a0150000000000f0116b0,https://sns-webpic-qc.xhscdn.com/202610010100/9b0d14d38e640f4a748c02d026336777/notes_pre_post/1040g3k0322nispqknk005pke1a2gu7nn3inns3o!nc_n_webp_mw_1,果断换车！4.59w 拿下 Model Y L 六座
6a4cc3540000000015025da7,https://sns-webpic-qc.xhscdn.com/202610010101/6775f714ad2b17a6655b7e9b5d417276/notes_pre_post/1040g3k0322aksjd9ne005ppuh3k7dt3vlp8kbag!nc_n_webp_mw_1,8月 黑色 Model Y｜现在落地23.55w🖤
6a0414360000000038020315,https://sns-webpic-qc.xhscdn.com/202610010154/5a1b4a4fe9da1c3df49ca5c23fb98195/note_pre_post_uhdr/1040g3r03203lju72ia0g5popndv7e4aatk48cl8!nc_n_webp_mw_1,🛑千万别凑全款！付5w💰教你“拿下”特斯拉
6a57afa9000000002100a989,https://sns-webpic-qc.xhscdn.com/202610010100/5ad59f79a0bd6d5e78952b572bd4fe81/1040g2sg322la8q35nueg5omq9s70vhnqkpibh00!nc_n_webp_mw_1,新购Model Y | 西安落地立省1w✨真的假的
699030e8000000001a0281bd,https://sns-webpic-qc.xhscdn.com/202610010155/a6e31809719db90a2b8deb2dbfcf99cb/1040g00831simb9d85s005pqkfvsndtr5vtcsa70!nc_n_webp_mw_1,春节焕新车🚗首付4.59w 开走Model 3
6a64409e000000001c01047d,https://sns-webpic-qc.xhscdn.com/202610010107/5a80f59901426442731d07f5bd579de5/notes_pre_post/1040g3k03231j2nel7ueg5q1p4q7nai2cm3tv0d0!nc_n_webp_mw_1,预算20w+，不内耗的女生直接冲Model Y
6a199041000000003502eee3,https://sns-webpic-qc.xhscdn.com/202610010100/40fa7bd32076cc1e73bf094803649f2d/note_pre_post_uhdr/1040g3r8320okt90u5e705pgbcak1hno08litd50!nc_n_webp_mw_1,00后男生，4.59w无痛提走Model Y！!
6a03e6b300000000350311b4,https://sns-webpic-qc.xhscdn.com/202610010104/03ceea5fd69be0c821579b3ccba7eb0b/notes_pre_post/1040g3k83203g0sudl4d05ppa09l730nal1gbmo0!nc_n_webp_mw_1,谁看到特斯拉白内不得急头白脸自拍两张📸
69f1ea6f000000001b022511,https://sns-webpic-qc.xhscdn.com/202610010155/b452c8d031db14e1248e53b25d45d459/notes_pre_post/1040g3k831vhtcmkeig7g5pqkfvsndtr5citf4l0!nc_n_webp_mw_1,🚗五一来大理，小特带您环洱海啦
6a435687000000000f0296cb,https://sns-webpic-qc.xhscdn.com/202610010104/af5714bfddf9452dc90bb21c6155a3d5/1040g2sg3221edc52707g5ppa09l730nam4l4pqo!nc_n_webp_mw_1,Model Y落地24.27w，女孩子首车闭眼冲
69ace558000000001d0123c6,https://sns-webpic-qc.xhscdn.com/202610010155/57933db5b6eee7878a45524a6766d550/notes_pre_post/1040g3k831teh63t8m8705pcanr6oi8eumcblvv8!nc_n_webp_mw_1,人生第一辆车，选它没错🚘💡
6a13db840000000007023cf6,https://sns-webpic-qc.xhscdn.com/202610010058/d428993e9f89d869c80daa1a52827e62/notes_uhdr/1040g3qg320j4g2d1me005pc6hnan4ql41hns0q8!nc_n_webp_mw_1,5月，青岛提Model Y，新出🉑叠加补补！！！
6a45c5f70000000021009425,https://sns-webpic-qc.xhscdn.com/202610010116/8693a0a6d9f06a8ea86dd3451745cd2f/notes_pre_post/1040g3k83223qdtn97ea05pp4oerndu79qgtuffg!nc_n_webp_mw_1,7月提六座Model Y L，价格大惊喜
699c27aa000000001a033e8f,https://sns-webpic-qc.xhscdn.com/202610010155/8714f8cd5a7930bd965c3e1a6a5a4b65/1040g2sg31su36rc35se05prn95k63hll9sf7v9o!nc_n_webp_mw_1,特斯拉全国购车补补到底怎么拿才划算？
6a007ba60000000035038c0a,https://sns-webpic-qc.xhscdn.com/202610010155/1a5173990ee02a97f092e3e55f4256e6/notes_pre_post/1040g3k0320055hmsis005q0at3pji3uhqt4evs0!nc_n_webp_mw_1,可以了，蓝色ModelY提车干到24w➕
6a0086b70000000036001ed2,https://sns-webpic-qc.xhscdn.com/202610010100/05a6114fed76bc7c381dbe5941a423b7/note_pre_post_uhdr/1040g3r832006k9h3l4705pgbcak1hno038832j0!nc_n_webp_mw_1,无痛提车！手付4.59W，提走Model Y
6a57048e0000000007021699,https://sns-webpic-qc.xhscdn.com/202610010101/491c3ee5b409c4d018d18b5fdc2aca51/notes_pre_post/1040g3k8322klgl25nu005pt5q9v2nkqqhqdt5c0!nc_n_webp_mw_1,手付4.59w提，这样的Model Y谁能拒绝？
6a0473c4000000003501cd5c,https://sns-webpic-qc.xhscdn.com/202610010155/c781c8f71b4f21753e8d1ff5d1ca5f0a/note_pre_post_uhdr/1040g3r0320417mo8hm005q0at3pji3uhppe9n50!nc_n_webp_mw_1,5月宁波，干到24w➕，白色model y提车啦
6aa2c6f50000000028030c1f,https://ci.xiaohongshu.com/1040g2sg324uktfkv37305q15m5ehjvrl5675qtg?imageView2/2/w/1080/format/jpg,电车细节太香了，特斯拉自动化减少空调异味
6a37ac96000000002201a4bd,https://sns-webpic-qc.xhscdn.com/202610010100/d4a0af1a639a312140e8ff76788e68c8/1040g008321m1ubbh70005pgbcak1hno0cgv91n8!nc_n_webp_mw_1,00后男生，20.67w提走Model 3
6a1afa230000000035023264,https://sns-webpic-qc.xhscdn.com/202610010155/b1a2cf0fffb0efe7fc03f3a261b94777/note_pre_post_uhdr/1040g3r0320q144q8lk005q0at3pji3uhv8jcac8!nc_n_webp_mw_1,10w提走model YL 6月必看
6a7c55610000000028006f40,https://sns-webpic-qc.xhscdn.com/202610010116/ee940ec70c0cd1ddcfe7df63521dde5e/note_pre_post_uhdr/1040g3r8323p3l16u7a005ovn1ep43vb7q7rqji0!nc_n_webp_mw_1,8月香惨了！24.35w起拿下Model Y
6a2b711d000000002202a366,https://sns-webpic-qc.xhscdn.com/202610010155/80ce78cce804d1a8417bbb23a916bbd7/note_pre_post_uhdr/1040g3r0321a3ls4574105q0at3pji3uhfr28880!nc_n_webp_mw_1,新购 公户补贴至高8k🔥手慢无
6a6d64210000000024024dcc,https://sns-webpic-qc.xhscdn.com/202610010121/c64962ac21dbac902e8878b277e86461/notes_pre_post/1040g3k0323afdj26n2005qh7qfsgfr01ksrmi7o!nc_n_webp_mw_1,女生第1️⃣台车✨Model 3新手太友好
6a41216a000000000f032ec1,https://sns-webpic-qc.xhscdn.com/202610010059/c5ec9186eec342ec82bcb1bb674c96c6/1040g008321v9chf1ms005pcee57oi1v4isrhing!nc_n_webp_mw_1,黑标Model Y｜23.57w真香！纠结党直接抄作业✨
6a2ecc370000000007027ea8,https://sns-webpic-qc.xhscdn.com/202610010109/39b887d8b78a01e5e688fb3b8123e8ee/note_pre_post_uhdr/1040g3r8321dcaksa7u005q1bc8l2nh4jq8g3h30!nc_n_webp_mw_1,🏵️ 提特斯拉Model3 补帖 暴击震撼来袭🙀
6a65b303000000001302f81f,https://sns-webpic-qc.xhscdn.com/202610010056/8cd277faee91efef886a52c838f45ce4/notes_pre_post/1040g3k032330a1qa7u005q484f7jdrhlscl1ga8!nc_n_webp_mw_1,手握10w预算买Model Y？真香警告！
6a5a0ab1000000001c00e7c1,https://sns-webpic-qc.xhscdn.com/202610010102/daa4eb9cbb999f4690b8a6f5040ebd1f/notes_pre_post/1040g3k8322r95m8a7o705pp8tn7n368tgujuh18!nc_n_webp_mw_1,理性购车指南：Model Y 为什么值得选
6a63127a000000001102f2a2,https://sns-webpic-qc.xhscdn.com/202610010104/3fabb20210bbb6232ace24cc76868fa2/note_pre_post_uhdr/1040g3r83230e757gn4005ppa09l730na3dik1o0!nc_n_webp_mw_1,00后提车Model 3｜月供2193真香
6a5a06af000000001c00d902,https://sns-webpic-qc.xhscdn.com/202610010107/2bbb69a793027a5df1fea22e6f2d09f3/notes_pre_post/1040g3k0322njh1kpnk205q1p4q7nai2c43ebpl0!nc_n_webp_mw_1,预算20W+的女生，Model 3直接拿下❗
6a07f3180000000008025aa6,https://ci.xiaohongshu.com/notes_pre_post/1040g3k03207eie0els2g5pgpdp4homabvc9262g?imageView2/2/w/1080/format/jpg,看车半小时，4.59w提走Model Y L
6a6098b9000000001d0232ef,https://sns-webpic-qc.xhscdn.com/202610010100/11c85066f3d4bccd1435054543dbbe48/notes_pre_post/1040g3k8322u0s6a1no705pke1a2gu7nnbv7j8m0!nc_n_webp_mw_1,四口之家换六座Model Y L，这性价比！
6a56504b0000000022018f93,https://sns-webpic-qc.xhscdn.com/202610010155/3dbab0b6fd8f022b2fed0dc0c9351820/1040g008322jv6b5n72705q0at3pji3uh9nblneg!nc_n_webp_mw_1,毕业🎓季4.59w｜价值解构派——花小钱，办大事
6a37ab290000000017029143,https://sns-webpic-qc.xhscdn.com/202610010100/672f1dec090a41173a15140ba849db24/1040g008321m1piv7na004b59m8tugratiau7190!nc_n_webp_mw_1,8w级拿下！奶白SUV才是颜值天花板✨
6a7986d100000000240258c9,https://sns-webpic-qc.xhscdn.com/202610010121/48b8fa394fbeced3af3df024aaf7ad6c/notes_pre_post/1040g3k0323mbs4cr72705qh7qfsgfr01ub92fdo!nc_n_webp_mw_1,00后本命年选车🌟闭眼冲特斯拉🚗
6a62f849000000001101bc22,https://sns-webpic-qc.xhscdn.com/202610010149/3b701c1f057988a01110880e22aaf7fb/1040g2sg322v1pfdfn4j05pqqvo4n3f9etgcorrg!nc_n_webp_mw_1,Model Y落地才24w+，姐妹们别犹豫了！
6a7efba80000000026034822,https://ci.xiaohongshu.com/1040g2sg323rmd87g0me05pgbcak1hno0mp49f40?imageView2/2/w/1080/format/jpg,‼️预算4.59W，适合男生开的六座SUV👉Model Y
6a48b7fd000000000702c0f5,https://sns-webpic-qc.xhscdn.com/202610010101/01e47673326e6ac0913c91145fc919b8/notes_pre_post/1040g3k03226mmg127o005pt5q9v2nkqq8nndvn0!nc_n_webp_mw_1,2026黑标Model Y落地价：24.27w直接提走
6a280c200000000006030885,https://sns-webpic-qc.xhscdn.com/202610010155/c7e6bad5d2fadd222d46721c377d30b9/1040g00832194nmikno005pp4oerndu79q6tbk88!nc_n_webp_mw_1,20.67w拿下Model 3，你来我就帮你算
6a780106000000003301fdb5,https://sns-webpic-qc.xhscdn.com/202610010100/9e395c613fc7aba5f964f94dbe1914ec/1040g008323ks4itoga0g5pgt3migu6q176ogkro!nc_n_webp_mw_1,95后女生开心提车🥳Model Y : 23.75w拿下
6a1c59e7000000000702bf79,https://sns-webpic-qc.xhscdn.com/202610010156/4443aac44372ea41b9304b2e3a5e5417/notes_pre_post/1040g3k8320rc3jvsls9g5pgiqci0uavnnaagqh8!nc_n_webp_mw_1,油车主换电车，Model Y家庭用车太绝了
6a1f98140000000007020d8f,https://sns-webpic-qc.xhscdn.com/202610010156/323f00d9365fe33ee6c15b32ca4a7c43/spectrum/1040g34o320uhduvj70005pgiqci0uavn1r9qjc0!nc_n_webp_mw_1,20.75 万提 Model 3！我真的激动到睡不着
6a632905000000000f0336ec,https://sns-webpic-qc.xhscdn.com/202610010104/a901af9d1c4ec2582c383ecce29572b0/notes_pre_post/1040g3k03230gut1tmu005pvef943i87446ffh7o!nc_n_webp_mw_1,清醒又独立的女生，请冲Model 3！！
6a8416e50000000027021474,https://sns-webpic-qc.xhscdn.com/202610010104/f7af71616bac3472153db2fdef53fb40/notes_pre_post/1040g3k03240m0jvm74005pvef943i874682u8k0!nc_n_webp_mw_1,04女生存款5w拿下Model 3是什么体验
6a27fc15000000000702ae16,https://sns-webpic-qc.xhscdn.com/202610010156/a1b511f96bd727eed74bc178ab80a4d7/notes_pre_post/1040g3k83216nnf3qna705pgiqci0uavn5o84o48!nc_n_webp_mw_1,6月提Model 3居然少花这么多
6a4b68ad0000000016027401,https://sns-webpic-qc.xhscdn.com/202610010158/1a8bd36ce420677e443a3c1b1bd2c443/1040g2sg3229amhlfna705qdine8som1dkt0078o!nc_n_webp_mw_1,国补后，黑标Model Y ： 23.27w
69f5d79100000000220240c5,https://sns-webpic-qc.xhscdn.com/202610010158/8201616adbd6f0ae988f1002eefba901/note_pre_post_uhdr/1040g3r831vloa54hjqcg5qe245md5bfe477oa1o!nc_n_webp_mw_1,别攒钱了！低首付拿下特斯拉Model Y
69beb042000000001a033019,https://sns-webpic-qc.xhscdn.com/202610010102/fa8a0c1b74f9de330ab8272eaecb589f/1040g00831tvsjohgn2005pooulu7e0uuom5nsjg!nc_n_webp_mw_1,谁说特斯拉烈焰红Model 3不帅的？
6a0170650000000007026f5b,https://sns-webpic-qc.xhscdn.com/202610010158/7f14e3474be01cd7f9dd8eaf0e66dfc4/note_pre_post_uhdr/1040g3r0320136jkqii005qe245md5bfeqhrvifg!nc_n_webp_mw_1,入手这个Model 3真的不亏！
6a119f5e000000003700d145,https://sns-webpic-qc.xhscdn.com/202610010105/44e7df22801fae54f4cf77dabcb7825a/1040g008320s2kd2f7k005q4ggc0n091128chu28!nc_n_webp_mw_1,手付5w月供2k，低压力开走Model 3
6a16df8b0000000007023b82,https://sns-webpic-qc.xhscdn.com/202610010158/03fb517a1400c917c1d1b1682a4129f3/1040g008320m0lvr8m8005qe245md5bfe9os1hko!nc_n_webp_mw_1,为什么5月一定要买Model 3🌟最低至20.45w！
68c552b3000000001d0030f5,https://sns-webpic-qc.xhscdn.com/202610010212/cb22753393e8cbb4b9b3670fcba28185/spectrum/1040g0k031mc9bj1g4s005pgpdp4homab6stusn8!nc_n_webp_prv_1,Model Y落地价：24.35W，还有机会
6a0d7e73000000000702743e,https://sns-webpic-qc.xhscdn.com/202610010215/9733aa3884f422d096bf5a027c8368cb/1040g2sg320crpbtn5m705pk1afo1ot5qnlo4qog!nc_n_webp_prv_1,特斯拉交付中心提车，发现破损！😡
69e1ffa5000000002003bbee,https://sns-webpic-qc.xhscdn.com/202610010059/1447f810811d8bc7dbb15544e4a135a5/notes_pre_post/1040g3k831v2cm4q1ia705ofnj7140iguhjbl3r0!nc_n_webp_mw_1,Model Y 五月购车📑建议收藏
68da434e000000001101ccde,https://sns-webpic-qc.xhscdn.com/202610010215/0d010d74437e3fd3b57e70abb05c1605/1040g00831n0qrgq2lm005p88agvkgg84driphb0!nc_n_webp_prv_1,假期直冲特斯拉，31.3W提了
69077fb40000000004010023,https://sns-webpic-qc.xhscdn.com/202610010215/6b4695d91b4d55c750c5a93162a3e318/1040g2sg31od0ffpq5m7g5ol6r066svvtlpjs2q0!nc_n_webp_mw_1,全国买特斯拉最多的省份！
6a49bc500000000021014031,https://sns-webpic-qc.xhscdn.com/202610010217/3dc989435f6ddff4f021986f27bd9c6d/1040g0083227makj7ne005pk1afo1ot5q5sa18m0!nc_n_webp_prv_1,下拉气囊盖鸣笛，藏在细节的顶级安全
69c25f7a0000000023017f61,https://sns-webpic-qc.xhscdn.com/202610010218/96cde643988785402786a72edea7476d/1040g00831u3gb3rci4005pmf3qh7e45drja76io!nc_n_webp_prv_1,谁懂啊！特斯拉这张“透视照”直接把我看懵了…
69fea85a0000000022026b32,https://sns-webpic-qc.xhscdn.com/202610010100/e029eb6c5fbad9021d9dac0948483aaf/1040g00831vun4k5r2q005pke1a2gu7nn93cj448!nc_n_webp_mw_1,起猛了？特斯拉Model Y：4.59w提车
69218c37000000001e03bf50,https://sns-webpic-qc.xhscdn.com/202610010218/676a02ce1198f93a39d8e101b9b6b066/notes_pre_post/1040g3k831p6ejanm2o705n5hv3ckit7t7e580qg!nc_n_webp_prv_1,工薪家庭，买Model Y L有压力吗？
6a0dbe7600000000080030ab,https://sns-webpic-qc.xhscdn.com/202610010158/8a81ce75b863e0cce14f45aa31163ab1/1040g008320d3ijl45s005qe245md5bfeuo65oag!nc_n_webp_mw_1,双胞胎Model Y星钻黑✨济宁落地价格
698fd907000000001a02bb42,https://sns-webpic-qc.xhscdn.com/202610010059/b914f47bf310afa0a25acea9492f22ac/notes_pre_post/1040g3k831si5cn6a5e2g5q1o0e87997noqmk380!nc_n_webp_mw_1,月供1.8k拿下！！珍珠白Model 3🤍
6a2298c80000000035032c59,https://sns-webpic-qc.xhscdn.com/202610010112/065d9146de73aae1c4653625f5a5326e/spectrum/1040g0k03211fbik6n41g5ptljl0398lfqrhi36o!nc_n_webp_mw_1,我等不了了，6月提Model 3：20w+
69f9d05a000000003501cd50,https://sns-webpic-qc.xhscdn.com/202610010100/d67d503497ea992e8d6022961d14eadd/note_pre_post_uhdr/1040g3r031vpklega2s0g5pgbcak1hno01aph0h0!nc_n_webp_mw_1,5月不等啦，Model 3👋付4，20W➕
69aba1b3000000001a030f05,https://sns-webpic-qc.xhscdn.com/202610010111/d2d51d84a23dcd95880ab0931a90b804/note_pre_post_uhdr/1040g3r031td9lfdn681g5po2d41nc3ptkon6970!nc_n_webp_mw_1,🚗 月入5K也能开特斯拉？这篇攻略建议收藏！
69da4415000000001b001faf,https://sns-webpic-qc.xhscdn.com/202610010100/d0f1a8263bee8d2ffd8f62cb1a3939a6/note_pre_post_uhdr/1040g3r831uqr0qf3hm705pgbcak1hno0gckr6h8!nc_n_webp_mw_1,太猛了！！日供70提走Model Y🧨
6a66d463000000000f014454,https://sns-webpic-qc.xhscdn.com/202610010058/36c78931526b32261e647144de1a84a0/1040g00832343ka6v72005q4g8mkq5f7fqmb2hco!nc_n_webp_mw_1,00后刚工作的看过来｜🈷️供2193上车
69cf8c5d000000001d01fed0,https://sns-webpic-qc.xhscdn.com/202610010103/6ea653b46e93f8fc400f38d17350c179/notes_pre_post/1040g3k031ugc1rlnj4305q1o0e87997ns0d2260!nc_n_webp_mw_1,预算25个，不内耗的男生冲Model Y
6a81c5ec0000000006004b5c,https://sns-webpic-qc.xhscdn.com/202610010117/1caf0151872b3dca07db8c8f520fc899/1040g2sg323udj0gf7ki05p9kj7uhgo66pkrl7vo!nc_n_webp_mw_1,八月不容错过，Model Y23.47w开走
69ff19990000000035031afe,https://sns-webpic-qc.xhscdn.com/202610010102/cc08e08d94748bfbac1901fc87aaa843/1040g2sg31vuq1dj0l6705pl0io693k6fu31dk08!nc_n_webp_mw_1,4.59w开走，全新黑标星钻黑Model Y
69cf1b7e000000001f00175c,https://sns-webpic-qc.xhscdn.com/202610010112/be966c5d22b6b4a0cfe36d4cf9709ec0/spectrum/1040g0k031uemvijej6005ptljl0398lfhgtu7l0!nc_n_webp_mw_1,最终选了白色Model Y，太对了
6a24d26d000000000803394a,https://sns-webpic-qc.xhscdn.com/202610010109/40e7e3088d6e9f1652d9136edee00c91/notes_pre_post/1040g3k03213ksglq7k005q1bc8l2nh4jcn3d5eg!nc_n_webp_mw_1,特斯拉7月金融方案别搞混❗
6a7030ef0000000025004162,https://sns-webpic-qc.xhscdn.com/202610010114/122235ee79cdacb8ad97c9bb42ce1406/notes_uhdr/1040g3qg323d86udj0a005popndv7e4aav79dse8!nc_n_webp_mw_1,婚后第1️⃣台车怎么选？Model Y👋付4.59w开走
6a61a8c6000000000f0304d2,https://sns-webpic-qc.xhscdn.com/202610010148/2f09e0c489a13a841d14d1ae78f41bbd/notes_pre_post/1040g3k8322v21u3tn29g5p8h5selsevonq8nb08!nc_n_webp_mw_1,女宝拿下商务SUV：Model Y✨
69f317750000000022027b5c,https://sns-webpic-qc.xhscdn.com/202610010059/3f9a9a8c0594cd723d40400385dfa758/notes_pre_post/1040g3k031vj2qdr7ii1g5pgpdp4homab95b8930!nc_n_webp_mw_1,特斯拉Model Y黑武士：24W+提走
6a87c0dd000000002500c562,https://sns-webpic-qc.xhscdn.com/202610010149/e7e9f424bc83209554a9a16706dc8985/notes_pre_post/1040g3k83243adsdfn4905pqqvo4n3f9ecq4hsig!nc_n_webp_mw_1,河南二胎家庭4.59w置换Model Y L
6a3d0cbf0000000007027523,https://sns-webpic-qc.xhscdn.com/202610010153/dce8f4404f15104ead53fbc68f763f1a/notes_uhdr/1040g3qo321ra1esj7u705omblph3hkd8o1uprs0!nc_n_webp_mw_1,Model 3落地20.67w|六月最后一周
6aa695eb000000002803ab8c,https://ci.xiaohongshu.com/1040g0083252bu1mg2s005pvef943i874801ssuo?imageView2/2/w/1080/format/jpg,西安的新购补补竟然…这么好领？😨太划算了吧
69f53cfd000000002003a2c4,https://sns-webpic-qc.xhscdn.com/202610010109/2787d2c11532760697e133ee20aa4ddd/note_pre_post_uhdr/1040g3r831vl5k59pii005q1bc8l2nh4jribcl08!nc_n_webp_mw_1,焕新款Model3 蕞新 资讯🚨💥🗣️
6a1468760000000038020472,https://sns-webpic-qc.xhscdn.com/202610010117/4c4a2c6db0447c5972facb5754c58536/notes_uhdr/1040g3qg320jjvpkcls005pllhtnnc5fvdirihgg!nc_n_webp_mw_1,来，看23w➕的特斯拉Model Y！👀
6a574865000000002100be97,https://sns-webpic-qc.xhscdn.com/202610010059/606096e4ce08b25ac461865e308cfc11/note_pre_post_uhdr/1040g3r8322ktq2rkno005ofnj7140igumibbvh8!nc_n_webp_mw_1,油换电👋付不花一分钱？因为我选了特斯拉！
6a54a2840000000022017eeb,https://sns-webpic-qc.xhscdn.com/202610010100/7038b7d0fcadda57bc86dd07aad054dc/notes_pre_post/1040g3k0322i812vg7e305omq9s70vhnqvlbqs20!nc_n_webp_mw_1,长期主义选车 | 落地24.27w拿下Model Y🚘
6a7d87d90000000029032180,https://sns-webpic-qc.xhscdn.com/202610010121/911b1ae1128da5cf50de351b1fcc7f5c/notes_pre_post/1040g3k8323q8o6vmn4705qb87pkdtgsthgsula8!nc_n_webp_mw_1,斩男又斩女💜Model 3：20.02w
6a3feecb000000002102392c,https://sns-webpic-qc.xhscdn.com/202610010104/4c16094793449fb0f8ac7b5a54bcda1c/notes_uhdr/1040g3qg321u44hos7o005pr56abm2uenmt23jo8!nc_n_webp_mw_1,价格曼妙：Model 3 20w+谁要
6a6f0a70000000002403df5f,https://sns-webpic-qc.xhscdn.com/202610010107/787d6346558d36e551dd81b9b5a60ca8/notes_pre_post/1040g3k0323c40pbj0a0g5ngi1b3g8uc4l36lrh8!nc_n_webp_mw_1,🔥西安特斯拉购车窗口期来了｜多重补贴梳理
6a44aabc00000000060372a9,https://sns-webpic-qc.xhscdn.com/202610010118/890aa0df75cc92a88de6ca68ac264e01/1040g2sg322ac2tv1noeg5q6q3faob6dbsi15oa8!nc_n_webp_mw_1,Model3八月政策解读【超详细建议收藏】
6a58664f000000000503a848,https://sns-webpic-qc.xhscdn.com/202610010149/423eb8b068234cb058dc85f950898b1c/spectrum/1040g34o322m0giuln2105pqqvo4n3f9e1icst90!nc_n_webp_mw_1,快银Model 3｜刚毕业女生的梦中情车
6a572002000000001702f19b,https://sns-webpic-qc.xhscdn.com/202610010103/e2f3a5d670bc30cf089ac08fd4db3dc8/notes_pre_post/1040g3k8322kolqc6007g5pk51p2junhflo01hp8!nc_n_webp_mw_1,无痛提走Model Y：24.55w | 油车置换的来
6a6c838200000000290332b7,https://sns-webpic-qc.xhscdn.com/202610010057/380c0f4700255dcbac12d12fd3487b51/notes_pre_post/1040g3k03239l93qa743g5q4lra7a0m1q0old9f0!nc_n_webp_mw_1,全家一起提，六座Model Y L：4.59w
6a563b4a0000000007013e0d,https://sns-webpic-qc.xhscdn.com/202610010103/ef28e5ed0d001ec8246ee31811111ce3/1040g008322s770fn7u005oqsvru654691f89ik0!nc_n_webp_mw_1,7月国补，24.27w轻松拿下Model Y
6a6c187b0000000005021908,https://sns-webpic-qc.xhscdn.com/202610010111/fd778f5e33d6cd448c6800fb334d9f60/note_pre_post_uhdr/1040g3r8323983fiq7a005puej59392c2mpnr56g!nc_n_webp_mw_1,8月提车太香了😍Model 3裸车19.87w起💪
6a38e2b90000000006036d13,https://sns-webpic-qc.xhscdn.com/202610010112/552ebe7265048e3d312c5d42f7956807/notes_pre_post/1040g3k8321n7ah4anu005p9bk65qjdq1j0i21io!nc_n_webp_mw_1,手付4.59w｜落地20.67w，轻松提Model 3
6a86cc7c0000000033012216,https://sns-webpic-qc.xhscdn.com/202610010149/f85601f6ade66f323e4ad3c69e3a68e9/notes_pre_post/1040g3k83243adsdfn4705pqqvo4n3f9ehc53gfg!nc_n_webp_mw_1,在河南，20w预算我就敢提Model 3
6a6b535a0000000033033ffc,https://sns-webpic-qc.xhscdn.com/202610010116/321bafb0196632acabdeb19032e9213b/notes_pre_post/1040g3k03238g1mrqna3g5ovn1ep43vb769o0k68!nc_n_webp_mw_1,年轻家庭👋选｜手付4.59w开Model Y
6a6c1024000000002c0070d4,https://sns-webpic-qc.xhscdn.com/202610010112/34d7d4e68d934f39f36769abfa1d46f3/notes_pre_post/1040g3k832384q2ni7k405p9bk65qjdq1ssq8qg8!nc_n_webp_mw_1,8月，24.27w开Mode Y回家！
6a2997740000000007010d8a,https://sns-webpic-qc.xhscdn.com/202610010148/403098efc2d918e4d50976aac9727dea/1040g2sg32189ttog7ue05otmu12ptaegvoltvvo!nc_n_webp_mw_1,特斯拉Model YL落地价格详细讲解
696cbf73000000001a02938c,https://sns-webpic-qc.xhscdn.com/202610010112/91989ef080aef3aa9e616b6acb78929e/1040g00831rfshu2k7u005p82qsuln3tncg7bh1o!nc_n_webp_mw_1,✨ 1月18号刚提车！Model Y 落地价太香了🔥
69a1b52f000000001a01c392,https://sns-webpic-qc.xhscdn.com/202610010109/5b8686d44bfd58f7014c6ee9e448d73a/notes_pre_post/1040g3k831tca6kg1m8705pueon73lpn6qpv25qo!nc_n_webp_mw_1,21w多拿下Model 3！南京用车党狂喜💥
6a34eabd0000000008032afc,https://sns-webpic-qc.xhscdn.com/202610010059/b05ab2c86cc4c4b5fbc12295331db480/notes_pre_post/1040g3k0321jbr09ana005p88agvkgg84771pqro!nc_n_webp_mw_1,2026国补太爽了，20w+提Model 3
6a51f3340000000006035b02,https://sns-webpic-qc.xhscdn.com/202610010103/3efaac4e6f074bf01665f2e5d7e52b0b/1040g008322n4jtuh7k605oqsvru65469og0e6ho!nc_n_webp_mw_1,这波赚了，月2k+就能拿走Model 3
6a0d6af50000000006022687,https://sns-webpic-qc.xhscdn.com/202610010112/e62b21fd23c11c07ef35abc2d2c8fae8/notes_pre_post/1040g3k0320cp2s44lse05p9bk65qjdq1sstr3eo!nc_n_webp_mw_1,Model Y：24.27w｜5w手付无痛提车
6a82bee70000000033030fdb,https://sns-webpic-qc.xhscdn.com/202610010101/684779b2455c8d20353d766205419f5f/1040g008323vas5g0nk005q19pcd3i8u5ib8lano!nc_n_webp_mw_1,怀化/邵阳/永州可试特斯拉✨新能源🏆来啦
6a37904a000000001702b11d,https://sns-webpic-qc.xhscdn.com/202610010105/7ef26d2b4394277646814ce22a469157/note_pre_post_uhdr/1040g3r0321lrs574no3g5q4j3fg82aong1t63io!nc_n_webp_mw_1,“2026国补”后，Model Y落地明细
6a3b9d2e000000001102ec53,https://sns-webpic-qc.xhscdn.com/202610010121/b923b21a3467d786f26a758acf4df0c6/note_pre_post_uhdr/1040g3r0321pt56ls70005q4gasga5qkoc2754ko!nc_n_webp_mw_1,爽了！4.59w手付提走Model 3
6a7c1996000000002501709e,https://sns-webpic-qc.xhscdn.com/202610010058/b0627a8bc5c1902fd2310f87a2320c33/notes_pre_post/1040g3k8323os9vnu7u905oq5d3nmbm0u13fpc08!nc_n_webp_mw_1,月薪8k，Model Y一月养车用了多少？
6a8052ff000000002800892d,https://sns-webpic-qc.xhscdn.com/202610010101/df914ee7d9e62dc64e80704569034864/note_pre_post_uhdr/1040g3r8323svnbvsnk005q19pcd3i8u5ae287a8!nc_n_webp_mw_1,选纯电轿车在长沙✨Model3真的很适合通勤党～
6a3528e2000000001700ad81,https://sns-webpic-qc.xhscdn.com/202610010109/c4a03b6536282cf374f9dfe64ea9b8a9/1040g008321jjdmoo7o004b1d8f8obkela7griqo!nc_n_webp_mw_1,珍珠白黑标 Model Y 夯爆了 24.35起！
6a3baa2e000000000f030dcb,https://sns-webpic-qc.xhscdn.com/202610010104/47515bccc5d1090e33342b0aad23abbf/notes_pre_post/1040g3k8321pu8klbmu9g5ppa09l730nafsqkjdg!nc_n_webp_mw_1,Model Y L目前30出头就能提，速度来！
69e9939d000000001b023fdc,https://sns-webpic-qc.xhscdn.com/202610010112/4d7e4e5e3cca6b9d3668fccd21123d24/notes_pre_post/1040g3k831v8ntnqdia305p9bk65qjdq1a5e6u40!nc_n_webp_mw_1,只教一次，Model 3怎么买zui划算？
6a794ba6000000002701fc77,https://sns-webpic-qc.xhscdn.com/202610010058/3053305ce6f161809ae551db2bd7ab08/notes_pre_post/1040g3k0323m4mcqf0o005oq5d3nmbm0un3eei1g!nc_n_webp_mw_1,00后女生买电车，Model 3新购补8550太香！
6a5df79e000000000f0282a1,https://sns-webpic-qc.xhscdn.com/202610010102/1d00722b2b1cb72b9cee640732854b55/1040g008322ren2j96u1g5pl0io693k6fm5n7sfg!nc_n_webp_mw_1,粉色特斯拉Model 3🎀：19.87w提走
6a5f3cfc000000002201a344,https://sns-webpic-qc.xhscdn.com/202610010104/914ef4600fefb1b68b48ad78d699eba3/notes_pre_post/1040g3k8322smc5a2n4005pvef943i8742c7ton8!nc_n_webp_mw_1,7月补补倒计时！Model 3裸车20.67w直接开走
6a696cae000000001d02007d,https://sns-webpic-qc.xhscdn.com/202610010153/0729f162a887ece5914746fe3ef03328/notes_pre_post/1040g3k83236knitb02005omblph3hkd81g202b0!nc_n_webp_mw_1,预算15w左右的00后，闭眼冲Model 3
6a5cdbb6000000001d0227a7,https://sns-webpic-qc.xhscdn.com/202610010104/7f19bfd24044382373763c6dbbe8a68c/notes_pre_post/1040g3k0322qc1tqj7k005pr56abm2uen3rfo4ng!nc_n_webp_mw_1,国补后，20w+提走Model 3
6a5cca66000000000f00a1a2,https://sns-webpic-qc.xhscdn.com/202610010107/0d780298d1facf187743946829007d67/note_pre_post_uhdr/1040g3r0322q9tnhlna005q1p4q7nai2c55ca1h8!nc_n_webp_mw_1,不是买不起，只是Model3更有性价比
6980c68f0000000022021373,https://ci.xiaohongshu.com/notes_pre_post/1040g3k831s3ecjce5s8g5popndv7e4aa8c2asfo?imageView2/2/w/1080/format/jpg,不卷虚的！常州特斯拉 福利拉满💖
69be11a5000000001e00f707,https://sns-webpic-qc.xhscdn.com/202610010059/24e3f36f2151d8ff6733eb0051ed04e5/notes_pre_post/1040g3k831tv9q2ju7qcg5pgpdp4homab6bip5kg!nc_n_webp_mw_1,Model 3黑武士降临！！太帅了！日供82拿下
69b94e22000000002200d20c,https://sns-webpic-qc.xhscdn.com/202610010100/63ded5c206b2e35e0f75cb2a6949bce5/1040g2sg31tqkuma06ie05pgbcak1hno0tn01rbo!nc_n_webp_mw_1,三月 Model 3太香了！手付4.59W月供1.7k开走
699db89b000000001600819f,https://sns-webpic-qc.xhscdn.com/202610010112/aa9886999b9ef7edd6e5e9d2f118b4e3/1040g2sg31svms85t62e05oip5n48c1u0ktuktj0!nc_n_webp_mw_1,月💕5k也能开特斯拉？Model Y月贡惊呆我！🚗
6a7e9fdd000000002803329f,https://sns-webpic-qc.xhscdn.com/202610010116/1744830bd57422c5473501e36d953684/1040g2sg323rb7fmnnae05ovn1ep43vb7vp6qr58!nc_n_webp_mw_1,无痛换新车！Model Y落地24.77w起可冲
6a685eca000000000101cd0f,https://sns-webpic-qc.xhscdn.com/202610010103/1da2b3ce6054a0352d473905f23f44ee/notes_pre_post/1040g3k83235jo632no705pk51p2junhfdiv2oc0!nc_n_webp_mw_1,2026入手Model Y：落地24.27w
6a0312d50000000038023bc4,https://sns-webpic-qc.xhscdn.com/202610010109/2598cdcfbb1b09723299d077fbae6ab7/notes_pre_post/1040g3k03202m84r92q004b1d8f8obkeld0tqfc8!nc_n_webp_mw_1,是谁的梦中情车？是我的特斯拉！
6a71acec000000002403ee38,https://sns-webpic-qc.xhscdn.com/202610010114/b3d7a92841a0a61e9557070349c00fc5/notes_pre_post/1040g3k8323emiea00a705popndv7e4aa0o0q6d8!nc_n_webp_mw_1,00后女生8月Model Y：23.87w起
6a520e1c000000001702f217,https://sns-webpic-qc.xhscdn.com/202610010105/81807f89c4a1cd1883a06a6116db20b8/notes_uhdr/1040g3qo322fqeng57a705q4j3fg82aon7v1k0cg!nc_n_webp_mw_1,4w+开走Model YL｜干货明细进来看看
6a04327c0000000038034273,https://sns-webpic-qc.xhscdn.com/202610010110/0f85ea19933baeb249d50eaffb372499/note_pre_post_uhdr/1040g3r83203pbn692ae05pg2o3iipqc6la1parg!nc_n_webp_mw_1,太香了❗️手付5w多开特斯拉？每月2千出头！
6a23b46c000000000702d922,https://sns-webpic-qc.xhscdn.com/202610010059/459ab375be44900eb701ea7968648b77/notes_pre_post/1040g3k83212i08mcnoa05pgpdp4homabs3k9a00!nc_n_webp_mw_1,00后女生🎀靠自己是最大的底气
6a4230ee00000000080254c2,https://sns-webpic-qc.xhscdn.com/202610010104/9a1d151e9988f515331d3c2600f64d70/notes_pre_post/1040g3k03220aausl7e005pr56abm2uen4rfp8mo!nc_n_webp_mw_1,毕业生砖属补补！月2193拿下特斯拉
69e1e328000000001a0287e5,https://sns-webpic-qc.xhscdn.com/202610010059/0b3ee23705e8b84720c787db460cc16a/spectrum/1040g0k031v294oml3u005n5hv3ckit7t9hvo0o8!nc_n_webp_mw_1,Model Y不到5w可提！！方案放这了
6979ad0300000000210337d8,https://sns-webpic-qc.xhscdn.com/202610010059/1e46ea6f6b9cde33914cba5a3bfaef9d/spectrum/1040g0k031rsgg7rk24005n5hv3ckit7t5g7e168!nc_n_webp_mw_1,不好的我不发，Model 3新年给力价
69ec4415000000003502d6df,https://sns-webpic-qc.xhscdn.com/202610010103/64d8ace862cfc83090d6f6e003738839/notes_pre_post/1040g3k831vcdekc0jqag5pgpdp4homab3a07q30!nc_n_webp_mw_1,4月，Model 3：日供82开走了！！
6a40ecee0000000007023c35,https://sns-webpic-qc.xhscdn.com/202610010059/668507f9dac27d94ea9ff6ea6eb7a7b7/note_pre_post_uhdr/1040g3r8321v34ckmno0g5ofnj7140iguk7rh0io!nc_n_webp_mw_1,我的梦中情车：Model 3 手付4.59w
6a8414ef00000000260362a1,https://sns-webpic-qc.xhscdn.com/202610010121/8f8a40515e687be2b4ac85c68e0eacdf/note_pre_post_uhdr/1040g3r83240locl5n4705qh7qfsgfr01f366oj0!nc_n_webp_mw_1,8.20特斯拉辽阳试驾会官宣
6a4c815e000000001702b4f3,https://sns-webpic-qc.xhscdn.com/202610010114/b370835336071eba4745b23c0086ddf9/note_pre_post_uhdr/1040g3r8322ad08uenu705popndv7e4aao9rbai0!nc_n_webp_mw_1,7月政策来啦，Model 3落地20.67w
6a700646000000002202c826,https://sns-webpic-qc.xhscdn.com/202610010058/109267bf867c6ae718e1754d18b1eeaf/notes_pre_post/1040g3k0323d2t95h7u705pc6hnan4ql4gsrqljg!nc_n_webp_mw_1,8月太夯了！！Model Y:23.87w
6a4f5d9c000000002103d7e4,https://sns-webpic-qc.xhscdn.com/202610010100/1061c4d435b7e45208ffffe9e2bdeb27/notes_uhdr/1040g3qg322d6db6vnk2g5pgt3migu6q1robgbdg!nc_n_webp_mw_1,纠结党速进：黑标Model Y 23.97w
6aafc84a000000000d02792f,https://ci.xiaohongshu.com/1040g008325b9nhrll6005pqagf8733lq2bi17sg?imageView2/2/w/1080/format/jpg,还在开空调？特斯拉自然风才是秋天的神🐮
6a928878000000002400721a,https://ci.xiaohongshu.com/notes_pre_post/1040g3k8324dm927m72e05ptljl0398lffvp0mc8?imageView2/2/w/1080/format/jpg,🚨9月好给力啊！Model 3，20w起啊!!
6aa3ceb8000000002902ea7d,https://ci.xiaohongshu.com/notes_pre_post/1040g3k8324vl3l8bj0705pgbcak1hno04galo00?imageView2/2/w/1080/format/jpg,就趁现在！Model Y:22.57w起
69cb347e000000001b001d17,https://ci.xiaohongshu.com/1040g00831uc4cdd8j4005q4g8mkq5f7fviuck9g?imageView2/2/w/1080/format/jpg,盲区再见👋，特斯拉后视镜这样调
68e6588600000000050123aa,https://ci.xiaohongshu.com/notes_pre_post/1040g3k831ncke7p1lma05q1bc8l2nh4jm46isq0?imageView2/2/w/1080/format/jpg,来喽🚙特斯拉无限流量如何包 教程来喽🏎️
6ab132c40000000031017d0b,https://ci.xiaohongshu.com/notes_pre_post/1040g3k8325cnlaij4e705pk51p2junhfv2esrkg?imageView2/2/w/1080/format/jpg,杭州🔥Model 3：19.47w起【全国可提】
6a152a00000000003601b963,https://ci.xiaohongshu.com/notes_pre_post/1040g3k8320kbe6f262l05popndv7e4aa1o1tgm0?imageView2/2/w/1080/format/jpg,终究是20个w提了特斯拉❗️
6a893ec30000000028028948,https://ci.xiaohongshu.com/notes_pre_post/1040g3k03245u0gu7n2005ppopcu7dgopmo75boo?imageView2/2/w/1080/format/jpg,特斯拉召回｜车主不用慌✅大部分不用跑店！
6ab3402e000000001a0325af,https://ci.xiaohongshu.com/notes_pre_post/1040g3k0325enjgplkq205pc6hnan4ql4eqg7nng?imageView2/2/w/1080/format/jpg,Model Y 高性能版💙超多细节图大赏！太帅了！
6ab2a6340000000001008cb0,https://ci.xiaohongshu.com/notes_uhdr/1040g3qg325e50mkkke005puej59392c20f3p9ng?imageView2/2/w/1080/format/jpg,九月现车，珍珠白Model Y，23W➕直接提🚗
69605df7000000000e03d45d,https://ci.xiaohongshu.com/notes_pre_post/1040g3k831r3pmj7f7ucg5psi5443994lqjt8l10?imageView2/2/w/1080/format/jpg,2026江苏置换补贴保姆级攻略来啦！
6a11074c0000000035039df9,https://ci.xiaohongshu.com/notes_uhdr/1040g3qo320glnv2olc005pl0io693k6fccbb708?imageView2/2/w/1080/format/jpg,Model 3提车，国补后：20w+
69240e52000000001e00dc99,https://ci.xiaohongshu.com/1040g00831p8suvpoi6005q4g8mkq5f7fbetku6g?imageView2/2/w/1080/format/jpg,🚗✨特斯拉基础版辅助驾驶使用教学来啦！
6aad25190000000026009f84,https://ci.xiaohongshu.com/notes_pre_post/1040g3k83258ot6ae4k9g5omq9s70vhnq5va96bo?imageView2/2/w/1080/format/jpg,2026特斯拉新工服已上身♥️9月真的夯爆了
69c3a18f000000002102d0be,https://ci.xiaohongshu.com/note_pre_post_uhdr/1040g3r031u4njkio2q005pooulu7e0uuuo8ib1g?imageView2/2/w/1080/format/jpg,济南Model Y落地价：24W+，还有戏
6a729ff1000000002603572b,https://ci.xiaohongshu.com/notes_pre_post/1040g3k0323fk7gln6s0g5pl0io693k6fg8oc250?imageView2/2/w/1080/format/jpg,9月，Model Y：22.57w，香惨了
6a4a1a430000000021023a4b,https://ci.xiaohongshu.com/note_pre_post_uhdr/1040g3r032281tj3ine005q7n8sftoq2u9fav8ko?imageView2/2/w/1080/format/jpg,等等党胜利啦！！Model Y：24.27w起
6a479b90000000001101e99e,https://ci.xiaohongshu.com/notes_pre_post/1040g3k03225jtb6qms005qa0r290q3v3rgt47t0?imageView2/2/w/1080/format/jpg,03年女孩入手Model 3 半年花銷大揭秘！
6a2c01c8000000002202b7a8,https://ci.xiaohongshu.com/notes_uhdr/1040g3qo321alelct72805pl0io693k6fcj9i6t0?imageView2/2/w/1080/format/jpg,黑标Model Y：23.17w，纠结党速进！
6a992e540000000011032dec,https://ci.xiaohongshu.com/note_pre_post_uhdr/1040g3r0324l8fuk4ga005pslqvkh9d2khmukrvo?imageView2/2/w/1080/format/jpg,20.02w起Model3，00后第一台车就它了🚗
69d86924000000001b00293b,https://ci.xiaohongshu.com/spectrum/1040g34o31up11v6g1u0g5oq5d3nmbm0ud4379pg?imageView2/2/w/1080/format/jpg,月入6k｜打工人养Model3 月支出
6a9d888a0000000012003494,https://ci.xiaohongshu.com/1040g2sg324pgsuirmu705pvef943i874mln64vg?imageView2/2/w/1080/format/jpg,特斯拉又一个自动化❗️减少空调无意义启动
6aa8eb73000000002700b729,https://ci.xiaohongshu.com/notes_pre_post/1040g3k03254kulaa2u005p8h5selsevonnvkgf8?imageView2/2/w/1080/format/jpg,有没有漳州宝宝想试驾Model Y呀？
6a41172300000000150246d3,https://ci.xiaohongshu.com/notes_pre_post/1040g3k0321v85885ne005q4j3fg82aons1tl118?imageView2/2/w/1080/format/jpg,9月国补后｜Model 3：19w+
6a1f9d21000000003501c972,https://ci.xiaohongshu.com/spectrum/1040g34o320uhumsc6s005pp0ia57dlf3hsakur8?imageView2/2/w/1080/format/jpg,喜提爱车！Model 3 20.75w
6a7fe454000000002500c9e6,https://ci.xiaohongshu.com/notes_pre_post/1040g3k0323rv3puvga605q4i7jpa5cruar3j62o?imageView2/2/w/1080/format/jpg,九月提车｜Model Y落地价干到23w➕🔥
6aacb000000000002b025865,https://ci.xiaohongshu.com/1040g0083258aok55ke005p9bk65qjdq19i5tqeo?imageView2/2/w/1080/format/jpg,9月又猛又兴奋！Model Y：22.57w起
6aa643580000000029011bd9,https://ci.xiaohongshu.com/1040g2sg32521uf4kiu705qb87pkdtgstgvtl150?imageView2/2/w/1080/format/jpg,1️⃣条视频教会你看行车辅助线‼️
6a46327f000000002100af92,https://ci.xiaohongshu.com/notes_pre_post/1040g3k832247l4b4nu105q4j4cma18tefj1cmt8?imageView2/2/w/1080/format/jpg,今年首次！浙江叠加补贴来了？？？
6a696785000000000f0049eb,https://ci.xiaohongshu.com/1040g0083236k2lto72005q1o0e87997nts0jof0?imageView2/2/w/1080/format/jpg,00后男生开Model 3一年花费多少？
6a3c97ee0000000011010561,https://ci.xiaohongshu.com/1040g2sg321qtjjbnn2e05q4lra7a0m1qcik5hao?imageView2/2/w/1080/format/jpg,国补后，黑标Model Y ： 23.62w
6a6f39550000000025004e2e,https://ci.xiaohongshu.com/note_pre_post_uhdr/1040g3r8323c9uuu67u005qdine8som1dlauo1g8?imageView2/2/w/1080/format/jpg,西安补贴又又➕金额了💰
6aa0f302000000002600ae27,https://ci.xiaohongshu.com/note_pre_post_uhdr/1040g3r8324sro2qsji705psi5443994lr4os6lg?imageView2/2/w/1080/format/jpg,9月，Model Y：19.95w起🔥
6a03dfea0000000035024c10,https://ci.xiaohongshu.com/note_pre_post_uhdr/1040g3r83203f8nd6l4705pl0io693k6f45drs28?imageView2/2/w/1080/format/jpg,预算4.59w，男生女生都冲Model 3！
6a75afce000000002c006384,https://ci.xiaohongshu.com/note_pre_post_uhdr/1040g3r8323ijomqjnab05pgpdp4homabigos9n0?imageView2/2/w/1080/format/jpg,00后男生，19.47w提走Model 3
6aaeabc8000000002b0021b7,https://ci.xiaohongshu.com/notes_pre_post/1040g3k8325a8h009l0e05pko023gubtq88u64bo?imageView2/2/w/1080/format/jpg,9月购车明细Model3:19.47w起
6a5389bc000000000702cc7c,https://ci.xiaohongshu.com/1040g2sg322h8nnmfne005ofnj7140igu33f8bp8?imageView2/2/w/1080/format/jpg,空调频繁开关？只需一招教你搞定！
6a881f430000000014029aa2,https://ci.xiaohongshu.com/1040g2sg3244jr7pn0oe05pvnrso3iacvenbcin8?imageView2/2/w/1080/format/jpg,预算15w左右的 95后，闭眼冲Model 3 ！
69841e45000000000a02eed2,https://ci.xiaohongshu.com/notes_pre_post/1040g3k831s6qhiulle0g5p8h5selsevoi4sa6hg?imageView2/2/w/1080/format/jpg,福建特斯拉招人啦！和有趣团队一起快乐工作
69f1b61d0000000023005711,https://ci.xiaohongshu.com/1040g2sg31vhnn0bviae05ofnj7140igus42p79g?imageView2/2/w/1080/format/jpg,特斯拉内饰二选一！浅灰耐看 VS 白内显贵
6957e5ce000000001e02151f,https://ci.xiaohongshu.com/notes_uhdr/1040g3qg31qrh1dtvga005puej59392c2bplv76g?imageView2/2/w/1080/format/jpg,24W抄底拿下🥳过年美美开上特斯拉Model Y🚗
6ab368c0000000001303f600,https://ci.xiaohongshu.com/1040g2sg325esnb1jkee05psdppsinih6bapb9k8?imageView2/2/w/1080/format/jpg,终于知道为什么这么多人选六座Model Y L
6878d1ac000000000d0182b3,https://ci.xiaohongshu.com/1040g00831k1lp1asia205pl0io693k6fkjftoh0?imageView2/2/w/1080/format/jpg,9月，白色焕新Model Y，23.95W提走了
69b69fe8000000002301fec0,https://ci.xiaohongshu.com/notes_pre_post/1040g3k031to0vti478005q1bc8l2nh4jehhkl6g?imageView2/2/w/1080/format/jpg,ModelY 在宁波如何享受叠加5k 教程
6a0da7d8000000000803ddbe,https://ci.xiaohongshu.com/1040g008320bockudlm0g5q484f7jdrhlnq4coao?imageView2/2/w/1080/format/jpg,特斯拉卡片钥匙丢了？这篇救了我！
6a8ac42200000000280203da,https://ci.xiaohongshu.com/1040g2sg32476guslnkeg5omq9s70vhnq0lb8ct8?imageView2/2/w/1080/format/jpg,我的天🤦西安买特斯拉这么便宜了吗❓
6a995eb6000000000d027be7,https://ci.xiaohongshu.com/notes_uhdr/1040g3qg324lf1b3j7u005pq3u677dgo2srqio2g?imageView2/2/w/1080/format/jpg,Model 3烈焰红这么帅，为啥路上很少见？
6a216af4000000002101a561,https://ci.xiaohongshu.com/notes_pre_post/1040g3k8320vq9eognk005pc6hnan4ql4aoh1s70?imageView2/2/w/1080/format/jpg,9🈷️，青岛提Model Y，简直香迷糊了！
6a67220d000000000f01db1b,https://ci.xiaohongshu.com/1040g2sg3234d0kqh72e05pl0io693k6f8unl21o?imageView2/2/w/1080/format/jpg,9月，Model 3：19.47w
69a79c1d000000001a02860b,https://ci.xiaohongshu.com/notes_pre_post/1040g3k031t9bqr7i5s8g5ovn1ep43vb7cb40iu0?imageView2/2/w/1080/format/jpg,女生首车攻略：高颜值Model Y 24w+拿下！
6a759f97000000003300c0a1,https://ci.xiaohongshu.com/note_pre_post_uhdr/1040g3r0323ihtmt6nu705q7n8sftoq2u7p026do?imageView2/2/w/1080/format/jpg,9月，黑标Model Y：22.57w起
6a866ea300000000080122a2,https://ci.xiaohongshu.com/notes_pre_post/1040g3k03242ujql3nu005n5hv3ckit7tt4q964g?imageView2/2/w/1080/format/jpg,8月入Model Y，23.62w直接拿下
6aa7d88e000000000b00d57d,https://ci.xiaohongshu.com/notes_pre_post/1040g3k83253i4tunjo705pc6hnan4ql45crqra8?imageView2/2/w/1080/format/jpg,Model 3开了3w公里，说点真心话
6a0300940000000035027f17,https://ci.xiaohongshu.com/notes_pre_post/1040g3k83202k04dcl6705pvef943i87419fka18?imageView2/2/w/1080/format/jpg,5月买车月！Model Y L4.59W开走
6a13c633000000003502e7cb,https://ci.xiaohongshu.com/1040g2sg320j04gdklce05pl0io693k6fbr70h88?imageView2/2/w/1080/format/jpg,沉浸式提车｜特斯拉Model 3！（可参考！）
6a44f95a000000001700b1b7,https://ci.xiaohongshu.com/1040g2sg32231kb7k7ue05ppuh3k7dt3vgnh18fo?imageView2/2/w/1080/format/jpg,特斯拉方向盘两侧滚轮，你真的会用吗❗️❓
6a21100d0000000008002c81,https://ci.xiaohongshu.com/note_pre_post_uhdr/1040g3r8320vvaahkna305pp4oerndu79binp278?imageView2/2/w/1080/format/jpg,9月无痛提车，Model Y落地24w+
6aafc27b000000000d0255fc,https://ci.xiaohongshu.com/notes_pre_post/1040g3k0325bana9e4e0g5pp0ia57dlf326n3sjo?imageView2/2/w/1080/format/jpg,✨上海看未来出行｜特斯拉Cybercab全国首秀来
6a33aaf0000000000702f2ce,https://ci.xiaohongshu.com/note_pre_post_uhdr/1040g3r0321i4q5vc7o005q7n8sftoq2uggleqto?imageView2/2/w/1080/format/jpg,00后女生，4.59w无痛提走Model 3！！
6a6f4649000000002701f3e9,https://ci.xiaohongshu.com/1040g2sg323cbeouc7ue05q7n8sftoq2u98smhvo?imageView2/2/w/1080/format/jpg,00后女生开特斯拉Model Y一年要花多少？
6a8bf015000000002802cc44,https://ci.xiaohongshu.com/1040g2sg3248b6sr3gme05q4g8mkq5f7fdi5276o?imageView2/2/w/1080/format/jpg,算笔账｜23.97w提车Model Y
6a9fb216000000002502e0cb,https://ci.xiaohongshu.com/notes_pre_post/1040g3k0324rkl0mf2m1g5qdine8som1daj7cfb0?imageView2/2/w/1080/format/jpg,全家投白色，我偏选特斯拉冰河蓝！
6a2bcc16000000003503b7fc,https://ci.xiaohongshu.com/notes_pre_post/1040g3k8321ae8cm0nebg5pgpdp4homabmoljb10?imageView2/2/w/1080/format/jpg,9月购车明细📑Model 3：19.47w起
6a8ff0e500000000260359c7,https://ci.xiaohongshu.com/1040g008324avs8unmu005ptljl0398lf7cb0kj8?imageView2/2/w/1080/format/jpg,特斯拉车上的几个隐藏彩蛋玩法 🌈
6a2423e70000000022023c13,https://ci.xiaohongshu.com/1040g0083212vk256n2005pvef943i8740gqgi70?imageView2/2/w/1080/format/jpg,西安的宝 补补又升级啦！！！
6a7ad1b50000000025003f3f,https://ci.xiaohongshu.com/notes_pre_post/1040g3k0323nk7dion2005p8h5selsevoc9r35f8?imageView2/2/w/1080/format/jpg,漳州有没有想试驾Model 3 ModelY的宝宝呀！
6a56e93a000000002003a51c,https://ci.xiaohongshu.com/1040g008322m3ckvu00005pp4oerndu79frh2l68?imageView2/2/w/1080/format/jpg,ModeI Y到手仅24.27W？手把手教你算！
6a8524b50000000005028fcd,https://ci.xiaohongshu.com/1040g2sg3241mmrtega6g5pk51p2junhfk9p3kn8?imageView2/2/w/1080/format/jpg,Model Y一年用车成本💰低到离谱啊😧
6a6dbc92000000002800a7c1,https://ci.xiaohongshu.com/note_pre_post_uhdr/1040g3r8323areom20al05pgpdp4homab0ej1jt0?imageView2/2/w/1080/format/jpg,Model 3每天70块，开走爱车
6a3e1e180000000006037371,https://ci.xiaohongshu.com/note_pre_post_uhdr/1040g3r0321sbcpednue05q7n8sftoq2u5k281p0?imageView2/2/w/1080/format/jpg,2026全新黑标Model Y：22.57w
6aafbb3f000000002600ad0e,https://ci.xiaohongshu.com/1040g2sg325f0fatg5ee05oqsvru65469o8d9800?imageView2/2/w/1080/format/jpg,提车一个月，全家彻底离不开Model YL了
6a4120e40000000015024368,https://ci.xiaohongshu.com/note_pre_post_uhdr/1040g3r0321v9eib1no005psdppsinih6utori2o?imageView2/2/w/1080/format/jpg,沉浸式体验2026年，黑标Model Y
6a818f1e0000000028002f40,https://ci.xiaohongshu.com/notes_pre_post/1040g3k0323u6ui6k7k105q4j4cma18tec94p90g?imageView2/2/w/1080/format/jpg,8月太猛了｜Model 3:20.02w
6a8960c9000000002901811c,https://ci.xiaohongshu.com/1040g0083245r23ec0m005qb87pkdtgstnk592ug?imageView2/2/w/1080/format/jpg,一条视频讲清楚Model Y（超详细）
6a84457b000000003300c5c1,https://ci.xiaohongshu.com/notes_pre_post/1040g3k83240ri9ge7k405pp4oerndu7961dqi08?imageView2/2/w/1080/format/jpg,听说没人选这个颜色的ModelY？
69c676190000000023013664,https://ci.xiaohongshu.com/notes_pre_post/1040g3k831u7g2q6khs0g5q4gasga5qkogmgrfqg?imageView2/2/w/1080/format/jpg,重庆找工作｜特斯拉销售岗直招🚗✨
6aa4d2ff0000000012025096,https://ci.xiaohongshu.com/notes_uhdr/1040g3qg3250kvq592s005q3gme6ngg641to4g08?imageView2/2/w/1080/format/jpg,省2w+！99年女生提Model 3啦！
695b3237000000001d03a55f,https://ci.xiaohongshu.com/1040g00831quo32ae6u005q4g8mkq5f7fvucdo5g?imageView2/2/w/1080/format/jpg,重要安全功能⚠️特斯拉紧急开门全指南🔐
69d10f0f00000000220291dd,https://ci.xiaohongshu.com/notes_pre_post/1040g3k031ugc1rlnj4605q1o0e87997nalt6nrg?imageView2/2/w/1080/format/jpg,Model 3：手付4.59w开走！！
6987ff9700000000090393c2,https://sns-webpic-qc.xhscdn.com/202610010212/c57096d700fb310f178186dacdcf7574/1040g2sg31safvgtr5ae05pbkb2uo6rlh63tcph0!nc_n_webp_prv_1,AMAZING🫶🏼特斯拉员工新春福利马甲
6a644ca1000000000f02b9ce,https://ci.xiaohongshu.com/notes_pre_post/1040g3k03231khbb1ms005pgbcak1hno0q1asuf8?imageView2/2/w/1080/format/jpg,Model Y每月2691，无痛提车！
6982f57a000000002103136f,https://sns-webpic-qc.xhscdn.com/202610010112/2a40173e0a341336cb4eb240a229a79a/spectrum/1040g34o31s5ijgmmlc405p9bk65qjdq1m24prdg!nc_n_webp_mw_1,开Model Y这半年，用了多少钱？
6971f4af000000001a030a7a,https://sns-webpic-qc.xhscdn.com/202610010214/064a90ce70c1d339a4c1b8583c2f0250/1040g00831rkv9v2h2s0g5otmu12ptaegl3jrnvo!nc_n_webp_prv_1,买特斯拉落地价格跟优惠视频快速讲解
69c35c46000000001d01bfb7,https://sns-webpic-qc.xhscdn.com/202610010214/04551e96fd853b163b36a808092ecbd7/1040g2sg31u4f65omhus05pl0io693k6fjbbk6s8!nc_n_webp_prv_1,特斯拉功能讲解干货篇（超详细）
68fcb1b40000000004016a3c,https://sns-webpic-qc.xhscdn.com/202610010214/88e1619efee6f269267f75a2a4cac2ea/notes_pre_post/1040g3k831o2eklkplm8g5p88agvkgg84ford7n0!nc_n_webp_prv_1,预算20个，不内耗的女生冲Model 3
6a47315a0000000006020363,https://sns-webpic-qc.xhscdn.com/202610010101/c016efa53305bd78ea28c94d0cb1451a/1040g2sg32256spvnnke05pt5q9v2nkqqf5fgag0!nc_n_webp_mw_1,7月无痛提车，黑标Model Y落地价23.47w
6861203f0000000012023b8f,https://sns-webpic-qc.xhscdn.com/202610010217/c92052594370cb5019785498c0509502/notes_pre_post/1040g3k031jahc3de2o005pg4sko1hhls7f7p9gg!nc_n_webp_prv_1,上海开Model 3回老家，500公里续航实测
6955118a000000001f00a256,https://sns-webpic-qc.xhscdn.com/202610010219/504d2c1e9037cd9a3f1458c58b05a7a2/notes_uhdr/1040g3qg31qook74bga0g5pgt3migu6q1kql4ik0!nc_n_webp_mw_1,新年24万+拿下dream car🚗！！！
6a1aeb7600000000070235be,https://sns-webpic-qc.xhscdn.com/202610010059/cd7e8b8dc170e999b02ee9aa0699e376/1040g008320pveo1962005pgpdp4homab1g3dl2o!nc_n_webp_mw_1,Model 3和Model Y的区别📝（熬夜整理版）
6a9e4c94000000002b012296,https://ci.xiaohongshu.com/note_pre_post_uhdr/1040g3r0324q92mhuga705prn95k63hlled2s4ao?imageView2/2/w/1080/format/jpg,疯了！特斯拉补贴Model3 4W，Y 3.7W
69e73ee7000000001e00ea26,https://sns-webpic-qc.xhscdn.com/202610010059/7944e1c9a11a6f61d3458b407904050c/notes_pre_post/1040g3k831v7g9mas2i805n5hv3ckit7tap9v7c0!nc_n_webp_mw_1,长期主义选车，25w内就是Model Y
6976d8b60000000021032947,https://sns-webpic-qc.xhscdn.com/202610010059/f3a94d21b74c4812b9c042fbd68a7581/spectrum/1040g34o31rj9oadfi4105pgpdp4homab6dtid3g!nc_n_webp_mw_1,太猛了💥月供2.2k提了Model Y
6a9e261e00000000280313fc,https://ci.xiaohongshu.com/1040g008324q6v2uvgo7g5pp4oerndu79euc3dno?imageView2/2/w/1080/format/jpg,9月限时减5000，Model 3这波低至19.77w起
69b2c816000000000601e7e9,https://sns-webpic-qc.xhscdn.com/202610010112/74f3d35dfd3436106460a25e56fd6904/note_pre_post_uhdr/1040g3r031tk8uvhnn80g5p82qsuln3tnonre4rg!nc_n_webp_mw_1,2026年准备买 Model YL 的朋友⬇️
69a845ed000000000e03c139,https://ci.xiaohongshu.com/notes_pre_post/1040g3k031ta0lgjr5s005pr56abm2uensd3gmm8?imageView2/2/w/1080/format/jpg,特斯拉Model X 官方试驾车｜快问快答🔥
6957bb55000000001e02e456,https://sns-webpic-qc.xhscdn.com/202610010101/eac605a6949593ae84afdae3e82f2da3/note_pre_post_uhdr/1040g3r031qrb8tpf7g2g5pvndri3lkud96om2e8!nc_n_webp_mw_1,特斯拉福🌰来袭！这样买省1.5w购置
69ec8170000000001a0369a9,https://sns-webpic-qc.xhscdn.com/202610010112/bcb870854c399bff8ff39e48dfd14995/notes_pre_post/1040g3k031vcdpqa0ig5g5q7n8sftoq2u3fi8i38!nc_n_webp_mw_1,Model Y L月供：3985，我忍不了了！！
698545b5000000000e03daf7,https://ci.xiaohongshu.com/notes_pre_post/1040g3k831s7qt86dlk2g5q484f7jdrhlncnqe5o?imageView2/2/w/1080/format/jpg,⚡真香预警！特斯拉新购补补申请指南来喽❗
698d3bf4000000001d011d58,https://sns-webpic-qc.xhscdn.com/202610010059/26d6316c80ee6c555e442a99622cc17d/spectrum/1040g34o31sfjnirjl8405n5hv3ckit7t3c5bs4o!nc_n_webp_mw_1,95后独居男生，开Model 3是什么体验？
69d89fd8000000001a034c93,https://sns-webpic-qc.xhscdn.com/202610010059/db92a759ee4ecdefc8841653a3466bd3/notes_pre_post/1040g3k031up6jsd8ia505pgpdp4homabgi994b8!nc_n_webp_mw_1,我等不了了！！Model Y L:3985月供
69f6b7ac0000000022029ee3,https://sns-webpic-qc.xhscdn.com/202610010112/15766a2a0c23d40cb750d5b9482ac85c/1040g00831vmk0tnjia005q7n8sftoq2uo8uakuo!nc_n_webp_mw_1,2026全新Model Y黑标24w落地，超惊喜！
6a798e6e00000000320329d6,https://sns-webpic-qc.xhscdn.com/202610010149/af4288329156ae2368dbb1ec00d7170a/notes_pre_post/1040g3k0323mcm9dr6u005pqqvo4n3f9e3smgqq0!nc_n_webp_mw_1,提车一个月，终于知道为什么都选Model Y了
69a985d1000000000e03ee00,https://sns-webpic-qc.xhscdn.com/202610010117/aa9cd44882fe14a3bd9abd25e667d2d3/notes_pre_post/1040g3k831tb7o9aplk705pgiqci0uavn10a0il0!nc_n_webp_mw_1,Model 3 五月购车明细表📑建议收藏
6ab0c7830000000031001af1,https://ci.xiaohongshu.com/1040g008325caeto14k005q484f7jdrhleqh8fv8?imageView2/2/w/1080/format/jpg,特斯拉导航隐藏设置，99%的车主都不知道！
6aafe9b7000000002802cda9,https://ci.xiaohongshu.com/1040g008325bffiorl6705pp0ia57dlf3vpevrb0?imageView2/2/w/1080/format/jpg,9月又猛又兴奋！Model Y：21.57w起
6aafb6d60000000029011809,https://ci.xiaohongshu.com/1040g008325b990je46005ptg2di3jlc7mn959po?imageView2/2/w/1080/format/jpg,中秋限定｜特斯拉月饼礼盒开箱🥮🎑
69759611000000001a0267dd,https://sns-webpic-qc.xhscdn.com/202610010059/8e64e6eea1a01c9814c4f486e9a81944/notes_pre_post/1040g3k831rnbalh5ia8g5n5hv3ckit7tkqcrei8!nc_n_webp_mw_1,真宝宝巴士｜Model Y L有多靠谱？
6aa0f87a000000002b00055f,https://ci.xiaohongshu.com/1040g008324ssd1aeji005q15m5ehjvrlul7mb58?imageView2/2/w/1080/format/jpg,特斯拉刚提完就优慧1万，有些心里话想说
68e20ed0000000000500139c,https://ci.xiaohongshu.com/1040g00831n8ed3kqmm005q484f7jdrhl17lg75o?imageView2/2/w/1080/format/jpg,特斯拉充电盖板5种开启方式，新手速码💡
6ab3ae01000000001203d89d,https://ci.xiaohongshu.com/1040g2sg325et2vk258eg5pl0io693k6fleqt238?imageView2/2/w/1080/format/jpg,这就是你不考驾照的理由吗？Cybercab
6ab3a687000000001b030066,https://ci.xiaohongshu.com/1040g008325f47o1ike005pt5q9v2nkqq1jra70g?imageView2/2/w/1080/format/jpg,Model Y高性能版，这车什么水平！？
697a2dce000000000b0122cd,https://ci.xiaohongshu.com/1040g00831rsvvg0pi2005p8h5selsevofautp2o?imageView2/2/w/1080/format/jpg,特斯拉内部推荐来啦！一起快乐工作吧～
6ab3a131000000001402de22,https://ci.xiaohongshu.com/notes_pre_post/1040g3k8325f3l6qc508g5p11pkhkiehsscvei4g?imageView2/2/w/1080/format/jpg,终于等到你！Model Y Performance帅惨了~
6ab3609f000000001500878d,https://ci.xiaohongshu.com/1040g008325er494g4c705q4g8mkq5f7f62vu3a0?imageView2/2/w/1080/format/jpg,⚡️3.5秒破百弹射起步！Model YP实车登场
6ab3516d000000001303ff95,https://ci.xiaohongshu.com/1040g2sg325ept3mhl0005popndv7e4aagbvu598?imageView2/2/w/1080/format/jpg,Model Y Performance实车！帅无需多言😎
6a08086d000000000800107c,https://ci.xiaohongshu.com/1040g2sg3207h7j4j68005ovn1ep43vb7egisem8?imageView2/2/w/1080/format/jpg,$noteTitle
69736af2000000000b01136f,https://ci.xiaohongshu.com/notes_pre_post/1040g3k831rmd005922705pqqvo4n3f9e3kt8ks0?imageView2/2/w/1080/format/jpg,重生之我是特斯拉销冠
6a0c334b0000000035029246,https://ci.xiaohongshu.com/1040g2sg320bjer7omie05q4g8mkq5f7ft6kjpr8?imageView2/2/w/1080/format/jpg,特斯拉车主必看！告别手动切换，手机靠近解锁
6a9e98f6000000002a02e1c6,https://ci.xiaohongshu.com/notes_uhdr/1040g3qo324qn6fnnig705pc6hnan4ql47i9iino?imageView2/2/w/1080/format/jpg,9🈷️又猛又兴奋！Model Y：22:65w起
6aa9038a000000002603149c,https://ci.xiaohongshu.com/notes_pre_post/1040g3k83254ns9g1jc705oq5d3nmbm0urcl34d0?imageView2/2/w/1080/format/jpg,国补后Model 3：19.55w起，谁还没冲？！
69ccdc6a000000001f0017a4,https://ci.xiaohongshu.com/notes_pre_post/1040g3k831udo4nvu2o805pp4oerndu790burheg?imageView2/2/w/1080/format/jpg,特斯拉官方招聘开始啦，找我急速进！急急急
6aa90624000000002900e70b,https://ci.xiaohongshu.com/1040g2sg3254o5s7s2se05q4g8mkq5f7f7qeqv70?imageView2/2/w/1080/format/jpg,🚗看完直接告别停车恐惧症！90%车主都看错了
6aaba3180000000026022dab,https://ci.xiaohongshu.com/notes_pre_post/1040g3k032579seack80g5pbp6af85ps0lo8q3b8?imageView2/2/w/1080/format/jpg,特斯拉首展！也是坐上Cybercab了！
6a69868e000000001f01c7d3,https://ci.xiaohongshu.com/notes_pre_post/1040g3k03236nqftpnu705q7n8sftoq2urgm49d8?imageView2/2/w/1080/format/jpg,2026国补后，20.27w提走Model 3
6a75b5540000000025001f5d,https://ci.xiaohongshu.com/1040g2sg323ikk4oemue05qb87pkdtgst2kbo8lg?imageView2/2/w/1080/format/jpg,沉浸式体验Model Y L（建议调大音量🔊）
6a9a745e000000002601e3ee,https://ci.xiaohongshu.com/note_pre_post_uhdr/1040g3r0324mgr7fb0a105q7n8sftoq2u12o12f0?imageView2/2/w/1080/format/jpg,9月，黑标Model Y：22.57w起
6a9b9ea70000000011038af2,https://ci.xiaohongshu.com/1040g2sg324nl9eh11ge05q4lra7a0m1qdp9gpj0?imageView2/2/w/1080/format/jpg,9月！Model 3蕞新政策解读来啦
6aa8fd14000000002a0070aa,https://ci.xiaohongshu.com/notes_pre_post/1040g3k03254n3c9iju005q1bc8l2nh4jehcnu38?imageView2/2/w/1080/format/jpg,9月国补后，Model 3：19.47w起
69f0b200000000001a0372bd,https://ci.xiaohongshu.com/1040g00831vgnhn442q0g5prn95k63hllq6mr378?imageView2/2/w/1080/format/jpg,Model Y浅灰色内饰，你们会选嘛？
6aa625f70000000028038fe4,https://ci.xiaohongshu.com/notes_pre_post/1040g3k83251ub29430005q4lra7a0m1q7a7f38o?imageView2/2/w/1080/format/jpg,夫妻车完美的组合，一大一小🌈
6aa537010000000028038297,https://ci.xiaohongshu.com/1040g2sg32510sp853o705pgpdp4homabbon9ef0?imageView2/2/w/1080/format/jpg,特斯拉隐藏技巧｜防剐蹭减少99%
6a9418e700000000030288b0,https://ci.xiaohongshu.com/1040g008324ga66u57k005prn95k63hll5s3mjv8?imageView2/2/w/1080/format/jpg,特斯拉网上没赢过，现实没输过
6aa4e3ed000000000b036188,https://ci.xiaohongshu.com/1040g0083250n0mpv3u005q484f7jdrhl81qstpg?imageView2/2/w/1080/format/jpg,特斯拉停车后大灯如何自动关闭?
6a101dfa000000000702aa46,https://ci.xiaohongshu.com/notes_pre_post/1040g3k0320fdqlvblm005q7n8sftoq2uptucl50?imageView2/2/w/1080/format/jpg,4.59w提走网红Model Y L，明细一览
6a76a374000000003300f2e5,https://ci.xiaohongshu.com/notes_pre_post/1040g3k8323jhlnp0nu705q4j4cma18te1aeph68?imageView2/2/w/1080/format/jpg,浙江限定😭千呼万唤的8月购车叠加补补返场！
6a9e35f9000000000b037658,https://ci.xiaohongshu.com/notes_pre_post/1040g3k0324q696ssnk1g5n5hv3ckit7tm8jgpl0?imageView2/2/w/1080/format/jpg,限时➖1w，Model Y价格新低：22.57w起
6aa124490000000027015931,https://ci.xiaohongshu.com/note_pre_post_uhdr/1040g3r0324t1saa6ju005pt5q9v2nkqqpuv9400?imageView2/2/w/1080/format/jpg,广东 | 黑标Model 3：19w+起
6a75fef20000000027022dd6,https://ci.xiaohongshu.com/1040g008323jj2blj74005pvef943i874uc1skfg?imageView2/2/w/1080/format/jpg,我的客户来西安提车就是这么省心！！💕
6a9d6f2c0000000028038914,https://ci.xiaohongshu.com/1040g008324pe1a6lmu005q4lra7a0m1qlr2cfq0?imageView2/2/w/1080/format/jpg,不冷不热的秋天到了，特斯拉空调怎么开？
6a0c2bae0000000038037d13,https://ci.xiaohongshu.com/note_pre_post_uhdr/1040g3r8320bihlml68705oo9necjoqjv9d4gbf8?imageView2/2/w/1080/format/jpg,特斯拉车主必冲🔥超充直接干到0.57元/度
6a0ed8c600000000350237c7,https://ci.xiaohongshu.com/note_pre_post_uhdr/1040g3r8320e651roli005pl0io693k6faaquqa8?imageView2/2/w/1080/format/jpg,国补后，Model Y落地：24.27W
6a2bbf1f00000000350383f6,https://ci.xiaohongshu.com/notes_pre_post/1040g3k0321ad9im96u505q1o0e87997nicqvdl8?imageView2/2/w/1080/format/jpg,黑标Model Y：23.57w，等等党速进！
6a7afb6d0000000005033147,https://ci.xiaohongshu.com/notes_pre_post/1040g3k8323npc49jga705pooulu7e0uubh38lgg?imageView2/2/w/1080/format/jpg,9月Model 3，济南裸车19.77w！
6a709e1b000000002403d786,https://ci.xiaohongshu.com/note_pre_post_uhdr/1040g3r0323dlga5d7k005p9kj7uhgo66ub7tlo0?imageView2/2/w/1080/format/jpg,成都8月购车补补来了！蕞高可领1万元
6a97e8e30000000028036be7,https://ci.xiaohongshu.com/notes_pre_post/1040g3k0324jt3e3b72005pl0io693k6feaolns8?imageView2/2/w/1080/format/jpg,9月，Model 3：19.97w起
6aa76abc0000000012027514,https://ci.xiaohongshu.com/notes_pre_post/1040g3k032535rabs40e05pvef943i874fnu1298?imageView2/2/w/1080/format/jpg,运损特斯拉 3.Y各一台 手慢无😨
6a4765eb0000000016024891,https://ci.xiaohongshu.com/1040g2sg32257clkqneeg5oo9necjoqjvdbqu4o0?imageView2/2/w/1080/format/jpg,02年特斯拉销冠🎀不拼运气，我是怎么做到的
6aa6742f0000000012036982,https://ci.xiaohongshu.com/notes_pre_post/1040g3k032527p33g40005ptg2di3jlc7v051aso?imageView2/2/w/1080/format/jpg,大家快帮帮我！Model Y到底选黑还是白😭
69a2823c0000000028023388,https://ci.xiaohongshu.com/1040g00831t4ccp38lk305ovn1ep43vb7o0dbo5o?imageView2/2/w/1080/format/jpg,🌴别在海南看海了，来特斯拉我们一起“加速”
6a313dcb000000002101a416,https://ci.xiaohongshu.com/1040g008321fp13rono005pgiqci0uavnsjhceu8?imageView2/2/w/1080/format/jpg,特斯拉Model 3：19.97w起！简直太香了！
6a4a53130000000015024170,https://ci.xiaohongshu.com/notes_pre_post/1040g3k032288qk3q7u105q4j3fg82aonspbt7r8?imageView2/2/w/1080/format/jpg,夯爆了！00后女生，20.67w提走Model 3
6a8156ac00000000330112e8,https://ci.xiaohongshu.com/notes_uhdr/1040g3qo323u029mpna705puej59392c2oblcsvg?imageView2/2/w/1080/format/jpg,八月国补后👉Model Y：23.97w
6a9e0be6000000002601aee2,https://ci.xiaohongshu.com/note_pre_post_uhdr/1040g3r0324q1h94b0o005puej59392c25f4bpno?imageView2/2/w/1080/format/jpg,特斯拉9月限时激励：Model Y减1W，Model 3➖5K
6aab5ca6000000002a02495c,https://ci.xiaohongshu.com/1040g2sg325717nvdkk705pp4oerndu799g5rjv8?imageView2/2/w/1080/format/jpg,开了多年油车，为什么选择换Model 3
69bc9b1b0000000021007164,https://ci.xiaohongshu.com/1040g2sg31tts4c01h8005q4g8mkq5f7fqhgi5p0?imageView2/2/w/1080/format/jpg,🤔特斯拉车主必看！行车记录仪使用攻略
6a5a101f000000001f01e63b,https://ci.xiaohongshu.com/1040g008322nkm0jh00005pgpdp4homab7srqlgo?imageView2/2/w/1080/format/jpg,偶遇Model 3好帅啊！！每天73开走～
6a731d47000000003301ca4e,https://ci.xiaohongshu.com/notes_pre_post/1040g3k8323g3fp520a705pp4oerndu79b2pq4fg?imageView2/2/w/1080/format/jpg,特斯拉六座Model Y L，8月这个价开走~
6a7d422c0000000025005bdf,https://ci.xiaohongshu.com/notes_pre_post/1040g3k0323q0h4fsna005pk51p2junhfu0kn88g?imageView2/2/w/1080/format/jpg,8月新政 | 黑标Model Y：23.87w起
6a86d7e700000000170033e1,https://ci.xiaohongshu.com/1040g0083243c08oo720g5pvef943i87480pv700?imageView2/2/w/1080/format/jpg,原来买第一台车选特斯拉这么划算啊😭
6a95535c0000000008012402,https://ci.xiaohongshu.com/1040g2sg324hgklpsmu005pl0io693k6fj7se5mo?imageView2/2/w/1080/format/jpg,震惊！！浙江买特斯拉立省3.1w🥹
69a5aa21000000000d00befb,https://sns-webpic-qc.xhscdn.com/202610010112/4e45ae0635c9a48568c7824383e44115/1040g00831t7f58bs5m005q7n8sftoq2uiohu7qg!nc_n_webp_mw_1,Model Y两大更新！值不值得买？
6a126e55000000000702cd49,https://ci.xiaohongshu.com/notes_uhdr/1040g3qg320hm6na96e705p11pkhkiehs3rua798?imageView2/2/w/1080/format/jpg,2026年上海买Model 3到底要花多少钱？
6a6d713e00000000280300fe,https://ci.xiaohongshu.com/notes_pre_post/1040g3k832399eo20nkag5q484f7jdrhl0v55pj0?imageView2/2/w/1080/format/jpg,特斯拉九月有啥优惠，第1️⃣时间拆解！
68c15f06000000001c00beae,https://ci.xiaohongshu.com/note_pre_post_uhdr/1040g3r831m8g285cm8905pc6hnan4ql4bfs2u78?imageView2/2/w/1080/format/jpg,11月，在山东23w提走Model Y是真的香
695cbf39000000001a02d0cc,https://sns-webpic-qc.xhscdn.com/202610010059/18f6d4e711cd40b351d92a570e71fba7/notes_pre_post/1040g3k831r0865ni7o905n5hv3ckit7tb1h7890!nc_n_webp_mw_1,2026 ｜ Model Y怎么买？来看！
695c85c5000000001a0247fb,https://sns-webpic-qc.xhscdn.com/202610010101/11d9cd7f15b55ea933a2a5acd0206355/notes_pre_post/1040g3k831r01d8ni7o0g5pvndri3lkudka8s2d8!nc_n_webp_mw_1,特斯拉一月福🌰！！手付7.99w月付1.9k开走
690dabf4000000000700cdde,https://ci.xiaohongshu.com/notes_uhdr/1040g3qo31sdcaudp58705pl0io693k6foc41dm8?imageView2/2/w/1080/format/jpg,起猛了，杭州2月特斯拉低西政ce来啦！
695f7a97000000001a0310f8,https://sns-webpic-qc.xhscdn.com/202610010103/ff2ba9a98dd52dc55037235888cbe94f/spectrum/1040g34o31r2tr9b3mu405q1o0e87997nln4g8ko!nc_n_webp_mw_1,25W+，你会考虑特斯拉Model Y吗？
695c740a000000001a01d60f,https://sns-webpic-qc.xhscdn.com/202610010106/62fabfbb631f97fd3fefb6bb5495343a/notes_pre_post/1040g3k831qvts4rf7u005ovjlmmk3m90jnp5puo!nc_n_webp_mw_1,特斯拉2026年重bang消息！放福🌰！
69538fd3000000001e027855,https://sns-webpic-qc.xhscdn.com/202610010059/55a128122b79a24b1dfd0f502e963715/notes_pre_post/1040g3k831qm20rrtga505p88agvkgg84mjrhrf0!nc_n_webp_mw_1,2026年可以入特斯拉吗？
6969a33d000000001a034b48,https://sns-webpic-qc.xhscdn.com/202610010059/8c8edf0a56707252c6eae5a2833a91d2/notes_pre_post/1040g3k831rbp835pg07g5n5hv3ckit7t2iuosh0!nc_n_webp_mw_1,Model Y L这么火，它是有原因的！
69364654000000001f00dc0d,https://sns-webpic-qc.xhscdn.com/202610010107/d6fc507ae72f51c7132dc9b424a6947b/1040g00831pqmai0nkg005q4cihvn07ssuas4lr8!nc_n_webp_mw_1,颜值即正义，操控见真章🚘#Model 3
69645b44000000001a02ac7f,https://sns-webpic-qc.xhscdn.com/202610010218/4571a38e188c6bab4f165b774b6843ca/1040g2sg31r7lkotf00705n5iq0l46tkpsgbcnio!nc_n_webp_mw_1,🚗特斯拉Model 3内饰｜2026暖心升级❗️
6974630b000000001a037c1c,https://sns-webpic-qc.xhscdn.com/202610010059/7ffd04d6a97ab252b34000d51be723c0/notes_pre_post/1040g3k831rnbalh5ia7g5n5hv3ckit7t5gt1t78!nc_n_webp_mw_1,年轻人想买Model 3，现在是好时机
6975e7da000000000d00b68d,https://sns-webpic-qc.xhscdn.com/202610010058/68ca0330c90e9d4312e7a0830e0a6509/spectrum/1040g34o31rj9p4pd243g5oq5d3nmbm0um6c8ttg!nc_n_webp_mw_1,Model Y模范生，4.5w+开走，太顶了
696b84c6000000001a023cb0,https://sns-webpic-qc.xhscdn.com/202610010059/d836e198941bc310264726298a3c77ad/notes_uhdr/1040g3qg31rem68b10a005p88agvkgg846t1a8ro!nc_n_webp_mw_1,这下特斯拉7️⃣年低西又赢了
69730a7c000000001a0301f3,https://sns-webpic-qc.xhscdn.com/202610010059/4c0ff7926b31d2a822f3e1f40f0a8233/1040g00831rp3pb41is3g5p88agvkgg84qu6h2ko!nc_n_webp_mw_1,2月特斯拉Model 3浮力诚意拉满！！
696cee8c000000000a0304b4,https://sns-webpic-qc.xhscdn.com/202610010104/736ce84a585873a13cf4692f9c850c9c/notes_pre_post/1040g3k031rg295m5he005pslleb39bt3o9d8hdo!nc_n_webp_mw_1,Model3政策｜🈷️供1918开走特斯拉，通勤神器
69745856000000000a033bcf,https://sns-webpic-qc.xhscdn.com/202610010148/481b7a5851405b77f097df96d86402fc/1040g00831rn9t9cb282g5oppm2d65b0467rs3og!nc_n_webp_mw_1,特斯拉Model 3重磅福🌰❗❗❗
69788910000000000b0108be,https://sns-webpic-qc.xhscdn.com/202610010110/f8e058cd2ce69519474db5bca9cbb603/notes_pre_post/1040g3k031rrcu4b0i4005q1epf3j9frci3rvtmo!nc_n_webp_mw_1,💰1月买Model Y攻略｜销售博主帮你算明白！🚗
69772dfc000000000d00a3eb,https://sns-webpic-qc.xhscdn.com/202610010107/55307a2228d2ab338e151770341c1e70/1040g00831rq2glh5j2005pbqcd9o5t8joeehc28!nc_n_webp_mw_1,🌟 纠结Model 3的年轻人，别再等了！
6979ed06000000000a0327bf,https://sns-webpic-qc.xhscdn.com/202610010110/3e83df48947354fbe261decd959739f6/notes_pre_post/1040g3k831rso9f0ni2a05p9dhv0ql7n88m8ubu0!nc_n_webp_mw_1,26年毛豆3七年低息！8000补贴
697c933a000000000b00b622,https://sns-webpic-qc.xhscdn.com/202610010148/75c3948a3f08beb91f8f185f0d2525f0/1040g2sg31rvb6c8kk0e05oppm2d65b04g3ndbfg!nc_n_webp_mw_1,年前特斯拉蕞新政策来了，都在这里❗❗❗
697ebc67000000000a0303dd,https://sns-webpic-qc.xhscdn.com/202610010110/79aa77f026850365cbfa1495a781ee2b/1040g2sg31s1emm9bju705q1epf3j9frc0924720!nc_n_webp_mw_1,听说全网都想看Model Y快银实拍？
6981e592000000000903b0aa,https://sns-webpic-qc.xhscdn.com/202610010111/97a4b445722cb3b41a3e2daee0a27d75/notes_pre_post/1040g3k831s4gv75ul6805q3iir37946loipeuco!nc_n_webp_mw_1,特斯拉Model Y“省钱+实用”指南，看完不纠结！
698068f00000000028022cd3,https://sns-webpic-qc.xhscdn.com/202610010107/6069b92cadb563c85a3c1b6db6f4ca69/1040g00831s32v1ufko005pbqcd9o5t8jpavelr8!nc_n_webp_mw_1,Model Y L马年提车指南，太到位了！
697ed142000000001a0254ed,https://sns-webpic-qc.xhscdn.com/202610010059/f7ea60a02b161178a046bc00d31178e5/1040g00831s1hgasajs1g5q1o0e87997n5q41kro!nc_n_webp_mw_1,3月｜Model Y国补后落地价
6970c182000000002203b0da,https://sns-webpic-qc.xhscdn.com/202610010112/0b336bc70bfe33024894c9aded86d21a/1040g00831rjphpef2m0g5oip5n48c1u0afb6m08!nc_n_webp_mw_1,特斯拉新购补贴重磅落地，真金白银省到爽！
697c5d65000000002103da70,https://sns-webpic-qc.xhscdn.com/202610010152/abd1280a9823a6da02335a37aabb315f/spectrum/1040g34o31rv4fck1i0005nucm3qgbiqaepk57i0!nc_n_webp_mw_1,Model 3现在入手还值吗？
69831713000000000d00b7be,https://sns-webpic-qc.xhscdn.com/202610010059/7775a15cb6c6240a27c0f71f0046a2fe/notes_pre_post/1040g3k831s5bc1a4m2a05p88agvkgg84v889vho!nc_n_webp_mw_1,2月Model Y太猛烈了，能省2w+了
6985bd1d000000001d027ca3,https://sns-webpic-qc.xhscdn.com/202610010112/da04951ee12f90a44137a5bf1742ce50/spectrum/1040g0k031s89f9625c005p9bk65qjdq1kaecqg8!nc_n_webp_mw_1,手把手教你怎么买Model 3更划算！
6985643f000000002203b5d7,https://ci.xiaohongshu.com/note_pre_post_uhdr/1040g3r031s7uebrp5m7g5ppuh3k7dt3v2vcpjao?imageView2/2/w/1080/format/jpg,3月 Model Y落地费用一篇全搞定📝
6981afef000000001a01e8cb,https://sns-webpic-qc.xhscdn.com/202610010153/b26f60429609d2696029bdd81383165b/notes_pre_post/1040g3k031s4agnkh5m0g5oadrua0ju67uosdpr0!nc_n_webp_mw_1,补贴加码中！现在提Model Y真的太划算了🎉📉
698c34d0000000001d027cc1,https://sns-webpic-qc.xhscdn.com/202610010059/d64cbf93e9615520a52b5c54893229f0/spectrum/1040g0k031sejjjbs5a005n5hv3ckit7to9m9cn0!nc_n_webp_mw_1,95后打工人，Model 3半年用后感【真实版】
6984655a0000000021032cad,https://sns-webpic-qc.xhscdn.com/202610010059/61c812db211b79af2fe16312599586fa/spectrum/1040g34o31s6vg4kmla205n5hv3ckit7ta1bol78!nc_n_webp_mw_1,25w左右买车，Model Y就是zui佳选择
698b0232000000001a037e87,https://sns-webpic-qc.xhscdn.com/202610010153/40440c434b2f7ab69f1896623206bcf3/1040g00831sde6vlk68005omblph3hkd8rajvro0!nc_n_webp_mw_1,2月Model Y落地费用一篇全搞定📜
6974a2aa0000000021030cc6,https://sns-webpic-qc.xhscdn.com/202610010106/e00bee46b6d7ea95cb2aca2a47ef8aae/notes_pre_post/1040g3k031rpvb4g02g005pvi2vbinkgrt5u4vi0!nc_n_webp_mw_1,‼️听劝！Model 3这价真的不用再等了🚗
6984a63c000000000a033bcf,https://sns-webpic-qc.xhscdn.com/202610010104/1eda6749e4af40a8ab024dc3c96f4afa/notes_pre_post/1040g3k831seo4n8pl8705pslleb39bt3d902rk8!nc_n_webp_mw_1,长春宝子冲！2月Model 3落地费用全透明
698841b0000000001a01f8d0,https://sns-webpic-qc.xhscdn.com/202610010106/97cf6b66bdd57e5d556d699d2647ba6f/1040g2sg31sankl4vm2e05ovjlmmk3m907vq8j60!nc_n_webp_mw_1,特斯拉 Model 3烈焰红，红的让人心动💓
698d392d000000001a0251bc,https://sns-webpic-qc.xhscdn.com/202610010058/56c3d3a9a753da9f6b313aba77206d69/notes_pre_post/1040g3k831sfj2ubj68d05p88agvkgg8447tmi6g!nc_n_webp_mw_1,2月新政已爆，👋付7.99W拿下Model Y
698d439c000000001b017807,https://sns-webpic-qc.xhscdn.com/202610010112/d892b8477a77079a092d3b736380e635/spectrum/1040g0k031sfki6bd580g5p9bk65qjdq1kgpea10!nc_n_webp_mw_1,现在Model Y L多少能入？看完冲动了！
698c5052000000000e00dae6,https://sns-webpic-qc.xhscdn.com/202610010059/16ba321b616a9805b4e5ac5eaf0bd2a8/notes_pre_post/1040g3k831sei63ni68ag5oq5d3nmbm0uud1dfdg!nc_n_webp_mw_1,用10W，开Model Y L回家过年爽歪歪！
69919504000000001d011260,https://sns-webpic-qc.xhscdn.com/202610010100/f326bd21d97b2953d123a76b2802afa8/notes_pre_post/1040g3k031sjrktp2620g4b59m8tugratnq3s08o!nc_n_webp_mw_1,二十来万，“六边形战士”太值了！
698dc946000000001a037ada,https://sns-webpic-qc.xhscdn.com/202610010059/836af30aa3462d1091c32eda08306d6e/notes_pre_post/1040g3k031sg4v10h5s005pgpdp4homaba8sirg8!nc_n_webp_mw_1,🧚🏻‍♀️我的Model3身材很曼妙
69955552000000001b01f16a,https://sns-webpic-qc.xhscdn.com/202610010100/db940e1054a16b87b8867145c15db906/notes_pre_post/1040g3k831sngsq5r5s704b59m8tugratk65rd4o!nc_n_webp_mw_1,8万拿下珍珠白Model 3，攻略如下
6999851e000000001a0305be,https://sns-webpic-qc.xhscdn.com/202610010114/d9a83f9ac0f84f6832952a5db870fb7e/note_pre_post_uhdr/1040g3r031sveqm6c5m005praetim3if5pfulp6o!nc_n_webp_mw_1,选择Model Y大家后悔过吗，想听实话
698d3a0c000000000e00cca9,https://sns-webpic-qc.xhscdn.com/202610010115/6eb4927a01ac79f13f023db8775e7e34/1040g00831sfjht785m005q1psd46r084qsp5tv0!nc_n_webp_mw_1,马年解锁特斯拉新玩法：自动化功能
69929111000000001a02b89c,https://sns-webpic-qc.xhscdn.com/202610010149/7071326b317b8e63bf275aaea6fe2106/note_pre_post_uhdr/1040g3r831skqdfc3m2005pvnrso3iacv9umrks0!nc_n_webp_mw_1,虽然眼馋冰箱彩电大沙发📺，还是提了特斯拉
697f23aa0000000021031ede,https://sns-webpic-qc.xhscdn.com/202610010155/612220eca5a17ec8f9e3f821089c08e8/notes_pre_post/1040g3k831s1radrgk8005pcanr6oi8eugm9f1d0!nc_n_webp_mw_1,烈焰红Model Y✨新年一路“红”运开回家！
69a009570000000016009ad1,https://sns-webpic-qc.xhscdn.com/202610010059/fd62ff4e1cb18698f203093010a99b29/spectrum/1040g0k031t1v6epj5a005n5hv3ckit7tnk79uj8!nc_n_webp_mw_1,现在提Model Y L只要？？w，果断拿下
69a44b25000000001a0321ad,https://sns-webpic-qc.xhscdn.com/202610010059/b7e70af1f445d0b2d2398a9dc80b02cf/notes_pre_post/1040g3k031t64c0lgm8005pgpdp4homabqqibfjo!nc_n_webp_mw_1,Model 3太猛了！手付2.59w月供2k+开走
69a276c2000000002602fbec,https://sns-webpic-qc.xhscdn.com/202610010103/8cc46c4e08c24d2a489fb93727ed8bc2/notes_pre_post/1040g3k031t4b6k09l8605q1o0e87997nhefg3eo!nc_n_webp_mw_1,2月Model 3香炸，日供60拿下了！
6999a3860000000015033070,https://sns-webpic-qc.xhscdn.com/202610010155/fae1d8c947f4096c9f9d858ea07fe0e5/notes_pre_post/1040g3k031srn7qg95s1g5poi6psnecfd5idqhp8!nc_n_webp_mw_1,✅ 选Model Y白外白内的核心理由
69a69a57000000002801cf39,https://sns-webpic-qc.xhscdn.com/202610010155/c5b0df2c956eb68aad1b3b5b5cdcc005/notes_pre_post/1040g3k031t8bu80g680g5prn95k63hll5lq9r50!nc_n_webp_mw_1,月薪5-6K也能开Model3【月供1819】！！
69a6d04d000000001a02d501,https://ci.xiaohongshu.com/1040g00831t8iutf6m85g5oqsvru654692o5bbu0?imageView2/2/w/1080/format/jpg,不说废话，教你20w直接开走model3！
69a392080000000022020ceb,https://sns-webpic-qc.xhscdn.com/202610010148/78f29f65b6e315a51d9e78d13de40b37/notes_pre_post/1040g3k031t5dmd1f5e205oppm2d65b04k3d3e3o!nc_n_webp_mw_1,特斯拉大额补补来啦❗❗❗
69a2f2eb000000001a02ed06,https://sns-webpic-qc.xhscdn.com/202610010111/6bdec4a8fc76e7a9b2f9acc0756391e5/notes_uhdr/1040g3qg31t4qcl3q5k005puej59392c2nkut070!nc_n_webp_mw_1,26年3月提新车｜烈焰红Model3 4.59W开走🚗
69985129000000000b01193b,https://sns-webpic-qc.xhscdn.com/202610010116/54bc1ca98dbd07cb51607afd778ad90f/1040g00831sqe1lf9l6005qb8okal2lilormkha8!nc_n_webp_mw_1,爱上Model3的十个瞬间⚡️
699673860000000015023b56,https://sns-webpic-qc.xhscdn.com/202610010116/1ad6e9ac2a120ec36f3365473ddd6f94/1040g2sg31sojll9962005q4faqcq563t75202do!nc_n_webp_mw_1,特斯拉到底怎么买最划算，看完这篇就懂了🀄️
69a7c854000000001a03708f,https://sns-webpic-qc.xhscdn.com/202610010115/4800139010412e4d8829377c8f1729e1/1040g2sg31t9h5k2g5seg5p7o2nphmdribe31q08!nc_n_webp_mw_1,超级小陈的换车日记📝
69ace32f000000002800845b,https://sns-webpic-qc.xhscdn.com/202610010059/a5797d78e60d91310b92df154bdd8985/1040g00831tegv6vo68005pgpdp4homab5skfsco!nc_n_webp_mw_1,女生第一台车！！🌸日供60拿下Model 3
69aa401a000000002303bbd2,https://sns-webpic-qc.xhscdn.com/202610010103/4ff7bb07a81658f76fc7424374e6a9a0/1040g2sg31tbui679la805q1o0e87997nh4977lo!nc_n_webp_mw_1,在小红书跟风最成功的一次🖤
69a8f3bf0000000023039650,https://sns-webpic-qc.xhscdn.com/202610010105/4cf160acf3c803f9e82d7e3640b704e1/notes_pre_post/1040g3k831talundf5e005ps52ll2349eovul9dg!nc_n_webp_mw_1,提车啦✨Model Y星光金真的美到我心巴上
69aad508000000002800a767,https://sns-webpic-qc.xhscdn.com/202610010155/143e31d0e9444455ddb1887eff78351b/1040g00831tcgkff462805pqkfvsndtr5r4nbeso!nc_n_webp_mw_1,沉浸式看车 | 体验全新烈焰红Model 3
69ad8430000000001a0328ce,https://sns-webpic-qc.xhscdn.com/202610010111/62f82d104ec8649bb53019f4d73efd92/note_pre_post_uhdr/1040g3r831tf497at68705puej59392c2v1jmaeo!nc_n_webp_mw_1,阳光下的Model YL 质感我给满分💯
69ae7b2a000000001a01e7de,https://sns-webpic-qc.xhscdn.com/202610010149/5e270cb19c4288f1740b546d9abee879/1040g00831tg2lg4l68005pvnrso3iacv8q0pgl8!nc_n_webp_mw_1,只有我觉得特斯拉拍照很出片吗？
699fb2e2000000000e00c004,https://sns-webpic-qc.xhscdn.com/202610010106/35a828766bf529d8998fc43dfa2eb5ca/1040g00831t1j4mddlk005ovjlmmk3m90tissqfo!nc_n_webp_mw_1,预算不够？2026 特斯拉Model Ygou车费用拆解
69a8f262000000002203014d,https://sns-webpic-qc.xhscdn.com/202610010117/d2dbb10118262df6b87894ce9181f340/notes_pre_post/1040g3k031talofee5e105peocm61edapm2cf91g!nc_n_webp_mw_1,⚡️浦东福利暴击！1.5万个名额等你抢！
69b0f1b90000000023038d5e,https://sns-webpic-qc.xhscdn.com/202610010148/1073e674020ccfdb37f9fa4662d0f379/1040g2sg31tifl06756705oppm2d65b04hg4d4n8!nc_n_webp_mw_1,Model 3 黑内饰：深邃格调，简约科技美学🚘
69aa41ca0000000022020714,https://sns-webpic-qc.xhscdn.com/202610010148/7fd7f5eca2061b8838bb08fcf4c0e4c0/notes_pre_post/1040g3k031tbukciole0g5oppm2d65b04hrgaq90!nc_n_webp_mw_1,特斯拉 | 女生的梦中情车💥
69acd73e000000001a0326c5,https://sns-webpic-qc.xhscdn.com/202610010110/cd6026926794d445587da89db52ce456/note_pre_post_uhdr/1040g3r031teeo041m2005q1bc8l2nh4jjk627io!nc_n_webp_mw_1,紧急通知🚨 补帖加码🤩🤩 置19000 宁波过来
69a17a37000000002801f829,https://sns-webpic-qc.xhscdn.com/202610010118/d124c324de60e71abe064552d7112581/notes_pre_post/1040g3k031t3be1t45m9g5ogn9lfocrvg3bp32co!nc_n_webp_mw_1,兄弟，三月真的很香！！
69aacea7000000001a031929,https://sns-webpic-qc.xhscdn.com/202610010109/43ec353525520436c95b2322fe7c7083/notes_pre_post/1040g3k831tcfssvq5m9g5pq95co7dnn64un4d6g!nc_n_webp_mw_1,《特斯拉？I want I got！》
69b66cc9000000001d01a389,https://ci.xiaohongshu.com/note_pre_post_uhdr/1040g3r831tnqvfn06o705pgbcak1hno0oes00e0?imageView2/2/w/1080/format/jpg,我等不了了！！Model Y L:3894月提走
69a469a6000000002800b850,https://sns-webpic-qc.xhscdn.com/202610010106/0bbcf69895f98c1eb470551c7ce60009/1040g00831t5fs03r68005ovjlmmk3m90ubi0510!nc_n_webp_mw_1,特斯拉8k车漆选配金冰河蓝拿下！
69b275d6000000000c01467c,https://sns-webpic-qc.xhscdn.com/202610010112/3e2d0b3a667a302ade7d1b8b2d8b5cd3/spectrum/1040g0k031tjv1d5d6i005p9bk65qjdq1imhdbso!nc_n_webp_mw_1,到手居然这个价？Model 3我要冲了
69a93ce00000000015022150,https://sns-webpic-qc.xhscdn.com/202610010112/e316bb810653b52ce9ea30acb3d0f80a/spectrum/1040g34o31tauqmdr58305p9bk65qjdq139ns6b8!nc_n_webp_mw_1,30多w入特斯拉六座车，值不值？
69a91cd200000000220219cc,https://sns-webpic-qc.xhscdn.com/202610010148/a68b95556fab21f16076522e91372efb/notes_pre_post/1040g3k831tar04b056805oppm2d65b042oi69gg!nc_n_webp_mw_1,这不是宣传片，是各位的预告片🎦主角：Model3
69b387be000000000601eace,https://sns-webpic-qc.xhscdn.com/202610010112/135459a59b2e7547f9415355e7d98364/1040g00831tl0b1di78005q7n8sftoq2ulscisjg!nc_n_webp_mw_1,Model Y提车3个月了🙋‍♀️欢迎大家提问～
69ba5bbd000000002200c037,https://sns-webpic-qc.xhscdn.com/202610010103/af49d787c0be853bc6971d034945d9e6/1040g2sg31trlu682ga705q1o0e87997nb2a7abg!nc_n_webp_mw_1,00后男生，日供82轻松拿下Model 3
69baa3d0000000001a02e0d6,https://sns-webpic-qc.xhscdn.com/202610010109/8d6a91a981c3f673882a15449ba70575/note_pre_post_uhdr/1040g3r831trujf75n8e05pq95co7dnn6ct47ghg!nc_n_webp_mw_1,为什么设计圈这么钟爱 Model 3？🎨
69b80f0f00000000230040f6,https://sns-webpic-qc.xhscdn.com/202610010109/5e27d2043db69a57253c373b6ceb284b/notes_pre_post/1040g3k831tpdv6sine805pq95co7dnn6bkihdd8!nc_n_webp_mw_1,刚毕业选油车还是电车？必须是选特斯拉啊！
69b417620000000023006218,https://sns-webpic-qc.xhscdn.com/202610010118/a0e49c4880ae14fd36154db402be6360/1040g2sg31tlhqq92n2705q1i13ij9ei78qa01b0!nc_n_webp_mw_1,Model YL关门那一秒，我真的被戳中了🔇
69b3cf9d00000000230076c2,https://sns-webpic-qc.xhscdn.com/202610010112/daa0dc1d956f7515ba711e5ccb2c3765/spectrum/1040g0k031tl9867s7s005p9bk65qjdq16pe82fo!nc_n_webp_mw_1,看车半小时拿下，Model Y L有什么魅力？
69ba57cb000000001f00139e,https://sns-webpic-qc.xhscdn.com/202610010112/a06da4b3818bcecf278785fc86c594ee/spectrum/1040g0k031trlc79egc005p9bk65qjdq1euapqjo!nc_n_webp_mw_1,Model 3提车3个月了，有啥随便问
69ad7b8b00000000150236d8,https://sns-webpic-qc.xhscdn.com/202610010105/5c0a7df843b12646f522e0d950b23347/notes_pre_post/1040g3k831tf38h3gm27g5pp0ia57dlf3f5ka9c8!nc_n_webp_mw_1,特斯拉三月份限时活动开启倒计时！
69ba0159000000002800a1d4,https://sns-webpic-qc.xhscdn.com/202610010110/afd95c5a945ba91b7bf1c6ced95ea8b9/notes_pre_post/1040g3k031traee34n8005q1bc8l2nh4jetlc4ug!nc_n_webp_mw_1,ModelY 价格 大揭秘㊙️ 23.45开走⏰
69b6a49400000000220271ab,https://sns-webpic-qc.xhscdn.com/202610010110/3f42d789104b6de7923539f11d9446d8/notes_pre_post/1040g3k031to0vti4780g5q1bc8l2nh4jvo3oneo!nc_n_webp_mw_1,宁波model3购买篇 教程🤩💗码住慢慢看✊
69bb674e000000001f0070b5,https://ci.xiaohongshu.com/1040g00831tsljn0m78005pp4oerndu79630bta0?imageView2/2/w/1080/format/jpg,2026年Model Y｜首付2w+月供2k开走？
69bbb166000000001b02224e,https://sns-webpic-qc.xhscdn.com/202610010059/b1c62d673d549ca704850fb4efaf7473/notes_pre_post/1040g3k031tsvj0v16u4g5pgpdp4homabqonhdko!nc_n_webp_mw_1,如果你有8w，会买Model 3吗？
69be16030000000028009d5f,https://sns-webpic-qc.xhscdn.com/202610010112/16bc8d48ac82d02deb9470072da1e4bd/notes_pre_post/1040g3k831tva5jg57q4g5q7n8sftoq2u2a6fsm0!nc_n_webp_mw_1,我等不了了，Model 3：82日供
69bcf61e00000000200385e3,https://sns-webpic-qc.xhscdn.com/202610010059/a72aa116abbb73576736e3b3a6ace3c1/spectrum/1040g0k031tu6qujj18005n5hv3ckit7t2actb2o!nc_n_webp_mw_1,特斯拉6座车什么水平？价格太友好！
69ae674f000000000e03e065,https://sns-webpic-qc.xhscdn.com/202610010105/ab261c13e0c821447c460ee8ff4792fd/1040g00831tg08nbmlk005q4j4cma18te7uuu3i8!nc_n_webp_mw_1,Model Y L
69bcb261000000001a02e008,https://sns-webpic-qc.xhscdn.com/202610010059/ac3f96ea7c50e97c21db34cd411bf618/notes_pre_post/1040g3k031ttugi78nq9g5p88agvkgg846lftbn0!nc_n_webp_mw_1,25w内，长期主义选Model Y
69c7b147000000001d01edf1,https://sns-webpic-qc.xhscdn.com/202610010100/86bcd2ce1b8263f2b5a5b5ffa8daa6aa/1040g00831u8mhltb1s005pgbcak1hno0s8mt180!nc_n_webp_mw_1,02年打工人🚘特斯拉 Model 3 半年购车分享
69c4df26000000001a0300bd,https://sns-webpic-qc.xhscdn.com/202610010059/87e75feb756adf7aa88b866e0a4568a8/spectrum/1040g34o31u5ucn5lis405n5hv3ckit7t22caif8!nc_n_webp_mw_1,你涨你的油价，我准备8w开走Model 3
69bd1ce50000000023013652,https://sns-webpic-qc.xhscdn.com/202610010100/b58ad6f18c71e7bacd5c41f0e4786e31/1040g00831tubu6v0gs005pgbcak1hno0iohrhko!nc_n_webp_mw_1,Model 3快银也太高级了！
69c62984000000002800ad80,https://sns-webpic-qc.xhscdn.com/202610010112/ca2aa27db52f5ff72459ec17c7059244/spectrum/1040g0k031u76n5lo34005p9bk65qjdq15qoed48!nc_n_webp_mw_1,3月太猛了，Model 3每月1918就开走？
69c8859c000000001a0313a6,https://sns-webpic-qc.xhscdn.com/202610010102/d05ea342c33b77747a466e714aca1354/note_pre_post_uhdr/1040g3r831u9g8p74iq805pooulu7e0uuc16ojdg!nc_n_webp_mw_1,Model YL看起来确实很大气！
69c72ec7000000001e00c61c,https://ci.xiaohongshu.com/notes_pre_post/1040g3k031u86m9fuii005pke1a2gu7nnf6qvilo?imageView2/2/w/1080/format/jpg,6月好时机！Model 3  20.67W➕开走！
69c7a9c1000000001a02494e,https://sns-webpic-qc.xhscdn.com/202610010058/377f0f8dd1823726bcb6ac8870750ec8/spectrum/1040g34o31u8lkiar1sd05oq5d3nmbm0ugotg408!nc_n_webp_mw_1,别劝我买油车啦，再选一次还是Tesla
69bcd64a000000002102c98b,https://sns-webpic-qc.xhscdn.com/202610010102/7e799b6d1bf41e19978cb9b5962c281b/note_pre_post_uhdr/1040g3r831tu396pan28g5pooulu7e0uuvc504g8!nc_n_webp_mw_1,人生第二台车，在济南提了33w的Model Y L！
69c93526000000001b020f4e,https://sns-webpic-qc.xhscdn.com/202610010110/0a187d8b70384e5c56aefec7dd8854e7/1040g2sg31ua5pn57io705q1bc8l2nh4j5h4j1j8!nc_n_webp_mw_1,特斯拉4🈷️政策已出 戳进来🉐方案🤣
69c7f0f8000000002103a90c,https://ci.xiaohongshu.com/spectrum/1040g0k031u8i9ir6hu005ptljl0398lff2jns40?imageView2/2/w/1080/format/jpg,3月💥，首付4个W，Model 3日供75开走
69d11fd2000000001a02ca1b,https://sns-webpic-qc.xhscdn.com/202610010059/53bd475eeee1ced7bb21c77ef5a8b947/notes_pre_post/1040g3k831uhtbquu2i005ofnj7140igundgh688!nc_n_webp_mw_1,白领进，7.99w拿下高颜值梦中情车
69d70ff8000000001a023fbf,https://sns-webpic-qc.xhscdn.com/202610010102/81d55cabca967a30a10d03d62ff4d3c5/note_pre_post_uhdr/1040g3r831unmsras2a005pooulu7e0uug6kf33o!nc_n_webp_mw_1,济南想买Model 3，有8w就够！
69d9ff9f000000001f00278a,https://sns-webpic-qc.xhscdn.com/202610010112/84bc6a2f801858944d3b66672fdbc7b2/spectrum/1040g0k031up171nuis005ptljl0398lftt4vgk8!nc_n_webp_mw_1,25岁有点小钱：长期主义选了Model Y
69d9d830000000001f004a0a,https://sns-webpic-qc.xhscdn.com/202610010104/ff49ead459d77a26e5a04933c6d461af/notes_pre_post/1040g3k831uqdruobjqe05pr56abm2uenqno8qfg!nc_n_webp_mw_1,20万没对手！Model Y月供2.2k开走
69cf69c9000000002003828e,https://sns-webpic-qc.xhscdn.com/202610010104/9b386c5c9ae7baa4be96e748d5552b83/notes_pre_post/1040g3k831ug7sm3aii705pr56abm2uenimqf1fg!nc_n_webp_mw_1,Model Y 这个价，直接跪了啊！
69d06b6f000000001e00d074,https://sns-webpic-qc.xhscdn.com/202610010110/3885fba360f96b627feb3064d63d2518/note_pre_post_uhdr/1040g3r031uh71vtu2q0g5q1bc8l2nh4j8eio8po!nc_n_webp_mw_1,特斯拉modelY 3   4️⃣🈷️政策地补6-8K
69ce8cf7000000001f00568b,https://sns-webpic-qc.xhscdn.com/202610010110/4ae3be4c2b2ef970ad5e2d9ef79d9032/note_pre_post_uhdr/1040g3r031ufcobvqig005q1bc8l2nh4j4l9d8mg!nc_n_webp_mw_1,宁波Y  新购8k💰公司7k 💰 享受了嘛😭❓
69cf82440000000023005a3b,https://sns-webpic-qc.xhscdn.com/202610010112/fcbada6865fbde243852b7bf79155304/notes_pre_post/1040g3k031ugaogguio2g5q7n8sftoq2ujspkmf8!nc_n_webp_mw_1,恭喜特斯拉！！今天又多了个可爱女车主！！
69d8aa99000000001d01e8a4,https://sns-webpic-qc.xhscdn.com/202610010112/3e6042d5b14d590b3205deb8011c7fd6/spectrum/1040g0k031up907ea1u005p9bk65qjdq1tfm6i0o!nc_n_webp_mw_1,4月的Model 3，只会用落地价征服你！
69bb8f400000000023012dc1,https://sns-webpic-qc.xhscdn.com/202610010119/71ee683901c35db22486436ba359cc34/notes_pre_post/1040g3k831tsr0u5816705pldvvl7eer7gnrahvo!nc_n_webp_mw_1,四月特斯拉的“大玩具”｜直接提回家🩶
69c52c71000000002003b888,https://sns-webpic-qc.xhscdn.com/202610010156/0cc36abeb62ece7664bb95c9d2c8e127/notes_pre_post/1040g3k031u67p7kbio0g5ponrvknce23fa8hbto!nc_n_webp_mw_1,Model 3和 Model Y选哪个？
69dc5498000000001e00eb65,https://sns-webpic-qc.xhscdn.com/202610010100/089da5241b56d013f818bf7e5d873e55/notes_pre_post/1040g3k831usrhq4sig705pke1a2gu7nn4s2i9a0!nc_n_webp_mw_1,Model 3七种方案，最低月供1k多
69d77ecc000000002200055f,https://sns-webpic-qc.xhscdn.com/202610010105/0c022fcd233d8b8253a9835200fb4be4/note_pre_post_uhdr/1040g3r831uo4eplpiilg5q4j3fg82aonihm836o!nc_n_webp_mw_1,25w闭眼冲！应届生的梦中情车
69d79759000000001f004f83,https://sns-webpic-qc.xhscdn.com/202610010100/caacd5d73048001a80450762502b160f/notes_pre_post/1040g3k831uo78vnm2i005pgt3migu6q12j52mk8!nc_n_webp_mw_1,四月政策太炸裂🤯Model Y落地明细 速进！
69e22b0f000000001a020555,https://sns-webpic-qc.xhscdn.com/202610010112/bc386f6f6980f2ae39bd6565990b9d68/spectrum/1040g0k031v2hv7sk3u105q3gme6ngg64tugdolg!nc_n_webp_mw_1,4月model3，👋付4.59w
69e379d3000000001f0063b8,https://sns-webpic-qc.xhscdn.com/202610010112/ef1f446d0404556ba45219b4b2273500/notes_pre_post/1040g3k031v3ql76b2i205q7n8sftoq2ur7nn2uo!nc_n_webp_mw_1,预算20个，不内耗的女生冲Model 3
6a2cbb15000000002202eaa9,https://sns-webpic-qc.xhscdn.com/202610010148/e5721c9348b021debb5ee0df41ad1cc9/1040g2sg321bbkka170e05p8h5selsevos06bitg!nc_n_webp_mw_1,特斯拉｜Model YL落地明细34w
69e4a425000000001d01bcef,https://sns-webpic-qc.xhscdn.com/202610010112/6e72a5b6158a7f55fedefafb6de6855d/spectrum/1040g34o31v2i8cb93u105ptljl0398lffrivdh0!nc_n_webp_mw_1,24w起，白色Model Y开回家了
69e1e4b5000000002103bc96,https://sns-webpic-qc.xhscdn.com/202610010112/faeb71e0a8ed4907c89d60290fb8a9a8/spectrum/1040g34o31v29asgjjm105p9bk65qjdq1ld7k3tg!nc_n_webp_mw_1,老天奶，25w+可以开大鼠标了？
69d74d9c000000002301dbba,https://sns-webpic-qc.xhscdn.com/202610010112/2697d0bad05fcd25a8e9ab64a47ea70e/spectrum/1040g34o31unub4qs2s405p9bk65qjdq1egjllug!nc_n_webp_mw_1,月薪多少可以养一辆特斯拉Model Y？
69e70f33000000002202a747,https://ci.xiaohongshu.com/notes_pre_post/1040g3k831v77idcthu705ptljl0398lffhlbds8?imageView2/2/w/1080/format/jpg,干到20.67w+，白色Model 3提车了
69e726e2000000001f002ccc,https://sns-webpic-qc.xhscdn.com/202610010112/515ed241d78299779a1a9d80a81a6c32/notes_pre_post/1040g3k831v65e0vsiga05n5hv3ckit7ta2cdp5o!nc_n_webp_mw_1,我等不了了！！Model Y L:3985月供
69e89bf2000000001e00c94f,https://sns-webpic-qc.xhscdn.com/202610010059/64a630b82e6982e0f7963d0088c53253/notes_pre_post/1040g3k031v8o484rii605q7n8sftoq2ujg014i8!nc_n_webp_mw_1,爱了，特斯拉Model 3落地做到这个价了？
69e74abd000000001b0207dd,https://sns-webpic-qc.xhscdn.com/202610010112/888b7fcd106a82bd212224547e2857eb/notes_pre_post/1040g3k031v7fn5tmjq2g5p9bk65qjdq1nb2qv20!nc_n_webp_mw_1,Model 3太猛了！手付5w月供1.9k开走
69e8963a000000001b0202b2,https://sns-webpic-qc.xhscdn.com/202610010112/a049b414d1409ddaf12829b6c2b3588e/notes_pre_post/1040g3k831v8ntnqdia005p9bk65qjdq117i7o5g!nc_n_webp_mw_1,Model Y最新落地价，有需要的自取
69d7879c000000001d01b662,https://sns-webpic-qc.xhscdn.com/202610010119/08ebaf48130ae27e1642a7449ca163c3/spectrum/1040g0k031uo5godkjm005ou7slg9ias2mikpnt0!nc_n_webp_mw_1,手把手教你开启特斯拉自然风模式
69d8a27f0000000023026f38,https://sns-webpic-qc.xhscdn.com/202610010103/0ab6be009a1707f3fdd6d87034f3dc10/notes_pre_post/1040g3k831up7tqti3mag5q1o0e87997nlgu5r4o!nc_n_webp_mw_1,Model Y黑武士🖤果然谁都逃不过啊❕
69e303090000000022028a9e,https://sns-webpic-qc.xhscdn.com/202610010112/b7daa99278fb5f4f24d6a6d40f34dd63/notes_pre_post/1040g3k031v2rsnli2q205q7n8sftoq2u40hvdlg!nc_n_webp_mw_1,Model Y L在南岸公园停车场太出片了📸️
69ea05aa0000000020013003,https://sns-webpic-qc.xhscdn.com/202610010112/29fdeb8be16a82d13f33ba2c59073688/spectrum/1040g0k031va7dbte1u005q3gme6ngg64475ddk8!nc_n_webp_mw_1,五一别放过Model 3，干到20➕了
69e1b368000000001a033936,https://sns-webpic-qc.xhscdn.com/202610010120/e7350df8870a3464ae7df27b99d7f49f/spectrum/1040g34o31v23cj1qjm105otvf08pt67v69mvos8!nc_n_webp_mw_1,省下的钱是真金白银，铺好的路是万水千山。剩下的就是开上爱车去丈量世界了 特斯拉 
69ea05360000000020006005,https://sns-webpic-qc.xhscdn.com/202610010058/040121f81feecf2c76beda81387a448a/spectrum/1040g34o31va7bhbck0405oq5d3nmbm0uvp47njg!nc_n_webp_mw_1,🌷存5W拿下高颜值车：特斯拉Model 3
69eae29a000000002301d44c,https://sns-webpic-qc.xhscdn.com/202610010059/0deec809952ecd027cfa6363750bfd91/notes_pre_post/1040g3k03202753psiq1g5n5hv3ckit7t36afob8!nc_n_webp_mw_1,赢麻了，本月Model Y到手24w+
69df7b8d000000001a02a42f,https://sns-webpic-qc.xhscdn.com/202610010102/6b7149a92c51e03858f6493f178f31a0/note_pre_post_uhdr/1040g3r031uvu104qig805pooulu7e0uug7fg4no!nc_n_webp_mw_1,济南刚提！特斯拉Model Y落地方案💰
69e5c4bc000000002301c0b3,https://sns-webpic-qc.xhscdn.com/202610010058/0662dbecdf01e16530d234e547c8f147/notes_uhdr/1040g3qg31v62g9r62g005pc6hnan4ql4dmpgpv8!nc_n_webp_mw_1,4月Model3，👋付4.59w，🈷️2k+提车
69dee79f0000000023007d21,https://sns-webpic-qc.xhscdn.com/202610010059/fc0af01b3fe6c5ce23113b9a4798c128/1040g2sg31uvc02d9ii705ofnj7140igua0aisag!nc_n_webp_mw_1,又下雨了！特斯拉必备3项安全设置
69eb1c1c000000002003befa,https://sns-webpic-qc.xhscdn.com/202610010112/a8d32df99a7ad1c46292208b5f209ab4/notes_pre_post/1040g3k031vb2pphhiq4g5p9bk65qjdq1u8ljveg!nc_n_webp_mw_1,“2026国补”后，Model Y落地一览
69e1f59b000000001f001de3,https://sns-webpic-qc.xhscdn.com/202610010104/7c69d77626e1ae89234d0b2224e6cd4e/notes_pre_post/1040g3k031v29s9o32a005pr56abm2uen975jlng!nc_n_webp_mw_1,Model 3 四月购车明细📑推荐收藏
69e628c3000000001b022fa0,https://sns-webpic-qc.xhscdn.com/202610010104/2608b595aac7242771c1efb08e744dd9/1040g00831v6ek4ppiq005pr56abm2uenglk4cu8!nc_n_webp_mw_1,💸 Model Y L 提车落地明细（金华本地参考）
69d9dc6c0000000021038472,https://sns-webpic-qc.xhscdn.com/202610010105/320543cde76fe920268ac92a6e0f3ba2/1040g2sg31uqecosriqe05q4ggc0n09119a82m7g!nc_n_webp_mw_1,特斯拉4月疯了！Model Y落地价泰心动了🔥
69e42d38000000001f005df8,https://sns-webpic-qc.xhscdn.com/202610010110/215a1f836a3e24ec4cd19c8b271b0118/notes_pre_post/1040g3k831v4gg0i42gjg5q1bc8l2nh4jb9f2uc0!nc_n_webp_mw_1,Model Y落地价：24.35W，还有机会 ✊
69ea037d0000000020000800,https://sns-webpic-qc.xhscdn.com/202610010112/b7cf07c90209f550664d98f4d111c7ee/notes_pre_post/1040g3k831va764s12s705ptljl0398lfgge2pqo!nc_n_webp_mw_1,预算8万买车，千万别放过Model Y
69eb2d550000000020039d6c,https://ci.xiaohongshu.com/notes_pre_post/1040g3k831vbatqqo2q7g5n5hv3ckit7t356qef0?imageView2/2/w/1080/format/jpg,2026国补后，黑色Model Y：24w➕
69e8afff000000001a02f46f,https://sns-webpic-qc.xhscdn.com/202610010117/424bb50b40f35612d0d68d41efe6877a/1040g2sg31v8tmjk7iqe05ponrvknce23lo04tv8!nc_n_webp_mw_1,🔥Model Y：24W+提走了
69dc8e11000000001a020ae3,https://sns-webpic-qc.xhscdn.com/202610010148/3bece65bbfcb23521f7db0a61ccb3220/notes_pre_post/1040g3k831vchmi1k2a705oo9necjoqjvj0km3pg!nc_n_webp_mw_1,🚗 特斯拉Model 3 | 这波补贴太香了！
69ef6ea100000000220295d6,https://sns-webpic-qc.xhscdn.com/202610010103/46f868d60b6ba2729c1bd37c6c53e566/notes_pre_post/1040g3k831vfgebk12qcg5oqsvru65469ve9mu50!nc_n_webp_mw_1,务实选车，长期主义首选｜25w内落地Model Y
69d77a1e000000002200c589,https://sns-webpic-qc.xhscdn.com/202610010059/e4ae1e9869bb3850998a8f496b508aa9/1040g00831uo32j5f1u005pcee57oi1v4a935a30!nc_n_webp_mw_1,4月特斯拉Model Y抄底攻略🔥
69e352ad000000001a02973c,https://sns-webpic-qc.xhscdn.com/202610010104/9c4e8ad75a492be56593501e9139e74c/notes_pre_post/1040g3k031v3m2ckh2i6g5pukqtu3jhebg4vgc00!nc_n_webp_mw_1,2026年Model Y｜首付2w+月供2k开走？
69e3038d000000001e00e3b0,https://sns-webpic-qc.xhscdn.com/202610010059/9e10703eb9a0e76a6040f50ee27ec147/notes_pre_post/1040g3k831v2atbq61uag5q1o0e87997n0eek9fg!nc_n_webp_mw_1,预算24w，不内耗的女生冲Model Y
69f0794b000000002202afed,https://sns-webpic-qc.xhscdn.com/202610010112/77460f4f91199db97c739fe9c90e8f9c/1040g2sg31vggdc0qige05p9bk65qjdq1qio8qdg!nc_n_webp_mw_1,Model Y最新落地，趁政策还有赶快！
69e5e7c400000000210380f8,https://sns-webpic-qc.xhscdn.com/202610010120/172f190256bb0f932f62bc252fd195c6/spectrum/1040g34o31v66k49q1m105q16jbpj93br8aounjg!nc_n_webp_mw_1,马斯克：做社会净贡献者！
69ec1e71000000003601c50e,https://sns-webpic-qc.xhscdn.com/202610010105/1503ad37eeb880ffc29c5c4775847144/note_pre_post_uhdr/1040g3r831vc8tqg9ii705q4j3fg82aonr5m760o!nc_n_webp_mw_1,事业大女主冲！Model 3👋付4.59太香
69f07ae50000000036030321,https://ci.xiaohongshu.com/spectrum/1040g0k031vgh4hrgis2g5q3gme6ngg64otka1ug?imageView2/2/w/1080/format/jpg,20.67w+，白色Model 3提车了
69f30090000000001f007171,https://sns-webpic-qc.xhscdn.com/202610010059/25c00646182f176decbef114e46f259b/notes_pre_post/1040g3k831vivo079ig705n5hv3ckit7tno6v2gg!nc_n_webp_mw_1,Model 3👋付5w，落地20+还要等吗？
69ee32a700000000230049e4,https://sns-webpic-qc.xhscdn.com/202610010059/cb9366ba059cf0f5787f7c7daa17c36f/1040g00831ve9tmba2g005pgpdp4homab72035m8!nc_n_webp_mw_1,Model Y偷偷更新了，加量不加价（到店实拍）
69f0c21d000000003701c485,https://sns-webpic-qc.xhscdn.com/202610010107/5e8f9629e7c69a07f1c344a8000cd2fa/notes_pre_post/1040g3k831vgpp193ige05psdppsinih6fe95nug!nc_n_webp_mw_1,谁懂啊！新款Model Y黑标才是颜值天花板🥹
69ece0e5000000001a03488a,https://sns-webpic-qc.xhscdn.com/202610010112/33ec99ddc9aad24d781f14d52774c4c1/spectrum/1040g0k031vd0lm0s1u005q3gme6ngg64ql6d1v0!nc_n_webp_mw_1,五一假期不等了，提车！Model Y：23w+
69ecb2f1000000002003b2f5,https://sns-webpic-qc.xhscdn.com/202610010117/a1fa31e07a716479a3a1f6b2b06ccac5/notes_pre_post/1040g3k831vcqc1hhjq705psnj4f3i30goqvu5sg!nc_n_webp_mw_1,别划走❗Model Y的落Di费用还可以这么算❓
69ef1e620000000022026dac,https://sns-webpic-qc.xhscdn.com/202610010100/53331b0259e5bb6b5b51c067b091f6f5/note_pre_post_uhdr/1040g3r031vf3j0ocia4g5pgt3migu6q1raocqd0!nc_n_webp_mw_1,补补拿满，Model Y低首付低月供带走！
69f4a65a0000000037036758,https://sns-webpic-qc.xhscdn.com/202610010105/677c01d41fcea8078cca7a6ff80f2865/notes_pre_post/1040g3k831vkjelg3iq905q4ggc0n09116eg7g38!nc_n_webp_mw_1,五一被Model Y杀疯了！月供3k+直接拿下✨
69f47aa80000000036018d0c,https://sns-webpic-qc.xhscdn.com/202610010112/dbbab5a47f268b99a6b5d75db5438b4a/spectrum/1040g34o31vke60au2s305ptljl0398lf9oghg08!nc_n_webp_mw_1,5月Model Y提车！我等不了：24.35w
69f580cd000000003700fbad,https://sns-webpic-qc.xhscdn.com/202610010112/38ff1f32a37f6ad42be0ea9126507313/notes_pre_post/1040g3k031vqdr29h54105q3gme6ngg64u7blnbo!nc_n_webp_mw_1,我顶不住了，5月黑武士Model Y：24.35w
69fb2733000000003502eda5,https://sns-webpic-qc.xhscdn.com/202610010100/a9d10bc58f3940ae87152cf19295d2cb/note_pre_post_uhdr/1040g3r031vqug2h5k8005pgbcak1hno071ccia8!nc_n_webp_mw_1,五月无痛提车！Model Y：24.35W
69f1b81c000000003503bb63,https://sns-webpic-qc.xhscdn.com/202610010148/5dee0cb36a1346db1790d764f5850e37/1040g00831vhnmivc3m005p8h5selsevouk800o8!nc_n_webp_mw_1,特斯拉5月新政新鲜出炉啦✨
69f30212000000002202ae3d,https://sns-webpic-qc.xhscdn.com/202610010152/199281a4beec14badf94f74de3a95281/notes_pre_post/1040g3k031vj07i5iia005p9bk65qjdq1ce7jhg8!nc_n_webp_mw_1,落地20w+，就可以开Model 3啦
69f5af38000000001e00e128,https://sns-webpic-qc.xhscdn.com/202610010100/38ef1da200c5957e2358109c8c7b02f0/note_pre_post_uhdr/1040g3r831vlir16qiib05pgt3migu6q14in91o8!nc_n_webp_mw_1,五月活动炸裂出台！成都6k新购！
69f8731f000000001e00c4bd,https://sns-webpic-qc.xhscdn.com/202610010100/bf97087bbb02c1880173c8c743a408c5/notes_pre_post/1040g3k831vo8f2cp3q9g5pgt3migu6q1i5iidng!nc_n_webp_mw_1,五一提车⚡️20W上手Model 3🤫
69fbf58b0000000022026d92,https://sns-webpic-qc.xhscdn.com/202610010059/365369b8872bbd43037a6c294962df5e/notes_pre_post/1040g3k831vrnu1n0iq705pgpdp4homabdbhb7ao!nc_n_webp_mw_1,赚翻了！🔥Model 3干到20w提走了！！
69f0ce43000000001a02c191,https://sns-webpic-qc.xhscdn.com/202610010103/c934ccd4a1b359e2bd3e8be181a20644/1040g00831vgqoj2q2q6g5oqsvru654694bmjtb0!nc_n_webp_mw_1,真香轿跑✨Model 3 手付4.59，落地月供1759
69fff614000000003701ff05,https://sns-webpic-qc.xhscdn.com/202610010112/7699d02a0a49d38ec4a6b531da7ff1d4/spectrum/1040g34o31vurp32v543g5ptljl0398lfmn9iptg!nc_n_webp_mw_1,价格曼妙，Model 3 20.47w提走
69fc3f1d000000001b0228a9,https://sns-webpic-qc.xhscdn.com/202610010112/46aa01d367865a33aaa361cf16e5caf6/notes_pre_post/1040g3k031vrvv6332q205p9bk65qjdq1b8j2l20!nc_n_webp_mw_1,Model Y超香价，24.35w简单提走
69f971c9000000001a035f6a,https://sns-webpic-qc.xhscdn.com/202610010058/e398712a773fb1046858029b7836bb5b/note_pre_post_uhdr/1040g3r031vp9a7k03q005pc6hnan4ql470sk7do!nc_n_webp_mw_1,五🈷️，真忍不住了，Model 3月供2460一个月！
69f32aa40000000020039f6d,https://sns-webpic-qc.xhscdn.com/202610010059/208e7768e8eef7476ba72df9c043a2ac/note_pre_post_uhdr/1040g3r031vj52hgoiql05p88agvkgg84jjkpqa0!nc_n_webp_mw_1,这么低的👋付⚡️拿下Model 3快银太值了
69f373920000000023005fb8,https://sns-webpic-qc.xhscdn.com/202610010104/942e5d8d3fc152c74a63bcb92a334c4a/notes_pre_post/1040g3k831vje2upq3qe05pr56abm2uenp981jco!nc_n_webp_mw_1,给我整甜了，Model 3提车20.75w+
69fb2d0e000000003601bfee,https://sns-webpic-qc.xhscdn.com/202610010107/648b6f1de7a9144b08b22215f54aec24/notes_pre_post/1040g3k831vpmlmaf2il05psdppsinih68859cj0!nc_n_webp_mw_1,谁懂啊！特斯拉Model3现在真的4.59w就能提🚗
69f756f30000000022026b1b,https://sns-webpic-qc.xhscdn.com/202610010109/0b58b0fd76fc24f32b73b5adc3197f71/note_pre_post_uhdr/1040g3r031vn7ikb0ia005q1bc8l2nh4j6rh5mbg!nc_n_webp_mw_1,2026款Model Y价位必看‼️ 拿下😎
69f1cfcf000000001a02feb4,https://sns-webpic-qc.xhscdn.com/202610010109/6aec53e519ee857abe118a4fb1bbbb52/note_pre_post_uhdr/1040g3r831vhqlk5sjq705q1bc8l2nh4jbj7m8do!nc_n_webp_mw_1,五一政策已出 🤩 特斯拉 购新补1w 💸💸
69f6c5cf000000002301cd8e,https://sns-webpic-qc.xhscdn.com/202610010142/54e6d2738326a9a37cfc113402490492/notes_pre_post/1040g3k831vmlp8i22abg5pt5q9v2nkqqs1ur6eg!nc_n_webp_mw_1,🌧️雨天试驾特斯拉也太香了吧！
6a0eab5b0000000036031907,https://sns-webpic-qc.xhscdn.com/202610010149/4f65d29bf9125eb1504dfa662806623e/notes_uhdr/1040g3qo320e0l5t0m2705pqagf8733lqsraqk70!nc_n_webp_mw_1,梅州model Y🚗｜家门口的试驾来了！🔥
69ecc589000000003603034a,https://sns-webpic-qc.xhscdn.com/202610010102/e1de9e111e9fcd3d5afe0b60eabe1361/note_pre_post_uhdr/1040g3r031vctamtc2i205pooulu7e0uuulgvjdo!nc_n_webp_mw_1,💌白色特斯拉，太好看了吧 错过多花一大笔！
69f3f9810000000038037ee2,https://sns-webpic-qc.xhscdn.com/202610010102/18e9956e73ace9386980c6239c39e950/note_pre_post_uhdr/1040g3r831vju8kbdjqs05pooulu7e0uujnqvqmg!nc_n_webp_mw_1,5月特斯拉纯新购1w+！济南会跟吗
69f9673b0000000035027440,https://sns-webpic-qc.xhscdn.com/202610010104/e1b2517c0919a346dc808c5d64ddb8dd/notes_pre_post/1040g3k031vp7rgmb1m005ppa09l730naa5vg7g0!nc_n_webp_mw_1,🧐五月Model 3落地一览
69f41870000000001f007448,https://sns-webpic-qc.xhscdn.com/202610010142/02af80741be4fd39e3850d51681b714a/1040g00831vk2780l3q005pt5q9v2nkqqf63cv18!nc_n_webp_mw_1,广东车友看过来！黑武士Model3 20W+拿下
69fb2ac9000000002301dc57,https://sns-webpic-qc.xhscdn.com/202610010155/236a32bcde03a7aa32064a06073fec59/notes_pre_post/1040g3k031vquqlpa2i105pqkfvsndtr59nl6kbg!nc_n_webp_mw_1,看完这篇再买Model 3🚗怒省一大笔
69eb44f9000000002003a89f,https://sns-webpic-qc.xhscdn.com/202610010100/26bc582abfb7ef805c32f1e66cb64a90/notes_pre_post/1040g3k831vbecv3pir305pke1a2gu7nnf6t7ano!nc_n_webp_mw_1,终于提了心心念念的Model 3~ 20.75w+
69f368e5000000003700e98f,https://sns-webpic-qc.xhscdn.com/202610010105/7958c1f2baaf84ea0711df8ff0939546/notes_uhdr/1040g3qo31vjcpgddii705q4j3fg82aon8kugheo!nc_n_webp_mw_1,太猛了💥谁懂23w+就能提Model Y
69f1bae10000000036030dbf,https://sns-webpic-qc.xhscdn.com/202610010105/d2d396a25d49286a70b0c8f460d465e3/notes_pre_post/1040g3k831vhnu66s2q0g5q4j3fg82aonh7jc03g!nc_n_webp_mw_1,蕞高1w新购补贴✨
69fc2d200000000038022aa2,https://sns-webpic-qc.xhscdn.com/202610010105/2beeacc528bb27bbd7cf18c44619a313/1040g2sg31vrujqad2al05q4ggc0n0911esq4cng!nc_n_webp_mw_1,特斯拉Model 3｜5月guan方新政‼️5年0西+双补
69fd99da000000002202b406,https://sns-webpic-qc.xhscdn.com/202610010152/d6b4617d01b4fcf558dd2e17ab25c153/notes_pre_post/1040g3k831vtaj0m43q205p9bk65qjdq1sl4msbg!nc_n_webp_mw_1,5月政策确定啦，Model 3只要20+
69feea98000000001b020c33,https://ci.xiaohongshu.com/notes_pre_post/1040g3k031vuk8d6tia2g5q7n8sftoq2uuls5h28?imageView2/2/w/1080/format/jpg,2026国补后，20.67w提走Model 3
69fef59c0000000022026b6a,https://ci.xiaohongshu.com/notes_pre_post/1040g3k831vulm4beia7g5pgpdp4homabdlsif00?imageView2/2/w/1080/format/jpg,2026国补后，20.67w提走Model 3
6a008a14000000003501e999,https://ci.xiaohongshu.com/notes_pre_post/1040g3k032007170ol62g5q1o0e87997nsjl0a10?imageView2/2/w/1080/format/jpg,2026国补后，20.67w提走Model 3
69fef9e4000000003502b866,https://sns-webpic-qc.xhscdn.com/202610010103/d80fc2c971ef8e1fc9c240cd2a7b983a/notes_pre_post/1040g3k831vulm4beiac05pgpdp4homabt0a05lg!nc_n_webp_mw_1,00后男生，4.59w无痛提走Model 3！！
69fed6220000000023006d59,https://sns-webpic-qc.xhscdn.com/202610010059/ebeeee7ba167f857ae9056556c714ca6/notes_pre_post/1040g3k831vuhibsdjq705n5hv3ckit7tgptgrso!nc_n_webp_mw_1,快银Model Y，本月24.35w可提
6a006063000000003803720d,https://sns-webpic-qc.xhscdn.com/202610010112/24647d26d60e6a382dae4e04ba062e8f/spectrum/1040g0k031vurocf654105ptljl0398lfhmmtq60!nc_n_webp_mw_1,Model Y 2026提走：24.07w，稥到没边
6a02dc6d0000000007028a12,https://ci.xiaohongshu.com/notes_pre_post/1040g3k83202fe5tq3q7g5p9bk65qjdq1i2ccfp8?imageView2/2/w/1080/format/jpg,2026国补后，24.35W提走Model Y
6a029dda0000000008025942,https://sns-webpic-qc.xhscdn.com/202610010100/f2fab172c94c94010bcc14adf5792628/notes_uhdr/1040g3qg320280bcs2a005pgt3migu6q1lkmuam0!nc_n_webp_mw_1,30+精致女生，25w内拿下Model Y
6a03e665000000000702beb0,https://ci.xiaohongshu.com/spectrum/1040g34o3203fu2nm486g5oq5d3nmbm0u0k345hg?imageView2/2/w/1080/format/jpg,五月白色Model Y：24.07w，提走了
69ff4c50000000001e00c5c2,https://sns-webpic-qc.xhscdn.com/202610010103/cab9fe3b35a7de4e6112a44ff61f8c5b/notes_pre_post/1040g3k831vv08ipu2i7g5oqsvru65469ko9it18!nc_n_webp_mw_1,Model Y低首付，24.35w轻松拿下✨
69f32c6d0000000022027cda,https://sns-webpic-qc.xhscdn.com/202610010059/487850d39bef461596df84bc3b09bd29/notes_pre_post/1040g3k831vj51l0v2i2g5p88agvkgg84qg10640!nc_n_webp_mw_1,2026国补 | 不到25w拿下特斯拉
6a02ad800000000038035c09,https://sns-webpic-qc.xhscdn.com/202610010148/44e4d6f8d1c91c89e4d85e3a82893087/note_pre_post_uhdr/1040g3r8320o8vbs6m8705oo9necjoqjvaqln77o!nc_n_webp_mw_1,6月Model Y提车！我等不了：24.35w
6a0292930000000007020c67,https://ci.xiaohongshu.com/1040g0083202fu7ef2i0g5pp4oerndu792je9ijg?imageView2/2/w/1080/format/jpg,哪里能买到不到25W的Model Y？就深圳！
69fdc24c0000000022026c54,https://sns-webpic-qc.xhscdn.com/202610010102/d78c578e87d8d2afe4c13c55f597b133/note_pre_post_uhdr/1040g3r831vtg5qcj2q005pp8tn7n368tm3d5upo!nc_n_webp_mw_1,老天奶！手付4.59w拿下特斯拉Model 3了？
69fd7933000000003501d4f4,https://sns-webpic-qc.xhscdn.com/202610010104/f94a49dc7e24e83e3dc104511da0eff3/notes_pre_post/1040g3k031vt78a3b56005ppa09l730na88bnk3o!nc_n_webp_mw_1,2026年全新Model Y黑标，落地价：24W+！
6a000d6c0000000035029ac2,https://sns-webpic-qc.xhscdn.com/202610010104/0d76d5801945b6ba77037798f288983e/notes_pre_post/1040g3k031vvnqurn549g5ppa09l730na3o1vl6g!nc_n_webp_mw_1,Model 3最新落地，爱了
6a00560e000000003601dcc4,https://sns-webpic-qc.xhscdn.com/202610010102/8f4620dfe2ba60843d4ad5d1d5b42828/note_pre_post_uhdr/1040g3r032000n1jkiqhg5pooulu7e0uu32prcho!nc_n_webp_mw_1,手付不到8w拿下特斯拉Model Y了？！
6a04487c000000003600147a,https://sns-webpic-qc.xhscdn.com/202610010057/e8eb0b53469f831b5fa565cd66906f69/1040g2sg3203s1skl2s705q4lra7a0m1qvqhoj3o!nc_n_webp_mw_1,👋付5万多开特斯拉？🈷️供2千+，还拿2万国补！
69fb0951000000003503a24e,https://sns-webpic-qc.xhscdn.com/202610010102/84b2dd0a7f5ef3ea48ca811409038139/note_pre_post_uhdr/1040g3r831vqqv2v354705pl0io693k6f7ikn0s0!nc_n_webp_mw_1,偶遇谁得Model3，品味太好了！
6a0432be0000000007020aa8,https://sns-webpic-qc.xhscdn.com/202610010102/eee518337cf00bf13f5efb659d505f8b/note_pre_post_uhdr/1040g3r83203lavmk2go05pp8tn7n368t7cft4u8!nc_n_webp_mw_1,Model Y L提车真实花销+补补全曝光！
6a000097000000000803ea9f,https://sns-webpic-qc.xhscdn.com/202610010142/838a4e280ecdd12ade1d1c879874e92d/1040g00831vvma1ho2a005pt5q9v2nkqq342942g!nc_n_webp_mw_1,广东宝子看过来，不到25W拿下Model Y
6a02d86e0000000006032b51,https://ci.xiaohongshu.com/notes_pre_post/1040g3k03202f646256005ptljl0398lf53hhpuo?imageView2/2/w/1080/format/jpg,白色Model 3提车了：20.67w
6a0474d30000000007012aff,https://sns-webpic-qc.xhscdn.com/202610010103/49c01b0ca624efbade836179ee82d2c5/1040g00832041epn43qgg5oqsvru6546989dp1po!nc_n_webp_mw_1,换车尽头是电车？Model Y月供2k+真香🔥
6a042aee000000003803559f,https://sns-webpic-qc.xhscdn.com/202610010114/f5fb9489ca5306e03bd2e6e1c6017ce4/note_pre_post_uhdr/1040g3r03203ocijsia005popndv7e4aa6tke7to!nc_n_webp_mw_1,🚨六月底购车终极福利❗️Model Y底价
69fcb356000000003601ed17,https://sns-webpic-qc.xhscdn.com/202610010114/011cfa09a311165fd2c606492357e16f/notes_pre_post/1040g3k031vsf2upm2a005popndv7e4aahamb710!nc_n_webp_mw_1,5月Model 3，价格直接干到20w出头
69f5ff780000000023014a2e,https://sns-webpic-qc.xhscdn.com/202610010155/65c7a6cab91d806b01d4ec451eaf403d/1040g2sg31vltbespig705prn95k63hlldqnqcg0!nc_n_webp_mw_1,Model 3 海洋蓝，你们会选嘛？
6a05c9e8000000003802263e,https://sns-webpic-qc.xhscdn.com/202610010103/142bba695afbc52ba1ca82d928eb922c/notes_pre_post/1040g3k83205amj5pjq705pk51p2junhf5l31k38!nc_n_webp_mw_1,特斯拉Model Y七月23.47W直接提走😭
69fdb967000000001a02f9e9,https://sns-webpic-qc.xhscdn.com/202610010111/8f2d38a9c4f3490e7765e95073d2c676/notes_uhdr/1040g3qg31vtf3t53iq005puej59392c2mloovb0!nc_n_webp_mw_1,珍珠白Model Y 26年真实落地价详细算✍️
69f6aaa0000000003501c728,https://sns-webpic-qc.xhscdn.com/202610010153/d6866e617648a91801d32266ce2353bd/1040g00831vmh04lchm005q4b9vpa53qvf65b8e0!nc_n_webp_mw_1,Model 3直接到20.5w+✨五一提车太香了
6a04657b00000000380378fa,https://sns-webpic-qc.xhscdn.com/202610010101/c6bb10f2a958ed2e2e4c46ba9f7f5171/notes_pre_post/1040g3k83203vfkq32q505pujojh3i3j6uqm577g!nc_n_webp_mw_1,✋付5万多，🈷️供2千多｜开走特斯拉超轻松！
6a097cde00000000380239f5,https://ci.xiaohongshu.com/spectrum/1040g0k03204r1582540g5ptljl0398lffin6ss0?imageView2/2/w/1080/format/jpg,7月又猛又兴奋！Model 3 20.67w
6a05436a0000000006035bad,https://sns-webpic-qc.xhscdn.com/202610010152/6795284762c5fcc8e3434091e8930b9b/notes_pre_post/1040g3k03204pciv7ia205p9bk65qjdq10kk0i80!nc_n_webp_mw_1,Model Y｜五月无痛落地24.35W（新方案）
6a1d7d1600000000070257ca,https://sns-webpic-qc.xhscdn.com/202610010158/03f668de06bbcd3027e743f941cb742d/1040g008320sfm2e0ne005qe245md5bfeoij3fag!nc_n_webp_mw_1,六一宠粉🎈Model Y 26.05万开回家！
6a03dccd0000000007024180,https://sns-webpic-qc.xhscdn.com/202610010120/0361680a0c8693f1d0edb78d2cd2d70c/notes_pre_post/1040g3k83203dv30r2g705qd98suskg7gnpfu6g0!nc_n_webp_mw_1,重磅！特斯拉「三低」王炸方案砂疯了🔥
6a0a9cbf000000003700fbc2,https://sns-webpic-qc.xhscdn.com/202610010120/6c39099dffbcf17ca4f124df1358bf07/1040g2sg320a1pl9b5s005pq3u677dgo2959c0so!nc_n_webp_mw_1,2026国补后，2️⃣0️⃣.6️⃣7️⃣w开走Model 3 🚗✨
6a052b820000000035031846,https://sns-webpic-qc.xhscdn.com/202610010153/600283395a8255dd3f0c25b0b0107cfb/notes_pre_post/1040g3k03204nf63d56005q4b9vpa53qvca8iido!nc_n_webp_mw_1,👋付5万就能开走特斯拉？🈷️供2k+还能叠补补
6a06b4cb0000000035039fb0,https://sns-webpic-qc.xhscdn.com/202610010155/03e0b83d645d0ae07d1f3e9e9e79627b/note_pre_post_uhdr/1040g3r032067mgb2lk005q0at3pji3uhhct99k0!nc_n_webp_mw_1,2026国补后，20.67w提走model 3
6a0b08c0000000000702a3f8,https://sns-webpic-qc.xhscdn.com/202610010158/ae63bf9041bd441d114db500b80ba44c/1040g2sg320aeren1m8e05qe245md5bfeqjvuhg0!nc_n_webp_mw_1,🔥5月特斯拉王炸｜Model Y首付5w多直接开走
6a058cab000000003701ff23,https://sns-webpic-qc.xhscdn.com/202610010109/22f57843be13d9c78bd8281775fbcbac/notes_pre_post/1040g3k832053i62fig704b1d8f8obkelchchiko!nc_n_webp_mw_1,特斯拉新购车政策🔥月供2100+闭眼冲
6a09e2f000000000080304e6,https://sns-webpic-qc.xhscdn.com/202610010117/ccde0cf606c152065380c1a77cf33bea/notes_pre_post/1040g3k83209b604u5m005pgiqci0uavnask3di0!nc_n_webp_mw_1,25w内，长期主义冲Model Y
6a0d7179000000000803eb34,https://sns-webpic-qc.xhscdn.com/202610010059/c8976d9fe8e31ad50a0906a4142d1c81/notes_pre_post/1040g3k0320cpm3105s005n5hv3ckit7tmhvks98!nc_n_webp_mw_1,5.59w手付｜落地20.67w提走Model 3
6a09e3330000000008001db7,https://sns-webpic-qc.xhscdn.com/202610010117/476e30c6434bbf0ef4d0f79d3bada629/notes_pre_post/1040g3k83209b604u5m205pgiqci0uavn5d38nug!nc_n_webp_mw_1,干到20.75w+，白色Model 3提车了
6a02b2b7000000000702d401,https://sns-webpic-qc.xhscdn.com/202610010120/9bd56c4c4f37f2517f5a48a83d180a0e/notes_pre_post/1040g3k03202abua7iq005qd98suskg7g6lfv2j0!nc_n_webp_mw_1,特斯拉袋款/全款怎么选💸最省方案
6a0429240000000035032d46,https://sns-webpic-qc.xhscdn.com/202610010101/53efe87a1ae8ac19b66799a7d23b1f11/1040g2sg3203o7fosis1g5ptg2di3jlc7u44tg5g!nc_n_webp_mw_1,现在买特斯拉好轻松‼️‼️‼️
6a09a7790000000037036543,https://sns-webpic-qc.xhscdn.com/202610010110/a5ea5c063a9fc5f15a909ca1331055d1/1040g00832093sqh2lm005pg2o3iipqc6auqdrr0!nc_n_webp_mw_1,预算10万，特斯拉Model 3 vs Model Y怎么选
6a0aa1d6000000003802321f,https://sns-webpic-qc.xhscdn.com/202610010110/46af7e1440f6df43aa65c310a218b883/notes_pre_post/1040g3k8320a2e2r46e705pg2o3iipqc6jh7q3a0!nc_n_webp_mw_1,长春提Model Y L 落地价算明白了！省3W+
6a071ebe000000003601f3e8,https://sns-webpic-qc.xhscdn.com/202610010149/9a25c40ae8faf41880de1d499e9b447d/note_pre_post_uhdr/1040g3r83206km0m3m8705pqagf8733lqdut4op0!nc_n_webp_mw_1,25w预算的，Model Y直接闭眼冲
6a06f46a0000000008000bdd,https://sns-webpic-qc.xhscdn.com/202610010101/9ac8c1dc68b98276c8907b2ac0ec3f3b/note_pre_post_uhdr/1040g3r83206f4d9kls705pvndri3lkuduapeis0!nc_n_webp_mw_1,成都特斯拉5月重磅福利👋付5w🌙供2k开走
6a0b2faf00000000070208e6,https://sns-webpic-qc.xhscdn.com/202610010101/55f2342c2ff1b622be69b522caa24d9d/note_pre_post_uhdr/1040g3r0320ajkgei6e0g5pt5q9v2nkqqrcdihj8!nc_n_webp_mw_1,Model 3 20w出头拿下
6a0ee8c900000000060310a6,https://sns-webpic-qc.xhscdn.com/202610010059/bf0ff19bb9cfab93ae5143b216be4f46/notes_pre_post/1040g3k0320e84q4o5m005ofnj7140igutl9m9b8!nc_n_webp_mw_1,分享！江苏Model 3 落地费用📄
6a09be5e0000000036002081,https://sns-webpic-qc.xhscdn.com/202610010102/42ac92e49cc9da3dad2e6d560b9fabab/notes_uhdr/1040g3qo32096ndhflg705pl0io693k6fmldcrmo!nc_n_webp_mw_1,6月买车月！Model Y L每月3985开走
6a0d9783000000003701ef8a,https://sns-webpic-qc.xhscdn.com/202610010113/f4eda7e859b1c30096a88a3c980500cc/1040g2sg320cusv5e62005pug2qt396bkckt4r1g!nc_n_webp_mw_1,苏州提特斯拉看这条！
6a03e35b000000003601fc90,https://sns-webpic-qc.xhscdn.com/202610010148/ea16d40fc5523644f292f32cdacfe9a4/note_pre_post_uhdr/1040g3r03203fm5ueiq005oo9necjoqjvbnfv0fo!nc_n_webp_mw_1,👋付五万多开特斯拉？🈷️供两千出头！
6a09ddba0000000007021ffa,https://ci.xiaohongshu.com/note_pre_post_uhdr/1040g3r83209a1gmc5mb05q1bc8l2nh4j8d857u0?imageView2/2/w/1080/format/jpg,8月特斯拉让我兴奋🫪Model Y 23.55w🫨
6a0d61b50000000038021375,https://sns-webpic-qc.xhscdn.com/202610010103/5b11e6d6b039935053a569999dbab20a/notes_pre_post/1040g3k0320co4i0p680g5pk51p2junhf72r17oo!nc_n_webp_mw_1,提车才知道：👋付5w+就可以提走Model3…
6a0810b5000000003502bb5a,https://sns-webpic-qc.xhscdn.com/202610010104/21be82287b4582cc19f6f71ff19aa8e3/notes_pre_post/1040g3k03207i8a5sle105ppa09l730najtospsg!nc_n_webp_mw_1,2026国补，Model 3干到20w出头了
6a033019000000003502e30a,https://sns-webpic-qc.xhscdn.com/202610010104/a96958e06798323a8b71322b60ddc6a6/note_pre_post_uhdr/1040g3r83202pqgm11m705ppa09l730nahnph78g!nc_n_webp_mw_1,Model Y L试驾后…真实感受
6a0db49d00000000070102b0,https://sns-webpic-qc.xhscdn.com/202610010109/623f3f37c3eb2ae107f1737d12b70ef9/notes_pre_post/1040g3k0320d2a6v7m82g5q1bc8l2nh4j0v03ha8!nc_n_webp_mw_1,10w提走Model Y L，独享特斯拉六座
6a0d946a0000000006033e24,https://sns-webpic-qc.xhscdn.com/202610010116/ae04f3b1f82c3b5e4c4abb39929a4192/1040g2sg320cu93uj62e05pp4oerndu7934p2j50!nc_n_webp_mw_1,5月政策，5w提Model Y超轻松！
6a1276f7000000003501ebca,https://ci.xiaohongshu.com/1040g2sg320hn8hb36o705q1o0e87997nfhh1q8g?imageView2/2/w/1080/format/jpg,Model Y和Model Y L区别及费用一览
6a0e61d40000000008030be0,https://sns-webpic-qc.xhscdn.com/202610010104/a6e70fc89c516de346b39ed3db2e536c/note_pre_post_uhdr/1040g3r0320dnlniom8005pr56abm2uencte8rt8!nc_n_webp_mw_1,5月，Model Y 24W+，还在犹豫啥？
6a0d1b840000000008032fb4,https://sns-webpic-qc.xhscdn.com/202610010112/82b6afcdc714db36b5a70b6f3ea56344/spectrum/1040g0k0320be34e1mi105ptljl0398lf19404a0!nc_n_webp_mw_1,4.59w手付开走Model Y！
6a097c0a000000003701c1a8,https://sns-webpic-qc.xhscdn.com/202610010112/edef90ee2d637816b1ee96c9622406e7/spectrum/1040g34o3208ujssm5e405q3gme6ngg64d4bflho!nc_n_webp_mw_1,5月新！Model 3 落地价，20.75W了！
6a127ac400000000060353c3,https://sns-webpic-qc.xhscdn.com/202610010112/12cff182f603f5fb27e056126fa189f9/1040g008320gmjiv5me705q7n8sftoq2urb4pjco!nc_n_webp_mw_1,沉浸式提车｜特斯拉Model 3！（可参考！）
6a091d47000000003501fbfe,https://sns-webpic-qc.xhscdn.com/202610010115/7eb2451656540d939a657ec8bd64888a/1040g0083208j17rd5i005pp6phnn3em4ktstdeo!nc_n_webp_mw_1,还等啥，Model Y👋付5，24w+
6a0bffeb0000000035030059,https://sns-webpic-qc.xhscdn.com/202610010148/a2e4af58bdca7700c0108436b6d9bcdb/notes_pre_post/1040g3k0320bcvr8v5k2g5p8h5selsevonuji310!nc_n_webp_mw_1,Model Y：手付4.59w开走！！
6a13f6a300000000070248d3,https://ci.xiaohongshu.com/notes_pre_post/1040g3k8320j5krfk62005p9bk65qjdq1rfjj9c8?imageView2/2/w/1080/format/jpg,2026国补后，黑色Model 3落地20.67w
6a0b073d0000000035028e0d,https://sns-webpic-qc.xhscdn.com/202610010120/44973a370dabfc68466acc2571f38c04/notes_pre_post/1040g3k0320o78er9mq005qcdvuanb7ke1t8gnio!nc_n_webp_mw_1,2026✨国补加持 Model 3到手只要20.67w
6a16ab04000000003502092d,https://sns-webpic-qc.xhscdn.com/202610010148/384b50be0cfc0732acc42f56ebec9cb8/1040g2sg320lq6mpqlke05p8h5selsevot35kgk0!nc_n_webp_mw_1,首付5.59w ，🈷️供2193，提特斯拉M3
6a181d930000000007022e90,https://sns-webpic-qc.xhscdn.com/202610010059/54133c1b2485fd4a4ab3a4d9a5a30803/spectrum/1040g0k0320te393070105p9m1knhgl160tdm610!nc_n_webp_mw_1,“2026国补”20.67w+提走Model 3
69fa0e50000000001a035063,https://sns-webpic-qc.xhscdn.com/202610010148/0293ecc38e4bb50d3bf04b5277822072/1040g2sg31vpsbgq42ge05otmu12ptaegm1p0nkg!nc_n_webp_mw_1,2026年5月特斯拉Y优惠版本怎么选
6a15225e0000000036001927,https://ci.xiaohongshu.com/note_pre_post_uhdr/1040g3r8320ka8pob6o905pbp6af85ps0s5e6q48?imageView2/2/w/1080/format/jpg,你敢信，20.67w就能提走一台Model 3？
6a14403b0000000007020340,https://ci.xiaohongshu.com/notes_uhdr/1040g3qg320jf2ktn5m005pc6hnan4ql43d57fbg?imageView2/2/w/1080/format/jpg,8月，青岛Model 3太猛了，20.45w拿下？？！！
6a1448320000000038020f3a,https://ci.xiaohongshu.com/note_pre_post_uhdr/1040g3r0320jg0obtlm005oo9necjoqjvm1l0qe8?imageView2/2/w/1080/format/jpg,听劝！2026年5月买Model Y真的巨香🚗
6a128ec60000000035031254,https://sns-webpic-qc.xhscdn.com/202610010104/03cd0633d789ceb37d9baac913a34c19/notes_pre_post/1040g3k8320hpvppm5i905ppa09l730na3kj0o2g!nc_n_webp_mw_1,Model 3 Performance⚡️是你的爱车吗
6a1908760000000007020353,https://sns-webpic-qc.xhscdn.com/202610010112/b46f59c17ff1c946490c485a073d1a56/notes_pre_post/1040g3k8320o3sot25mc05q7n8sftoq2ujhd28ig!nc_n_webp_mw_1,Model 3:手付4.59w，无痛提走！！
6a193e95000000000800283e,https://sns-webpic-qc.xhscdn.com/202610010112/858fba30ba96ba2c4d607723b8a898e5/notes_pre_post/1040g3k0320o8s4l06e005p9bk65qjdq15s9iplg!nc_n_webp_mw_1,00后女生靠自己提了Model 3｜5w入手
6a1e93d80000000021009ba7,https://sns-webpic-qc.xhscdn.com/202610010112/c87d447185c50d06518805ef8fbee533/notes_pre_post/1040g3k8320th8p8h7u705p9bk65qjdq135n5o98!nc_n_webp_mw_1,02年女生朋友终于靠自己拿下了Model Y
6a197266000000000701230e,https://sns-webpic-qc.xhscdn.com/202610010059/ab590738af4321b8b1a514cd58f3ae0b/note_pre_post_uhdr/1040g3r8320oponh1lsa05p88agvkgg84gaccrv0!nc_n_webp_mw_1,20w拿下Model 3🎀get经济上行的美
6a14073600000000060327aa,https://sns-webpic-qc.xhscdn.com/202610010059/f2c8b0a047d288eeba72802ce546ebc1/notes_pre_post/1040g3k0320j8179m5s005p88agvkgg84fkl1fog!nc_n_webp_mw_1,4w+提走的Model Y L【🔥经验来咯】
6a1e8ec200000000060347ce,https://sns-webpic-qc.xhscdn.com/202610010059/8a7923fed4172e7a4b228b89702613e1/notes_pre_post/1040g3k0320tgme7sna005n5hv3ckit7t4vao6so!nc_n_webp_mw_1,长期主义选车，落地24.27w拿下Model Y
6a1021690000000008000153,https://sns-webpic-qc.xhscdn.com/202610010059/4dacf97f6dd04a7a7759b516fc01827c/1040g008320glspo8680g5pgpdp4homabcnj57s8!nc_n_webp_mw_1,20.67w提走Model 3📝清清楚楚
6a1c27e6000000003502a305,https://ci.xiaohongshu.com/notes_uhdr/1040g3qo320r63jmh6q705pgbcak1hno01k0t9mg?imageView2/2/w/1080/format/jpg,23.87w提走Model Y【提车攻略】
6a12b19d0000000035031946,https://ci.xiaohongshu.com/note_pre_post_uhdr/1040g3r0320hub348mo005pgbcak1hno0bro8t3g?imageView2/2/w/1080/format/jpg,26黑标Model Y落地价：23.47W
6a11e50500000000060366d1,https://ci.xiaohongshu.com/notes_pre_post/1040g3k0320h5874q5m105pp4oerndu79lffrfv8?imageView2/2/w/1080/format/jpg,国补后20.67w 拿下Model 3！是谁还没冲？
6a1bb105000000003601e78e,https://sns-webpic-qc.xhscdn.com/202610010103/b3995be132ddacce6ce1717c5c7b0a3c/notes_pre_post/1040g3k0320qmsf0tls405pk51p2junhf5iraikg!nc_n_webp_mw_1,夯爆了！特斯拉Model Y 8月新策：23.87w提走…
6a1c0d250000000037036d6c,https://sns-webpic-qc.xhscdn.com/202610010110/9c958f33b935202db4afb8ea7dc57dc3/notes_pre_post/1040g3k0320r2pmpsls005pg2o3iipqc6n5udo70!nc_n_webp_mw_1,2026国补后，黑色Model Y：24w➕
6a1679b30000000035027227,https://ci.xiaohongshu.com/note_pre_post_uhdr/1040g3r0320lkgmte5c005pl0io693k6fqbhnsco?imageView2/2/w/1080/format/jpg,8月又猛又兴奋！Model 3：20.67w
6a13c5fa000000003601dd62,https://sns-webpic-qc.xhscdn.com/202610010103/0894abab8cd1123a8b421392308a3b75/notes_pre_post/1040g3k8320ivh5746eag5pk51p2junhftqddvq0!nc_n_webp_mw_1,Model Y 5月价格表：👋付4.59w 23.87w落地
6a127c670000000038037002,https://sns-webpic-qc.xhscdn.com/202610010103/f8d1ed91081712a2c6fb4cc1fdfcb503/notes_pre_post/1040g3k0320hnonqnm21g5pk51p2junhf8kn44sg!nc_n_webp_mw_1,00后女生第一辆车，5w存款提走Model 3…
6a1c10a3000000000802738c,https://sns-webpic-qc.xhscdn.com/202610010109/799c8e5391767e7d2f685cb6b4ab8ba2/note_pre_post_uhdr/1040g3r0320r31le662005q1bc8l2nh4jgquubd8!nc_n_webp_mw_1,挖到宝🚙Model Y现在价格太香了 23.65w
6a1c4e8b000000003501c202,https://sns-webpic-qc.xhscdn.com/202610010155/1d5eea7055e7dd2651f13b480fdda33d/note_pre_post_uhdr/1040g3r0320rapcdcmq0g5q0at3pji3uhh4l283o!nc_n_webp_mw_1,6️⃣月政策更新🆕Model 3太夯了！！！❤️
6a1c4b8b0000000007010c44,https://sns-webpic-qc.xhscdn.com/202610010158/c7c8b7e09466f8e4bd205a3ccfb2d4ea/1040g2sg320race7n6e705qe245md5bfeo80b9mg!nc_n_webp_mw_1,✨喜欢Model Y L看过来 现在buff叠满！
6a155c8b000000000701168b,https://sns-webpic-qc.xhscdn.com/202610010101/238c5714b0a304980fc2e5376e434604/notes_uhdr/1040g3qo320khosgl68705pvndri3lkudiejd478!nc_n_webp_mw_1,特斯拉你还有多少惊喜是朕不知道的！！
6a1eaf6e00000000080017f1,https://sns-webpic-qc.xhscdn.com/202610010115/22ab27e4df2fc02c690921d2813f28fd/notes_pre_post/1040g3k8321090r897e705pccvfe83jsfcgf6m28!nc_n_webp_mw_1,Model 3 20万直接拿下！
6a1c19e90000000006023997,https://sns-webpic-qc.xhscdn.com/202610010118/83c97f69236c82d4062e7a0ebb081457/note_pre_post_uhdr/1040g3r8320r48hnn5mf05oep4beodb6l7hs8gb0!nc_n_webp_mw_1,6️⃣月新政策❗️Model Y国补后23.95W
6a13d92a0000000008033f43,https://sns-webpic-qc.xhscdn.com/202610010120/48e3b8d03d865579681c6f02e0ff2715/notes_pre_post/1040g3k8320j2d507me005qd98suskg7g97hqgv8!nc_n_webp_mw_1,一年中什么时候买🚗最划算？
6a226a5d000000002202adf0,https://sns-webpic-qc.xhscdn.com/202610010121/b8562a9015ae8d77de45fdf1aa245142/1040g2sg32119knu06ue05pbp6af85ps0rdbc8q8!nc_n_webp_mw_1,Model Y三个版本怎么选？
6a1a47b8000000003503bd97,https://sns-webpic-qc.xhscdn.com/202610010121/848c189064888507df3e90a8077102ed/notes_uhdr/1040g3qg320pbfpeble005q4gasga5qko46j6hg0!nc_n_webp_mw_1,刚提完5台特斯拉！费用明细分享给大家💰
6a25348d0000000035027579,https://sns-webpic-qc.xhscdn.com/202610010100/fc948227d3aec9bc87dab94715f37764/1040g2sg32140lhrun2e05pgbcak1hno0s704538!nc_n_webp_mw_1,一分钟了解Model 3费用一览
6a295ff300000000210145ee,https://sns-webpic-qc.xhscdn.com/202610010117/77c612e3d4944c3d0598883e38dc361b/notes_pre_post/1040g3k0321835kvuna005pgiqci0uavntq54ba0!nc_n_webp_mw_1,手付4.59W开Model Y？真的可以？
6a2281b10000000008027cf3,https://ci.xiaohongshu.com/notes_pre_post/1040g3k8321047efr7o705p9bk65qjdq1692a490?imageView2/2/w/1080/format/jpg,6月入手Model Y L，全新落地价参考
6a1e531c0000000036003d37,https://sns-webpic-qc.xhscdn.com/202610010148/d76330bd14a2b0c92a79739cd9d9395f/notes_pre_post/1040g3k0320tb6qg1mu0g5p8h5selsevok9cuh38!nc_n_webp_mw_1,特斯拉销冠｜每天都在领 1.5w+、2w+补补攻略
6a2174e7000000000702f335,https://sns-webpic-qc.xhscdn.com/202610010100/30660e5bfad785bfdff889f7d4992037/notes_uhdr/1040g3qg3210bodgpnu005pke1a2gu7nnvgtl0m0!nc_n_webp_mw_1,每🈷️2193提Model 3：6月真有点东西
6a23d6fb0000000007026a63,https://sns-webpic-qc.xhscdn.com/202610010111/9c8e11e7e9b329badc46e86ed0a71269/note_pre_post_uhdr/1040g3r03212m0mh1nu005prmgmp62ii5ftq4bi0!nc_n_webp_mw_1,Model YL购车补补全汇总！一篇给你讲清楚
6a266fc70000000006033a03,https://sns-webpic-qc.xhscdn.com/202610010059/2a7b594452f2c96c001c14da1ccaa664/notes_pre_post/1040g3k832156ofsg7u705n5hv3ckit7tp9rc2g8!nc_n_webp_mw_1,国补后20.67w落地｜Model 3六月大惊喜
6a229b3900000000220191ef,https://sns-webpic-qc.xhscdn.com/202610010112/227df7287944ded83e1a3b141c9d5a96/notes_pre_post/1040g3k03211fos4in2705ptljl0398lf6bvijjo!nc_n_webp_mw_1,6月：4.59w提走网红Model Y L（含明细）
6a16ac8f00000000080332e7,https://sns-webpic-qc.xhscdn.com/202610010114/0dab933bd4a59418d702b9636981c49a/notes_pre_post/1040g3k8320lqfdp568705q15m5ehjvrlj8hqj88!nc_n_webp_mw_1,特斯拉购车蕞高补27800!
6a21152b0000000035027b47,https://sns-webpic-qc.xhscdn.com/202610010148/95e3304eee4e56d84d6c0154848ae9bf/1040g0083218uthomn0005p8h5selsevorhbmt5o!nc_n_webp_mw_1,🚗Model 3 后驱标续 官网价 23.55w
6a2528bb000000003501c3d2,https://sns-webpic-qc.xhscdn.com/202610010103/1332253875f964353a2c71e01e028332/1040g2sg3213veu4tn46g5q1o0e87997nt19a1m8!nc_n_webp_mw_1,00后男生沉浸式开特斯拉，太有氛围感了！
6a23a9f700000000060235ba,https://ci.xiaohongshu.com/notes_pre_post/1040g3k83212elanp7k805q7n8sftoq2u599r2q8?imageView2/2/w/1080/format/jpg,哈莉想要 哈莉得到（24.27w拿下Model Y）
6a2640db000000000603375d,https://sns-webpic-qc.xhscdn.com/202610010109/8dd387b84043f0426afd851912fa0881/note_pre_post_uhdr/1040g3r832151k0jinee05q1bc8l2nh4jpphr5uo!nc_n_webp_mw_1,宁波新购至高8000❗️企业购车同步可享🔥
6a2786a6000000001700b4af,https://sns-webpic-qc.xhscdn.com/202610010154/d1a5832b686ee88ba4bec4b714655304/note_pre_post_uhdr/1040g3r032168oo7mnk205popndv7e4aatbepeeo!nc_n_webp_mw_1,👋付5w💰开走Model 3❓限时方案来啦❗️
6a2a822c000000001503f52a,https://ci.xiaohongshu.com/notes_pre_post/1040g3k032196pj6i7u005q4j3fg82aonqj73ct0?imageView2/2/w/1080/format/jpg,国补后，星钻黑Model Y：23.17w
6a22a617000000002100a4a5,https://sns-webpic-qc.xhscdn.com/202610010114/e69eade8dc965936325b82617c07e879/1040g0083211i9tkn7e0g5q15m5ehjvrl6onhkfg!nc_n_webp_mw_1,特斯拉新鲜出炉10780的新购补补！！！
6a26c2d2000000000702a465,https://sns-webpic-qc.xhscdn.com/202610010118/ac16e2e758ae55c415501ef2cfabb05e/notes_pre_post/1040g3k83215hesk7nueg5p11pkhkiehs68pcss0!nc_n_webp_mw_1,2026年买Model 3到底要花多少💰？
6a25593400000000070106f1,https://sns-webpic-qc.xhscdn.com/202610010118/c40707a4ca9ae7c375806df3135dc489/notes_uhdr/1040g3qg32145c605nk005p11pkhkiehsavtud7g!nc_n_webp_mw_1,4.59W！！提走特斯拉Model Y
6a2947b3000000000702f3ff,https://sns-webpic-qc.xhscdn.com/202610010118/e1eec62a923d2ef777241d470ddb5ba7/1040g008321a6873h7e0g5q6q3faob6dbtomj9h8!nc_n_webp_mw_1,25w预算闭👀入！6月Model Y 长期主义👋选
6a2844e20000000007013d48,https://sns-webpic-qc.xhscdn.com/202610010100/9df324a90e9d337ba3a115ce8aaf8acc/note_pre_post_uhdr/1040g3r032170cjn1na405omq9s70vhnqep6ncdo!nc_n_webp_mw_1,6🈷️特斯拉Model Y L新购能拿10700❓夯爆了
6a20e98d0000000038023bd6,https://sns-webpic-qc.xhscdn.com/202610010109/e241dd7fa55f38b538cf95423e155469/notes_pre_post/1040g3k0320vqk7l27k205pg4sko1hhlsk9l8vmg!nc_n_webp_mw_1,特斯拉Model 3 6️⃣月抄底攻略🔥
6a243f040000000006030dd8,https://sns-webpic-qc.xhscdn.com/202610010148/13e53884071b0339271a37923cafa4db/1040g00832132rn377u005otmu12ptaeg07uj8f8!nc_n_webp_mw_1,特斯拉2026年6月落地价格怎么算
6a2803f30000000021019439,https://sns-webpic-qc.xhscdn.com/202610010153/3bad24eb1d9ad5df3d8ccc7e4696a094/1040g2sg321aakgtj7kgg5omblph3hkd89sh54l0!nc_n_webp_mw_1,黑标Model Y落地24.27w💥纠结买车别再观望
6a26298f0000000021014fcd,https://sns-webpic-qc.xhscdn.com/202610010153/dcda33bdbff91ee0a6638676d683ab16/note_pre_post_uhdr/1040g3r83214uokvg7u905omblph3hkd8sltgsvg!nc_n_webp_mw_1,【黑标ModelY24.27w✨现在入手太值】
6a277a1e000000000702d60b,https://sns-webpic-qc.xhscdn.com/202610010117/195f0b70c2394041513364a6620654a3/note_pre_post_uhdr/1040g3r032167r1ganu205ponrvknce234t0khjg!nc_n_webp_mw_1,什么？①天86就能开走Model Y ，忍不了！
6a2bc32a00000000060362b9,https://ci.xiaohongshu.com/note_pre_post_uhdr/1040g3r0321adpihb7o3g5q7n8sftoq2u925h0og?imageView2/2/w/1080/format/jpg,国补后，黑标Model Y：23.57w起
6a295fef0000000022009aba,https://ci.xiaohongshu.com/notes_pre_post/1040g3k03217tc13o7e0g5q484f7jdrhlhjchq28?imageView2/2/w/1080/format/jpg,高考结束，人生第①辆车选了毛豆3
6a2cf56500000000210211ee,https://ci.xiaohongshu.com/notes_uhdr/1040g3qg321bj5kru7e1g5pgpdp4homabld5jms0?imageView2/2/w/1080/format/jpg,2026国补后，Model Y：23.57W起
6a1f98380000000038023314,https://sns-webpic-qc.xhscdn.com/202610010149/b32c4ee63b705a54106dd5cdbb00abf7/1040g2sg32197seuq7oe05pqagf8733lqa2qdfv0!nc_n_webp_mw_1,2026国补，Model Y落地24.27w‼️
6a28d6ea000000001702cf13,https://sns-webpic-qc.xhscdn.com/202610010105/36ca1e5a1d79099cb3562af11ed36404/notes_pre_post/1040g3k03217ie9isnk005pp0ia57dlf3briacq8!nc_n_webp_mw_1,🚨Model Y补补蕞后一波！速冲  🔥
6a2bc3510000000008000720,https://sns-webpic-qc.xhscdn.com/202610010117/027ecbed7e35cf113370bdbf2f0c2607/notes_pre_post/1040g3k0321adlqoa7k005ponrvknce236rlsv1g!nc_n_webp_mw_1,2026年Model Y | 首付2w+ 月供2k开走？
6a2d37c90000000022024f96,https://sns-webpic-qc.xhscdn.com/202610010121/63b70afc7771fe88465a2293a1e1475a/notes_pre_post/1040g3k8321br95hd70705pbp6af85ps0jbfjkgo!nc_n_webp_mw_1,太夯了！Model Y：月2691开走了
6a2befd8000000002202fda1,https://sns-webpic-qc.xhscdn.com/202610010121/ad09d76b61917d346d787283dc147223/1040g2sg321an0urun4705pbp6af85ps0los8fio!nc_n_webp_mw_1,开特斯拉Model 3一年要花费多少？
6a2bd8f00000000022021aad,https://sns-webpic-qc.xhscdn.com/202610010149/cc4db22f774a63708ff7658dc0b1e2f0/note_pre_post_uhdr/1040g3r8321agd1j574905pqqvo4n3f9eq5t7jg0!nc_n_webp_mw_1,2026全新Model Y，国补后24w+提走！
6a22983a0000000037037db6,https://ci.xiaohongshu.com/spectrum/1040g0k03211f8uman0005oq5d3nmbm0ualm33d0?imageView2/2/w/1080/format/jpg,安静看车｜Model 3真的美到心巴上
6a30eba300000000070263c7,https://sns-webpic-qc.xhscdn.com/202610010112/21b7f1ebe3816c2789f61c95a7831b6d/notes_pre_post/1040g3k0321e656snnk905p9bk65qjdq17865q90!nc_n_webp_mw_1,黑标快银Model 3｜落地20.67可提
6a29217d0000000008025567,https://sns-webpic-qc.xhscdn.com/202610010112/39c11e3435eaeec0cde1591e75305140/notes_pre_post/1040g3k83217q0pdg7a705p9bk65qjdq1f17v1kg!nc_n_webp_mw_1,选Model Y的三大理由，24.27w就能拥有
6a2d303d00000000080306ba,https://ci.xiaohongshu.com/note_pre_post_uhdr/1040g3r0321bq95e9ne205pc6hnan4ql424e2sio?imageView2/2/w/1080/format/jpg,9🈷️，在青岛，23.97w怎么提走Model Y？
6a2e0f10000000000802776a,https://sns-webpic-qc.xhscdn.com/202610010059/0d8cc56f180172c09b31dd7c9ce08489/note_pre_post_uhdr/1040g3r8321clhs6snu705p9m1knhgl16bsar7m0!nc_n_webp_mw_1,国补后Model Y：23.57w，教你拿！
6a2bb1ae0000000006030e4c,https://sns-webpic-qc.xhscdn.com/202610010059/e83839fafe92a7650ec7f24958c009f8/notes_pre_post/1040g3k032195oklq7o4g5pnvir97c7q3iq8msv8!nc_n_webp_mw_1,毕业季信息差，Model 3：20.37w提走
6a2a50f80000000007021ffc,https://sns-webpic-qc.xhscdn.com/202610010101/b7ca3ea0384083a07c334e5336435a88/note_pre_post_uhdr/1040g3r83219006337ea05pt5q9v2nkqq4r42fdg!nc_n_webp_mw_1,补补拉满，30w出头就可以提Model Y L
6a2f51ec000000001700bf0e,https://sns-webpic-qc.xhscdn.com/202610010104/07643709a83b0577e60c5beaa59d1226/notes_uhdr/1040g3qg321dsvqo5no005pukqtu3jhebuc82a1g!nc_n_webp_mw_1,谁懂啊！6月白色Model Y 24W+直接提走🚗
6a2cad800000000016027082,https://sns-webpic-qc.xhscdn.com/202610010104/f6ee62475f0e42dc9e34bf863ccf48ac/1040g2sg321badicf7ae05pukqtu3jhebauqure8!nc_n_webp_mw_1,杭州特斯拉Model 3杀疯了！20w出头直接提走
6a2fcc7d0000000011005e88,https://sns-webpic-qc.xhscdn.com/202610010111/a51631d7bb727aa7fda01e3fd5fa261e/1040g008321ebo5r274005pue8v4jjm0cnl9bbdo!nc_n_webp_mw_1,家庭六座手选✨Model Y L零利息，月供3985👇
6a2bdc1300000000170087cd,https://sns-webpic-qc.xhscdn.com/202610010112/84fc8c9086624a095267dacf1b6b9ac6/spectrum/1040g0k0321agr01j6u8g5ptljl0398lffdh0gug!nc_n_webp_mw_1,工薪家庭，买Model Y有压力吗？
6a2ad129000000001702ed6b,https://sns-webpic-qc.xhscdn.com/202610010114/ee5f5784dc5b6d576c610316a5fac322/note_pre_post_uhdr/1040g3r83219g3h747e705popndv7e4aaaorfsr8!nc_n_webp_mw_1,特斯拉MY 最新落地参考🚗 全家出行无压力
6a2e35390000000022021b08,https://sns-webpic-qc.xhscdn.com/202610010148/60912e4160c41544d138c58419ee7809/note_pre_post_uhdr/1040g3r0321cq1inkn0005p8h5selsevo5ptfkn8!nc_n_webp_mw_1,Model Y每月2691开走..6、7月有点说法
6a3241c40000000015024421,https://sns-webpic-qc.xhscdn.com/202610010105/e2c0622883fa1616fcaa3064c48599f7/notes_pre_post/1040g3k8321gomudcna705q4j3fg82aonc1ir4b0!nc_n_webp_mw_1,太绝了，Model 3 Performance⚡
6a312193000000001503dd55,https://sns-webpic-qc.xhscdn.com/202610010105/a35e03595062d5e361ed802580197ad3/note_pre_post_uhdr/1040g3r8321fli5h17u005q4j3fg82aonudaonl8!nc_n_webp_mw_1,看车半小时，4.59W提走Model Y L
6a2b7ffb00000000170099cc,https://sns-webpic-qc.xhscdn.com/202610010107/c27ccb18fac71013240f58fcf9ddafe4/notes_pre_post/1040g3k0321a5d46qne005psdppsinih6jsjeu10!nc_n_webp_mw_1,2026国补后，黑标Model Y：23.57w
6a2b99f0000000001c025836,https://sns-webpic-qc.xhscdn.com/202610010107/e900f14cbd4e99d53c055a8eba7f0ee0/notes_pre_post/1040g3k8321a8o46c7k705psdppsinih6287pmtg!nc_n_webp_mw_1,喜提爱车！Model 3：19.97w
6a2d577700000000160261b5,https://sns-webpic-qc.xhscdn.com/202610010107/c84d995e43a79100039ced558bd92308/notes_uhdr/1040g3qo321bv5fione705psdppsinih6uda5j3o!nc_n_webp_mw_1,沉浸式🎀00后女生的梦中情车Model 3
6a3366950000000021023f04,https://ci.xiaohongshu.com/notes_pre_post/1040g3k0321gpg88pne005p9bk65qjdq10kp4720?imageView2/2/w/1080/format/jpg,2026黑色Model Y｜落地24.27w
6a31180e0000000007011c31,https://sns-webpic-qc.xhscdn.com/202610010118/2531ee23875533f68796ba02be59ab02/notes_uhdr/1040g3qg321fkdm7g7a705p11pkhkiehs93qbq3g!nc_n_webp_mw_1,✋付4.59w提Model 3？女生轻松拥有的代步车
6a321a89000000002100a2b9,https://sns-webpic-qc.xhscdn.com/202610010153/a917010c47227ea20c1978e6e974811f/note_pre_post_uhdr/1040g3r8321gjspva7e705omblph3hkd8u9eoquo!nc_n_webp_mw_1,【黑标Model Y】| 国补后竟然24.27w！
6a2eb1780000000020038704,https://sns-webpic-qc.xhscdn.com/202610010153/34cbc8f884c6e7a742477072974a227e/notes_uhdr/1040g3qo321d9cuoknu705omblph3hkd8lu9heq0!nc_n_webp_mw_1,国补后黑标Model Y直接卷到：23.57w起！
6a22a88400000000070229e9,https://sns-webpic-qc.xhscdn.com/202610010153/d2ef70d285728db765e6dd70c1512415/notes_uhdr/1040g3qo3211ha1p9nk705omblph3hkd8sm20ic8!nc_n_webp_mw_1,黑标ModelY落地24.277w✨
6a2ec151000000000802720a,https://sns-webpic-qc.xhscdn.com/202610010103/812a93eb5984540eca72decac60a0d89/1040g008321db9f0a7u5g5oqsvru65469l6rb7o8!nc_n_webp_mw_1,家庭第二台车怎么选？Model Y算完账真香
6a33af63000000000f0302c3,https://ci.xiaohongshu.com/notes_uhdr/1040g3qo321i5cqk9mu705q1o0e87997nshpparo?imageView2/2/w/1080/format/jpg,4.59w提走网红Model Y L，明细一览
6a2400cd000000001702f502,https://sns-webpic-qc.xhscdn.com/202610010109/da0e6cf16b42f7bb09cd9bccc412c713/1040g2sg3212r9t897ol04b1d8f8obkelcidp7c0!nc_n_webp_mw_1,毕业季 45900拿下Model 3 价格20.75起
6a27c275000000001603d98d,https://sns-webpic-qc.xhscdn.com/202610010120/b953915af5c8b5f227cf6211271e900c/note_pre_post_uhdr/1040g3r83216gj5pl7k705pq3u677dgo2e4jj30o!nc_n_webp_mw_1,🖤90后该拥有的“黑武士”长什么样👀
6a1ef17b00000000210083ae,https://sns-webpic-qc.xhscdn.com/202610010148/5f323e3b720710754495f3a790c1fb57/notes_pre_post/1040g3k8320tsps6qne705otmu12ptaegbmo0alg!nc_n_webp_mw_1,特斯拉Model Y 6月优惠配置分析
6a375d12000000001003c7a0,https://sns-webpic-qc.xhscdn.com/202610010105/bb6ba3a6ac9e758b68aacaedaa5d7058/notes_pre_post/1040g3k83220ehukt72805pvef943i874p4fptfo!nc_n_webp_mw_1,这个价还不冲？24w+开走Model Y
6a35b900000000001503dea7,https://ci.xiaohongshu.com/note_pre_post_uhdr/1040g3r8321k4tt58nac05oo9necjoqjvub8lfq0?imageView2/2/w/1080/format/jpg,2026国补后🔥Model Y：23.97w起，真等不了了
6a33cbfa000000001700ab6b,https://sns-webpic-qc.xhscdn.com/202610010105/f5ff8838451873e88ebe1585cc2d98b2/1040g2sg321i8qlhc7kl05pp0ia57dlf3s502t98!nc_n_webp_mw_1,🔈入手Model Y，现在就是最好的时机！
6a23ce6d000000000702eb8a,https://sns-webpic-qc.xhscdn.com/202610010117/a6a4958d1419d823aeeb51e563305d22/1040g0083212kuauc7k005psnj4f3i30g4sj61go!nc_n_webp_mw_1,快银Model 3提车落地，9️⃣🈷️最🆕政策来袭！
6a33ca2e0000000007012570,https://sns-webpic-qc.xhscdn.com/202610010118/2f5105ec7a345107fba520d02f2ba4f9/notes_uhdr/1040g3qg321i8l8b37a005p11pkhkiehsm5ia0q0!nc_n_webp_mw_1,🔈6月Model Y 23.97w起！补补详细教程
6a39f70d00000000200391dc,https://ci.xiaohongshu.com/1040g2sg321o9dkk0noe05pc6hnan4ql4sj20qf8?imageView2/2/w/1080/format/jpg,有主见的女生，请冲Model 3！！
6a3b712e000000001003eb4a,https://ci.xiaohongshu.com/notes_pre_post/1040g3k8321oo91mg6u7g5pl0io693k6fg5hui38?imageView2/2/w/1080/format/jpg,国补后，黑标Model Y：22.57w起
6a3b9918000000000f0061e0,https://sns-webpic-qc.xhscdn.com/202610010104/d03487df2d01b68c5f3a3596a1355e1c/1040g2sg321pskttt6u705ppa09l730najhcvl9o!nc_n_webp_mw_1,国补后提Model 3，只要20.67w
6a2eaf2c0000000006020137,https://sns-webpic-qc.xhscdn.com/202610010111/08e63ad0314effaf3b15e69dac5b56f4/note_pre_post_uhdr/1040g3r0321d8etsi7a005puej59392c21i7odd0!nc_n_webp_mw_1,坐标四川 26W开走梦中情车Model Y🔥
6a3cd49c000000001702c7b3,https://ci.xiaohongshu.com/note_pre_post_uhdr/1040g3r8321r2tphq7e8g5popndv7e4aa9ctvjjg?imageView2/2/w/1080/format/jpg,Model Y 开学季 新活动❗️
6a3a1e2f000000001503de37,https://sns-webpic-qc.xhscdn.com/202610010114/c0a1188133056702c29d88ab11a8ae01/note_pre_post_uhdr/1040g3r8321oe7sil7o705popndv7e4aadcoc6p8!nc_n_webp_mw_1,谁懂啊❗️00后真能4.59w提走Model 3❗️
6a3b30f6000000002103f657,https://sns-webpic-qc.xhscdn.com/202610010118/8b74c11e517e8db459a1f55295e6cc2f/note_pre_post_uhdr/1040g3r8321pfuiuvnoeg5p11pkhkiehsnj36ed8!nc_n_webp_mw_1,00后男生，4.59w无痛提走Model 3！！
6a3b7c940000000006023bce,https://sns-webpic-qc.xhscdn.com/202610010101/fc9667eb2cb117d126d953b911bee33d/1040g2sg321vusf057aeg5q19pcd3i8u5fh69ps0!nc_n_webp_mw_1,⚡特斯拉Model 3 王炸政策！月供2193 拿下🔥
6a3d0799000000000f0070c3,https://sns-webpic-qc.xhscdn.com/202610010112/7ace4ac8b064948799b254fb5fda9ca0/notes_pre_post/1040g3k8321r8l78hn4d05q3gme6ngg64nf0nhog!nc_n_webp_mw_1,7月马上到，准备好提Model 3了吗
6a3d06e00000000011017481,https://sns-webpic-qc.xhscdn.com/202610010112/c46a51c62f370d58b1c545720d1b95d5/notes_pre_post/1040g3k8322988hv670805q3gme6ngg640t2tb9o!nc_n_webp_mw_1,预算十万：选Model 3还是Model Y
6a3f36120000000008002156,https://sns-webpic-qc.xhscdn.com/202610010112/5a1ed9b02f56e4ff92e643706c14a0c0/note_pre_post_uhdr/1040g3r0321sc35pq7k305q7n8sftoq2ucbilkd8!nc_n_webp_mw_1,购车攻略📑Model 3：20.07w提走
6a3de5a2000000002003b8e4,https://sns-webpic-qc.xhscdn.com/202610010112/954a5bd115f8ea619ef6e273570bba52/notes_pre_post/1040g3k0321r3kbss7o9g5p9bk65qjdq1tidn048!nc_n_webp_mw_1,30w出头的Model Y L｜该选什么颜色❓
6a413c2f000000000f0155e1,https://sns-webpic-qc.xhscdn.com/202610010100/f7a087f4bfd09a65720236ed37b217fa/note_pre_post_uhdr/1040g3r8321vcpdbjn0705pgbcak1hno04ajctu0!nc_n_webp_mw_1,2026黑标Model Y ：23.67w，香惨了
6a3fa975000000000f006c51,https://sns-webpic-qc.xhscdn.com/202610010100/86654a275a363d34117dc0801d386dc4/note_pre_post_uhdr/1040g3r8321trkdsumu705pgbcak1hno0agkbh1g!nc_n_webp_mw_1,Model 3：手付5.59w月供2.1k开走
6a3cffee0000000011015a9b,https://sns-webpic-qc.xhscdn.com/202610010112/8c79e5ff3068623bda5dec2da191c421/notes_pre_post/1040g3k8321r77v85n4c05ptljl0398lfkh9fur8!nc_n_webp_mw_1,特斯拉六座Model Y L，新婚建议冲吗？
6a41c4cf000000002101b3e7,https://sns-webpic-qc.xhscdn.com/202610010059/9b8b01b9d040203d4cb7de13cc87b6c2/notes_pre_post/1040g3k8321vtfstgnkl05p88agvkgg84catg54o!nc_n_webp_mw_1,2026国补后，Model 3补补明细
6a37e34d000000000f0174cd,https://ci.xiaohongshu.com/1040g008321m8l44kmu005pgbcak1hno0b76jcl0?imageView2/2/w/1080/format/jpg,02年男生开特斯拉Model Y一年要花多少？
6a3df470000000001503cbf2,https://sns-webpic-qc.xhscdn.com/202610010100/fb656fc64b5308367422d8112540aa37/notes_pre_post/1040g3k0321s67nj17a004b59m8tugrat7k3kujg!nc_n_webp_mw_1,月薪8K就能拿下Model 3！保姆级购车指南
6a3df05d0000000011015317,https://ci.xiaohongshu.com/notes_pre_post/1040g3k8321s5q7246u9g5pbp6af85ps0knrgv3o?imageView2/2/w/1080/format/jpg,Model Y L：🈷️供3736，家用代步无压力！
6a422c20000000000702d7d6,https://sns-webpic-qc.xhscdn.com/202610010059/ab1a7daa863518e5648b184d05f0f7fd/notes_pre_post/1040g3k032207r6717e2g5ovlr743q7mf3l2m2pg!nc_n_webp_mw_1,00后女生，4.59w无痛提走Model 3！！
6a3cd1b6000000000f02b7cb,https://sns-webpic-qc.xhscdn.com/202610010148/f1f17e7db25b646240469118f1297bd8/notes_pre_post/1040g3k8321r2hgh670405p8h5selsevovtu5lgo!nc_n_webp_mw_1,8月购车明细📑Model YL：31.9w起
6a3cd09e000000000f014236,https://sns-webpic-qc.xhscdn.com/202610010148/354251f504aa78b1e880707b8bea69bf/notes_pre_post/1040g3k8321r2hgh670205p8h5selsevo714rkqg!nc_n_webp_mw_1,7月购车明细📑Model Y：24.35w起
6a43310b000000001702b2d4,https://sns-webpic-qc.xhscdn.com/202610010148/0247d945b1961081fe680cdeaba66987/notes_uhdr/1040g3qo3222ullbq7k705oo9necjoqjvmlcg1c0!nc_n_webp_mw_1,7月真兴奋了！特斯拉Model 3: 20.67w起
6a3541b90000000006037601,https://sns-webpic-qc.xhscdn.com/202610010153/0258313c5115c5391b563819821f7c9f/notes_uhdr/1040g3qg321jmgeu8nk005omblph3hkd8c1tuhcg!nc_n_webp_mw_1,特斯拉ModelyL：30.91w起！真是杀疯啦！
6a3f567300000000060212fd,https://sns-webpic-qc.xhscdn.com/202610010153/231f072f7c7866d30f93a463a1eb166e/note_pre_post_uhdr/1040g3r0321thgtq8no005omblph3hkd8903fpk0!nc_n_webp_mw_1,手把手教你 23.67w拿下Model Y
6a3766d70000000008000194,https://sns-webpic-qc.xhscdn.com/202610010100/0e5a464550d3da2496d2e7a41d4c3dd2/notes_pre_post/1040g3k8321llfe0ina8g5omq9s70vhnqcb93278!nc_n_webp_mw_1,4.59w提走“网红车”Model Y L，明细一览🧮
6a4249e400000000080020ac,https://sns-webpic-qc.xhscdn.com/202610010058/41821b357c5bb3d20fece015824b4d49/1040g2sg3220dlsie7ae05pc6hnan4ql4p0ifsro!nc_n_webp_mw_1,7🈷️，4.59w提走网红Model Y L，明细一览
6a377d7200000000210159cc,https://sns-webpic-qc.xhscdn.com/202610010059/4b808561e85fa1815ec96c3482684cc4/1040g2sg321lrqoup747g5q1o0e87997nsehvobg!nc_n_webp_mw_1,00后女生，开特斯拉Model 3一年花费明细
6a3a79ef0000000006037a50,https://sns-webpic-qc.xhscdn.com/202610010100/fd062e793133220c9fd49c1aba7ef13a/note_pre_post_uhdr/1040g3r0321op40ilnk5g5omq9s70vhnq2kbqae8!nc_n_webp_mw_1,23.85w提走Model Y？🚘「提车攻略」一笔算清楚
6a3172910000000007025458,https://sns-webpic-qc.xhscdn.com/202610010100/5f34011dbbd0c54f04c1f3ac5101fb46/1040g008321fv4id7nk005omq9s70vhnqh495h58!nc_n_webp_mw_1,Model Y开3年5wkm | 油电车🆚真实成本对比
6a3dd2a50000000007027040,https://sns-webpic-qc.xhscdn.com/202610010100/5060a151cd06fd741eb27bbc40e3c218/note_pre_post_uhdr/1040g3r8321sdr6qj7o005pke1a2gu7nnnluunjo!nc_n_webp_mw_1,交付中心刚提！7月Model Y L落地参考
6a3d10280000000007024035,https://sns-webpic-qc.xhscdn.com/202610010104/8c4b585aa1a219f0b14f77221ba7f5e3/1040g008321rach1j7k005pr56abm2uencgd9h98!nc_n_webp_mw_1,太猛了：月2.6k提了Model Y
6a33bf8d0000000021021b84,https://sns-webpic-qc.xhscdn.com/202610010104/7cd189faf579e75544f8e8971d6767c7/notes_pre_post/1040g3k8321i7bppf7u705pr56abm2ueneo6v57o!nc_n_webp_mw_1,小两口自驾神车Model Y，手付4.59w
6a36b55e000000001702c40c,https://sns-webpic-qc.xhscdn.com/202610010114/373ad45ddda5154db41e02e15801221b/note_pre_post_uhdr/1040g3r8321l3o444na8g5popndv7e4aaldlfvqg!nc_n_webp_mw_1,Model Y饱满大屁股｜黑标太戳人
6a30c7550000000008032da2,https://ci.xiaohongshu.com/1040g2sg321faep0rnu705pp4oerndu79hf3cfpg?imageView2/2/w/1080/format/jpg,30w左右预算，必拿六座Model Y L
6a4141fd000000002200a77c,https://sns-webpic-qc.xhscdn.com/202610010109/ec010d9dd0917a6434758bc8a72d1e1a/note_pre_post_uhdr/1040g3r0321vdcnvf7k005q1bc8l2nh4jt6qlaig!nc_n_webp_mw_1,算完落地价‼️ Model3现在买真的香哭了🫵
6a38018b0000000021017eb3,https://sns-webpic-qc.xhscdn.com/202610010109/d060875d287e91055c06124898a4c0dc/note_pre_post_uhdr/1040g3r8321mc251t7e905q1bc8l2nh4jb0tsdqo!nc_n_webp_mw_1,疯狂之7月份23.17💰开走焕新款ModelY
6a32b1d80000000008001bce,https://sns-webpic-qc.xhscdn.com/202610010109/221043bc177cc15991b7125d2ab65cfc/notes_pre_post/1040g3k8321h6c33mnk705q1bc8l2nh4juj5bcko!nc_n_webp_mw_1,综合实力无敌，Model Y居然24.27w提走 🫪
6a412faa0000000015025cd9,https://sns-webpic-qc.xhscdn.com/202610010120/0be5d4ae2195618266bbddf3d069bee4/notes_uhdr/1040g3qg321vb9raono005pq3u677dgo2k79m4lg!nc_n_webp_mw_1,这是什么神仙颜色！4.59w直接开走星光金YL💛
6a3a58280000000015025e3f,https://sns-webpic-qc.xhscdn.com/202610010102/fbdd668bc8fb3f97f9f837f292df7f8c/note_pre_post_uhdr/1040g3r0321olecepno605pooulu7e0uutnops68!nc_n_webp_mw_1,6 月买Model 3！政ce全捋清楚了
6a2f7e28000000001702a6fa,https://sns-webpic-qc.xhscdn.com/202610010103/2c4375d0adbc52493ad91796be87cfb0/1040g008321e1hscu7e005pk51p2junhfpeatmr8!nc_n_webp_mw_1,特斯拉Model Y｜从试驾到订车第1️⃣视角
6a37ff89000000002101825a,https://sns-webpic-qc.xhscdn.com/202610010109/fd9b72de67da90f441c06f778e8d2af9/note_pre_post_uhdr/1040g3r8321mc251t7e705q1bc8l2nh4jtmpr01g!nc_n_webp_mw_1,特斯拉Model3补贴清单｜国补置换双重羊毛
6a33a20c000000001702c59f,https://sns-webpic-qc.xhscdn.com/202610010112/39637807e8bdbb64a07cb4e5b8ec42c1/spectrum/1040g0k0321i3o152740g5ptljl0398lfeqdfaeo!nc_n_webp_mw_1,哪里能买到24W+的Model Y？就这儿！
6a3225f9000000001700b19a,https://sns-webpic-qc.xhscdn.com/202610010154/2999754620a9a24c0db43bfda44ae4d4/note_pre_post_uhdr/1040g3r0321gl5hqbne005popndv7e4aahpf2goo!nc_n_webp_mw_1,🚨6月特斯拉购车指南❗️这波“反向操作”
6a377e5c0000000007011e88,https://sns-webpic-qc.xhscdn.com/202610010101/88df1db65f0c868e608ec33725cc0372/1040g2sg321lrubd7ne705pt5q9v2nkqqja6uhl0!nc_n_webp_mw_1,26年全新黑标珍珠白Model Y，实车太绝了！
6a3fe9060000000016024a17,https://sns-webpic-qc.xhscdn.com/202610010102/63d86b8f16a3068fe9b9618b7a6ecb83/notes_uhdr/1040g3qo321u3duf07k705pooulu7e0uuegnktn8!nc_n_webp_mw_1,在济南买车！6月看Model Y就对了！
6a41111d000000001702e12b,https://sns-webpic-qc.xhscdn.com/202610010107/28923ff96d6b51364f3391162a187b88/notes_pre_post/1040g3k0321v7hil9nadg5psdppsinih64rce4q0!nc_n_webp_mw_1,夯夯夯！Model 3：月2.1k开走
6a338b27000000001101f4c2,https://ci.xiaohongshu.com/1040g2sg321i0r95t70e05pl0io693k6funuiba0?imageView2/2/w/1080/format/jpg,00后女生开特斯拉Model 3一年花费明细
6a460288000000000702c3d9,https://ci.xiaohongshu.com/1040g00832241u8rv7ofg5n5hv3ckit7tirhd5to?imageView2/2/w/1080/format/jpg,8月国补后 | 黑色Model Y：24.27w
6a3e67f6000000001c026444,https://sns-webpic-qc.xhscdn.com/202610010105/89670b60314c0c5097d6a36d04736f84/1040g2sg3221mqat37ee05q4j3fg82aon80r3jcg!nc_n_webp_mw_1,👋付4.59w 起，直接提走Model Y
6a3a5000000000001502681e,https://sns-webpic-qc.xhscdn.com/202610010105/b95c027ccee78021337f71367681562b/note_pre_post_uhdr/1040g3r8321okbsdg7a705q4j3fg82aonb7aqsb0!nc_n_webp_mw_1,Model 3：手付5w，月供2k开走🔥
6a33a05600000000150240d0,https://sns-webpic-qc.xhscdn.com/202610010112/84276645c0f6b52e48a7ea9478b647e5/spectrum/1040g34o321i3gsphn2405q3gme6ngg643tpd8bg!nc_n_webp_mw_1,Model Y 优点接龙：一人说一条
6a3ff1be000000002003971e,https://sns-webpic-qc.xhscdn.com/202610010156/8cec34aeff1c2dbf9f4960db3a910dba/note_pre_post_uhdr/1040g3r8321u4f6497e705pgiqci0uavn1e6ple0!nc_n_webp_mw_1,黑标 Model Y：23.67w，别再犹豫
6a465b8e0000000011011ced,https://sns-webpic-qc.xhscdn.com/202610010102/e27fb61ee517d0a2342fbc7a1d4e3c30/notes_pre_post/1040g3k83223u3m2n72005pl0io693k6fvi4ut40!nc_n_webp_mw_1,有主见的女生，冲Model 3：20.67w起
6a4609060000000007027bd3,https://ci.xiaohongshu.com/notes_pre_post/1040g3k0322424j9kne0g5p9bk65qjdq1e0qodoo?imageView2/2/w/1080/format/jpg,Model Y：落地24.27w，8月2691无痛提车
6a2bce10000000002003bb3a,https://sns-webpic-qc.xhscdn.com/202610010102/f8d7ffb6e12bd9c608b58a13dd882c47/notes_pre_post/1040g3k8321aebnhsno805pp8tn7n368tagasbro!nc_n_webp_mw_1,熬夜整理｜6月入手Model Y到底多少💰
6a47656c000000002101af47,https://sns-webpic-qc.xhscdn.com/202610010112/a75bf9dc3ed71127d5aaf4b6fa4a9b7d/note_pre_post_uhdr/1040g3r83225db9mlne705q7n8sftoq2ucj3l018!nc_n_webp_mw_1,预算20w+的女生，冲Model 3！！
6a37e726000000000f033e45,https://sns-webpic-qc.xhscdn.com/202610010120/fa0f4c3f720cd8105b32cd6af7107cdc/notes_pre_post/1040g3k8321m94isvn0b05qcdvuanb7kenn5v7do!nc_n_webp_mw_1,23.57w提走Model Y？【附提车攻略】🔥
6a8b17d300000000180182a5,https://ci.xiaohongshu.com/note_pre_post_uhdr/1040g3r03247gqsam7u005pslqvkh9d2ke1ra2b8?imageView2/2/w/1080/format/jpg,八月🚗Model 3 20.07w，女生闭眼冲！
6a4125e8000000001702e290,https://sns-webpic-qc.xhscdn.com/202610010105/6f481c30d72ca22b173decbcee79af0a/1040g2sg32254vq8vnae05q4ggc0n09112013opg!nc_n_webp_mw_1,25w内预算，现在可以冲Model Y了
6a49107c000000002103e68b,https://sns-webpic-qc.xhscdn.com/202610010109/f5e9f33ca059ba970117411f9122e517/1040g2sg32271cr3jnke05pueon73lpn6rcqjiog!nc_n_webp_mw_1,7月到了，你准备好提特斯拉了吗？
6a4337b80000000008033102,https://sns-webpic-qc.xhscdn.com/202610010118/4245b5a30f292d468e990fe5f81a555a/1040g2sg3221ahrh37ee05q6q3faob6dbhrdff48!nc_n_webp_mw_1,谁！特斯拉8月改ce上线了！
6a4e19c2000000000f029fa4,https://sns-webpic-qc.xhscdn.com/202610010102/6de2f4ca68559106edd6388a51264880/1040g2sg322aohb9gn2h05pl0io693k6f7td0h4o!nc_n_webp_mw_1,好喜欢我的粉色特斯拉🎀
6a47cba50000000007011032,https://sns-webpic-qc.xhscdn.com/202610010142/ae42825446249a315c986df59736e88d/1040g2sg3225pr5207ke05pt5q9v2nkqq6igvung!nc_n_webp_mw_1,Model 3 海洋蓝也太高级了！
6a4641a4000000000603610c,https://sns-webpic-qc.xhscdn.com/202610010156/c1c443b579d2e05e6f04c96f75561adb/1040g2sg32249n6hl7ke05pgiqci0uavnff186v0!nc_n_webp_mw_1,7月重磅｜日供80提走Model 3🚗
6a453f77000000000702da5d,https://sns-webpic-qc.xhscdn.com/202610010100/dd8c0d6054e4408af2cd64cd079b7f33/note_pre_post_uhdr/1040g3r03223a4fggnk205pgt3migu6q1a730dq0!nc_n_webp_mw_1,8🈷️大惊喜！😨黑标Model Y：23.97W！
6a4db1040000000020039335,https://sns-webpic-qc.xhscdn.com/202610010116/a5c49b77f1860dd2dd6f16ffe56ea5ce/notes_pre_post/1040g3k8322bi2mfknu005ovn1ep43vb74nfjljg!nc_n_webp_mw_1,落地24.27w拿下Model Y【长期主义选车】
6a4dc6f20000000007029d08,https://sns-webpic-qc.xhscdn.com/202610010117/1c324603841764ad86060cb03b00b1b2/notes_pre_post/1040g3k8322bkn0m0nu905pgiqci0uavntfeqgeo!nc_n_webp_mw_1,7月买电车，白色Model Y，23.47w提
6a4a29740000000011005703,https://sns-webpic-qc.xhscdn.com/202610010100/90ad63212d0869eba5f7ff2d24ad35b9/note_pre_post_uhdr/1040g3r032283ovg8n0005pgbcak1hno04os1pm0!nc_n_webp_mw_1,大补！特斯拉Model 3：20.67w起
6a47276f00000000070128dc,https://sns-webpic-qc.xhscdn.com/202610010116/5bc72aff1c59f65075404a9169bccd1c/notes_pre_post/1040g3k032255okee7a005ovn1ep43vb70gvpvho!nc_n_webp_mw_1,9 月无痛提车，黑标Model Y落地价23.47w
6a4495430000000008033ff8,https://sns-webpic-qc.xhscdn.com/202610010116/116a41db5f26f7600abd22621acde824/1040g0083222le3td7a005ovn1ep43vb789qeeuo!nc_n_webp_mw_1,补补来了，00后真的能拿下Model 3！!
6a43919300000000220166f3,https://sns-webpic-qc.xhscdn.com/202610010116/38e34b6a72610940b636a20ce54d857d/notes_pre_post/1040g3k83221lmu2s7a705ovn1ep43vb74v8363o!nc_n_webp_mw_1,7月无痛提车，黑标Model Y落地价23.47w
6a4b8081000000000702279e,https://sns-webpic-qc.xhscdn.com/202610010153/2f980222062289758459c5b6df2dbcc7/note_pre_post_uhdr/1040g3r03229djpjl7u005omblph3hkd8cjficpg!nc_n_webp_mw_1,Model Y：落地24.27w，月2691无痛提车
6a44e9a9000000001101d727,https://sns-webpic-qc.xhscdn.com/202610010102/943549ec7946606e147849e86ee59013/notes_pre_post/1040g3k03222vnf05n4005pl0io693k6fcpcv2jg!nc_n_webp_mw_1,等等党的胜利！！Model Y：24.27w起
6a45d7db000000001c026e9d,https://sns-webpic-qc.xhscdn.com/202610010117/915fcf987f248dcadeb4cf13f9e584e0/notes_pre_post/1040g3k83223snsvl7a705p9kj7uhgo6685790ag!nc_n_webp_mw_1,七月买特斯拉Model 3，真的省麻了！
6a4e14800000000015027d28,https://sns-webpic-qc.xhscdn.com/202610010117/443e32e312cab3eb4d18530f58c7c312/notes_pre_post/1040g3k0322bu4sbu7o005p9kj7uhgo66auc4nko!nc_n_webp_mw_1,不到24w拿下Model Y！太香了
6a48d459000000000800054b,https://sns-webpic-qc.xhscdn.com/202610010118/016647184b2d8cf8c2534d08c1448b9e/1040g0083226q3njdnu005p11pkhkiehsqecerbg!nc_n_webp_mw_1,上班暂停🎀手付4.59w提走Model Y
6a45c75d000000000702114d,https://sns-webpic-qc.xhscdn.com/202610010118/16d4399953b53eb57a57d06d07f86b35/1040g0083223qp48enu005p11pkhkiehs3ecj2ng!nc_n_webp_mw_1,七月Model 3价格太猛了！20.07w提走
6a4716f80000000007020480,https://sns-webpic-qc.xhscdn.com/202610010104/f2c23b9c7b2dcefd098541b681b041a9/notes_pre_post/1040g3k832253onennel05pr56abm2uenu1inp0g!nc_n_webp_mw_1,预算20w！女生8月冲Model 3快银！
6a4ca84e0000000011019b1f,https://sns-webpic-qc.xhscdn.com/202610010104/deef4ac6ec967300c4b81ead1fa66d13/notes_pre_post/1040g3k0322ahoj5g72005ppa09l730naog8g27g!nc_n_webp_mw_1,【明细一览】4.59w提走网红Model Y L
6a4a4921000000001700924f,https://sns-webpic-qc.xhscdn.com/202610010107/e77af44b5bcdd278311c145e0a5b9556/notes_pre_post/1040g3k832287kg8d7e705psdppsinih6b0bgkjg!nc_n_webp_mw_1,2026国补后，Model 3：20.67w起
6a479bad000000001003ecf2,https://sns-webpic-qc.xhscdn.com/202610010112/9ae8cf5b6f7944e8ec6d3526499cc1b5/notes_pre_post/1040g3k03225j3kq372005ptljl0398lf1ia3m5o!nc_n_webp_mw_1,国补 | 00后毕业一年，提了Model 3
6a4dc9d4000000001c026626,https://ci.xiaohongshu.com/1040g008322lugok0nu205pq3u677dgo2r41qgng?imageView2/2/w/1080/format/jpg,九月叠加大惊喜！20.27w➕拿下心动车
6a49b28d000000001c026796,https://sns-webpic-qc.xhscdn.com/202610010102/cf1d250247e42319db570c4f8df8e150/note_pre_post_uhdr/1040g3r03227l4rdv7u005pooulu7e0uud1kbseg!nc_n_webp_mw_1,烈焰红Model 3，回头率到底有没有那么高？
6a4c7d78000000001602628e,https://sns-webpic-qc.xhscdn.com/202610010102/65dd48115ce46da8ca1269a50037c7fa/note_pre_post_uhdr/1040g3r8322ac1hadnk005pooulu7e0uu3javojg!nc_n_webp_mw_1,莱芜试驾日开启，这一次把特斯拉开明白！
6a490ef3000000001c026604,https://sns-webpic-qc.xhscdn.com/202610010107/9a91d194899f6966f71180a69ef6029b/notes_pre_post/1040g3k8322718qepna705psdppsinih6lpkulv0!nc_n_webp_mw_1,国补后，黑标Model Y：24.27w起
6a4cada9000000001101afad,https://sns-webpic-qc.xhscdn.com/202610010149/374529c3d1b991b09b82694bc812795c/notes_pre_post/1040g3k0322aahc0tn4705pqqvo4n3f9e20pv4lg!nc_n_webp_mw_1,惊喜又兴奋！00后毕业终于等到Model Y啦✨
6a4a6592000000000f033784,https://ci.xiaohongshu.com/note_pre_post_uhdr/1040g3r83228b3mh3mu705pvef943i87412s4elo?imageView2/2/w/1080/format/jpg,珠光白Model Y真的没话说！！
6a4a776e0000000007010816,https://sns-webpic-qc.xhscdn.com/202610010109/c065e3bc80aee736b027e3f1162cc83a/notes_pre_post/1040g3k03228aenrl7a3g5q1bc8l2nh4j71j4dh8!nc_n_webp_mw_1,直接激动到跺脚‼️Model 3现在入手巨划算🤩
6a4a04eb00000000080320c6,https://sns-webpic-qc.xhscdn.com/202610010111/82d19e4166fcec7a541bee900c4b3e82/notes_pre_post/1040g3k83227v9uo9nu705prmgmp62ii5ht4mfi8!nc_n_webp_mw_1,沈阳✋付4.59w提Model 3？补补大全
6a4dd6a20000000008032270,https://sns-webpic-qc.xhscdn.com/202610010116/9c67f22ade8b5f27c2aa67d641e16f64/notes_pre_post/1040g3k8322bl4qa2nea05pp4oerndu798ftrg0o!nc_n_webp_mw_1,7月国补后，Model Y落地24.27w
6a4658a5000000001101f14f,https://sns-webpic-qc.xhscdn.com/202610010149/c3c7392a1f5c146a90b74dd48f5baf07/note_pre_post_uhdr/1040g3r83224bh29omu805pqqvo4n3f9er2gjfo8!nc_n_webp_mw_1,8月想入 Model 3? 这些你都知道吗
6a6ea5c6000000002c004f91,https://ci.xiaohongshu.com/1040g008323bnt10gn0705pvef943i8748pg22no?imageView2/2/w/1080/format/jpg,震惊😱西安买Model 3  19.47w起太便宜了！
6a4e16ef000000001700a0f3,https://sns-webpic-qc.xhscdn.com/202610010102/c1f49818cb6da0bb10275269f9c4294b/spectrum/1040g34o322dccuml6u105pp8tn7n368tokbfiu8!nc_n_webp_mw_1,Model 3氛围灯怎么调？手把手教你
6a49a9790000000015025f48,https://sns-webpic-qc.xhscdn.com/202610010103/9e82414071249a1fd322006d8d120aff/notes_pre_post/1040g3k03227k48jq7k005pk51p2junhf5jo41cg!nc_n_webp_mw_1,浙江ip请留步！7月特斯拉价格参考…攻略📄
6a49a914000000001700aaf1,https://sns-webpic-qc.xhscdn.com/202610010103/ce7695d556fe8312ce02311c1bce7cd1/notes_pre_post/1040g3k032275fee17a505pk51p2junhf9edleao!nc_n_webp_mw_1,8月Model 3补补！浙江提车怒省2.4w攻略📝
6a478da20000000011016fd2,https://sns-webpic-qc.xhscdn.com/202610010112/f25416ddd6ecaef548d3772422e92189/notes_pre_post/1040g3k8322988hv670705q3gme6ngg64ormo6f0!nc_n_webp_mw_1,Model Y好价攻略，女生第一台怎么拿下的？
6a4dfdcf000000001503ce38,https://sns-webpic-qc.xhscdn.com/202610010105/763c2f64d9ace4a0ce80ca9fdd2b73b6/1040g2sg322brevv0nol05q4j3fg82aonlgj36mo!nc_n_webp_mw_1,谁懂啊！5w就直接提Model 3🚗
6a447214000000001503e0b7,https://sns-webpic-qc.xhscdn.com/202610010105/0e322c4f291283a672ac7e545747e26a/1040g2sg3222h0rij7oe05q4ggc0n0911772pcro!nc_n_webp_mw_1,特斯拉modelY 七月优惠配置选择讲解
6a43c4730000000020039bdf,https://sns-webpic-qc.xhscdn.com/202610010107/8eb4e258dc7682d3114b24912808b29f/note_pre_post_uhdr/1040g3r83221rui6n7o705q1p4q7nai2ce08q1g0!nc_n_webp_mw_1,七月新政策，ModelY只要24w
6a46246b000000002100babf,https://sns-webpic-qc.xhscdn.com/202610010107/b654a58c0e82d89687940a8adb46a54d/notes_pre_post/1040g3k032246260enk005q1p4q7nai2ce5cmkn8!nc_n_webp_mw_1,温州提车攻略：24w提走ModelY
6a479d4e000000001102e156,https://sns-webpic-qc.xhscdn.com/202610010112/28744231dbc9f6faeb90f08bac6ad9a0/notes_pre_post/1040g3k03225j3kq3721g5ptljl0398lfngg8n3o!nc_n_webp_mw_1,没人说特斯拉珍珠白不太一样吗！！
6a3dcbf6000000001503fc36,https://sns-webpic-qc.xhscdn.com/202610010104/387cb5cf701abc95e1ee510900ab5d71/notes_uhdr/1040g3qo321s1chil7k705pukqtu3jheb7av1hf0!nc_n_webp_mw_1,Model Y 黑标 23w+！养娃宝妈直接心动😭
6a5089ea0000000008002b0c,https://ci.xiaohongshu.com/1040g2sg322eap33qnu705n5hv3ckit7tk9hajgg?imageView2/2/w/1080/format/jpg,00后男生月薪6000，轻松拿下Model Y
6a51ae4100000000070124d5,https://sns-webpic-qc.xhscdn.com/202610010114/2c341e1e8d81b11b9a2125a106cb3abf/notes_pre_post/1040g3k0322fef9qb7e005q15m5ehjvrlf5m0kno!nc_n_webp_mw_1,带娃家庭进｜六座Model Y L补贴后316000
6a4a6b780000000011019d0a,https://sns-webpic-qc.xhscdn.com/202610010155/0e86a4a703aaa6d0c8bae9847dd37e1e/note_pre_post_uhdr/1040g3r03228bqposn4005q0at3pji3uhr8m0sh0!nc_n_webp_mw_1,00后女生，4.59w无痛提走Model 3 🎀
6a4514ba00000000070242de,https://ci.xiaohongshu.com/notes_uhdr/1040g3qo322350nmu7o705pke1a2gu7nnkqrp47g?imageView2/2/w/1080/format/jpg,9月Model 3，20w拿下太猛了！
6a4f75ad000000001503d3f8,https://sns-webpic-qc.xhscdn.com/202610010103/a02200454719d079ac09faa371083c8f/1040g2sg322d95i427k605pk51p2junhfa36chn0!nc_n_webp_mw_1,23岁女生，预算5w拿下甜妹毛豆3~～
6a5399c0000000001c027849,https://sns-webpic-qc.xhscdn.com/202610010103/6ed6b644eabde6f95e38f516b297f387/notes_pre_post/1040g3k8322had7gq7e305pk51p2junhf0iolhfg!nc_n_webp_mw_1,特斯拉价格太兴奋！黑标Model Y：24.27w起😭
6a50f02d000000000f0041f7,https://sns-webpic-qc.xhscdn.com/202610010112/7ac0a360c31fcf7d04cec99ec2db2aa1/notes_pre_post/1040g3k0322en4tqb726g5ptljl0398lfiosk72o!nc_n_webp_mw_1,无痛提！26版黑标Model 3落地来到20w+
6a48d2a6000000001503e123,https://sns-webpic-qc.xhscdn.com/202610010149/1e4c3c68640f965a1459fac42be7d7b8/1040g2sg322fet42tnke05pqagf8733lqm9ohrc8!nc_n_webp_mw_1,7️⃣月政策太香了！海洋蓝Model 3直接冲🌊💙
6a51fb190000000021015f4c,https://ci.xiaohongshu.com/notes_pre_post/1040g3k8322et5tk47ka05q7n8sftoq2uij2o0to?imageView2/2/w/1080/format/jpg,粉色特斯拉Model 3🎀：手付4.59w！！
6a50a112000000002200850f,https://sns-webpic-qc.xhscdn.com/202610010153/875748773105b6ee46a3cb142784bb86/note_pre_post_uhdr/1040g3r8322edsn36ne005omblph3hkd82q48ncg!nc_n_webp_mw_1,特斯拉Model 3：19.97w起！这波直接杀疯了！
6a4e30d70000000008031962,https://sns-webpic-qc.xhscdn.com/202610010153/866cae918fabf1b15214053f5c3abad8/notes_uhdr/1040g3qo322c1m3dt7o705omblph3hkd8r5clug0!nc_n_webp_mw_1,25w预算选纯电SUV | 一篇理清思路
6a57325e000000002100a9fe,https://sns-webpic-qc.xhscdn.com/202610010112/cd6affac39baf1748b438dcbf7dfecee/notes_pre_post/1040g3k8322kla9hdnkd05p9bk65qjdq1gr7rvm0!nc_n_webp_mw_1,00后首车选特斯拉，这么买更合适
6a488de6000000001102d744,https://sns-webpic-qc.xhscdn.com/202610010148/bbc39f8ad0a9acf6de4ac424f8e680d1/notes_pre_post/1040g3k03226gvctvn0205p8h5selsevose05848!nc_n_webp_mw_1,我等不了了！！Model 3：2193提走
6a50569b0000000016025936,https://sns-webpic-qc.xhscdn.com/202610010149/dfc4680ddc5989f9f3913ae042b3c233/1040g2sg322e4mvkqnoe05pqagf8733lqk43hcr0!nc_n_webp_mw_1,听劝！珍珠白Y实车比图片好看一万倍🥺
6a538733000000001700a383,https://sns-webpic-qc.xhscdn.com/202610010149/b5f7eecc1bc89ee7e5bc8eef5cb22218/1040g008322h8d5tbno005pqagf8733lqrpfleio!nc_n_webp_mw_1,！大惊喜，黑标Model Y：24.27w起🖤
6a57012f000000001503e6f5,https://ci.xiaohongshu.com/note_pre_post_uhdr/1040g3r8322kl20up7k705popndv7e4aalomidqo?imageView2/2/w/1080/format/jpg,5年油车置换Model Y，怎么买才划算❓
6a587b45000000002201b5a4,https://sns-webpic-qc.xhscdn.com/202610010102/d4ddde0e0631c38078eef2f0ed0780f4/note_pre_post_uhdr/1040g3r0322m38ec8ms005pl0io693k6f88v39so!nc_n_webp_mw_1,7月浙江宁波首保&个人&企业购新补！！
6a3a508a000000001c026329,https://sns-webpic-qc.xhscdn.com/202610010103/702802d5a3737a324fa87730d78b69c0/notes_pre_post/1040g3k8321okad1d7e805pbh44ho5udcfqab27o!nc_n_webp_mw_1,谁懂啊❗️00后真能4.59w提走Model3❗️
6a52f40b0000000021020803,https://sns-webpic-qc.xhscdn.com/202610010107/3ee301465d291ade12181693d8bf952a/note_pre_post_uhdr/1040g3r8322gmgkpanol05q1p4q7nai2c33prkr8!nc_n_webp_mw_1,00后女生买车别盲选！Model 3 ：20.67w起
6a599b8a0000000014005e81,https://sns-webpic-qc.xhscdn.com/202610010112/5736371dcb35556db94286454d5df257/notes_pre_post/1040g3k0322m5so2mnk205p9bk65qjdq13bc53ho!nc_n_webp_mw_1,2026国补后｜7月Model Y落地明细
6a525444000000001101e2c8,https://sns-webpic-qc.xhscdn.com/202610010100/adba9c92641c986ee703e77ee2ffdfb1/notes_uhdr/1040g3qo322g30o3en0705pgbcak1hno0eupv1mo!nc_n_webp_mw_1,看车半小时，4.59w提走Model Y L
6a5f4246000000000f011128,https://ci.xiaohongshu.com/notes_pre_post/1040g3k0322sm02qanu205oq5d3nmbm0ubjhens0?imageView2/2/w/1080/format/jpg,国补后，Model 3：19.87w起
6a509c0e0000000006032dd1,https://sns-webpic-qc.xhscdn.com/202610010059/747b064688cfad2788cdf3ab7d44640a/1040g008322ed748k7o005n5iq0l46tkp0fafa80!nc_n_webp_mw_1,谁还不知道特斯拉悄悄出了一款真6座SUV？
6a5db771000000001102e23f,https://sns-webpic-qc.xhscdn.com/202610010102/af738602ac437923f5499de4521cddef/1040g008322r6qo29n22g5pl0io693k6fmfqt74g!nc_n_webp_mw_1,报废后，Model 3：19.95w起
6a5f3ea1000000000a03a327,https://sns-webpic-qc.xhscdn.com/202610010104/a2f7dcb3b2f348aa685c397899966b15/notes_pre_post/1040g3k0322smk96lno005pr56abm2uenbtk9vg0!nc_n_webp_mw_1,23岁女生20w+🎀拿下毛豆3咯
6a5c3a82000000000e0355af,https://sns-webpic-qc.xhscdn.com/202610010104/47e35ed80fa2ecfa4cc0f52748d875a4/notes_pre_post/1040g3k8322pobec3na705pr56abm2uenurv1m3o!nc_n_webp_mw_1,2026Model Y🈷️供2691🌟这性价比！
6a586961000000001002a2bc,https://sns-webpic-qc.xhscdn.com/202610010104/a0cc7999961ee67b065baf0703c20a2b/note_pre_post_uhdr/1040g3r8322m105k2no8g5pr56abm2uen1d9os9g!nc_n_webp_mw_1,特斯拉叠加补终于来了！蕞高28000！
6a6044fb000000000503874e,https://sns-webpic-qc.xhscdn.com/202610010107/da605d2f84a27717d03e0f548d892c5b/1040g008322uupms27k305psdppsinih64np6lp0!nc_n_webp_mw_1,油车置换特斯拉Model Y，这样算才真的省！
6a5afb2f000000000c017100,https://sns-webpic-qc.xhscdn.com/202610010111/25e876c49fd8ae3e6f33cbe3ede09b4d/notes_pre_post/1040g3k8322ohjb3l7a705prmgmp62ii5agbqch8!nc_n_webp_mw_1,沈阳7月🌈Model YL星光金+这波政ce真香👋
6a53ac16000000000803dcca,https://ci.xiaohongshu.com/notes_pre_post/1040g3k0322hb06rm7e0g5q1bc8l2nh4jbc9o6v8?imageView2/2/w/1080/format/jpg,🚙特斯拉ModelY 宁波政府保险补贴来袭4k💰
6a601e43000000000f00bf17,https://ci.xiaohongshu.com/notes_pre_post/1040g3k0324k12f5pnk0g5pp4oerndu79pbddhs8?imageView2/2/w/1080/format/jpg,9月兴奋了，Model Y落地可达24.27w
6a58af39000000001003e041,https://sns-webpic-qc.xhscdn.com/202610010104/e701bcfc7882fdd5e0d1af2105a90fe0/1040g2sg322m9iegjn0e05ppa09l730namtofuj0!nc_n_webp_mw_1,刚毕业轻松买！Model 3🈷️供 2193 起
6a51b0170000000006022324,https://sns-webpic-qc.xhscdn.com/202610010109/059c87aed5b0877e692b56a3bae909aa/note_pre_post_uhdr/1040g3r0322fesrm8ne105q1bc8l2nh4jne5jusg!nc_n_webp_mw_1,黑色Model 3 | 车价19.79全款拿下
6a57282f000000002100858b,https://sns-webpic-qc.xhscdn.com/202610010109/33a59d427cf0ecfc9ebbbab74a6cec91/notes_pre_post/1040g3k0322krududnug05q1bc8l2nh4jiso5de0!nc_n_webp_mw_1,二胎家庭换车，30w出头置换六座Model YL
6a5f0112000000000a038141,https://sns-webpic-qc.xhscdn.com/202610010102/00ec18e46a70d165f80764c74ef323bf/notes_pre_post/1040g3k0322se2d0702205pp8tn7n368tk651hmg!nc_n_webp_mw_1,00后的第1️⃣台车｜Model 3 买得明智
6a5cd679000000000f032d14,https://sns-webpic-qc.xhscdn.com/202610010104/964ce3bcf0995da0a64abfbff5f4eb6d/1040g2sg322qbcg0472e05ppa09l730na3oblob8!nc_n_webp_mw_1,2026 Model Y L买车思路，清晰得可怕！
6a605108000000001102eb6c,https://sns-webpic-qc.xhscdn.com/202610010104/c52a0d59665ef42f925f96d1278542f1/notes_pre_post/1040g3k0322to3pgjmu205ppa09l730na3mq6oho!nc_n_webp_mw_1,8月终于等到你！黑标Model Y 24.27w起
6a5a06e40000000011010d13,https://sns-webpic-qc.xhscdn.com/202610010149/2375faaaa7e70bb95be1e76631e3ebe7/notes_pre_post/1040g3k0322n4pf70mu0g5pqqvo4n3f9ehnsptb0!nc_n_webp_mw_1,独立女生的底气，从一台Model 3开始
6a50c37d000000000f01751f,https://sns-webpic-qc.xhscdn.com/202610010149/2833e5be3a0a24803c04d27e28ebd039/notes_pre_post/1040g3k0322kl26krmu0g5pqqvo4n3f9ecdh76no!nc_n_webp_mw_1,25w预算闭眼入！落地24.27w➕的Model Y
6a533a73000000001101f4d4,https://sns-webpic-qc.xhscdn.com/202610010105/dd99f72b825c5f3c3e70a13f66007cd0/note_pre_post_uhdr/1040g3r0322gv39q2n0005pvef943i874ifq9oh0!nc_n_webp_mw_1,简直无痛提车！Model Y：24.27W
6a50ed1b000000001003d079,https://sns-webpic-qc.xhscdn.com/202610010112/c66e9a3dcec55f042dc8604c18c15a4e/notes_pre_post/1040g3k0322en4tqb72205ptljl0398lficdgggg!nc_n_webp_mw_1,Model Y不愧是大厂员工的生产力搭子
6a578c070000000006021fdc,https://sns-webpic-qc.xhscdn.com/202610010114/de8a39dae26838dd198d6f84215037fd/1040g2sg322l60eo1g0e05q15m5ehjvrlnt21cf8!nc_n_webp_mw_1,Model Y 手付4.59w提走，暑假带全家旅行
6a5cf448000000001303ec47,https://sns-webpic-qc.xhscdn.com/202610010142/e065f9ed08d0caabe0a8fe1d4cd4650f/1040g008322qf104bnk005pt5q9v2nkqqdapuob0!nc_n_webp_mw_1,7 月提六座Model Y L，价格大惊喜
6a5c6c20000000000f0147fd,https://ci.xiaohongshu.com/notes_pre_post/1040g3k0322p77v8s74205q3gme6ngg64t0mg18g?imageView2/2/w/1080/format/jpg,Model Y 月供 2691，日常代步无压力
6a53af4c000000001503f39e,https://sns-webpic-qc.xhscdn.com/202610010105/37c542f37414cb58a9d715311b56d4dc/notes_pre_post/1040g3k8322hdal0nno005q4ggc0n0911p1pah38!nc_n_webp_mw_1,243500开走Model Y🚗家用代步太香了
6a5cc24c000000001003c418,https://sns-webpic-qc.xhscdn.com/202610010112/88e4e176a6702e5f64729bd7c4a3b523/notes_pre_post/1040g3k0322p77v8s74405q3gme6ngg646fuq8vo!nc_n_webp_mw_1,油费抵🈷️供｜置换入手Model Y太香了
6a5e138d0000000014006715,https://sns-webpic-qc.xhscdn.com/202610010114/3e03407a66438e0f3776db45cdb366d9/note_pre_post_uhdr/1040g3r8322rhpq9o7o705q15m5ehjvrlbj9b870!nc_n_webp_mw_1,特斯拉Model 3补贴后19.97万！
6a54c07900000000060335a8,https://sns-webpic-qc.xhscdn.com/202610010118/22ab7a14e7f4d9d7b1a9e6fe37d04b62/1040g008322iek69enu005q6q3faob6dbrlf0j08!nc_n_webp_mw_1,Model Y/Model Y L到底怎么选？【全程0废话版
6a59adc2000000001d00d222,https://sns-webpic-qc.xhscdn.com/202610010116/937c68d1b423553e50dfb47ba4492cb8/notes_pre_post/1040g3k0322n8lrv6no005ovn1ep43vb7m7r3b18!nc_n_webp_mw_1,2026 Model Y L买车思路，清晰得可怕！
6a5f3b3d000000000a039531,https://sns-webpic-qc.xhscdn.com/202610010116/61f99078cc5d6897a93ea6a9a187ae2d/notes_pre_post/1040g3k0322sm70gm7a005ovn1ep43vb7ck56v30!nc_n_webp_mw_1,长期主义冲Model Y！手付4.59W开走
6a5b586f0000000014005052,https://sns-webpic-qc.xhscdn.com/202610010058/80cce94484e388084ee688608c43b90c/notes_pre_post/1040g3k0322osnies7a005oq5d3nmbm0ujfb3tqg!nc_n_webp_mw_1,2026申领国补｜Model Y24.27w提
6a5899330000000010029110,https://sns-webpic-qc.xhscdn.com/202610010118/8861a6ba62698388ae012262934eeee4/notes_pre_post/1040g3k0322m6tcv9na005p11pkhkiehstur49q0!nc_n_webp_mw_1,月薪6000也能轻松开上Model 3
6a61b0b20000000006011d5e,https://ci.xiaohongshu.com/notes_pre_post/1040g3k8322u18d1s740g5q1o0e87997n79t3mg8?imageView2/2/w/1080/format/jpg,9月又猛又兴奋！Model 3：19.55w起
6a58aa580000000014007e07,https://sns-webpic-qc.xhscdn.com/202610010100/c5b56ca6536a086b5f713477d81ac87b/notes_pre_post/1040g3k8322n9gsbk7k705omq9s70vhnq5fsjll8!nc_n_webp_mw_1,Model Y黑武士，真的谁都逃不过🖤👋付5w拿下
6a59bc8b0000000014004ea1,https://sns-webpic-qc.xhscdn.com/202610010059/7ac53c2b02b4a1fb554d3fdd0c5fcb21/1040g008322ncl74tnu005n5iq0l46tkp5e2ud0o!nc_n_webp_mw_1,🖤星钻黑Model Y四驱长续航｜试驾真香实录✨
6a5ae163000000000e0367b3,https://sns-webpic-qc.xhscdn.com/202610010100/f076f618e8f047c50fa6ff38f0a435f4/notes_pre_post/1040g3k8322nqjb0cg09g5omq9s70vhnqo43p94o!nc_n_webp_mw_1,⁉️为什么Model Y一直销量TOP1？创一代多牛
6a573cee000000002200b862,https://sns-webpic-qc.xhscdn.com/202610010117/b81cf355b0fbe157030179626e3ed32a/notes_pre_post/1040g3k8322ksagkl7al05pgiqci0uavn421hcg0!nc_n_webp_mw_1,Model 3 | 00后女生的梦中情车🌸
6a312e72000000001101b758,https://sns-webpic-qc.xhscdn.com/202610010102/9d2a8a43524cb6b6b9abddcbff29a614/notes_uhdr/1040g3qg321fn54sr6s2g5pl0io693k6f5s0f6v0!nc_n_webp_mw_1,23.97w提走Model Y【提车攻略】
6a62c81a0000000010027f4f,https://sns-webpic-qc.xhscdn.com/202610010059/cbce8754f38f5964426b38880aac7858/1040g00832305388ag2fg5n5hv3ckit7tk8tbneo!nc_n_webp_mw_1,黑标Model 3国补后 | 落地20.67w
6a61aabe0000000011016da0,https://sns-webpic-qc.xhscdn.com/202610010102/72a50e8f2178daa97cc5e22321f0a3aa/1040g2sg322v29qdp6seg5pl0io693k6f6c4pbgg!nc_n_webp_mw_1,交付中心提车｜Model Y国补后23.97w
6a62d52d000000001f01e341,https://sns-webpic-qc.xhscdn.com/202610010112/f7d9ec2505f441b69d95ded3e317f4c3/notes_pre_post/1040g3k8322uunpj6g2dg5p9bk65qjdq1cvp2hrg!nc_n_webp_mw_1,国补后，Model 3落地一览（海洋蓝）
6a58b7e200000000090345a4,https://sns-webpic-qc.xhscdn.com/202610010117/df3413c8776bfa8dd042f971f2ea1fe1/notes_uhdr/1040g3qo322mam0mfna705pgiqci0uavn5n72f4o!nc_n_webp_mw_1,7月政ce！六座Model Y L赢麻了啊
6a49157c0000000006031a9b,https://ci.xiaohongshu.com/notes_pre_post/1040g3k832271jh0i7aa05pp4oerndu796dkghto?imageView2/2/w/1080/format/jpg,2026年Model Y落地明细，超详细版
6a6445c400000000110139a7,https://ci.xiaohongshu.com/note_pre_post_uhdr/1040g3r03230m29b4mu505q1o0e87997n8s8c4gg?imageView2/2/w/1080/format/jpg,2026国补后，Model Y：23.47w
6a6305c5000000001102fd3c,https://sns-webpic-qc.xhscdn.com/202610010102/7cf447269956f3bfed3cd5b4c90c3689/notes_pre_post/1040g3k832305l6vr6s705pl0io693k6faa3v5no!nc_n_webp_mw_1,⚡太帅了，Model 3 Performance
6a6095550000000011012dab,https://sns-webpic-qc.xhscdn.com/202610010112/e097ed83af6ffae46a92fc42bed46aff/notes_pre_post/1040g3k8322trqova7o705p9bk65qjdq1reks9lg!nc_n_webp_mw_1,00后女生提Model 3 | 选O息还是低息
6a61bb090000000005039553,https://sns-webpic-qc.xhscdn.com/202610010103/ad77c9043a36da3e9f67ce435bac202f/notes_pre_post/1040g3k8322v465p702305pk51p2junhfhm99tdo!nc_n_webp_mw_1,黑标Model 3 | 国补后20.27w可提
6a61a6ac000000000f033d05,https://sns-webpic-qc.xhscdn.com/202610010112/74b51816718ad44564858a7445e001c1/notes_pre_post/1040g3k8322v1oepa72905ptljl0398lfdvda10g!nc_n_webp_mw_1,特斯拉Model 3，你选全款还是零息❓
6a61fba9000000001d00c258,https://sns-webpic-qc.xhscdn.com/202610010114/5621e15dd1a5a50ffd8902ead4a08307/1040g2sg322vc4kodnae05q15m5ehjvrl452vssg!nc_n_webp_mw_1,🌟Model Y｜家用纯电 SUV 优选
6a696843000000000a03aee8,https://sns-webpic-qc.xhscdn.com/202610010104/575892bdf009d0c43cfc6e3de2cbe87f/notes_uhdr/1040g3qg3236k6vsr7o0g5pr56abm2uenok97flg!nc_n_webp_mw_1,特斯拉倒计时2天！Model3:19.87w
6a64b3c4000000001003ce52,https://sns-webpic-qc.xhscdn.com/202610010104/cb84a0ca45187262c3280f795e0a24ed/notes_uhdr/1040g3qo323215qu96s005ppa09l730naeqbgc80!nc_n_webp_mw_1,别犹豫了！Model 3这波福🌰月底截止
6a6304d1000000001d02138a,https://sns-webpic-qc.xhscdn.com/202610010111/299b90ab67817025e36e7f87921e0bf9/1040g2sg3230cgvk67a705prmgmp62ii5j972d38!nc_n_webp_mw_1,特斯拉销售转正❤️奖励自己Model Y
6a685d54000000000401e4dc,https://sns-webpic-qc.xhscdn.com/202610010114/207ab4e9d4e5b50c73b56fc2bda27636/notes_pre_post/1040g3k03235jja4bno005popndv7e4aa32ibng8!nc_n_webp_mw_1,Model Y L月供3736，真六座太香了！
6a62fd9b000000001102dc35,https://sns-webpic-qc.xhscdn.com/202610010149/bc8c738e5db4183f9433bccad67d5fec/note_pre_post_uhdr/1040g3r03230a41uen46g5pqqvo4n3f9ea8dd0go!nc_n_webp_mw_1,别等全款了！00后低【👋付】开走Model 3攻略
6a3a5d780000000020039024,https://ci.xiaohongshu.com/notes_pre_post/1040g3k0321om0e7ono1g5q4j4cma18teqqi7img?imageView2/2/w/1080/format/jpg,黑标Model Y：23.57w，纠结党速进！！
6a59b4ad000000001f01cbd9,https://sns-webpic-qc.xhscdn.com/202610010056/443b64491b61eb8b6b64abecc0dd24fe/notes_pre_post/1040g3k0322n9fd0i7o305q484f7jdrhlk5evl40!nc_n_webp_mw_1,毕业季我为什么推荐给孩子买Model Y
6a58625d000000001d02117e,https://sns-webpic-qc.xhscdn.com/202610010056/62114ae825ff440899e321a4ea55b42e/notes_pre_post/1040g3k8322ko5pabna705q484f7jdrhllqcifb0!nc_n_webp_mw_1,想体验轿跑和电车？ Model 3这波补补超👍
6a6443e90000000022019a15,https://sns-webpic-qc.xhscdn.com/202610010057/3332c4d48f822391d22f2166679ec936/notes_pre_post/1040g3k83231je0apn4705q4lra7a0m1q04o0h3g!nc_n_webp_mw_1,清醒有主见的女生，冲Model 3！！
6a6331c5000000001003c8f4,https://sns-webpic-qc.xhscdn.com/202610010058/2a69628e55bd9a3745408c52aa6e47c9/1040g2sg3230bsudr72eg5q4g8mkq5f7f0l11nkg!nc_n_webp_mw_1,📱算明白｜油车换Model Y咋买蕞省？
6a56e0af000000001702fa52,https://sns-webpic-qc.xhscdn.com/202610010105/c9419f484348bec26138ab8d66c2595a/notes_pre_post/1040g3k0322kgtt0o7o205q4j3fg82aonh1tvkq0!nc_n_webp_mw_1,油车置换 Model 3，后悔了吗？
6a6868c3000000000e036de5,https://sns-webpic-qc.xhscdn.com/202610010058/b2b9055cadb3f2ebeef26449ea5917eb/1040g0083235kv8847u005pc6hnan4ql4bl9kld0!nc_n_webp_mw_1,沉浸式看六座Model Y L！🤫（全方位版）
6a689002000000001b01d8c5,https://sns-webpic-qc.xhscdn.com/202610010058/ce9e1d3ece5b4ebcfda11c2159e4f2c0/1040g0083235pq4msnk005pc6hnan4ql4i2v0le8!nc_n_webp_mw_1,2026！Model Y L买车思路，清晰得可怕！
6a6884a200000000130248a9,https://sns-webpic-qc.xhscdn.com/202610010118/3d66a0e7c47434b6aceed6ac6c230de0/notes_pre_post/1040g3k83235ntfi2g27g5q6q3faob6dbsojm1p0!nc_n_webp_mw_1,纠结选配看这里✅珍珠白+大轮毂到底值不
6a68d318000000001c00dee9,https://sns-webpic-qc.xhscdn.com/202610010100/60ee5f18ca5b6928f727c4cf58663550/notes_pre_post/1040g3k832361rr99noag5omq9s70vhnqo4lth98!nc_n_webp_mw_1,带全家看车🚘六座Model Y L真的值♥️
6a6c8d1c00000000210226db,https://ci.xiaohongshu.com/note_pre_post_uhdr/1040g3r83239m6gr1naa05pgpdp4homab6ird1lo?imageView2/2/w/1080/format/jpg,2026国补后，黑标Model Y：23.87W
6a66b6ae000000000c0178dd,https://sns-webpic-qc.xhscdn.com/202610010059/824c71bb2dfbd15eea6cd18cf13279e0/notes_uhdr/1040g3qg323400egcnk005n5iq0l46tkphgq4gb8!nc_n_webp_mw_1,香麻了，八月Model Y 24w+开走！
6a66c0fb000000001f01cab0,https://sns-webpic-qc.xhscdn.com/202610010116/2e86b4c85965701f615949a8f69981d1/notes_pre_post/1040g3k0323418qhj7k005ovn1ep43vb7st2f0l8!nc_n_webp_mw_1,自驾搭子Model Y购车补贴来啦
6a62f37a000000001303d491,https://sns-webpic-qc.xhscdn.com/202610010116/2c107596b29e54e2f7027270998825c0/1040g0083230aavi9nk005ovn1ep43vb7grulve8!nc_n_webp_mw_1,9月，Model 3  20W+提走了
6a64291f000000000f00a94f,https://sns-webpic-qc.xhscdn.com/202610010116/edb33f19662e89f92f42109bc71d89c0/note_pre_post_uhdr/1040g3r03231g5v897a005ovn1ep43vb7v4uvih8!nc_n_webp_mw_1,高级感｜谁能拒绝Model Y 星钻黑呢
6a6ebb850000000021020463,https://ci.xiaohongshu.com/1040g2sg323ahvadhn4fg5qb87pkdtgst27rca40?imageView2/2/w/1080/format/jpg,Model Y和Model 3 区别及费用📄
6a6c0978000000002701ca17,https://sns-webpic-qc.xhscdn.com/202610010059/f30e9a66bb6db84ccfdb0c00cc10d68c/notes_pre_post/1040g3k832396blfvno705n5hv3ckit7t29f6b8o!nc_n_webp_mw_1,8月大惊喜 | 落地20.67w无痛提Model 3
6a72d5db000000002501563a,https://sns-webpic-qc.xhscdn.com/202610010059/fba9f72112036b40460868cfb96dc9e5/notes_pre_post/1040g3k8323fqposmnk705n5hv3ckit7tsntl5k8!nc_n_webp_mw_1,20多w的Model Y，全款还是五年免西？
6a698a85000000001101b90d,https://sns-webpic-qc.xhscdn.com/202610010121/7ec2c07c0bea3c2b8093108d9a588812/notes_uhdr/1040g3qo3236ocno174705pbp6af85ps0381b9m0!nc_n_webp_mw_1,夯爆了！Model 3：19.87W
6a71b5ad000000003302fb3e,https://ci.xiaohongshu.com/notes_pre_post/1040g3k8323enl6r0nu705p11pkhkiehsso0b1s8?imageView2/2/w/1080/format/jpg,9月国补后，Model 3，20.67w提
6a72d15e000000002202e509,https://sns-webpic-qc.xhscdn.com/202610010112/e1f80e955ee9834e3edff47b750c0b12/notes_pre_post/1040g3k8323fq9f847al05p9bk65qjdq10epmd1o!nc_n_webp_mw_1,油车置换六座Model Y L，这样买更划算
6a71a3470000000028006abf,https://sns-webpic-qc.xhscdn.com/202610010103/50917f29b77305d40490ebc8c7a77a99/1040g2sg323eeas83nki05oqsvru654694r0mvao!nc_n_webp_mw_1,家庭用车，月3736，六座Model Y L拿下
6a6f26aa000000002701c804,https://sns-webpic-qc.xhscdn.com/202610010116/e24dab8e3cfbc3a659990bc938e3dd6d/notes_pre_post/1040g3k8323c7md6jg2kg5ovn1ep43vb7aj7ubj8!nc_n_webp_mw_1,👋付4.59w上班族的Model Y通勤方案
6a6b0033000000001d00db3e,https://sns-webpic-qc.xhscdn.com/202610010153/6494eba65dac7556e500e7de902c4110/1040g2sg32386013enks05omblph3hkd8itupfso!nc_n_webp_mw_1,算完一笔账，Model Y纯性价比之王
6a6e117e0000000005032e39,https://sns-webpic-qc.xhscdn.com/202610010103/9cee970a4faa814a43b95756fffb0b90/1040g008323b4sutnna005pk51p2junhfrvf52ug!nc_n_webp_mw_1,试驾完Model YL：八月新价 4.59w提走😭
6a71bde60000000008010ab1,https://sns-webpic-qc.xhscdn.com/202610010107/7ab7222958e0cde499735464e4ff4850/1040g008323em2ac1ga005psdppsinih6guq3g00!nc_n_webp_mw_1,9月国补后，特斯拉Model Y：23.87w提🔥
6a6b30840000000033010576,https://sns-webpic-qc.xhscdn.com/202610010114/83ee4d65950d6c0cd38af12950f234db/note_pre_post_uhdr/1040g3r83238bps9ena705q15m5ehjvrluicvif8!nc_n_webp_mw_1,8月报废换新🔥抓紧薅Model Y
6a6c4a8500000000240245cc,https://sns-webpic-qc.xhscdn.com/202610010149/9650c9e64cb309167610db9630491194/note_pre_post_uhdr/1040g3r83239cg4o96s2g5pqqvo4n3f9e433r010!nc_n_webp_mw_1,特斯拉8🈷️政ce来啦！三款车型一篇讲清
6a6c5003000000003202109c,https://sns-webpic-qc.xhscdn.com/202610010149/57e14077260dbb14c9c2d84906086713/note_pre_post_uhdr/1040g3r83239cg4o96s5g5pqqvo4n3f9e64uot50!nc_n_webp_mw_1,8🈷️Model 3，国补后20.76w开走
6a71c438000000002c002240,https://ci.xiaohongshu.com/1040g008323epd6l5n2005pvef943i874hgcvdug?imageView2/2/w/1080/format/jpg,9月又猛又兴奋❗西安 Model Y新购补10270
6a6fed90000000002c000759,https://ci.xiaohongshu.com/1040g2sg323cvsr85n4705pvef943i874609r4r8?imageView2/2/w/1080/format/jpg,现在买特斯拉这么划算了吗😭😭！？！？
6a6ac953000000000f033d58,https://sns-webpic-qc.xhscdn.com/202610010104/094de523c0eca8ede45209eceb723857/1040g0083237uvhqp70005ppa09l730nauvh9r18!nc_n_webp_mw_1,八月特斯拉政策解读｜Model Y 24.27w起
6a6d8b7100000000320306fd,https://sns-webpic-qc.xhscdn.com/202610010104/19fc26720a59f1074520a48bf3b7742b/1040g008323alfmesmu005ppa09l730nafb8g38g!nc_n_webp_mw_1,Model Y：24.35w，来抄作业！
6a6b62d60000000032030aa0,https://sns-webpic-qc.xhscdn.com/202610010104/21d92535673f13218a5591839c7ae093/1040g0083238hvrh56s005pvef943i8747dnq6vo!nc_n_webp_mw_1,上班暂停🎀提Model Y：手付4.59w
6a6ac623000000000f01235a,https://ci.xiaohongshu.com/notes_pre_post/1040g3k03237usrg8g2005q484f7jdrhl59sl2fg?imageView2/2/w/1080/format/jpg,八月倒计时｜Model Y裸车价24.27w
6a6f330b000000002c004efc,https://ci.xiaohongshu.com/1040g008323c95f2smu005q4g8mkq5f7fi06tggg?imageView2/2/w/1080/format/jpg,24.35w拿下Model Y｜因为我算清了这笔帐
6a6ca14d000000003301e0ae,https://sns-webpic-qc.xhscdn.com/202610010109/b514382eb23a25d19feec90725fa1d6c/notes_uhdr/1040g3qg3239otq20g2005q1bc8l2nh4j1ukahk8!nc_n_webp_mw_1,23.47w就拿下我的MY啦🤏 郑策大全☄️
6a6ddb3200000000250179af,https://sns-webpic-qc.xhscdn.com/202610010107/6ec07633884631a458c2a1a4762eade0/note_pre_post_uhdr/1040g3r0323av7r76nk005q1p4q7nai2cs3c1n8g!nc_n_webp_mw_1,起猛了：Model Y每天89元开走！
6a71738b0000000025011e89,https://ci.xiaohongshu.com/1040g008323ef9fh37k005q6q3faob6dbn6sl678?imageView2/2/w/1080/format/jpg,六座Model Y L实拍《8月拿下要花多少》
6a735927000000002c0063d7,https://ci.xiaohongshu.com/1040g2sg323gaqrt2n4005pvef943i874jijgd4g?imageView2/2/w/1080/format/jpg,特斯拉到底补多少❓怎么补❓补补详细解读
6a6b04a7000000001002564b,https://sns-webpic-qc.xhscdn.com/202610010107/1ef01c5ed3901c37b1d139de2d1ea6a9/note_pre_post_uhdr/1040g3r832386gkqankvg5q1p4q7nai2cgu5g3gg!nc_n_webp_mw_1,八月新政策❗️Model 3 w 20.27w
6a733a5a0000000025010d33,https://sns-webpic-qc.xhscdn.com/202610010114/965720e4974cb46362d5cf46e640b74c/notes_pre_post/1040g3k8323g71mqbnu705q15m5ehjvrljpei6a8!nc_n_webp_mw_1,9月ModelY补贴炸场🔥｜拿满补补落地24.27w
6a7454d400000000320224b4,https://sns-webpic-qc.xhscdn.com/202610010121/c32ddf97a20740da83e0e336562d6bea/1040g2sg323h9j5von4e05qb87pkdtgstouel1e8!nc_n_webp_mw_1,2026年Model Y补后...（23.97w起）
6a732f1000000000280080c5,https://sns-webpic-qc.xhscdn.com/202610010100/2708abbb63e9066bf17f399070ee72a3/1040g2sg324joakjunu7g5omq9s70vhnqu5f2ukg!nc_n_webp_mw_1,❗️9月新政❗Model Y新购仅需 25.32w
6a72c35f000000002501110f,https://sns-webpic-qc.xhscdn.com/202610010121/d76282536a897adbb3f314661b0a668b/notes_pre_post/1040g3k8323i6l0h802005qaelsidt231r2mitt8!nc_n_webp_mw_1,4.59w提走网红Model Y L，真能做到吗
6a6f28280000000025015cac,https://sns-webpic-qc.xhscdn.com/202610010121/3d751b1be008af0d61cd0611ee307c7f/1040g008323c7rimuna005qaelsidt231ohs1rd0!nc_n_webp_mw_1,2026国补后，Model Y：23.47w
6a77f6880000000028032047,https://sns-webpic-qc.xhscdn.com/202610010058/47238b5f1754ad488fd137b90d03ce02/notes_pre_post/1040g3k0323kr1igonu005pc6hnan4ql4t3es2f8!nc_n_webp_mw_1,上班暂停🎀提特斯拉Model Y：手付4.59w
6a75bae00000000032033ccf,https://ci.xiaohongshu.com/notes_pre_post/1040g3k8323il8pfb6u705pvef943i874eefedt0?imageView2/2/w/1080/format/jpg,9月太值了❗西安23.97w提Model Y💪
6a7735e10000000025016132,https://sns-webpic-qc.xhscdn.com/202610010116/891e3a7b8d366d0889b787ab69cf8caa/notes_pre_post/1040g3k0323k3afdrga105pp4oerndu795pd3kuo!nc_n_webp_mw_1,为什么年轻人都在冲Model 3❓太夯啦！
6a76b3c00000000005022d78,https://sns-webpic-qc.xhscdn.com/202610010116/3d9d2d2733b77cfc4b0f1585099b652c/1040g008323jjlto4go005pp4oerndu798nmfrjg!nc_n_webp_mw_1,最后几天⏰，教你20w提走Model3
6a7432aa00000000250002d0,https://sns-webpic-qc.xhscdn.com/202610010149/83125fc06c4dc80f7250eb2ed83caaf7/notes_pre_post/1040g3k0323g032p6n22g5pqqvo4n3f9er1u52i0!nc_n_webp_mw_1,上个月还在观望 看完特斯拉8🈷️政ce我冲了
6a71c0ae0000000006005ee9,https://sns-webpic-qc.xhscdn.com/202610010107/aca0e43dc6b969567d673a5035503e15/notes_uhdr/1040g3qg323g2vrsdna005psdppsinih6ejqaaq0!nc_n_webp_mw_1,普通家庭买车别只看落地！算完账你就懂了
6a771e8e000000003303388c,https://ci.xiaohongshu.com/notes_pre_post/1040g3k0323k0lph80a405q484f7jdrhl7hsil90?imageView2/2/w/1080/format/jpg,九月刚提Model 3，价格明细全摊开
6a731417000000002202eb9d,https://sns-webpic-qc.xhscdn.com/202610010107/55a413d836166e5ac8b9ed17d28146d2/note_pre_post_uhdr/1040g3r0323g2do1gnu005q1p4q7nai2caak4i50!nc_n_webp_mw_1,8月Model3还不心动？20.55w直接开走
6a756e69000000003302d7c4,https://sns-webpic-qc.xhscdn.com/202610010109/18564a2b0206c79afa64505d4981ead1/notes_uhdr/1040g3qo323ibv2be7u005q1bc8l2nh4jmtlhuu0!nc_n_webp_mw_1,📣💥宁波保险补贴来袭 考虑赶紧厚台 🥳🥳🫨
6a7c3e8e00000000250080ad,https://ci.xiaohongshu.com/1040g2sg323ovrk177k705pp4oerndu796a7bl7g?imageView2/2/w/1080/format/jpg,入手Model Y，职场女性首台通勤好搭子
6a7a10510000000025017daf,https://sns-webpic-qc.xhscdn.com/202610010116/f9c516e0a924b0366cea244cfd63175f/note_pre_post_uhdr/1040g3r0323p0hpq47u005pp4oerndu794d8jpu0!nc_n_webp_mw_1,油车置换Model3落地价费用一览
6a7af2e30000000024026c4f,https://sns-webpic-qc.xhscdn.com/202610010112/2d4b3c993ab98969612fbb5c475ad144/1040g2sg323noc2m76ue05q3gme6ngg643g21bhg!nc_n_webp_mw_1,预算10w，8月直接冲Model 3
6a7d7ab80000000033031195,https://ci.xiaohongshu.com/notes_pre_post/1040g3k0323q7ddkgga005pc6hnan4ql4untl208?imageView2/2/w/1080/format/jpg,26年国补后：19.92w提走Model 3！！
6a7a876e0000000028030cfb,https://sns-webpic-qc.xhscdn.com/202610010100/a27546ca9a45ad99fa6729d799d69d5b/notes_pre_post/1040g3k8323pv5u0a7u705pcjkod8iqdnb43tito!nc_n_webp_mw_1,8月太值了❗23.87w提Model Y🔥
6a69ec6d000000000c0146c5,https://sns-webpic-qc.xhscdn.com/202610010103/06e33d18c278c2881db4a47aef21b602/1040g2sg32374a5th02g05oqsvru6546962nkkj0!nc_n_webp_mw_1,月供2691，Model Y真的太香了
6a7ebb100000000035017fe4,https://ci.xiaohongshu.com/notes_pre_post/1040g3k0323ve2g6nnas05pgpdp4homabaquc0fg?imageView2/2/w/1080/format/jpg,00后女生🎀4.59w开走Model 3
6a7ecb98000000003300b221,https://ci.xiaohongshu.com/note_pre_post_uhdr/1040g3r8323rgi9h3nu705q7n8sftoq2u7pff3e0?imageView2/2/w/1080/format/jpg,黑标Model Y：23.57w，别再观望了！
6a75b4dc00000000080115ce,https://sns-webpic-qc.xhscdn.com/202610010101/73a6b9823692d1dd59daa588047285a4/notes_pre_post/1040g3k8323ikgqhmna705ppuh3k7dt3vj0jg8t0!nc_n_webp_mw_1,8月西安Model 3：20.07w起❗太夯了
6a6f4b310000000024025f5a,https://sns-webpic-qc.xhscdn.com/202610010121/6df211d2618adc04dfc40ab8574b4099/note_pre_post_uhdr/1040g3r8323r8mjk6707g5qircjrj0701crl3td0!nc_n_webp_mw_1,2026黑标Model Y居然只要23.87w？小星帮你算
6a8279a0000000003400c95b,https://ci.xiaohongshu.com/note_pre_post_uhdr/1040g3r0323v2qq86nu505pc6hnan4ql4cfkhnb0?imageView2/2/w/1080/format/jpg,4.59w提走六座Model Y L，落地明细一览
6a7c032a000000003301c769,https://ci.xiaohongshu.com/note_pre_post_uhdr/1040g3r0323oovvqcnk3g5prn95k63hll5m1ver8?imageView2/2/w/1080/format/jpg,九月杭州王炸｜Model Y落地23.57W🔥
6a7e7fdb00000000290334a9,https://sns-webpic-qc.xhscdn.com/202610010149/3b57b521cafd2975d4ba00eb17008418/notes_pre_post/1040g3k0323uav41r700g5pqqvo4n3f9era5f8eo!nc_n_webp_mw_1,孩子说坐车太挤，10w预算换了Model Y L
6a7e7dc30000000022013e01,https://sns-webpic-qc.xhscdn.com/202610010149/37ad4ff83a7a8e699b716ba9237190b9/1040g2sg323r6mil674705pqqvo4n3f9epf54r7g!nc_n_webp_mw_1,每天73块，开走Model 3🫨
6a7efb760000000021020683,https://ci.xiaohongshu.com/1040g2sg323rme37cn0e05qb87pkdtgstup2e9c0?imageView2/2/w/1080/format/jpg,Model Y和Model Y L区别及费用🧾
6a8112fa000000002c006e25,https://sns-webpic-qc.xhscdn.com/202610010121/c767a211ec17f0f9120f7a5dd95554d7/1040g008323tnn3i9n4005qh7qfsgfr01gfjesi8!nc_n_webp_mw_1,预算15w我就敢买特斯拉！
6a6d4c23000000002403d9a4,https://sns-webpic-qc.xhscdn.com/202610010158/19bcc8f61ce4e3d7ac04c154e933da4d/notes_pre_post/1040g3k8323adocve02705qdine8som1d3ep4pqg!nc_n_webp_mw_1,特斯拉8月购车政策来袭
6a7be5e10000000005028722,https://sns-webpic-qc.xhscdn.com/202610010109/f12bd5318923b53ddf1342f60a288219/notes_pre_post/1040g3k8323olvj6fnu704b1d8f8obkelgq6cnr0!nc_n_webp_mw_1,别错过！报废/置换购，宁波本月还有额外补！！
6a7ecf6e0000000033033198,https://ci.xiaohongshu.com/notes_pre_post/1040g3k8323rgshv8nu705oq5d3nmbm0uuqbmkk8?imageView2/2/w/1080/format/jpg,06女大👧5.59w开走Model Y黑武士
6a82b853000000002403f62f,https://sns-webpic-qc.xhscdn.com/202610010101/5d44a02770b08b5f34dae4df92c337fb/notes_pre_post/1040g3k8323vatnqq7ua05ppuh3k7dt3vd7cl1io!nc_n_webp_mw_1,Model 3选色别纠结❗看完这篇直接抄作业
6a7e9f900000000022017b37,https://ci.xiaohongshu.com/1040g2sg323rb50al0m705ptljl0398lfjfkdimo?imageView2/2/w/1080/format/jpg,26版Model 3 ❗️落地价已到20w+ 🚗
6a7020320000000033035b5c,https://sns-webpic-qc.xhscdn.com/202610010101/d089b955f9d1adaf07d74f096c40e3ec/notes_pre_post/1040g3k0323d5nolj02005q19pcd3i8u58rnit38!nc_n_webp_mw_1,八月纯新购超高补贴，看特斯拉错过🈚️🈚️🈚️
6a7814900000000024026854,https://sns-webpic-qc.xhscdn.com/202610010101/c699cc255d858f08cc72cba04e5dd13a/note_pre_post_uhdr/1040g3r0323kun4v974005ptg2di3jlc7umem4e8!nc_n_webp_mw_1,24.55w｜特斯拉Model Y！
6a7fca8c0000000025009762,https://sns-webpic-qc.xhscdn.com/202610010116/e4c16ae99b2801689c6d8a04c270973c/notes_pre_post/1040g3k8323sf2npq7k2g5pp4oerndu79411pip8!nc_n_webp_mw_1,8月政策，Model 3落地20.67w
6a7403f20000000026035748,https://sns-webpic-qc.xhscdn.com/202610010121/2c28164d349d1799b43fc70e0c6612a4/notes_pre_post/1040g3k8323gvkmqems705qh7qfsgfr01npcvumg!nc_n_webp_mw_1,三代同堂家庭换车✨10w直接拿下六座特斯拉
6a82b151000000002500a982,https://ci.xiaohongshu.com/1040g008323va5sg70a005puej59392c2uuccf10?imageView2/2/w/1080/format/jpg,✔️特斯拉干货｜微信定位投屏｜一秒同步车机✅
6a840c1f0000000006005fbe,https://sns-webpic-qc.xhscdn.com/202610010101/b03893a03e9b90c54b4aaae4a629f903/1040g0083240km49dna005ppuh3k7dt3vt540i1o!nc_n_webp_mw_1,00后女生🎀4.59w开走Model 3
6a845f080000000028032674,https://sns-webpic-qc.xhscdn.com/202610010114/d7f8dfbac32be4811bbb41ee07415aee/1040g2sg3240umlncgoe05q15m5ehjvrl8pubqlg!nc_n_webp_mw_1,特斯拉夏天开🌞｜5个技巧告别车内闷热
6a85be91000000002500c83c,https://sns-webpic-qc.xhscdn.com/202610010114/848351b94514b33c1c9157fa5bbb788e/notes_uhdr/1040g3qo32429o6ov0oe05q15m5ehjvrlssqd6bg!nc_n_webp_mw_1,白色 Model Y✨颜值封神｜239790！直接提走
6a4a46bd0000000017008364,https://ci.xiaohongshu.com/note_pre_post_uhdr/1040g3r0322879rb87o0g5ppuh3k7dt3v0dbg798?imageView2/2/w/1080/format/jpg,2026全新黑标Model Y：24.27w起❗️❗️
6a8adbf80000000028027785,https://ci.xiaohongshu.com/notes_pre_post/1040g3k832479gf12mu305ptljl0398lf3dkla28?imageView2/2/w/1080/format/jpg,9月，特斯拉model3成都蕞新落地价！
6a8826d900000000290194a0,https://ci.xiaohongshu.com/1040g2sg3244ks628nk705pgpdp4homaba6nqbbo?imageView2/2/w/1080/format/jpg,8月，特斯拉Model Y政策讲解
6a8997c40000000033008a96,https://sns-webpic-qc.xhscdn.com/202610010121/c0354c9b50faee8b298107a981bf943d/notes_pre_post/1040g3k832461rkhhn2705qh7qfsgfr012p0l6og!nc_n_webp_mw_1,8月特斯拉抄底❗️Model Y黑标23.87w起🌟
6a8685ff0000000028000cd9,https://ci.xiaohongshu.com/1040g2sg32431v9gtnu005pc6hnan4ql4f31lk9o?imageView2/2/w/1080/format/jpg,坐标山东，8月，Model Y珍珠白：23.87w！！
6a87c2be000000001d01fe7a,https://ci.xiaohongshu.com/note_pre_post_uhdr/1040g3r8324725gb5gojg5p9kj7uhgo666nr2v3o?imageView2/2/w/1080/format/jpg,成都高新区第三轮汽车补贴｜21日10点开始
6a8ea79c000000001e015096,https://ci.xiaohongshu.com/notes_pre_post/1040g3k8324b05nfvmu7g5qb87pkdtgstvsnali0?imageView2/2/w/1080/format/jpg,请放心冲这个Model Y‼️23.57W！！
6a8d80550000000006012e9f,https://ci.xiaohongshu.com/1040g0083249s1q557k005q484f7jdrhldscglg8?imageView2/2/w/1080/format/jpg,Model Y和Model YL区别及政策一览
6a926657000000000b026b71,https://ci.xiaohongshu.com/1040g2sg324dll6cegseg5qb87pkdtgst2ajou58?imageView2/2/w/1080/format/jpg,3min了解🎬Model 3和Model Y怎么选？
6a94007c000000002902a9af,https://ci.xiaohongshu.com/note_pre_post_uhdr/1040g3r0324g6mljtna005pc6hnan4ql4dv040qg?imageView2/2/w/1080/format/jpg,9月，4.59w提🤫Model Y L简直太香了！！
6a8fffd40000000021031a12,https://ci.xiaohongshu.com/note_pre_post_uhdr/1040g3r0324ca6m7b7a005p9kj7uhgo662a60s60?imageView2/2/w/1080/format/jpg,想冲Model Y？标续or长续航别乱选❗️
6a97d25f0000000026039b8c,https://ci.xiaohongshu.com/1040g2sg324qn57cv2gtg5pc6hnan4ql4sajthu8?imageView2/2/w/1080/format/jpg,98年女生，存款10个w，提Model 3什么感受
6a955cfa000000000502b70e,https://ci.xiaohongshu.com/notes_pre_post/1040g3k8324hhjmaq7k705q1bc8l2nh4jne4lui0?imageView2/2/w/1080/format/jpg,9月要兴奋了，黑标Model 3：19.97w起
6a97defc000000002802d6b5,https://ci.xiaohongshu.com/notes_pre_post/1040g3k8324k03bnh7k705ppuh3k7dt3vl8pen70?imageView2/2/w/1080/format/jpg,太夯了🔥烈焰红 Model 3 Performance
6a96d09200000000120272a9,https://ci.xiaohongshu.com/1040g008324iuvmh7gs005q4g8mkq5f7fqa4g2p8?imageView2/2/w/1080/format/jpg,howto苏州特斯拉交付中心｜提车不冷冰冰！🚗
6a965e790000000011039065,https://ci.xiaohongshu.com/1040g2sg324ih5d5s72e05q4g8mkq5f7fifj7aj8?imageView2/2/w/1080/format/jpg,howto |特斯拉保命拉手❗️可以不用但要知道
6a955aae000000002003b2c9,https://ci.xiaohongshu.com/1040g008324hhg41j7u005q4j4cma18tejgu01k0?imageView2/2/w/1080/format/jpg,重磅❗️浙江叠加补贴来了❓❓❓
6a97f4bd00000000270088d0,https://ci.xiaohongshu.com/1040g008324k2q358gs005pbp6af85ps0o09s86o?imageView2/2/w/1080/format/jpg,2026年9月，Model 3政策详细解读 🔎
6a97f02d0000000026031e58,https://ci.xiaohongshu.com/1040g2sg324joakjunu805omq9s70vhnqqqh9goo?imageView2/2/w/1080/format/jpg,95后家用选Model Y or Model YL❓你怎么选🚘
6a9a764b00000000120257da,https://ci.xiaohongshu.com/notes_pre_post/1040g3k0324mh3kv30m005q1o0e87997nvkbbtq0?imageView2/2/w/1080/format/jpg,太猛了！Model Y：22.57W起
6a9ac261000000002603112c,https://ci.xiaohongshu.com/1040g2sg324mq4sh4gae05q4j4cma18te7e10qm8?imageView2/2/w/1080/format/jpg,等不了了❗9月Model Y 23.57w起✨
6a9943d1000000002802d4f7,https://ci.xiaohongshu.com/note_pre_post_uhdr/1040g3r8324lbjmiego8g5pooulu7e0uu17fvipo?imageView2/2/w/1080/format/jpg,在济南！9月提走特斯拉24w？
6a9a7b8b000000002a02efc7,https://ci.xiaohongshu.com/notes_pre_post/1040g3k8324mhomlcgo005pr56abm2uen247hur8?imageView2/2/w/1080/format/jpg,2026浙江省置换补贴保姆级速通攻略
6a9e3db5000000002a0067a9,https://ci.xiaohongshu.com/notes_pre_post/1040g3k8324q7768hnu705q484f7jdrhlrfr9heo?imageView2/2/w/1080/format/jpg,特斯拉限⏰现车激励政策来了！
6a9e837300000000120340a4,https://ci.xiaohongshu.com/1040g2sg324qfohenhme05q3gme6ngg64ivfntv8?imageView2/2/w/1080/format/jpg,9月秒定Model Y，抢1w现车激励名额
6aa100250000000012003105,https://ci.xiaohongshu.com/1040g008324s0b2k1hm0g5pl0io693k6fl591r40?imageView2/2/w/1080/format/jpg,9月提车👉Model Y：22:57w起
6aa0fcfc00000000280331ce,https://ci.xiaohongshu.com/notes_pre_post/1040g3k8324st1j033c0g5n5hv3ckit7tka6u8l8?imageView2/2/w/1080/format/jpg,报废车换购Model 3的来，19.47w起
6a8577b9000000002701cfbf,https://ci.xiaohongshu.com/note_pre_post_uhdr/1040g3r832420rnme0a705prn95k63hll14c7rv8?imageView2/2/w/1080/format/jpg,提车啦姐妹们！Model3 19.55W直接拿下！
6aa11db1000000001103b4ba,https://ci.xiaohongshu.com/1040g008324t10tu4j2005q3gme6ngg64v54t5bo?imageView2/2/w/1080/format/jpg,9月｜黑标Model 3：19w+起
6aa262ff000000002802f424,https://ci.xiaohongshu.com/notes_pre_post/1040g3k0324u8pemfjo005qdine8som1dqd6snh0?imageView2/2/w/1080/format/jpg,2026青岛汽车新购补补来啦
6aa261720000000025034faf,https://ci.xiaohongshu.com/1040g008324u6190dju0g5p9kj7uhgo668js3ejg?imageView2/2/w/1080/format/jpg,成都买特斯拉，9月这两个时间点一定要看清
6aa11a60000000001001f696,https://ci.xiaohongshu.com/1040g008324t0jfjaju0g5pk51p2junhf6p91490?imageView2/2/w/1080/format/jpg,9月拿国补，黑标Model 3：19.47w起
6a9f8b52000000002b025727,https://ci.xiaohongshu.com/1040g008324rnu9i424005pp4oerndu79ed7je1o?imageView2/2/w/1080/format/jpg,特斯拉9月年度底价来袭最高减2.6w
6aa4ebec0000000029013ca3,https://ci.xiaohongshu.com/notes_pre_post/1040g3k03250nv9mriu005qb87pkdtgstq1nfc80?imageView2/2/w/1080/format/jpg,我天！！Model Y22.65w起，兴奋了！！
6aa7d8ec0000000011034029,https://ci.xiaohongshu.com/notes_pre_post/1040g3k83253jb5tujc705p9kj7uhgo66sehphlo?imageView2/2/w/1080/format/jpg,9月想提Model Y，现在真正要抓的是现车
6aa36a48000000001001cb51,https://ci.xiaohongshu.com/spectrum/1040g0k0324v8tvoa34005p9bk65qjdq1srldchg?imageView2/2/w/1080/format/jpg,Model Y和Y L该怎么选？区别及费用一览
6aa3a3e5000000001103105b,https://ci.xiaohongshu.com/1040g2sg324vfve8ojv305oo9necjoqjvqa7qmo0?imageView2/2/w/1080/format/jpg,02年打工人｜Model Y养车成本分享
6aa5350a000000000b037bac,https://ci.xiaohongshu.com/note_pre_post_uhdr/1040g3r832510ti3qji7g5pgpdp4homabeb7sq6o?imageView2/2/w/1080/format/jpg,9月新政，特斯拉Model 3：19.47w起
6aa6c26a000000000b0348d2,https://ci.xiaohongshu.com/note_pre_post_uhdr/1040g3r03252habogji005q1bc8l2nh4jjpproao?imageView2/2/w/1080/format/jpg,谁懂啊🥹仙女座驾ModelY 9月22.57w起‼️
6aa4f98c0000000025037ff7,https://ci.xiaohongshu.com/1040g0083250pjrdt3c005pqagf8733lqlgkiqgo?imageView2/2/w/1080/format/jpg,限时✂️1w！，23.35w起开走Model Y
6aa91b30000000001001caad,https://ci.xiaohongshu.com/1040g0083254qp8k8kk005pooulu7e0uusdjhbuo?imageView2/2/w/1080/format/jpg,9月无痛提车！Model Y：22.65w起
6aa6420e000000002a02e38a,https://ci.xiaohongshu.com/notes_uhdr/1040g3qg32520q4rej6205pgt3migu6q1pvd668o?imageView2/2/w/1080/format/jpg,9.13号成都蕞新落地。。。Model Y ：23.3w提车
6aaa4278000000000b003c6c,https://ci.xiaohongshu.com/note_pre_post_uhdr/1040g3r83255uqgbil0705q7n8sftoq2uop7me1g?imageView2/2/w/1080/format/jpg,9月新政，购车明细📑Model 3：19.47w起
6aa92615000000002601638a,https://ci.xiaohongshu.com/1040g2sg3254rvqld4e705qdine8som1dsbqe12o?imageView2/2/w/1080/format/jpg,🫛毛豆Y捡漏长续航后驱落地27w
6aac2bed00000000260193e6,https://ci.xiaohongshu.com/1040g2sg3257qjcr54q705pgiqci0uavnqufs7sg?imageView2/2/w/1080/format/jpg,99年男生，7.99w提Model 3
6aae06c1000000002900cd6e,https://ci.xiaohongshu.com/notes_pre_post/1040g3k03258of2q7l8505qb87pkdtgstcmduag0?imageView2/2/w/1080/format/jpg,9月19提车，23.69w落地价！！
6aad20d1000000002900e909,https://ci.xiaohongshu.com/notes_pre_post/1040g3k03258of2q7l8005qb87pkdtgst2b303m8?imageView2/2/w/1080/format/jpg,太猛了！Model 3：19.47w起
6aae24760000000011036753,https://ci.xiaohongshu.com/notes_pre_post/1040g3k83259o28mm4e905q4j3fg82aon5e8nkb0?imageView2/2/w/1080/format/jpg,国补助力，Model Y：22.95w起【攻略篇】
6a99527f000000000d02772d,https://ci.xiaohongshu.com/1040g008324ldgn7s7k005q4j3fg82aonh0j6dqg?imageView2/2/w/1080/format/jpg,📢干货！Model 3和Model Y的区别
6aad1b2500000000290120c8,https://ci.xiaohongshu.com/1040g0083258nojkr46005q4lra7a0m1qfnivs0o?imageView2/2/w/1080/format/jpg,沉浸式体验26款Model Y 请调大音量！
6aa9eafb0000000027009bbd,https://ci.xiaohongshu.com/1040g2sg3255k3o7b44h05q4g8mkq5f7fu22g6e0?imageView2/2/w/1080/format/jpg,9月入手Model 3，月2k+轻松养车🈚️压力
6aacbd47000000001202691a,https://ci.xiaohongshu.com/notes_pre_post/1040g3k03258c7m0jk40g5q4g8mkq5f7fjf90cco?imageView2/2/w/1080/format/jpg,想换六座Model Y L？教你怎么30.2w起拿下！
6aab77020000000012024c15,https://ci.xiaohongshu.com/notes_pre_post/1040g3k832574ck3cka005q4g8mkq5f7fuo24lp0?imageView2/2/w/1080/format/jpg,2026年9🈷️南京新购补贴来啦！最高7k‼️
6aace9c8000000002b011c14,https://ci.xiaohongshu.com/1040g2sg3258hmgv3l0705p11pkhkiehs329vr58?imageView2/2/w/1080/format/jpg,太猛了！Model Y：22.95w+起
6aa22ab80000000011036c7f,https://ci.xiaohongshu.com/1040g008324u1tvl3jc005oo9necjoqjv0vmo4qg?imageView2/2/w/1080/format/jpg,✨既然有人提Model 3，那为什么不能是我呢？
6aa2ae3f0000000028028fb9,https://ci.xiaohongshu.com/1040g2sg3258bm55gkqe05pc6hnan4ql4bobvv58?imageView2/2/w/1080/format/jpg,青岛新购补😱！没有旧车也能补1.2个w?!
6aa386f9000000002b025c76,https://ci.xiaohongshu.com/notes_pre_post/1040g3k0324vc75213i2g5pp4oerndu79qvb6llo?imageView2/2/w/1080/format/jpg,🔥炸场上新｜2026 Model YP性能猛兽终于来了
6aad086b000000002700bb65,https://ci.xiaohongshu.com/notes_pre_post/1040g3k03258lf652kc005pvef943i874gq8e3vo?imageView2/2/w/1080/format/jpg,9月西安新购继续！Model Y蕞高2w+❗️❗️
6aab5e7a00000000250374d9,https://ci.xiaohongshu.com/note_pre_post_uhdr/1040g3r032571f000kq005p9kj7uhgo6679enn00?imageView2/2/w/1080/format/jpg,4步提车+省3w，Model Y 9月购车攻略
6aaff36f000000001001daef,https://ci.xiaohongshu.com/note_pre_post_uhdr/1040g3r8325bgjt85l6005popndv7e4aa731hrno?imageView2/2/w/1080/format/jpg,等不了了！9月六座Model Y L新购补2.2w+！！
6aaffea0000000002a02c4dc,https://ci.xiaohongshu.com/note_pre_post_uhdr/1040g3r0325bf8vpa561g5q1bc8l2nh4jks9ih0g?imageView2/2/w/1080/format/jpg,真的值得冲🚨宁波现车Model Y这个价香到爆
6aaa53c1000000002b01fa43,https://ci.xiaohongshu.com/notes_uhdr/1040g3qg32560utn24e005puej59392c2u74ktg0?imageView2/2/w/1080/format/jpg,日供39😎爸妈点头后我提了Model3⚡️
6aad4ad7000000002a02e24f,https://ci.xiaohongshu.com/notes_uhdr/1040g3qg3258tjvv3kq005q4j4cma18ten9elpd0?imageView2/2/w/1080/format/jpg,为啥男生愿意多花4k冲快银Model 3？
6aa36766000000002802e3cb,https://ci.xiaohongshu.com/1040g008324v8hle63o005p9kj7uhgo66r5l36l0?imageView2/2/w/1080/format/jpg,Model Y高性能版正式上市｜36.9w值不值得看？
6aaa2d8d000000002902cf9b,https://ci.xiaohongshu.com/notes_pre_post/1040g3k83255s8lns46005pl0io693k6fnpt6va8?imageView2/2/w/1080/format/jpg,9月太逆天！Model 3：19.47w起
6ab259f2000000003300d2af,https://ci.xiaohongshu.com/1040g2sg325drmfr646705pvef943i87466ee6i8?imageView2/2/w/1080/format/jpg,我没看错吧…9月新购Model 3才这个价吗😱
6a1e97c5000000002101a7bc,https://sns-webpic-qc.xhscdn.com/202610010056/0c4ca0aa77e121f5be4ff6fc45e426e6/notes_pre_post/1040g3k03217tc13o7e005q484f7jdrhlp44a3qg!nc_n_webp_mw_1,真心建议：女生第①台车选Model 3
6a31350d000000002103c068,https://sns-webpic-qc.xhscdn.com/202610010056/f665e9ef8c75cb9ef3c182a1bb834bd3/notes_pre_post/1040g3k0321fnr3bf7a005q484f7jdrhlditc5rg!nc_n_webp_mw_1,25w预算，Model Y直接拿下！
6a4c9a470000000020038bee,https://sns-webpic-qc.xhscdn.com/202610010056/1e87c96931b1c74f769f744a9a4b59ad/notes_pre_post/1040g3k8322ag18j67oa05q484f7jdrhl31fb248!nc_n_webp_mw_1,不是买不起，是Model 3性价比真香🚗
6a4734a90000000006020dfd,https://sns-webpic-qc.xhscdn.com/202610010056/e679109f6c6f3fb835c00b5d938344ed/notes_pre_post/1040g3k832255qqi8no5g5q484f7jdrhle5v5d5g!nc_n_webp_mw_1,特斯拉长期主义，Model Y香迷糊了！
6a60504c0000000010029db6,https://sns-webpic-qc.xhscdn.com/202610010056/b91fb9c331309d4e8b3d44bc98a4b48c/notes_pre_post/1040g3k8322to03o1no705q484f7jdrhl8s8emoo!nc_n_webp_mw_1,8月喜提特斯拉！Model 3仅5w+就能拥有
6a65fac00000000013024d00,https://sns-webpic-qc.xhscdn.com/202610010056/32dd95a48f0f3a5a59778151c6c13606/notes_pre_post/1040g3k032330a1qa7u405q484f7jdrhlgf5num8!nc_n_webp_mw_1,这台 Model Y L 提回家，全家人都夸！
6a157f5a0000000008000c1f,https://sns-webpic-qc.xhscdn.com/202610010058/07613dcd5d21a3ec73a4a0b73212c7d4/1040g008320klqfqbm2005pc6hnan4ql41juh74g!nc_n_webp_mw_1,想知道25w预算，Model Y还有对手吗？
6a7306a40000000033009021,https://sns-webpic-qc.xhscdn.com/202610010056/daae3740f5f152d3e83889e297647ce6/1040g008323fo0md57k0g5q484f7jdrhlmvejjk0!nc_n_webp_mw_1,刚工作一年开Model 3，我的真实用车成本
6a7d979e000000002800ba5c,https://sns-webpic-qc.xhscdn.com/202610010056/3d9c5d9f4745545f3db6922549b66c04/1040g2sg323qauspugae05q484f7jdrhlevanfpo!nc_n_webp_mw_1,9月置换Model 3，20.67w起
6a82a477000000003300d46c,https://sns-webpic-qc.xhscdn.com/202610010056/c72c5cdc36db35112171161d27a8dae0/1040g008323u6cpb2nk0g5q484f7jdrhl3rat1h8!nc_n_webp_mw_1,特斯拉充电枪卡死拔不出｜全套解锁方法收好
6a8450030000000033033fba,https://sns-webpic-qc.xhscdn.com/202610010056/610e89734447b8562fa8785d0e67fa62/1040g0083240suqssgo005q484f7jdrhl0g17shg!nc_n_webp_mw_1,停车场倒车最怕什么？
6a858cd000000000250128b7,https://sns-webpic-qc.xhscdn.com/202610010056/9ecac63215e1bb9066c6be271c696790/1040g2sg32423lnps7ue05q484f7jdrhlfmcbofg!nc_n_webp_mw_1,20w预算提Model 3，00后姐妹抄作业
69e8d3fc000000002301348d,https://sns-webpic-qc.xhscdn.com/202610010057/7b622e23e0ca01d9037d74886a9db656/notes_pre_post/1040g3k031v9235481m005q4lra7a0m1qso02kb0!nc_n_webp_mw_1,👀听说特斯拉的全景玻璃天幕不防晒？
69dcc33d000000001d01ec61,https://sns-webpic-qc.xhscdn.com/202610010057/92899248a1d123d5905c8217e20511b7/note_pre_post_uhdr/1040g3r031ut8tahjisig5q4lra7a0m1qhkrdrp8!nc_n_webp_mw_1,特斯拉Model Y全景玻璃车顶｜细节控直接沦陷
6a01ded100000000360023a7,https://sns-webpic-qc.xhscdn.com/202610010057/a4089cfc53e8da29ab3a19664881b3a0/notes_pre_post/1040g3k03201dt83ahm4g5q4lra7a0m1qsjd38gg!nc_n_webp_mw_1,8W拿下白色Model Y！后悔没早买😭
6a12fadc0000000035025b90,https://sns-webpic-qc.xhscdn.com/202610010057/eed8f1948289967a929b36eefa061e24/notes_pre_post/1040g3k0320i55gun6o005q4lra7a0m1q1oleqrg!nc_n_webp_mw_1,赚翻了！👋付 5.59w 开走 Model Y 🚀
6a199b7f000000003503a3da,https://sns-webpic-qc.xhscdn.com/202610010057/b69cb93b5239739f448d16d1dfd2a681/notes_pre_post/1040g3k0320omb9ijmq005q4lra7a0m1q009tkd0!nc_n_webp_mw_1,🤫偷偷算了一笔账：现在入手特斯拉，真的比想
6a24e0cd000000003503b2ae,https://sns-webpic-qc.xhscdn.com/202610010057/9599ec13084161d88501a40767418f5d/notes_pre_post/1040g3k83213mhrv7n0705q4lra7a0m1q294j758!nc_n_webp_mw_1,Model Y落地24.27w？这费用可太香了！
6a2a7fdb0000000022019af4,https://sns-webpic-qc.xhscdn.com/202610010057/0f6332a1ef91063a43bbce236ca7f457/1040g2sg321969m0e70005q4lra7a0m1q3vsktp0!nc_n_webp_mw_1,国补后，20.27w拿下Model 3
6a2d5f7c000000003501fac3,https://sns-webpic-qc.xhscdn.com/202610010057/e932b427da8c83e4c7909afa0cd85872/notes_pre_post/1040g3k0321c02j106s005q4lra7a0m1q1af95m8!nc_n_webp_mw_1,特斯拉Model 3｜20.75w提走，太香了！
6a3556eb000000000f02bdbd,https://sns-webpic-qc.xhscdn.com/202610010057/d698d996be8f9441e2c39bb834c27390/notes_pre_post/1040g3k0321jp2b8kms005q4lra7a0m1q3h0pik8!nc_n_webp_mw_1,太香了！黑标Model Y：23.57w
6a3a47ff000000001102d971,https://sns-webpic-qc.xhscdn.com/202610010057/44c056a7e4446ad8eeaaff0c609ab51e/1040g2sg321ointvn6s705q4lra7a0m1qtpvtm2g!nc_n_webp_mw_1,沉浸式体验Model Y L!建议调大音量
6a5354bc000000001101d70f,https://sns-webpic-qc.xhscdn.com/202610010057/715618381442b4403a7e7d9ceb719790/notes_pre_post/1040g3k8322h28uui6u005q4lra7a0m1qgjelsqo!nc_n_webp_mw_1,7月六座Model Y L，全新落地价参考
6a6c896c00000000330181d6,https://sns-webpic-qc.xhscdn.com/202610010057/6de54dd1a4e2b4ea0f5e5db7d1d076d5/note_pre_post_uhdr/1040g3r03239luacn6s005q4lra7a0m1q0d9k02g!nc_n_webp_mw_1,23.87w拿下Model Y！8月补补叠满太香了
6a4e0a1b000000000f004a99,https://sns-webpic-qc.xhscdn.com/202610010058/1fd7fcadc9d411c192fb4f5de8f4c8b5/notes_pre_post/1040g3k0322bsu551ms005q4g8mkq5f7fpi5g488!nc_n_webp_mw_1,4.59w提走 | Model YL 到底好在哪里？
6a59d445000000000f01f9c2,https://sns-webpic-qc.xhscdn.com/202610010058/65bfb7d6fd7f600349118e624fbcbeba/notes_pre_post/1040g3k8322ndc3e4mu005q4g8mkq5f7fpi1762o!nc_n_webp_mw_1,谁懂苏州交付中心全是白Y的救赎感❓
6a508e64000000001101fa26,https://sns-webpic-qc.xhscdn.com/202610010058/d7b53989ee4fcd17fdfe7b5c07658c6d/notes_pre_post/1040g3k0322ebipgims005q4g8mkq5f7f7vtb608!nc_n_webp_mw_1,毕业攒了5w提走Model 3，特斯拉是真0套路啊
6a560bf5000000000f006fe7,https://sns-webpic-qc.xhscdn.com/202610010058/92befb79d906fb37570bbda77302b7dc/notes_pre_post/1040g3k8322jn4a0un2705q4g8mkq5f7f264dl98!nc_n_webp_mw_1,2026买Model 3能省多少？算完惊了
6a71bed400000000270221d0,https://sns-webpic-qc.xhscdn.com/202610010058/0681a70d6efcc743e3b9932d0d3600e3/1040g008323eo9tr2n2005q4g8mkq5f7f91p5r1o!nc_n_webp_mw_1,👋付4.59w拿下Model 3！00后女生保姆级攻略
6a7a7bc40000000025003ea3,https://sns-webpic-qc.xhscdn.com/202610010058/368c2ebac113f19296d074d93b9d8c55/notes_pre_post/1040g3k0323n9q0f4gm005q4g8mkq5f7fasmvvfo!nc_n_webp_mw_1,00后女生第1️⃣台车，Model 3🈷️供2k➕可冲
6a812ffd000000002702143d,https://sns-webpic-qc.xhscdn.com/202610010058/73b08cbe186908bb5a9730493112427b/1040g008323tr988f74005q4g8mkq5f7fmr6lbko!nc_n_webp_mw_1,一条视频讲透特斯拉Model Y全部开销💰
6a7d322400000000290305f3,https://sns-webpic-qc.xhscdn.com/202610010058/aeaa5da4cba7c53dbb64b83a0acf764e/notes_pre_post/1040g3k0323pufg2lgm105q4g8mkq5f7f6g67kuo!nc_n_webp_mw_1,20.27w拿下Model 3，蕞值的1️⃣点是什么？
6a8582da00000000220145ea,https://sns-webpic-qc.xhscdn.com/202610010058/cea05c54722d6158b4a20dc2b3af5890/1040g2sg32422e8fv70e05q4g8mkq5f7fsbsnfs8!nc_n_webp_mw_1,60后姐姐为啥选了特斯拉？🤔🔋
6a83f37d0000000026035767,https://sns-webpic-qc.xhscdn.com/202610010058/2e8f3ae192fb048f5f2db8910ec9590d/1040g2sg3240hlqat74eg5q4g8mkq5f7fmcjforo!nc_n_webp_mw_1,好纠结！Model 3星钻黑🆚珍珠白你怎么选？
6a87d137000000001b033f3a,https://sns-webpic-qc.xhscdn.com/202610010058/75c5ce9bbe7334d81fe5b4af7c401160/notes_pre_post/1040g3k03244adi6en2005q4g8mkq5f7f27l8hsg!nc_n_webp_mw_1,油车置换Model Y攻略看这篇👀
69ddcc3f000000001f007789,https://sns-webpic-qc.xhscdn.com/202610010058/9d2a56b1c3c248ffd9e02ae05b4efca3/notes_pre_post/1040g3k031uu9d3j82q005pc6hnan4ql4psd0uf8!nc_n_webp_mw_1,特斯拉提车1年坦白局，随便问🙋‍♀️
69e88e7800000000230058fe,https://sns-webpic-qc.xhscdn.com/202610010058/d1f3dc5d07e84323835e8c76d5239cfc/notes_uhdr/1040g3qg31v8ovlr92q205pc6hnan4ql4gc7uteo!nc_n_webp_mw_1,Model Y L提车最新落地，给大家一个参考
69e342ab0000000022026980,https://sns-webpic-qc.xhscdn.com/202610010058/fb97c0ea5fc2e7f3b42e5b66a2e2511c/notes_pre_post/1040g3k831v3k3q51ia805pc6hnan4ql4f3aleko!nc_n_webp_mw_1,白色Model 3，诚心要的来，好价！
69e9fae4000000002300582e,https://sns-webpic-qc.xhscdn.com/202610010058/c0983e3060e468e537559457a732f2ed/1040g00831va6rgm1ig005pc6hnan4ql4qem8fug!nc_n_webp_mw_1,4月买车，白色model3，20.75w+
69eee003000000001a037b37,https://sns-webpic-qc.xhscdn.com/202610010058/e893a17df3a8bac58ab74bf0e323d1ed/1040g00831vev57ai2a005pc6hnan4ql47e6ien0!nc_n_webp_mw_1,四月底，山东提Model Y落地价太到位了！！！
69f1623d000000001f001d9c,https://sns-webpic-qc.xhscdn.com/202610010058/d20d979337c89b4da031f54659be446d/notes_uhdr/1040g3qg31vhdeuk3ig005pc6hnan4ql4mgveh50!nc_n_webp_mw_1,真等不了了，Model 3：1819月供⏰真倒计时了
69f5cb78000000001a03785d,https://sns-webpic-qc.xhscdn.com/202610010058/ca0ef529859edc6e2b4a928aa269d532/note_pre_post_uhdr/1040g3r031vln5f042g3g5pc6hnan4ql4ajh7kag!nc_n_webp_mw_1,关于青岛新购补补，这几个问题真的被问爆了
69f439d50000000022026748,https://sns-webpic-qc.xhscdn.com/202610010058/8ff9563055391d14f63a2c75c41f3d03/notes_pre_post/1040g3k031vk688ck3q005pc6hnan4ql493hj530!nc_n_webp_mw_1,5月，Model Y【置换后】落地明细！
6a01b82000000000060344a2,https://sns-webpic-qc.xhscdn.com/202610010058/a5de4dcbbeb36cbd277d7c0065632711/1040g0083201bpo9f3q005pc6hnan4ql4o70qqf0!nc_n_webp_mw_1,无痛提车！手付4.59W，提走Model Y
69febe85000000002202bcd8,https://sns-webpic-qc.xhscdn.com/202610010058/777c6c044d3313a35553c96db2844104/1040g2sg31vueumveiae05pc6hnan4ql4m04uk8o!nc_n_webp_mw_1,快银Model 3提车落地，5月最新参考
69fb24330000000022025da4,https://sns-webpic-qc.xhscdn.com/202610010058/5d6db72251edb4abf541abc39092c329/notes_pre_post/1040g3k831vt2tb2piae05pc6hnan4ql4sk8oeu0!nc_n_webp_mw_1,5月青岛，干到24w+，白色Model Y提车了
6a0462f1000000000702c4cd,https://sns-webpic-qc.xhscdn.com/202610010058/cc3ed342b89631bb9a31e27368ce0d40/notes_uhdr/1040g3qg3203va5n23qe05pc6hnan4ql4k9ksqq0!nc_n_webp_mw_1,5月，青岛提Model Y L最新落地，简直香迷糊了
6a07df130000000007021bf4,https://sns-webpic-qc.xhscdn.com/202610010058/89a75a8e35ef3b00b1eea6ab1622c358/notes_pre_post/1040g3k03207c5d6a5s005pc6hnan4ql4n1pvuq0!nc_n_webp_mw_1,预算10万，Model 3和Model Y该怎么选？
6a0afbb000000000070128de,https://sns-webpic-qc.xhscdn.com/202610010058/c3eb61587f9214def1a6a16a6da2762e/note_pre_post_uhdr/1040g3r8320addvrp5m005pc6hnan4ql4qq8p1jo!nc_n_webp_mw_1,5🈷️Model 3太香了！首付2w月供3k开走！
6a0e92970000000008001634,https://sns-webpic-qc.xhscdn.com/202610010058/935720641abb221aafba21134996332b/notes_uhdr/1040g3qg320dtk3s0me005pc6hnan4ql4ld15t8o!nc_n_webp_mw_1,这波真赚翻了！手付5.59w开走Model 3❗️
6a17ecb50000000006021452,https://sns-webpic-qc.xhscdn.com/202610010058/02642e84f56f983136d55dbb1519c008/1040g2sg320n1fcqg68f05pc6hnan4ql4cn0tf58!nc_n_webp_mw_1,7月真兴奋了，提Model Y，23.97w？？
6a1bccf00000000006037441,https://sns-webpic-qc.xhscdn.com/202610010058/184004d91b4c650c303b052f78a07bce/note_pre_post_uhdr/1040g3r0320qqqeiplm3g5pc6hnan4ql4h02q8eg!nc_n_webp_mw_1,不纠结了！6月青岛提Model Y L，31.5w？？
6a1e88dc000000002103f1c4,https://sns-webpic-qc.xhscdn.com/202610010058/6e022fa5be72b7863ddfbe0ed8d30b59/notes_uhdr/1040g3qg320tge6o07a005pc6hnan4ql4e8k0sqo!nc_n_webp_mw_1,6🈷️青岛提Model 3，给我大惊喜！4.59w提走
6a226f0f0000000007011ed2,https://sns-webpic-qc.xhscdn.com/202610010058/935f8844e012271d74994933b61ecdff/1040g0083211a9l6kna105pc6hnan4ql4c44ikd0!nc_n_webp_mw_1,Model 3限时浮力（青岛特别版）
6a264f2600000000080019bf,https://sns-webpic-qc.xhscdn.com/202610010058/63a086e34779f499f3e8449e7c771367/note_pre_post_uhdr/1040g3r832153aap2nu8g5pc6hnan4ql42cku3e0!nc_n_webp_mw_1,刚毕业女生靠自己，每月2k + ，提走Model 3
6a2bd1fd000000000603593c,https://sns-webpic-qc.xhscdn.com/202610010058/bafb8b70bab9651213df27f9176671e0/1040g2sg321afik8v7oe05pc6hnan4ql4gtku4g0!nc_n_webp_mw_1,6月：Model Y L不到32w，青岛提车！毫不费力！
6a3dec190000000008003d23,https://sns-webpic-qc.xhscdn.com/202610010058/694fd2cbd0eb99f91af64416b8372920/notes_pre_post/1040g3k8321s59vaa7u005pc6hnan4ql4jvi1g58!nc_n_webp_mw_1,太夯了！！销冠Model Y：23.67w
6a3fa9e7000000000603222a,https://sns-webpic-qc.xhscdn.com/202610010058/2dce4b6177c93de0fa9c822057047a54/1040g008321trl2q67o705pc6hnan4ql411ucti0!nc_n_webp_mw_1,三排六座Model Y L，家庭用车请放心冲！！
6a33bcaf000000002101739c,https://sns-webpic-qc.xhscdn.com/202610010058/1e5c4958c0fb1e893db5aa2eeec303ff/notes_pre_post/1040g3k0321i6rapnne1g5pc6hnan4ql4v3glks0!nc_n_webp_mw_1,大惊喜！6🈷️，星钻黑Model 3，19.97w起
6a3f3f8c0000000020038eb4,https://sns-webpic-qc.xhscdn.com/202610010058/a85e395b94c49ad32c0d46f525b355b2/1040g008321teo24g7e005pc6hnan4ql4cg0188o!nc_n_webp_mw_1,还没看过Model Y 的尾灯？那真的太遗憾了！！！
6a45e5530000000021020941,https://sns-webpic-qc.xhscdn.com/202610010058/b87f7880f0cdeef5b9bcd157508d8c50/notes_pre_post/1040g3k03223q2pkp7e305pc6hnan4ql4j7t9hgg!nc_n_webp_mw_1,爱出片的女生，20.67w提Model 3到底有多幸福
6a4c8f310000000007023e1a,https://sns-webpic-qc.xhscdn.com/202610010058/25e3ab64a538ea35acca1715759a04e0/notes_pre_post/1040g3k0322aemarpna005pc6hnan4ql44qsnhvg!nc_n_webp_mw_1,8🈷️，又猛又兴奋！Model 3：20.37w
6a4b2b080000000021008e15,https://sns-webpic-qc.xhscdn.com/202610010058/1829ad8e19fbb23422e08abe98ebdd91/notes_pre_post/1040g3k03229353gune005pc6hnan4ql4l97the0!nc_n_webp_mw_1,2026国补后，Model Y：24.27W起
6a50ad2d000000000803f0d9,https://sns-webpic-qc.xhscdn.com/202610010058/734c64dd701cff455a502afad2d95fff/notes_pre_post/1040g3k8322eceah77e705pc6hnan4ql4gk5ufsg!nc_n_webp_mw_1,每天拿上73块，提台Model 3幸福指数up up！！
6a571cc3000000002103da22,https://sns-webpic-qc.xhscdn.com/202610010058/b6bb44641fed637c4c612039587c3652/notes_pre_post/1040g3k8322koddf0g0705pc6hnan4ql4tqfnqs8!nc_n_webp_mw_1,谁懂😱！Y L👋付4.59w，看车半小时就想提走
6a5da562000000001d02009c,https://sns-webpic-qc.xhscdn.com/202610010058/96a1c2c1bc8127e5e11f99ce83a14eda/notes_pre_post/1040g3k8322r4kl9eno705pc6hnan4ql4r7kulh8!nc_n_webp_mw_1,没招了，每天89元开走Model Y，幸福感up up!
6a5f115d000000001c013d1e,https://sns-webpic-qc.xhscdn.com/202610010058/9c5508328a41f42f3568d67952881e16/notes_pre_post/1040g3k0322sgq0k1g21g5pc6hnan4ql4igl99q0!nc_n_webp_mw_1,7月，白色Model Y，24W+提走了
6a6185df000000000c0177ba,https://sns-webpic-qc.xhscdn.com/202610010058/6f3d1acb5c8d3c91d080fe9da632a082/notes_pre_post/1040g3k0322u8m7bcnk005pc6hnan4ql4up5qgc8!nc_n_webp_mw_1,2026国补后，Model Y：落地24.27w
6a5c42610000000010025dfc,https://sns-webpic-qc.xhscdn.com/202610010058/1e56f2589625f13ddf1c9f662b5c377d/1040g2sg322pp6cl87a705pc6hnan4ql4p2h9h88!nc_n_webp_mw_1,国补后，黑标Model Y：24.27w起
6a5afbf7000000001c00c084,https://sns-webpic-qc.xhscdn.com/202610010058/b5fe16b49d1e5f42e06fb29a8abcc52f/notes_pre_post/1040g3k8322ohf32cnu705pc6hnan4ql41lscoq8!nc_n_webp_mw_1,清醒又独立的女生请冲Model 3！！
6a62df90000000000e03612d,https://sns-webpic-qc.xhscdn.com/202610010058/618768c6473c67c960c106c4311c63fc/notes_pre_post/1040g3k832307mcof7o005pc6hnan4ql4tpho00o!nc_n_webp_mw_1,26年，提Model 3，有报废车的19.87w，无痛提车
6a65a473000000001d023f73,https://sns-webpic-qc.xhscdn.com/202610010058/66993d8a1f2ba521d370b33527eaf531/notes_pre_post/1040g3k03232uh3l17u005pc6hnan4ql47ek9lv8!nc_n_webp_mw_1,坐标山东！Model Y每月2691，无痛提车！
6a6b4482000000000502287c,https://sns-webpic-qc.xhscdn.com/202610010058/adb6635e4d5de5deb4d07cff78c347cc/1040g0083238eaeva7u705pc6hnan4ql4emh8jq0!nc_n_webp_mw_1,2026全新黑标Model Y：23.47w
6a754aa000000000050210ec,https://sns-webpic-qc.xhscdn.com/202610010058/c7217a8d30db3c55822aee51dae5cdaa/1040g008323i7ie71nk005pc6hnan4ql47q83ijg!nc_n_webp_mw_1,8🈷️Model 3太香了！👋付5.59w，🈷️付2k开走
6a71dbb1000000003302c59e,https://sns-webpic-qc.xhscdn.com/202610010058/f1ad5c074f1e14a3077b7a6cf89ad754/1040g008323es6k29nu0g5pc6hnan4ql4f1f4kpo!nc_n_webp_mw_1,26年想买六座Model Y L的友子！一定要看完
6a768126000000003301e6a4,https://sns-webpic-qc.xhscdn.com/202610010058/a23530cb48bb7a245e9ce77c6435c4e0/notes_pre_post/1040g3k0323jd2nno7u005pc6hnan4ql4kcnfhd8!nc_n_webp_mw_1,坐标山东！新一轮补补来啦！公司🉑叠加！
6a7982830000000033032526,https://sns-webpic-qc.xhscdn.com/202610010058/22013ae37fa74e404b662adb57403026/1040g2sg323mb12957ke05pc6hnan4ql43bvknk0!nc_n_webp_mw_1,Model 3四款区别及费用一览
6a793e21000000003302f952,https://sns-webpic-qc.xhscdn.com/202610010058/40b7e977ce1317a91a898f91c952f9c4/notes_pre_post/1040g3k8323m2u9dggo9g5pc6hnan4ql4e6abqe0!nc_n_webp_mw_1,9月，Model 3：19.77w
6a7bd958000000003400f876,https://sns-webpic-qc.xhscdn.com/202610010058/c75bcf0df0cc295ba69986f4ea543c88/1040g008323ogimg7ga0g5pc6hnan4ql41i34oj0!nc_n_webp_mw_1,2026！Model Y 买车思路，清晰得可怕！
6a8562f3000000002500e2b8,https://sns-webpic-qc.xhscdn.com/202610010058/d6692a7c063c51f6ee32558e6b30bd1f/notes_pre_post/1040g3k03241uhph17k005pc6hnan4ql4v61ql00!nc_n_webp_mw_1,奶呼呼的🩵Model 3：20.02w
6a82b2a0000000003301d5cf,https://sns-webpic-qc.xhscdn.com/202610010058/fc6232d0141f05ed57b940803fef9abf/1040g2sg323v3pb8pnue05pc6hnan4ql4jgbklko!nc_n_webp_mw_1,9月国补后，Model 3：19.92w【攻略篇】
6a2398e500000000210095a9,https://sns-webpic-qc.xhscdn.com/202610010059/b5777ee0d8c567b92f7ece2cb4a0d701/notes_pre_post/1040g3k03212ejs8hnk005p9m1knhgl16ij0o3do!nc_n_webp_mw_1,26黑标Model Y：24.27W！太香了
6970352c000000000e00ecc0,https://sns-webpic-qc.xhscdn.com/202610010058/5b55d887574900ffe104572f4fb105c4/spectrum/1040g34o31rh0j1gg70405oq5d3nmbm0ukv3bv68!nc_n_webp_mw_1,我宣布！Model Y 就是小两口SUV的天花板❗
697d9b4e000000000e03d939,https://sns-webpic-qc.xhscdn.com/202610010058/9835c975b929c2d71a4613b2690d3610/1040g2sg31s0av7h1kceg5p88agvkgg84b55g71o!nc_n_webp_mw_1,2026年2月| Model 3真实落地价
69831732000000001a031937,https://sns-webpic-qc.xhscdn.com/202610010058/af80ed423b954ffedfc8a4defadb5f68/notes_pre_post/1040g3k831s5bc1a4m2bg5p88agvkgg84197pfso!nc_n_webp_mw_1,2月份政策太香了，Model 3落地明细
698d9b230000000028008510,https://sns-webpic-qc.xhscdn.com/202610010058/1c5f55395a5fe0f4d82fc3a794413c6b/notes_pre_post/1040g3k031sfjved95k3g5p88agvkgg84nm6boco!nc_n_webp_mw_1,多地上新补补，来看Model3提车所需费用！
698e987c000000001a02bf86,https://sns-webpic-qc.xhscdn.com/202610010058/efb4e6a8e64031a4552d22557f635b0f/notes_pre_post/1040g3k831sgu82i2lmbg5p88agvkgg84rhqadno!nc_n_webp_mw_1,春节假期不等了，提车！Model Y日供102
69aa4ea1000000001a033d12,https://sns-webpic-qc.xhscdn.com/202610010058/65395a4fc1d00992b6fe319b6b9cefe7/notes_pre_post/1040g3k831tbtli44lmdg5oq5d3nmbm0uiqgf6jo!nc_n_webp_mw_1,特斯拉还是油车，很多人没算过这笔账🚗
69b5021c000000001b0207d8,https://sns-webpic-qc.xhscdn.com/202610010058/975a84fc4cab54bec4b4e58e2e9b3a7b/1040g2sg31tlkgbf278k05p88agvkgg84qihkl1g!nc_n_webp_mw_1,特斯拉Model 3最新落地，爱了
69c65d5b0000000023012094,https://sns-webpic-qc.xhscdn.com/202610010058/e9445dd90cbc7a1667082677ca87d677/spectrum/1040g34o31u7cvqfaj44g5oq5d3nmbm0urhilgc8!nc_n_webp_mw_1,3月Model 3太猛了👋付4.59w 月供1819开走
69cf7d59000000002202674c,https://sns-webpic-qc.xhscdn.com/202610010058/d9d59bff01cc7ecb547d1ef2fc33cfd5/spectrum/1040g0k031ug8ha651m0g5oq5d3nmbm0ucueig18!nc_n_webp_mw_1,考虑换电车了？Model 3真的可以！！
69e312440000000021004227,https://sns-webpic-qc.xhscdn.com/202610010058/02d8a9eaeefe280c37acba8dc397140d/spectrum/1040g0k031v2hhkcchm0g5oq5d3nmbm0ua7nqu0o!nc_n_webp_mw_1,兴奋兴奋！黑色Model 3，20w+提车
69e22716000000002200000d,https://sns-webpic-qc.xhscdn.com/202610010058/b39d97c07ef6e5b71958cfa0ffb2d031/spectrum/1040g34o31v2hfs3dhu3g5oq5d3nmbm0un1kp2m0!nc_n_webp_mw_1,香炸！Model Y 4月购车攻略（超清晰）
69e5e4e700000000210047b6,https://sns-webpic-qc.xhscdn.com/202610010058/f17bb14ad242f423629b108000a903c3/spectrum/1040g34o31v665g3g1m205oq5d3nmbm0ue3bsa8o!nc_n_webp_mw_1,新政猛，Model 3落地价，20w+！
69e89168000000001a02b859,https://sns-webpic-qc.xhscdn.com/202610010058/6b1ddfd9a6dfe937ee22e47918177927/spectrum/1040g0k031v8pr2s2is005oq5d3nmbm0us3n8oro!nc_n_webp_mw_1,黑色Model 3谁要？干到20.75w+了
69ecdf16000000001b022142,https://sns-webpic-qc.xhscdn.com/202610010058/424e99efb41063f7ac35c5e8f0001591/spectrum/1040g0k031vd0dr6chm005oq5d3nmbm0ujc4vs80!nc_n_webp_mw_1,Model Y 4月提车｜24W+，男女冲...
69f580b100000000380211b4,https://sns-webpic-qc.xhscdn.com/202610010058/edd6dbe0b3e6450e4c05c0d3cae7f877/spectrum/1040g34o31vkdk19tjm305oq5d3nmbm0ush1vj3g!nc_n_webp_mw_1,5月：Model Y L不到32w，不费力提车！
69f47557000000003700f1f6,https://sns-webpic-qc.xhscdn.com/202610010058/b5a58638b24535388b76c24e3fd5b3e4/spectrum/1040g0k031vkdg64dk80g5oq5d3nmbm0uvllqjbg!nc_n_webp_mw_1,惊喜了！5月提黑色Model Y：24.35w
6a005ea3000000003703417d,https://sns-webpic-qc.xhscdn.com/202610010058/88add63c666982b0de42592774bf6f7e/note_pre_post_uhdr/1040g3r032013trq22i205oq5d3nmbm0ul7sgn88!nc_n_webp_mw_1,5月好时机！Model 3提走了：20.47w
69ff24a0000000001f002f92,https://sns-webpic-qc.xhscdn.com/202610010058/d0eec7109bb47d850819c2aa48fea226/spectrum/1040g0k031vutkl8p560g5oq5d3nmbm0u0cq97s8!nc_n_webp_mw_1,给老公提了辆他的理想 特斯拉Model Y
6a02f7700000000007029b5e,https://sns-webpic-qc.xhscdn.com/202610010058/e4563254891778229f7435af32cd59f8/note_pre_post_uhdr/1040g3r83202im1tp2i0g5oq5d3nmbm0udms8vro!nc_n_webp_mw_1,首付2w开走Model Y，5月真心不错
6a0c0662000000003501c77d,https://sns-webpic-qc.xhscdn.com/202610010058/789f697e22118956826465ee46084efd/spectrum/1040g34o320be0i7r5c405oq5d3nmbm0urkfck88!nc_n_webp_mw_1,有5万，入手Model 3也行了❓
6a0a8237000000003601c8b4,https://sns-webpic-qc.xhscdn.com/202610010058/68bd6a56f500c4f59b7cac8b6526a133/spectrum/1040g0k03208uibo55c005oq5d3nmbm0uq9ggsk8!nc_n_webp_mw_1,20.75w拿下：白色 Model 3
6a18142c000000003502ff9c,https://sns-webpic-qc.xhscdn.com/202610010058/db1d6d90722684e563f78d1130ddf52b/spectrum/1040g34o320n6kss26o205oq5d3nmbm0upj6n770!nc_n_webp_mw_1,大分享！Model 3 落地费用最新一览
6a2294d9000000003503952a,https://sns-webpic-qc.xhscdn.com/202610010058/e1f59d7e8db29a5f5518f572627a606d/spectrum/1040g34o3211eplt9n4605oq5d3nmbm0uoiulhbg!nc_n_webp_mw_1,每🈷️2k+提Model Y，教程来啦
6a3cf168000000002100876e,https://sns-webpic-qc.xhscdn.com/202610010058/735b57790664134bff1f00ae55eba803/notes_pre_post/1040g3k0321r6d6q67k205oq5d3nmbm0uu7u2uro!nc_n_webp_mw_1,一周卖10多辆，23w+的Model Y也太帅了
6a3cf5040000000007020e06,https://sns-webpic-qc.xhscdn.com/202610010058/8a02d85b10e9bf30b973d31b47113027/notes_pre_post/1040g3k0321r6d6q67k605oq5d3nmbm0unqrluqo!nc_n_webp_mw_1,23.87w怎么提走Model Y？补补拿好！
6a33a5be000000001702dc6f,https://sns-webpic-qc.xhscdn.com/202610010058/efe3ea4d53c00ed4badf3fa8d901e493/spectrum/1040g34o321i46gnj6s305oq5d3nmbm0ub1en4oo!nc_n_webp_mw_1,大分享！Model Y 落地费用最新一览
6a33a48e000000001c024645,https://sns-webpic-qc.xhscdn.com/202610010058/747af151bd0a25430bee9f99baf3c87b/spectrum/1040g34o321i411g8n2405oq5d3nmbm0u3df5r60!nc_n_webp_mw_1,是谁提了辆Model Y L送老爸?是我！
6a5f3a5f0000000009034ef1,https://sns-webpic-qc.xhscdn.com/202610010058/b38c4ec09bc41da780edf108a87f7145/notes_pre_post/1040g3k0322sm02qanu1g5oq5d3nmbm0u13l05l8!nc_n_webp_mw_1,一篇看懂❗ Model Y购车方案怎么选❓
6a5b80d3000000000e0344ef,https://sns-webpic-qc.xhscdn.com/202610010058/699b874a2ce164d209a9bfe2cc8c90f5/notes_pre_post/1040g3k8322p1lr52no8g5oq5d3nmbm0um5u9b5o!nc_n_webp_mw_1,🈷供 2k+开 Model 3，油换电太值了❗
6a71a81a0000000033037fb8,https://sns-webpic-qc.xhscdn.com/202610010058/3714ca3981256edc4482d6344cf925a6/1040g008323eluapd7k6g5oq5d3nmbm0ub5ar8b0!nc_n_webp_mw_1,8月特斯拉新政整理完毕，考虑的抓紧了😭
6a6c0c4c0000000033010ee5,https://sns-webpic-qc.xhscdn.com/202610010058/dd5468344f17ea806886b01354fba506/1040g00832396ml8j7u705oq5d3nmbm0ui4cv3k0!nc_n_webp_mw_1,新手必看！特斯拉座椅记忆设置，调完进出超方
6a754a6900000000330129da,https://sns-webpic-qc.xhscdn.com/202610010058/14d5a6911d9827f7bf683976c74b1cf3/notes_pre_post/1040g3k0323i7h3r5ga005oq5d3nmbm0un908dd0!nc_n_webp_mw_1,提车啦！成都Model Y 买车思路照着抄🤩
6a73ff7d000000002701caf1,https://sns-webpic-qc.xhscdn.com/202610010058/ec832f84d3d13a03420f559851b73c6d/notes_pre_post/1040g3k8323gv3os27k005oq5d3nmbm0uht31aao!nc_n_webp_mw_1,置换后：成都Model Y落地24.17w
6a76c5c7000000003300dee3,https://sns-webpic-qc.xhscdn.com/202610010058/79b639a7557fd77083e50afc468ae97f/notes_pre_post/1040g3k8323jlq6ei0a705oq5d3nmbm0u2b7loc0!nc_n_webp_mw_1,预算10w，Model 3直接提走
6a7d71d1000000003400dee5,https://sns-webpic-qc.xhscdn.com/202610010058/eb3c0ea604adb69ff35f66ee982fab93/notes_pre_post/1040g3k8323q6b2790o705oq5d3nmbm0us55pnu0!nc_n_webp_mw_1,西安置换Model 3这么猛？20.97w😭😭
6a7ece6f0000000005021879,https://sns-webpic-qc.xhscdn.com/202610010058/f2a89431ef54cdb8af957188211c34d4/1040g008323rgshe07a005oq5d3nmbm0uomtuu60!nc_n_webp_mw_1,作为职场女性，选择Model Y的三个理由
6a422c50000000002100a007,https://sns-webpic-qc.xhscdn.com/202610010059/42eccc7b2e596972d9a85cd67f472674/1040g0083220dciel7o005ovlr743q7mff2vk6ro!nc_n_webp_mw_1,特斯拉7月最新政策！23.97w提走Model Y
69e9b0f90000000023025777,https://sns-webpic-qc.xhscdn.com/202610010059/a52f1566061399d641571cabbebdf71d/1040g00831vbi7qo72s005pcee57oi1v454o8vag!nc_n_webp_mw_1,4月｜Model Y 国补后落地价
69d8c32d00000000210041ca,https://sns-webpic-qc.xhscdn.com/202610010059/f94d5d3b3d239fbbbc1be8f0c6864a87/1040g00831uouolhcjm1g5pcee57oi1v4eg9pnd8!nc_n_webp_mw_1,4月尖叫！白色Model 3落地20.27w+🔥
6a156f44000000003503be71,https://sns-webpic-qc.xhscdn.com/202610010059/61ba894bf5f4f210dfda9023a651bb79/notes_pre_post/1040g3k0320kjfrvj5i1g5pcee57oi1v44irdbjg!nc_n_webp_mw_1,20.67w拿下特斯拉Model3📝清清楚楚
6a2d6c2e000000002201a551,https://sns-webpic-qc.xhscdn.com/202610010059/66e1a36e1cb34a079758aa0d03355b6e/notes_pre_post/1040g3k8321c1h2bcn2805pcee57oi1v4vt548bo!nc_n_webp_mw_1,25万预算电车手选｜Model Y落地仅24.27w
6a3405ad000000000f031154,https://sns-webpic-qc.xhscdn.com/202610010059/c703b64cf0befe26fbdb83812fbaef72/notes_uhdr/1040g3qo321tc2tfo70705pcee57oi1v4v7ll47g!nc_n_webp_mw_1,终于提车了，23w+特斯拉Model Y！
6a1cfe260000000007028c1e,https://sns-webpic-qc.xhscdn.com/202610010059/e7b904b995d8da2d8c71883fcb2c50a8/notes_pre_post/1040g3k0320s05nrbna005p9m1knhgl16edpattg!nc_n_webp_mw_1,六一儿童节提车｜白月光Model Y太适合带娃啦
6a21539b0000000021023595,https://sns-webpic-qc.xhscdn.com/202610010059/26531cf202c9e2903cafa630875e3e45/notes_pre_post/1040g3k032107l2fk7u005p9m1knhgl162mr7210!nc_n_webp_mw_1,00女生，4.59w开走🎀Model 3轿跑
6a2cc11a0000000007022151,https://sns-webpic-qc.xhscdn.com/202610010059/4bae9cc15ba0b3d3318a8a82d45affd5/notes_pre_post/1040g3k0321bcpfcd7o2g5p9m1knhgl16lsf3u1g!nc_n_webp_mw_1,Model Y L每月3736开走...6月有点说法
6a37f21d00000000060204f8,https://sns-webpic-qc.xhscdn.com/202610010059/6d4d61848c0906462d9c52912566c9e4/1040g008321madqf67e005p9m1knhgl1664a2itg!nc_n_webp_mw_1,Model Y L月供：3736，我忍不了了！！
6a3d46280000000006020049,https://sns-webpic-qc.xhscdn.com/202610010059/bea7f95be43f1b3ff4ccf87805fd5495/1040g008321rh1bq17o005p9m1knhgl16mcec57g!nc_n_webp_mw_1,6月黑标Model Y 24w+，别观望了
695cdc37000000001a024531,https://sns-webpic-qc.xhscdn.com/202610010059/4a4d69fe85d100fc1eca5929716c61e5/note_pre_post_uhdr/1040g3r831r0bu9dm7g8g5q8msl1tt6ti542lud8!nc_n_webp_mw_1,特斯拉开年大动作！🈷️供低至1918！
6963b6e5000000001a02e750,https://sns-webpic-qc.xhscdn.com/202610010059/b23e280a278f845796d29c0e2dda2618/notes_pre_post/1040g3k831r71rds5009g5p88agvkgg84ggppehg!nc_n_webp_mw_1,提了特斯拉，极简风才属于未来
697b463c000000001a02fe6c,https://sns-webpic-qc.xhscdn.com/202610010059/0f673d0bcf2808e0c374555101d5b212/1040g00831ru2fogp2a005p88agvkgg84uiua60g!nc_n_webp_mw_1,最后为什么选特斯拉？这里就是答案
6a06c4590000000007021417,https://sns-webpic-qc.xhscdn.com/202610010059/86aadeecd5a0a3b68bc727bdd6caac6d/notes_pre_post/1040g3k03205cpkh8iq3g5p88agvkgg84vo1eqqo!nc_n_webp_mw_1,预算25w+，只看特斯拉
697d9a2a000000001a035500,https://sns-webpic-qc.xhscdn.com/202610010059/e195df77c5e159c0566caf17d653bb84/notes_uhdr/1040g3qo31s0b9t42ki705p88agvkgg84k39htbg!nc_n_webp_mw_1,年前特斯拉怎么选？什么价格？看这篇！
6985bbc90000000028009669,https://sns-webpic-qc.xhscdn.com/202610010059/9187de5b3f275edbf989a9620ca89b3c/notes_pre_post/1040g3k831s83ufcf5s505p88agvkgg84bb2ac28!nc_n_webp_mw_1,有能力一定上Model Y，真心不一样
69846b55000000001a034697,https://sns-webpic-qc.xhscdn.com/202610010059/b8ff39fb6ec8e994e1e456d091a764ff/notes_pre_post/1040g3k031s70588r5s5g5p88agvkgg84c7j09t8!nc_n_webp_mw_1,预算20个，不内耗的女生冲Model 3
698ec0da000000001a02632a,https://sns-webpic-qc.xhscdn.com/202610010059/efedc6e4684a80baa51fd8aac62fda7a/notes_pre_post/1040g3k831sh2rn415kdg5p88agvkgg84d55sf30!nc_n_webp_mw_1,刚工作不久的90后，8万👋付拿下
69a24b18000000001a032ebd,https://sns-webpic-qc.xhscdn.com/202610010059/b1620c16077e72db31ac8ce270152df8/notes_pre_post/1040g3k831t45m1sb5m905p88agvkgg845hanogg!nc_n_webp_mw_1,3月 | Model 3补贴都有哪些变动？🔥
69a82ab5000000001a02bc60,https://sns-webpic-qc.xhscdn.com/202610010059/c6da3c741c8d169cf0f9833324eb53ec/1040g2sg31t9t8c69m8fg5oq5d3nmbm0ui9mh1co!nc_n_webp_mw_1,算完这笔账，我果断选了Model 3🧾
69b57277000000001e00eea3,https://sns-webpic-qc.xhscdn.com/202610010059/96aea684c38b611892c94443e4635f99/1040g00831tmeo2ke6u305oq5d3nmbm0um88u658!nc_n_webp_mw_1,26年Model Y L买车思路其实很简单
69bcaea9000000001f003f2c,https://sns-webpic-qc.xhscdn.com/202610010059/e4ffd5e1fede817cc3aead99069d9e3c/notes_pre_post/1040g3k031ttugi78nq005p88agvkgg84n29f1g8!nc_n_webp_mw_1,3月换车了！月供2.2k提Model Y
69c7aa67000000001a024d92,https://sns-webpic-qc.xhscdn.com/202610010059/b6e14c9c10a79b4901c364a85d836776/spectrum/1040g0k031u8lnf90hu005p88agvkgg840fjlrd0!nc_n_webp_mw_1,销冠车型这个价入手？香爆！
69cf6b5700000000230143c6,https://sns-webpic-qc.xhscdn.com/202610010059/fd9d73f22fc67b479e22d65d34d36e1e/spectrum/1040g34o31ug81c8c36405p88agvkgg84vts7i0o!nc_n_webp_mw_1,把我整兴奋了！Model 3这个价？
69d895fd000000001b0203fd,https://sns-webpic-qc.xhscdn.com/202610010059/a01d269c812833a8d6dd846a3fbedf2f/note_pre_post_uhdr/1040g3r031up67c232a405p88agvkgg84ljebvlo!nc_n_webp_mw_1,Model 3🤩日供60左右还能➖
69e1945b000000002301f222,https://sns-webpic-qc.xhscdn.com/202610010059/e5a18864fe71a2dd8d8a2e04679da3aa/note_pre_post_uhdr/1040g3r831v1vfnvjjq8g5p88agvkgg84og672no!nc_n_webp_mw_1,20w左右，女生上升期冲Model 3
69e193e9000000001f0027f4,https://sns-webpic-qc.xhscdn.com/202610010059/6e38b6d3a7c5cfdd4d4e65ff7b2d8f69/notes_pre_post/1040g3k031v1vfgnhii005p88agvkgg844i1k11o!nc_n_webp_mw_1,六座特斯拉！居然还能省
69e82f46000000001e00e4c9,https://sns-webpic-qc.xhscdn.com/202610010059/40a32f287599970ebd5995c2f87fd8af/note_pre_post_uhdr/1040g3r831v8dvetejq705p88agvkgg84sj4lbv0!nc_n_webp_mw_1,特斯拉Model Y👉4月错峰拿下‼️
69f32b1c000000001f006d1d,https://sns-webpic-qc.xhscdn.com/202610010059/7a42e839922a39e5b573c39ecf373314/note_pre_post_uhdr/1040g3r031vj52hgoiqn05p88agvkgg84ofon720!nc_n_webp_mw_1,白色Model Y，试驾半小时后订了
69ff04ff000000002003b897,https://sns-webpic-qc.xhscdn.com/202610010059/329c35a7ac3518944b74f238fc8db722/note_pre_post_uhdr/1040g3r031vunfbabii8g5p88agvkgg84s7nbh50!nc_n_webp_mw_1,20w🔥拿下26年黑标Model 3
6a06bc7a0000000007022c49,https://sns-webpic-qc.xhscdn.com/202610010059/9f4c7e73d319d3dd17a02a609ae30a09/notes_pre_post/1040g3k03205cpkh8iq1g5p88agvkgg841mdvb6o!nc_n_webp_mw_1,犹豫半年💥Model Y：24.35w拿下
6a043a34000000000800146e,https://sns-webpic-qc.xhscdn.com/202610010059/395f237a441d1e6137112a4e990fc9a2/notes_pre_post/1040g3k83202ilq302q8g5oq5d3nmbm0uif38npo!nc_n_webp_mw_1,怎么会有这么好价的特斯拉🤍
6a06d4b60000000007027fe5,https://sns-webpic-qc.xhscdn.com/202610010059/e463a9b1cfd1dbf7b049478900a1d105/note_pre_post_uhdr/1040g3r03206bk1n6me1g5p88agvkgg84o1u0c70!nc_n_webp_mw_1,不等啦！20w提26年新款黑标特斯拉Model 3
6a10320b00000000060319b0,https://sns-webpic-qc.xhscdn.com/202610010059/d1257ef9bcf16154ba304ed02d47d719/1040g008320fga94l62705p88agvkgg84m6vfe4g!nc_n_webp_mw_1,Model 3后轮驱动版🔥终于20w拿下！
6a213e080000000006032fe4,https://sns-webpic-qc.xhscdn.com/202610010059/41079ab3ae9dda9b3f2e90e0fcf73e73/note_pre_post_uhdr/1040g3r8321050gmd7u705p88agvkgg8446l12io!nc_n_webp_mw_1,怎么不早说！特斯拉6月太惊喜
6a2142e20000000008032532,https://sns-webpic-qc.xhscdn.com/202610010059/fcebd2111484ca96d67ce74a2c0cd605/note_pre_post_uhdr/1040g3r8321050gmd7u905p88agvkgg84thipfko!nc_n_webp_mw_1,2026国补赢麻了，特斯拉明细都在这儿了
6a3bb7670000000008032384,https://sns-webpic-qc.xhscdn.com/202610010059/80ef7f424f657a6b472a098062d9adb0/notes_pre_post/1040g3k8321q0bebq7e705p88agvkgg8471hf1v8!nc_n_webp_mw_1,预算20w，Model 3没有对手啊
6a34eb8200000000070121dd,https://sns-webpic-qc.xhscdn.com/202610010059/10f9ac06ea6135a7a911430f95833e13/notes_pre_post/1040g3k0321jbr09ana205p88agvkgg84ep92q20!nc_n_webp_mw_1,国补！6月高颜值特斯拉Model 3拿下！
69b0f8240000000009022263,https://sns-webpic-qc.xhscdn.com/202610010059/4d5c7016730dfed0b34b597058618aab/notes_pre_post/1040g3k831tiggslgls705ofnj7140igu2biqp98!nc_n_webp_mw_1,Model Y L日供 133，六座大空间冲不冲？✨
69b7ee4e0000000022027e54,https://sns-webpic-qc.xhscdn.com/202610010059/33062bc02d4f1a3b63d0c7800f945e6c/notes_pre_post/1040g3k831tpa2ajon8705ofnj7140iguip5bbbg!nc_n_webp_mw_1,3月逆天！Model Y 国补后落地干到23w+
69c89c94000000001b02130b,https://sns-webpic-qc.xhscdn.com/202610010059/dfe63c8ffbece21474e8ff629fb9b7aa/notes_pre_post/1040g3k831u9jb3l7iol05ofnj7140igug6srd1o!nc_n_webp_mw_1,3月下｜Model Y国补加持后，落地价太猛！
69c24427000000001a02ca6d,https://sns-webpic-qc.xhscdn.com/202610010059/4432ea5596ef6d4d9e24c24b432a058b/1040g2sg31u3d1h0d24005ofnj7140iguifg4jbg!nc_n_webp_mw_1,特斯拉APP被完全低估了...
69d8aba7000000001f001483,https://sns-webpic-qc.xhscdn.com/202610010059/675b84ae290b7874275d04db0c9b8664/notes_pre_post/1040g3k031up9639d2i005ofnj7140igunrgth08!nc_n_webp_mw_1,5月，江苏提车，20W+开走model 3！
69ce1f3400000000280082f6,https://sns-webpic-qc.xhscdn.com/202610010059/377c976526aa93acb41e236af3caa06c/1040g00831uevh67c2g005ofnj7140igutu0bifo!nc_n_webp_mw_1,不是单踏板，是能量回收制动！
69be010e000000002800b6f2,https://sns-webpic-qc.xhscdn.com/202610010059/dfcbbf6f50ebe0c1ff014d83056087e1/notes_pre_post/1040g3k831tv7rjp6n8l05ofnj7140igu8j5otqo!nc_n_webp_mw_1,提白色Model 3攻略，少花4万+
6a0047c20000000008002293,https://sns-webpic-qc.xhscdn.com/202610010059/b251804deeaeac2629d38f6995571d32/1040g2sg31vvuvm4uige05ofnj7140iguahc2mrg!nc_n_webp_mw_1,5月买车月！Model Y L月供2896 开走
6a182c0500000000060228e6,https://sns-webpic-qc.xhscdn.com/202610010059/b3f2a04330b1f5aa310680503020dae6/1040g2sg320n9jhjhmee05ofnj7140igur1fuvq8!nc_n_webp_mw_1,听劝！6月想提Model 3的，这波羊毛必须薅🐑
6a1d4ca10000000008033611,https://sns-webpic-qc.xhscdn.com/202610010059/3401d731f8dd1d25e214cbf90ed53e7e/notes_pre_post/1040g3k0320s9qo0p7a005ofnj7140igu8g53k08!nc_n_webp_mw_1,24万买的特斯拉，这一刻值23万
6a2a45620000000008025e8a,https://sns-webpic-qc.xhscdn.com/202610010059/71aa52134976bd8d6a825489b39a4084/notes_pre_post/1040g3k03218v5vnm7k005ofnj7140igudduemj0!nc_n_webp_mw_1,8月更新后，Model Y L落地明细
6a2e7eff00000000060223ce,https://sns-webpic-qc.xhscdn.com/202610010059/97f4d42cbbd2e8cc386c996c2b0ea09f/1040g2sg321d36ub97oe05ofnj7140iguq8qn6s0!nc_n_webp_mw_1,真怕你错过浮力，Model 3 20w+就提
6a32411b0000000021008fd9,https://sns-webpic-qc.xhscdn.com/202610010059/2a08a456cf3b4034b2e4d9ee3ea8626d/note_pre_post_uhdr/1040g3r0321golut37o005ofnj7140igu2d6ngpo!nc_n_webp_mw_1,来不及了：Model 3真劝你别等了
6a463c1d00000000210092af,https://sns-webpic-qc.xhscdn.com/202610010059/beb8bae24b62350d9cdc2c62a76bfe28/note_pre_post_uhdr/1040g3r03224921je7e005ofnj7140igu8p6s6d0!nc_n_webp_mw_1,Model Y国补后落地价
69549bd3000000001f00a777,https://sns-webpic-qc.xhscdn.com/202610010059/899e06cbf6ddac6cb8bcbbd5c858e491/notes_pre_post/1040g3k031qnb0br37g005n5hv3ckit7tkmielfo!nc_n_webp_mw_1,因为综合评分买了Model Y，25w+太香了
695f695c000000000e00c355,https://sns-webpic-qc.xhscdn.com/202610010059/fc6bb87a387ff2d17607de8d495c8396/notes_pre_post/1040g3k831r2qqhdk7o705n5hv3ckit7t6ckped0!nc_n_webp_mw_1,20-25w预算 ｜ Model 3，2026买车作业
69674ddd000000001a026074,https://sns-webpic-qc.xhscdn.com/202610010059/41a8aa99e00ab01adccf80a7df1f8afb/notes_pre_post/1040g3k031rahb3gjnuc05n5hv3ckit7t44kthbo!nc_n_webp_mw_1,2026买Model Y全新方案，压力全无
696a08ce000000000e03fc65,https://sns-webpic-qc.xhscdn.com/202610010059/94edf864818386d93c8a9ec5270dcc12/notes_pre_post/1040g3k031rd4j9d5ga2g5n5hv3ckit7t12m9h4g!nc_n_webp_mw_1,95后开Model 3一年的感受（超真实）
69735f1e000000000e03eada,https://sns-webpic-qc.xhscdn.com/202610010059/43a21181a075648de646537e6c0a47fa/notes_pre_post/1040g3k831rm5ufj3igmg5n5hv3ckit7tjd88odg!nc_n_webp_mw_1,油车车主主开Model Y，有话想说
6982f282000000002202f05b,https://sns-webpic-qc.xhscdn.com/202610010059/f0db348d74a34d9420a11873a28d2bd4/spectrum/1040g34o31s5i6j16le1g5n5hv3ckit7tc8n3f30!nc_n_webp_mw_1,25w+，就买综合评分高的车
698afca7000000001600b3f8,https://sns-webpic-qc.xhscdn.com/202610010059/0204a33882ce04d61e4ad31fc58a3c16/spectrum/1040g0k031sddfrktlc0g5n5hv3ckit7tfi5gdc0!nc_n_webp_mw_1,20多岁靠自己提了Model 3，这不是做梦
698d4a33000000001503a752,https://sns-webpic-qc.xhscdn.com/202610010059/b36e5e97dd0d55dfaf3a57311b3c2b64/spectrum/1040g0k031sflgadcla005n5hv3ckit7tin0549o!nc_n_webp_mw_1,审美的尽头是黑色，这样的Model Y谁不爱？
698d3a5b000000001503297d,https://sns-webpic-qc.xhscdn.com/202610010059/7f90ac3c420af02fca849d8f612bc6d4/spectrum/1040g0k031sfjgrjq5a005n5hv3ckit7t8j54080!nc_n_webp_mw_1,Model Y新春政策，入手不后悔
69a939d10000000015031a4f,https://sns-webpic-qc.xhscdn.com/202610010059/ae43efbdef9cd5979876582df5757925/spectrum/1040g0k031tatnqnjla005n5hv3ckit7ta7ncpl0!nc_n_webp_mw_1,闭眼提Model 3，日供仅63元？
69d8a9d50000000023025b32,https://sns-webpic-qc.xhscdn.com/202610010059/426dd7d56286e2850f0cd5909ca99414/spectrum/1040g0k031up8rf2jhu005n5hv3ckit7tvbmh47o!nc_n_webp_mw_1,4月政策来啦，Model 3入手什么价？
69e5e123000000001a03765d,https://sns-webpic-qc.xhscdn.com/202610010059/41389c3eecdd4c1e58aee140e908ea37/notes_pre_post/1040g3k831v65e0vsig705n5hv3ckit7t0t7986o!nc_n_webp_mw_1,惊喜价！本月Model 3月供1819开走
69e74ad4000000002003915d,https://sns-webpic-qc.xhscdn.com/202610010059/4a8ade82b03de41621b7e16ad736fefd/notes_pre_post/1040g3k831v7g9mas2ic05n5hv3ckit7t1t9ich8!nc_n_webp_mw_1,4.59w提车，门槛低不代表价值低
69e88f220000000022027d98,https://sns-webpic-qc.xhscdn.com/202610010059/625c99f9fc539bbdda45921fff813118/notes_pre_post/1040g3k031v8o484rii3g5q7n8sftoq2us23n4cg!nc_n_webp_mw_1,Model Y L最新落地核算，准备入可参考
69eb2ac6000000001b023e75,https://sns-webpic-qc.xhscdn.com/202610010059/d0f1f707b3a60058240a467aad451aa0/notes_pre_post/1040g3k831vbd05g53q805n5hv3ckit7teiu1l5g!nc_n_webp_mw_1,20w+的价格，珍珠白Model 3谁要？
69f0791f000000001e00c9bd,https://sns-webpic-qc.xhscdn.com/202610010059/d58a7c4cf8d011ee1d0b6c41245aa8f3/notes_pre_post/1040g3k831vgg1edf2i905n5hv3ckit7t7qql0eg!nc_n_webp_mw_1,综合24w+，低成本拥有销冠车
69f1b0d80000000020038581,https://sns-webpic-qc.xhscdn.com/202610010059/bc9b7a225552bb35fecbf4f06ed85d16/notes_pre_post/1040g3k831vglso112ae05q7n8sftoq2u3o37gv8!nc_n_webp_mw_1,特斯拉6座神车，落地更新，月供仅3985
69f301d50000000022027f65,https://sns-webpic-qc.xhscdn.com/202610010059/4563b378b42d91a7495f5f522eaff3c0/notes_pre_post/1040g3k831vivo079igb05n5hv3ckit7tbcd3628!nc_n_webp_mw_1,你没有看错，Model 3–20w+开走
69fc3f27000000001e00c631,https://sns-webpic-qc.xhscdn.com/202610010059/363616c30231782a5c6f102fece85ff0/notes_pre_post/1040g3k831vrni320ig705q7n8sftoq2u8oc8i4g!nc_n_webp_mw_1,5月黑标Model Y提车，24.35w
69fd99d0000000002202465e,https://sns-webpic-qc.xhscdn.com/202610010059/ab970286c4c16a37226c2ec56118ba56/notes_pre_post/1040g3k831vta0a7liiug5n5hv3ckit7tn2tuhb8!nc_n_webp_mw_1,5月Model 3超香价，20➕无痛开走
6a06c263000000003502cf23,https://sns-webpic-qc.xhscdn.com/202610010059/ac5ce0ce5a6b8e1f36e9155c81cc632c/spectrum/1040g0k0320697foe5c005n5hv3ckit7tlgci3ho!nc_n_webp_mw_1,2026国补加持  Model 3到手只要20.67w
6a0c0abf0000000007011e97,https://sns-webpic-qc.xhscdn.com/202610010059/c6a2cbfe8b9234d1d9c46111af26bc1b/notes_pre_post/1040g3k8320be41t5lm705n5hv3ckit7ti4mkuqo!nc_n_webp_mw_1,24.35w入Model Y，全国可提
6a13f0fb0000000007021de2,https://sns-webpic-qc.xhscdn.com/202610010059/f48b0f3a4c1239e1765da49a4499a98e/spectrum/1040g0k0320j4vq8v5e005n5hv3ckit7tuh301g0!nc_n_webp_mw_1,白色Model 3 | 现在20.67w+就能提
6a1697450000000035028f20,https://sns-webpic-qc.xhscdn.com/202610010059/9f9a18f5dcb45bb411cd70d47e9d70d5/spectrum/1040g34o320lo2e9clk405n5hv3ckit7tdugani8!nc_n_webp_mw_1,Model Y L最新落地，想入的可参考
6a1939f70000000006030218,https://sns-webpic-qc.xhscdn.com/202610010059/65fe4ab7a5278a3cfe01a2479dab1f95/notes_pre_post/1040g3k8320o45e7bm8105q7n8sftoq2uka0hj6g!nc_n_webp_mw_1,女生超爱的白色Model 3，落地20.67w提走
6a227da50000000021022d8f,https://sns-webpic-qc.xhscdn.com/202610010059/1fd39161723daca56db98af81ab68f23/notes_pre_post/1040g3k032103avjdna005n5hv3ckit7td9jddg8!nc_n_webp_mw_1,交付中心Model 3快银｜落地20.67w
6a2b6fe6000000002200be12,https://sns-webpic-qc.xhscdn.com/202610010059/e135bc2e95d9929d80d631cc4f823ab0/notes_pre_post/1040g3k8321a35oc47k705n5hv3ckit7tcr8chvg!nc_n_webp_mw_1,起猛了！20.67w无障碍提Model 3
6a2910f60000000008025fd6,https://sns-webpic-qc.xhscdn.com/202610010059/695ed9ca3754c684963819edf656e9e6/notes_pre_post/1040g3k83217ovo9mnoe05n5hv3ckit7tfnn51e0!nc_n_webp_mw_1,家用选车，30出头提六座Model Y L
6a293332000000000602210f,https://sns-webpic-qc.xhscdn.com/202610010059/3651109ce9c363a92743bd48bdfbf41c/note_pre_post_uhdr/1040g3r03217tf7a4nu3g5n5iq0l46tkpbmatqe8!nc_n_webp_mw_1,属于父亲的第1️⃣台车Model YL，全家都超满意
6a30eb8d00000000210192ed,https://sns-webpic-qc.xhscdn.com/202610010059/431b4f2a892ced493b1d1f8a30b289a5/notes_pre_post/1040g3k0321fevtofno005n5hv3ckit7tg7hu5e0!nc_n_webp_mw_1,交付中心提车｜Model Y国补后24.27w
6a3364340000000007027392,https://sns-webpic-qc.xhscdn.com/202610010059/2230025b9f94ba13083944d0aff1176c/notes_pre_post/1040g3k8321gpbo1s7u705n5hv3ckit7tm5qq3co!nc_n_webp_mw_1,Mode 3提车攻略｜落地20.67w
6a3b80130000000006020680,https://sns-webpic-qc.xhscdn.com/202610010059/778b09a006d94ef2c73f8ba340934b2a/notes_pre_post/1040g3k8321pp9nafne705n5hv3ckit7t2s1t0b0!nc_n_webp_mw_1,6月大惊喜｜手付4.59w提Model 3
6a3de3830000000007013845,https://sns-webpic-qc.xhscdn.com/202610010059/0579b00a789e5ad3b22db40e8d0ab332/notes_pre_post/1040g3k8321r2f5ru7u905n5hv3ckit7tcn9h7i0!nc_n_webp_mw_1,2026国补后，Model Y低至23.97w起
6a436d260000000007013bef,https://sns-webpic-qc.xhscdn.com/202610010059/9fb6a845779040da46be923a292a9f04/notes_pre_post/1040g3k83221h50467ob05n5hv3ckit7tqc1qia8!nc_n_webp_mw_1,02年女生无痛提车，Model 3落地20.67w
6a572142000000000603753f,https://sns-webpic-qc.xhscdn.com/202610010059/8d58e070da7d9d9dde5c26a701126eeb/1040g008322kp0ake7a1g5n5hv3ckit7t166sku8!nc_n_webp_mw_1,把油车换成Model 3，教你怎么买更划算？
6a599af0000000001302d7f6,https://sns-webpic-qc.xhscdn.com/202610010059/15e2b7f4d33db4c897fd36dde46c69e5/1040g2sg322n5jk1gg0e05n5hv3ckit7tlq7jmg8!nc_n_webp_mw_1,2026国补后，Model Y：落地24.27w
6a6b11ba0000000033010b3e,https://sns-webpic-qc.xhscdn.com/202610010059/de707bd33b92751d1002e89114016b1c/1040g0083238850lrg2005n5hv3ckit7tg9jogkg!nc_n_webp_mw_1,国补后 | Model Y黑武士落地24.27w
6a754a34000000003300c9ca,https://sns-webpic-qc.xhscdn.com/202610010059/8400cddaa574c9ebbdd5802edab7377e/notes_pre_post/1040g3k8323i6rp6tnu005n5hv3ckit7td7m6klg!nc_n_webp_mw_1,8月政策 | 黑标Model 3：20.07w起
696de501000000000e00f618,https://sns-webpic-qc.xhscdn.com/202610010059/0ea38b13a66e4dcc3d9c5a4a0e1d5dde/spectrum/1040g0k031rh0brer6u005pgpdp4homabmtmq41o!nc_n_webp_mw_1,这不是宣传片，而是各位老板的预告片
69771be9000000002202ef24,https://sns-webpic-qc.xhscdn.com/202610010059/fe9e998afa5add5fc0fe0989030f4fec/spectrum/1040g34o31rq0bstr24105pgpdp4homabroh8iio!nc_n_webp_mw_1,Model 3-被低估的高性价比20万级轿跑
6992a665000000001a02508b,https://sns-webpic-qc.xhscdn.com/202610010059/a3703044371a486ada1c2aac0713ee64/1040g2sg31skt1nlkm8e05pgpdp4homabjq08chg!nc_n_webp_mw_1,太猛了！！日供70提走Model Y🧨
69b37025000000000601fe89,https://sns-webpic-qc.xhscdn.com/202610010059/d424bd84f3a36f1ba98a1b61a3fa68c1/notes_pre_post/1040g3k031tktlg0bne105pgpdp4homab0l88r9g!nc_n_webp_mw_1,25w的Model Y黑武士，简直太帅了！！
69b22ed8000000000601dc15,https://sns-webpic-qc.xhscdn.com/202610010059/942cedf4bf31ec4111420c208000abee/notes_pre_post/1040g3k031tjmd3jvnq1g5pgpdp4homabt3cvq9g!nc_n_webp_mw_1,3月 Model Y落地费用一篇全搞定📝
69c764ea000000002003850e,https://sns-webpic-qc.xhscdn.com/202610010059/a6f2533925aab2b053681db94a6308c8/1040g00831u8da0s62g005pgpdp4homab5ev6c0g!nc_n_webp_mw_1,Model 3🏅普通人的完美轿跑
69cf8f160000000020038f36,https://sns-webpic-qc.xhscdn.com/202610010059/3ec575ba0901c9b179b1b361bdf55612/notes_pre_post/1040g3k031ugc1rlnj44g5q1o0e87997nqjtboj8!nc_n_webp_mw_1,黑色Model Y，24W+提走了
69da95aa000000002202739b,https://sns-webpic-qc.xhscdn.com/202610010059/82dee823d63cfde9db23e5055f29d0b7/notes_pre_post/1040g3k031ur4v396is205q1o0e87997nv8t99fo!nc_n_webp_mw_1,“2026国补”后，Model Y落地明细
69ead2f2000000001f006928,https://sns-webpic-qc.xhscdn.com/202610010059/70e7e60937952175d11d684e8b3ab6e7/notes_pre_post/1040g3k831vb0dfj83q005pgpdp4homabmrn15i0!nc_n_webp_mw_1,2026年全新Model Y黑标落地价：24W+！
69ec4362000000001b023988,https://sns-webpic-qc.xhscdn.com/202610010059/8933ccdb5e11cdcaf350773e2f885251/notes_pre_post/1040g3k831vcdekc0jq705pgpdp4homabj6okj68!nc_n_webp_mw_1,Model 3这波赢麻了...🥹20w提走了
69e460b5000000001e00e0b3,https://sns-webpic-qc.xhscdn.com/202610010059/49cff18c5d02bcea5c7506753aca5c36/notes_pre_post/1040g3k831v45p8sj1ud05q1o0e87997ngq0b7hg!nc_n_webp_mw_1,25w内，长期主义选👉Model Y
6a098cf7000000000702ec74,https://sns-webpic-qc.xhscdn.com/202610010059/8ddd8095849ccf97fe4ef4e8deb326c4/notes_pre_post/1040g3k832090ma5qm2805pgpdp4homablootor0!nc_n_webp_mw_1,Model 3：手付4.59W，丝滑提车
6a1277610000000007020ac2,https://sns-webpic-qc.xhscdn.com/202610010059/238e3baf798a00c70eebd4b950821d0a/notes_pre_post/1040g3k0320hn6tq8lc2g5q1o0e87997neafncug!nc_n_webp_mw_1,Model Y到底选白色还是黑色？！
6a18f6570000000008032f27,https://sns-webpic-qc.xhscdn.com/202610010059/6c699eefd2017e6196f80f1eda7dd729/notes_pre_post/1040g3k0320o25hpc5m005pgpdp4homabf3hj0g8!nc_n_webp_mw_1,00后女生全款拿下🎀Model 3：20.47w
6a1bdd48000000000702ae83,https://sns-webpic-qc.xhscdn.com/202610010059/ff6742106605a5351dbd004d3727586e/notes_pre_post/1040g3k0320qsvribm80g5pgpdp4homabf74qhm8!nc_n_webp_mw_1,价格曼妙，Model 3：20.37w提走
6a2bc17e0000000008024125,https://sns-webpic-qc.xhscdn.com/202610010059/73e59771dc1c819348937d4c321cdc5c/notes_pre_post/1040g3k0321adhicmnu305pgpdp4homabbhh6gf8!nc_n_webp_mw_1,大惊喜！特斯拉Model 3：20.07w起
6a33adc00000000021017c5f,https://sns-webpic-qc.xhscdn.com/202610010059/f71730b6b856b923f99792627819d235/note_pre_post_uhdr/1040g3r0321i55k3i7a4g5pgpdp4homabnru4qag!nc_n_webp_mw_1,Model Y L:月供3736，无痛提车！！
6a3e23080000000022015cca,https://sns-webpic-qc.xhscdn.com/202610010059/9d46da525e3329c89dc8c5658545a292/note_pre_post_uhdr/1040g3r8321sbnmka7kd05pgpdp4homab3lg5j00!nc_n_webp_mw_1,Model 3：手付5.59w，日供73开走
6a3f341d0000000007025a2b,https://sns-webpic-qc.xhscdn.com/202610010059/6c8e4f22e928701d84f351dfe6cba551/note_pre_post_uhdr/1040g3r8321scivhf6u8g5q1o0e87997n18cfpro!nc_n_webp_mw_1,上班暂停🎀手付4.59w提走Model Y
6a36358400000000220176e9,https://sns-webpic-qc.xhscdn.com/202610010059/8daa0f795630b206d2d56c9eee70ab82/note_pre_post_uhdr/1040g3r8321kk8dfm7a8g5pgpdp4homabcocdn0g!nc_n_webp_mw_1,黑标Model Y：23.97w，纠结党速进！！
6a182f36000000000802680e,https://sns-webpic-qc.xhscdn.com/202610010059/02fd8657d5fca4284a75ec19d8a86532/notes_uhdr/1040g3qg320na05g56e105n5iq0l46tkp2e7f89g!nc_n_webp_mw_1,8月Model Y购车政ce，给你算好了❗️
6a4b24a00000000006022605,https://sns-webpic-qc.xhscdn.com/202610010059/0c247aab3f6cc3129c27072984897656/note_pre_post_uhdr/1040g3r8322925qp97ed05n5iq0l46tkpbkfauj0!nc_n_webp_mw_1,特斯拉Model3👋付4.59w| 不犹豫放心拿下
6a51f95a00000000070296e9,https://sns-webpic-qc.xhscdn.com/202610010059/7fc6b8b0b972f6e18cd32cf490ccef8a/1040g008322fnobqd7u0g5n5iq0l46tkp4silegg!nc_n_webp_mw_1,别犹豫了！八月换Model 3直接省下2w+
6a5b248f000000000e037f30,https://sns-webpic-qc.xhscdn.com/202610010059/1dfa6ee31a2c7c4a40fde2b5206cc11e/note_pre_post_uhdr/1040g3r8322omed4a00705n5iq0l46tkpftm9220!nc_n_webp_mw_1,Model Y落地24.27w，🚗 黑武士谁能不心动❓
6a57446f0000000008001105,https://sns-webpic-qc.xhscdn.com/202610010059/2aefa11a911a31d5d30699f4655b8326/note_pre_post_uhdr/1040g3r8322kt8r4j7o705n5iq0l46tkp6he3hl0!nc_n_webp_mw_1,月供3000+，要换电车吗 ？在线等！
6a70278f0000000033010506,https://sns-webpic-qc.xhscdn.com/202610010059/bb5189be4b26c4bd8f28c6ce4efb1133/note_pre_post_uhdr/1040g3r0323d729aana005n5iq0l46tkp6buem8o!nc_n_webp_mw_1,特斯拉八月方案已经出来了，准车主看这里👀
6a0197e10000000006035426,https://sns-webpic-qc.xhscdn.com/202610010100/125f0b1b084eae1890ddcf1702793aec/1040g2sg32017vid6ia005neh3n9090qbe98vs38!nc_n_webp_mw_1,买了Model 3，但第一年你养得起吗？
6a599edd000000001d00de01,https://sns-webpic-qc.xhscdn.com/202610010100/bf8f52de6d1477ff60e37ceab18f1d06/1040g008322n6pi1o00005neh3n9090qba1qjhn0!nc_n_webp_mw_1,特斯拉车主｜总结五个用车好习惯🚗
6a60b30b00000000130242cb,https://sns-webpic-qc.xhscdn.com/202610010100/7f4f16afef6d38914fe84d59489f23c5/notes_pre_post/1040g3k8322u42kvog2705neh3n9090qbunj1vto!nc_n_webp_mw_1,Model Y月供2691，轻松开走！！！