笔记ID,账号,标题,库内旧值,xlsx曝光,xlsx阅读,xlsx进线,xlsx开口,xlsx留资,xlsx消费,差异,快照变化,类型
695c7cfb000000002200acc0,特斯拉上海交付中心,买车不踩坑｜每月省677，轻松开上特斯拉,旧:曝21194/读2441/进11/开7/留1,16068,2069,11,7,1,1033.52,Δ曝-5126/Δ读-372/Δ进0/Δ开0/Δ留0,2026-09-24→2026-02-10,diff
695c7aea000000000d00a89e,特斯拉合肥交付中心,特斯拉开年福利来喽，🈷️供1918特斯拉提回家,旧:曝15597/读2009/进10/开5/留2,13266,1685,10,5,2,1011.41,Δ曝-2331/Δ读-324/Δ进0/Δ开0/Δ留0,2026-09-24→2026-01-25,diff
695c98e2000000000903b54a,Tesla-晨璐（努力工作版）,不愧是上热搜的7年低熄，特斯拉还是太超前,旧:曝18045/读2462/进5/开3/留0,15130,2005,5,3,0,1054.4,Δ曝-2915/Δ读-457/Δ进0/Δ开0/Δ留0,2026-09-24→2026-01-16,diff
695c762b0000000009038d16,特斯拉苏州交付中心,特斯拉Model 3新色海洋蓝也太绝了🌊,旧:曝17461/读3198/进1/开1/留1,3840,482,1,1,1,144.24,Δ曝-13621/Δ读-2716/Δ进0/Δ开0/Δ留0,2026-09-24→2026-01-12,diff
692d6ead000000001e033cd8,特斯拉Yoki特努力,2月直接起飞! 9.9w开走Model Y L,旧:曝82582/读15137/进15/开11/留9,57851,10422,15,11,10,1842.87,Δ曝-24731/Δ读-4715/Δ进0/Δ开0/Δ留1,2026-09-24→2026-09-28,diff
695341cb000000001e036da2,特斯拉洋子（包全国）,8W开Model 3，跨年开新车回家,旧:曝35095/读5530/进14/开11/留10,17496,2401,5,4,2,806.5,Δ曝-17599/Δ读-3129/Δ进-9/Δ开-7/Δ留-8,2026-09-24→2026-08-07,diff
695ce170000000001a02a129,特斯拉洋子（包全国）,1月最新王炸💥Model 3，月供1918太香了,旧:曝8147/读1195/进0/开0/留0,2611,148,0,0,0,66.04,Δ曝-5536/Δ读-1047/Δ进0/Δ开0/Δ留0,2026-09-24→2026-02-15,diff
693410f7000000001e0257c4,🚗湖州吴兴特斯拉中心,珍珠白Model 3、也太让人着迷了,旧:曝15956/读2026/进1/开0/留0,11262,1297,1,0,0,464.51,Δ曝-4694/Δ读-729/Δ进0/Δ开0/Δ留0,2026-09-24→2026-01-13,diff
694bea93000000000d00c278,特斯拉丨星辰⭐,2025年末抄底Model 3❗️购置禾兑全免,旧:曝11488/读1097/进2/开2/留3,6397,535,2,2,3,745.44,Δ曝-5091/Δ读-562/Δ进0/Δ开0/Δ留0,2026-09-24→2026-01-13,diff
692ea5ee000000001f00a5f5,常州特斯拉-欣子,全网最全的Model3提车照，我选了六种颜色✨,旧:曝33674/读6591/进7/开4/留1,16151,3192,4,3,1,862.77,Δ曝-17523/Δ读-3399/Δ进-3/Δ开-1/Δ留0,2026-09-24→2026-01-14,diff
695cad73000000001a029379,特斯拉Yoki特努力,2026年Model Y L买车思路，清晰得可怕！,旧:曝354871/读79332/进31/开23/留16,180074,43164,61,47,35,5476.8,Δ曝-174797/Δ读-36168/Δ进30/Δ开24/Δ留19,2026-09-24→2026-09-28,diff
6932cc92000000001e030001,特斯拉Yoki特努力,1月，青岛提Model 3 给我大惊喜！！,旧:曝19358/读3120/进13/开11/留7,13408,1604,18,16,14,1325.68,Δ曝-5950/Δ读-1516/Δ进5/Δ开5/Δ留7,2026-09-24→2026-09-28,diff
69311ef3000000001e02110b,特斯拉Yoki特努力,2026年Model 3太香了！首付2w月供3k开走！,旧:曝561644/读132474/进31/开25/留18,256712,62534,28,24,18,4225.63,Δ曝-304932/Δ读-69940/Δ进-3/Δ开-1/Δ留0,2026-09-24→2026-06-27,diff
693cbf72000000001e00e14b,温州特斯拉中心｜千千,过新年 烈焰红才是氛围天❀板,旧:曝31961/读6609/进6/开5/留2,13185,3252,5,5,1,816.29,Δ曝-18776/Δ读-3357/Δ进-1/Δ开0/Δ留-1,2026-09-24→2026-01-13,diff
69282dd9000000001e036fa8,特斯拉Yoki特努力,1月，买Model 3的思路一定要清晰！,旧:曝40458/读7790/进6/开6/留5,21325,4012,2,2,1,364.41,Δ曝-19133/Δ读-3778/Δ进-4/Δ开-4/Δ留-4,2026-09-24→2026-09-25,diff
69153fa200000000050129a9,特斯拉Yoki特努力,2026年Model 3太香了！首付2w月供3k开走！,旧:曝131515/读22889/进36/开28/留21,193640,37704,44,35,39,5302.67,Δ曝62125/Δ读14815/Δ进8/Δ开7/Δ留18,2026-09-24→2026-09-28,diff
68c15f06000000001c00beae,特斯拉Yoki特努力,11月，在山东23w提走Model Y是真的香,旧:曝265944/读37662/进387/开355/留243,281640,52143,419,380,279,31880.57,Δ曝15696/Δ读14481/Δ进32/Δ开25/Δ留36,2026-09-24→2026-09-28,diff
6860e6560000000020018d11,特斯拉Yoki特努力,分享！Model 3 落地费用一览,旧:曝594739/读122431/进158/开118/留78,34774,5500,14,11,10,1417.52,Δ曝-559965/Δ读-116931/Δ进-144/Δ开-107/Δ留-68,2026-09-24→2026-09-28,diff
694b9127000000001e02117e,特斯拉新疆-黄小豆bean,2026年年初车思路‼️买Model 3真香,旧:曝14145/读1662/进5/开1/留1,8135,839,5,1,1,542.67,Δ曝-6010/Δ读-823/Δ进0/Δ开0/Δ留0,2026-09-24→2026-01-15,diff
68fcb1b40000000004016a3c,特斯拉阿生（全国置换版,预算20个，不内耗的女生冲Model 3,旧:曝534536/读108950/进102/开81/留55,305900,63917,118,100,61,9805.12,Δ曝-228636/Δ读-45033/Δ进16/Δ开19/Δ留6,2026-09-24→2026-04-26,diff
695cdc37000000001a024531,特斯拉阿生（全国置换版,特斯拉开年大动作！🈷️供低至1918！,旧:曝8411/读1053/进2/开1/留1,1629,110,2,1,1,61.63,Δ曝-6782/Δ读-943/Δ进0/Δ开0/Δ留0,2026-09-24→2026-04-02,diff
689b4d0b000000001b0351fc,特斯拉MoMo,9月Model 3香炸，20.05W拿下了！,旧:曝749016/读97508/进775/开630/留310,128339,18788,84,65,41,6500.7,Δ曝-620677/Δ读-78720/Δ进-691/Δ开-565/Δ留-269,2026-09-24→2026-09-28,diff
69549bd3000000001f00a777,特斯拉体验官Leo,因为综合评分买了Model Y，25w+太香了,旧:曝503322/读99142/进10/开5/留4,211382,43719,15,8,5,3302.62,Δ曝-291940/Δ读-55423/Δ进5/Δ开3/Δ留1,2026-09-24→2026-09-28,diff
695cbf39000000001a02d0cc,特斯拉体验官Leo,2026 ｜ Model Y怎么买？来看！,旧:曝6837/读1002/进2/开2/留1,2205,268,2,2,1,62.31,Δ曝-4632/Δ读-734/Δ进0/Δ开0/Δ留0,2026-09-24→2026-09-25,diff
695f695c000000000e00c355,特斯拉体验官Leo,20-25w预算 ｜ Model 3，2026买车作业,旧:曝19851/读3560/进0/开0/留0,13119,2519,0,0,0,213.41,Δ曝-6732/Δ读-1041/Δ进0/Δ开0/Δ留0,2026-09-24→2026-09-28,diff
695ce19e000000001a02a256,特斯拉茉茉美少女,2月太猛了，model 3 月供1.9k+,旧:曝15314/读2437/进1/开1/留1,4413,537,1,1,1,150.38,Δ曝-10901/Δ读-1900/Δ进0/Δ开0/Δ留0,2026-09-24→2026-03-02,diff
68ce864b000000001203002f,特斯拉茉茉美少女,11月兴奋了，Model 3 20.75w,旧:曝890430/读156079/进564/开478/留302,108864,17634,40,31,22,3584.62,Δ曝-781566/Δ读-138445/Δ进-524/Δ开-447/Δ留-280,2026-09-24→2026-09-08,diff
688734540000000010013dd7,特斯拉茉茉美少女,有8万，入手Model 3也行了❓,旧:曝544805/读64552/进606/开537/留318,348771,55289,204,181,118,15627.49,Δ曝-196034/Δ读-9263/Δ进-402/Δ开-356/Δ留-200,2026-09-24→2026-09-28,diff
695c842b000000000d009ed3,特斯拉南京交付中心,特斯拉26年新年“官宣”,旧:曝17266/读3377/进5/开3/留5,12519,1244,4,2,5,898.43,Δ曝-4747/Δ读-2133/Δ进-1/Δ开-1/Δ留0,2026-09-24→2026-01-15,diff
695b52af000000000d00b487,特斯拉杭州交付中心,1月！特斯拉model 3落地价,旧:曝28431/读5157/进7/开6/留5,11595,1662,7,6,5,987.64,Δ曝-16836/Δ读-3495/Δ进0/Δ开0/Δ留0,2026-09-24→2026-01-12,diff
6937d1f2000000001e03172c,特斯拉超级体验官,蕞好👀的四门轿跑Model 3谁赞同？！,旧:曝6451/读497/进2/开1/留1,4044,252,2,1,1,367.31,Δ曝-2407/Δ读-245/Δ进0/Δ开0/Δ留0,2026-09-24→2026-01-11,diff
695cbfdf000000001a028125,特斯拉MoMo,1月省💰，Model 3月供1918，敢信？,旧:曝8143/读903/进3/开3/留2,1891,163,3,3,2,68.3,Δ曝-6252/Δ读-740/Δ进0/Δ开0/Δ留0,2026-09-24→2026-08-27,diff
695ccd8d000000002202ffa4,特斯拉 力川,1月提特斯拉Model 3费用明细！清楚得很！,旧:曝17645/读2625/进1/开0/留0,12296,1774,1,0,0,435.92,Δ曝-5349/Δ读-851/Δ进0/Δ开0/Δ留0,2026-09-24→2026-09-16,diff
695cbba6000000000a0284d2,Model体验官一凡,对🈷️供一千多可以开走特斯拉！,旧:曝7925/读822/进3/开1/留1,5397,442,3,1,1,387.75,Δ曝-2528/Δ读-380/Δ进0/Δ开0/Δ留0,2026-09-24→2026-01-14,diff
694aa532000000001e02081f,特斯拉 开开,👋付4w5‼️拿下四驱Model 3🤍稳到离谱,旧:曝18101/读2708/进4/开3/留1,5359,442,2,2,1,519.24,Δ曝-12742/Δ读-2266/Δ进-2/Δ开-1/Δ留0,2026-09-24→2026-01-12,diff
695a6fbe000000001e030e25,TESLA 李嘉嘉,刚更新！26年国补后Model Y落地价,旧:曝134437/读22270/进26/开19/留6,52713,7664,25,18,5,2256.36,Δ曝-81724/Δ读-14606/Δ进-1/Δ开-1/Δ留-1,2026-09-24→2026-02-23,diff
695d26fe000000001a03690f,TESLA 李嘉嘉,新年新政策，这波特斯拉你就来吧！,旧:曝11709/读1987/进0/开0/留0,1250,108,0,0,0,72.92,Δ曝-10459/Δ读-1879/Δ进0/Δ开0/Δ留0,2026-09-24→2026-01-09,diff
6954db40000000001e036dcf,特斯拉购车攻略官-珊珊,Model 3提车快一年啦💰算完账直接惊呆😳,旧:曝53596/读9559/进3/开1/留2,30009,5304,2,1,2,883.8,Δ曝-23587/Δ读-4255/Δ进-1/Δ开0/Δ留0,2026-09-24→2026-01-17,diff
689418dc000000002302fd1d,特斯拉｜东东,起猛了，10月特斯拉能白给：20000？,旧:曝202397/读21643/进229/开212/留155,145417,19813,198,176,132,18738.99,Δ曝-56980/Δ读-1830/Δ进-31/Δ开-36/Δ留-23,2026-09-24→2026-09-28,diff
6957bb55000000001e02e456,Tesla｜小冯-全国可提车,特斯拉福🌰来袭！这样买省1.5w购置,旧:曝118177/读21706/进15/开14/留10,31924,4485,15,14,10,1851.09,Δ曝-86253/Δ读-17221/Δ进0/Δ开0/Δ留0,2026-09-24→2026-09-28,diff
695cceea000000001a0267fc,糖酸酸🍬开特斯拉,新年提新车，特斯拉费用明细,旧:曝12154/读1405/进2/开1/留1,8022,841,2,1,1,392.51,Δ曝-4132/Δ读-564/Δ进0/Δ开0/Δ留0,2026-09-24→2026-02-17,diff
692eb91d000000001e02cb1f,Tesla｜小冯-全国可提车,1月买特斯拉，这儿还有购置禾兑补补‼️,旧:曝208714/读26657/进258/开235/留167,132813,15862,122,110,73,9966.66,Δ曝-75901/Δ读-10795/Δ进-136/Δ开-125/Δ留-94,2026-09-24→2026-09-27,diff
68ddda0a000000000503974b,Tesla｜小冯-全国可提车,11月Model3活动太猛了！手付2w月供3k开走,旧:曝1383122/读217609/进1172/开1045/留755,1148045,136681,895,778,576,81656.94,Δ曝-235077/Δ读-80928/Δ进-277/Δ开-267/Δ留-179,2026-09-24→2026-09-28,diff
6959fbb0000000001e026eb1,特斯拉百科全苏丨全国可订🚗,冬天就开特斯拉！制热黑科技暖到心坎里❄️,旧:曝5811/读576/进2/开2/留1,2128,165,2,2,1,208.54,Δ曝-3683/Δ读-411/Δ进0/Δ开0/Δ留0,2026-09-24→2026-01-11,diff
695c704c000000000b013e15,内蒙古特斯拉-莎莎,(库中无此笔记→将新建),,15463,1954,5,5,2,1079.36,2026-01-07,2026-03-08,new
695c70a50000000022023f7e,特斯拉校草,7年低息🈷️供低至1918元❓比打车还便宜🚗,旧:曝37597/读5558/进10/开7/留3,27635,3961,10,7,3,1355.58,Δ曝-9962/Δ读-1597/Δ进0/Δ开0/Δ留0,2026-09-24→2026-03-02,diff
695a7f01000000001e028072,Tesla 鱼仔吖,😱特斯拉Model3四年只降400？,旧:曝63447/读20137/进69/开34/留13,42924,5759,69,34,13,3168.25,Δ曝-20523/Δ读-14378/Δ进0/Δ开0/Δ留0,2026-09-24→2026-09-28,diff
695c85c5000000001a0247fb,Tesla｜小冯-全国可提车,特斯拉一月福🌰！！手付7.99w月付1.9k开走,旧:曝5211/读580/进1/开1/留0,2035,158,1,1,0,235.21,Δ曝-3176/Δ读-422/Δ进0/Δ开0/Δ留0,2026-09-24→2026-03-02,diff
692c0fde000000001f006535,特斯拉｜东东,刚提Model 3，21w+，全靠...,旧:曝21835/读3281/进10/开8/留4,10262,1658,1,0,0,401.69,Δ曝-11573/Δ读-1623/Δ进-9/Δ开-8/Δ留-4,2026-09-24→2026-03-02,diff
695cad00000000001a01c95c,特斯拉｜东东,不好的我不发，model 3月供1918敢信？,旧:曝8903/读1455/进1/开1/留0,1750,205,1,1,0,92.07,Δ曝-7153/Δ读-1250/Δ进0/Δ开0/Δ留0,2026-09-24→2026-03-02,diff
692a92fe000000000d03adf6,临沂特斯拉的服务员🤖,客户8w提了台Model 3，真的太爱了！,旧:曝33175/读6300/进6/开3/留2,16774,2976,5,3,2,700.6,Δ曝-16401/Δ读-3324/Δ进-1/Δ开0/Δ留0,2026-09-24→2026-03-20,diff
69456f730000000019025d3e,临沂特斯拉的服务员🤖,model3选白色还是黑色？🤔,旧:曝27347/读5330/进3/开1/留0,1620,223,2,1,0,109.22,Δ曝-25727/Δ读-5107/Δ进-1/Δ开0/Δ留0,2026-09-24→2026-01-10,diff
695c6bdf000000000b009942,特斯拉-伊林Elaine🎀,什么❗️❗️❗️七年低息+五年0息❗️❗️❗️,旧:曝11256/读960/进4/开1/留1,9196,738,4,1,1,447.39,Δ曝-2060/Δ读-222/Δ进0/Δ开0/Δ留0,2026-09-24→2026-01-29,diff
69560ce10000000022039e50,特斯拉皮皮,🚗 2026新年开红运！烈焰红Y算笔账,旧:曝5648/读730/进0/开0/留0,322,28,0,0,0,49.77,Δ曝-5326/Δ读-702/Δ进0/Δ开0/Δ留0,2026-09-24→2026-01-08,diff
6944f10e000000001b020d8d,特斯拉皮皮,手慢无系列！model3 go车活动大揭秘🚗,旧:曝5611/读3342/进24/开6/留0,2455,61,20,6,0,853.91,Δ曝-3156/Δ读-3281/Δ进-4/Δ开0/Δ留0,2026-09-24→2026-01-10,diff
695cb314000000002203a98d,济南特斯拉主理人,2026年提特斯拉，政策又有变化！,旧:曝160268/读33123/进29/开17/留13,182713,36490,36,24,20,4970.22,Δ曝22445/Δ读3367/Δ进7/Δ开7/Δ留7,2026-09-24→2026-09-28,diff
695b957c000000002200a8fd,绍兴特斯拉-金中金🚗,一天一杯奶茶钱特斯拉开回家,旧:曝7810/读923/进2/开0/留0,5403,489,2,0,0,405.18,Δ曝-2407/Δ读-434/Δ进0/Δ开0/Δ留0,2026-09-24→2026-01-26,diff
695c8d1c000000000b00be45,杭州萧山特斯拉中心,特斯拉二月的王炸！年前可以提车回家！,旧:曝28570/读2580/进31/开26/留17,21475,1760,31,26,17,1790.11,Δ曝-7095/Δ读-820/Δ进0/Δ开0/Δ留0,2026-09-24→2026-09-28,diff
69314cb8000000001e00ea2d,杭州萧山特斯拉中心,没搞错吧？现在提Model 3是这个价？,旧:曝73429/读10701/进73/开65/留30,105674,15132,141,127,68,8527.51,Δ曝32245/Δ读4431/Δ进68/Δ开62/Δ留38,2026-09-24→2026-09-28,diff
690dabf4000000000700cdde,杭州萧山特斯拉中心,起猛了，杭州2月特斯拉低西政ce来啦！,旧:曝118108/读13733/进164/开154/留75,125397,15120,309,295,179,22060.57,Δ曝7289/Δ读1387/Δ进145/Δ开141/Δ留104,2026-09-24→2026-09-28,diff
68cf5acf0000000012016a45,杭州萧山特斯拉中心,哪里能买到不到24W的Model Y？就杭州！,旧:曝84162/读51842/进293/开215/留97,465459,34844,1686,1369,809,86529.48,Δ曝381297/Δ读-16998/Δ进1393/Δ开1154/Δ留712,2026-09-24→2026-09-28,diff
6878d1ac000000000d0182b3,杭州萧山特斯拉中心,9月，白色焕新Model Y，23.95W提走了,旧:曝1076375/读164665/进1033/开905/留460,765186,122354,897,804,441,57057.47,Δ曝-311189/Δ读-42311/Δ进-136/Δ开-101/Δ留-19,2026-09-24→2026-09-28,diff
694503c8000000000d00dbe2,特斯拉粥粥,今年这个价格Model 3我肯定闭眼入！,旧:曝13633/读1746/进13/开8/留2,981,118,1,1,1,150.79,Δ曝-12652/Δ读-1628/Δ进-12/Δ开-7/Δ留-1,2026-09-24→2026-01-07,diff
692599e1000000001e03bdad,特斯拉TESLA-蛋黄派,梦中情车Model 3，8w👋付，没压力！,旧:曝18380/读1708/进4/开2/留2,11871,1072,2,1,1,869.01,Δ曝-6509/Δ读-636/Δ进-2/Δ开-1/Δ留-1,2026-09-24→2026-01-31,diff
693824f5000000001e00872e,TESLA特斯拉璐璐（全国可提）,二十来岁，靠自己买下第一台 Model 3,旧:曝17007/读2377/进13/开7/留3,3,0,0,0,0,0,Δ曝-17004/Δ读-2377/Δ进-13/Δ开-7/Δ留-3,2026-09-24→2026-01-16,diff
694a1664000000001e03b9f3,特斯拉福建交付中心,特斯拉｜Model 3快银配色，可以冲吗？,旧:曝8892/读3578/进9/开5/留1,4731,360,7,3,1,817.58,Δ曝-4161/Δ读-3218/Δ进-2/Δ开-2/Δ留0,2026-09-24→2026-01-11,diff
695cd0b0000000000a03022c,Tesla特斯拉-毛豆,毛豆重磅消息：特斯拉开年放福🌰！,旧:曝9052/读352/进3/开1/留1,8054,213,3,1,1,405.73,Δ曝-998/Δ读-139/Δ进0/Δ开0/Δ留0,2026-09-24→2026-02-08,diff
6947e07d000000001e02f4cb,Tesla林涛,不唠了，你没我的Model 3养眼！,旧:曝4268/读583/进1/开1/留1,1032,99,1,1,1,103.91,Δ曝-3236/Δ读-484/Δ进0/Δ开0/Δ留0,2026-09-24→2026-01-12,diff
6944fe99000000001f009cdf,特斯拉小丛,20万开走特斯拉Model 3仅剩14天！！,旧:曝27394/读3986/进9/开7/留3,7678,1071,5,4,2,486.37,Δ曝-19716/Δ读-2915/Δ进-4/Δ开-3/Δ留-1,2026-09-24→2026-01-12,diff
69587929000000001d03c540,特斯拉在云南,听说26年下手特斯拉的时机是……,旧:曝23518/读2946/进6/开1/留0,11386,1362,4,1,0,787.21,Δ曝-12132/Δ读-1584/Δ进-2/Δ开0/Δ留0,2026-09-24→2026-01-14,diff
69478f93000000001e03b346,惠州惠城特斯拉中心,没人会在原地等你，但你的Tesla会,旧:曝7307/读693/进3/开1/留0,4603,417,1,1,0,272.45,Δ曝-2704/Δ读-276/Δ进-2/Δ开0/Δ留0,2026-09-24→2026-01-14,diff
68e86be900000000070335d5,Haha同学在特斯拉,1月，Model Y 24W+，还在纠结啥？,旧:曝282295/读55006/进292/开270/留166,107301,19564,84,76,50,5898.78,Δ曝-174994/Δ读-35442/Δ进-208/Δ开-194/Δ留-116,2026-09-24→2026-09-28,diff
69342eed000000001e026864,Haha同学在特斯拉,25W价位纯电SUV，Model Y真的没对手！,旧:曝2172/读235/进2/开2/留2,875,118,2,2,2,33.69,Δ曝-1297/Δ读-117/Δ进0/Δ开0/Δ留0,2026-09-24→2026-09-15,diff
6953f41b000000001e03a3e8,特斯拉- CJ日记,离谱！春节提Model Y还能是这个价格？,旧:曝32684/读5749/进5/开3/留2,18096,2955,3,1,2,743.74,Δ曝-14588/Δ读-2794/Δ进-2/Δ开-2/Δ留0,2026-09-24→2026-01-11,diff
688c6c9d000000002302cf7b,Haha同学在特斯拉,10月新政，Model Y落地价，23.95W！,旧:曝1120169/读127996/进1143/开1002/留600,297115,45507,335,306,194,23545.82,Δ曝-823054/Δ读-82489/Δ进-808/Δ开-696/Δ留-406,2026-09-24→2026-09-28,diff
68dbace8000000000700218e,Haha同学在特斯拉,把我整兴奋了！！Model 3 | 20.75W！,旧:曝1788621/读520181/进260/开218/留131,840217,202330,113,83,59,18178.68,Δ曝-948404/Δ读-317851/Δ进-147/Δ开-135/Δ留-72,2026-09-24→2026-09-28,diff
6907762300000000030393df,Haha同学在特斯拉,00后，10万存款，终于开上Model 3 啦～,旧:曝33704/读6069/进17/开12/留10,80707,15921,17,9,6,1730,Δ曝47003/Δ读9852/Δ进0/Δ开-3/Δ留-4,2026-09-24→2026-09-28,diff
695ce6aa000000000d00a89e,特斯拉百科全苏丨全国可订🚗,特斯拉终于出手了！ 来看 26 年买车思路,旧:曝8508/读935/进2/开1/留1,5853,597,2,1,1,823.45,Δ曝-2655/Δ读-338/Δ进0/Δ开0/Δ留0,2026-09-24→2026-01-11,diff
695ca966000000000e00f584,Tesla林涛,被这台特斯拉Y给迷住了🚗,旧:曝7144/读736/进4/开4/留2,4993,458,4,4,2,904.11,Δ曝-2151/Δ读-278/Δ进0/Δ开0/Δ留0,2026-09-24→2026-01-10,diff
694ce3cc000000001d03efe7,特斯拉 可可,2026年提车省1w+,旧:曝11938/读1680/进8/开5/留1,11184,1533,8,5,1,1006.58,Δ曝-754/Δ读-147/Δ进0/Δ开0/Δ留0,2026-09-24→2026-01-10,diff
695915c0000000002202e70f,特斯拉小高特热情,“2026的YL 你还不拿下” 听说30w🤔,旧:曝27269/读4899/进5/开3/留1,19270,3360,5,3,1,1022.68,Δ曝-7999/Δ读-1539/Δ进0/Δ开0/Δ留0,2026-09-24→2026-01-14,diff
690ed4b60000000005003cb2,特斯拉晶晶✨,不说废话，教你26.85W拿下新款长续航后驱,旧:曝97590/读14381/进139/开116/留51,5,0,0,0,0,0,Δ曝-97585/Δ读-14381/Δ进-139/Δ开-116/Δ留-51,2026-09-24→2026-06-13,diff
695f8e59000000000d00a519,特斯拉超级体验官,$noteTitle,旧:曝7929/读839/进4/开2/留0,7100,693,4,2,0,609.39,Δ曝-829/Δ读-146/Δ进0/Δ开0/Δ留0,2026-09-24→2026-02-13,diff
695f1bf8000000001a02d9a4,惠州惠城特斯拉中心,好喜欢我的Model 3！🌊,旧:曝9260/读935/进2/开1/留0,8144,753,2,1,0,661.13,Δ曝-1116/Δ读-182/Δ进0/Δ开0/Δ留0,2026-09-24→2026-01-14,diff
69548bfe0000000021032fd9,特斯拉顾问小美🚗,26年特斯拉置换补贴已官宣！速看,旧:曝10630/读1085/进2/开2/留0,1,0,0,0,0,0,Δ曝-10629/Δ读-1085/Δ进-2/Δ开-2/Δ留0,2026-09-24→2026-01-11,diff
6961dad4000000000a031237,特斯拉-伊林Elaine🎀,入手特斯拉的门槛又双叒降低啦🤩🤩🤩,旧:曝7704/读839/进4/开1/留1,7073,752,4,1,1,518.33,Δ曝-631/Δ读-87/Δ进0/Δ开0/Δ留0,2026-09-24→2026-01-29,diff
6963280e000000001a034b91,特斯拉 开开,1️⃣🈷️是谁的特斯拉星钻黑🈷️供仅需2k+提走,旧:曝28843/读5224/进2/开0/留0,3646,280,2,0,0,333.54,Δ曝-25197/Δ读-4944/Δ进0/Δ开0/Δ留0,2026-09-24→2026-01-12,diff
695dca5a000000002202d45d,特斯拉丨星辰⭐,泰州试驾｜Model Y L的颜值与实力双杀✨,旧:曝2728/读331/进2/开1/留0,1507,70,2,1,0,138.56,Δ曝-1221/Δ读-261/Δ进0/Δ开0/Δ留0,2026-09-24→2026-01-13,diff
6963342b0000000021030700,特斯拉 力川,8万拿下丨没有人能够拒绝白色 SUV,旧:曝73931/读12859/进7/开3/留2,84761,14152,7,3,2,1793.52,Δ曝10830/Δ读1293/Δ进0/Δ开0/Δ留0,2026-09-24→2026-09-18,diff
6963816e000000000903a068,Model体验官一凡,2026买车指南，省钱入手特斯拉方案！,旧:曝23445/读3858/进3/开3/留2,7054,798,3,3,2,618.22,Δ曝-16391/Δ读-3060/Δ进0/Δ开0/Δ留0,2026-09-24→2026-01-21,diff
695c6d6d000000000d009e00,特斯拉新疆-黄小豆bean,一大早🤯前所未🈶！7年低xi 🈷️共低至1k,旧:曝4585/读387/进0/开0/留0,2687,146,0,0,0,306.64,Δ曝-1898/Δ读-241/Δ进0/Δ开0/Δ留0,2026-09-24→2026-01-14,diff
69367a33000000000d038a5f,特斯拉 力川,爆！12 月 | Model 3 20.75w！,旧:曝18471/读2901/进8/开4/留2,1,0,0,0,0,0,Δ曝-18470/Δ读-2901/Δ进-8/Δ开-4/Δ留-2,2026-09-24→2026-01-12,diff
6960e43d000000000e03d558,🚗湖州吴兴特斯拉中心,🔥特斯拉政ce大升级！速码，用车幸福感拉满～,旧:曝6475/读631/进2/开1/留0,5450,504,2,1,0,489.17,Δ曝-1025/Δ读-127/Δ进0/Δ开0/Δ留0,2026-09-24→2026-01-20,diff
6963aa4b000000000d00a995,糖酸酸🍬开特斯拉,说句心里话，Model YL太好用了,旧:曝116027/读22337/进8/开1/留0,43063,8659,8,1,0,1332.12,Δ曝-72964/Δ读-13678/Δ进0/Δ开0/Δ留0,2026-09-24→2026-02-15,diff
69606bc3000000000e00f4b6,Tesla特斯拉-毛豆,毛豆旧车换新车悦供比油费还di,旧:曝9983/读867/进5/开1/留1,7058,433,5,1,1,611.35,Δ曝-2925/Δ读-434/Δ进0/Δ开0/Δ留0,2026-09-24→2026-02-12,diff
69647fb5000000000b011bfc,特斯拉苏州交付中心,特斯拉2026一月惊喜 | 人均轻松拥有！🚗,旧:曝10660/读1016/进3/开2/留1,8005,712,3,2,1,862.95,Δ曝-2655/Δ读-304/Δ进0/Δ开0/Δ留0,2026-09-24→2026-02-08,diff
6964d15a000000002103c0ef,绍兴特斯拉-金中金🚗,想买Model 3又怕压力大？看看这个解决方法🤔,旧:曝8792/读807/进3/开1/留0,7787,610,3,1,0,720.38,Δ曝-1005/Δ读-197/Δ进0/Δ开0/Δ留0,2026-09-24→2026-01-29,diff
696354ae000000001a02c331,TESLA 特斯拉 Laura,(库中无此笔记→将新建),,6644,678,6,5,1,1008.83,2026-01-14,2026-02-09,new
695c69ec000000000a02b33f,TESLA特斯拉世纪汇体验店,特斯拉7年超低息来了！还在等什么？,旧:曝13620/读1417/进6/开4/留3,9091,782,6,4,3,1012.12,Δ曝-4529/Δ读-635/Δ进0/Δ开0/Δ留0,2026-09-24→2026-01-27,diff
696072d0000000000a02f4cc,重生之我在长春卖特斯拉,(库中无此笔记→将新建),,4872,350,0,0,0,476.75,2026-01-14,2026-01-28,new
69611e240000000021031fcd,特斯拉巧巧在湖北,2026买车精选，25-30w预算拿下Model Y,旧:曝34013/读5825/进5/开1/留0,20709,3155,5,1,0,1034.86,Δ曝-13304/Δ读-2670/Δ进0/Δ开0/Δ留0,2026-09-24→2026-01-28,diff
695e2280000000000d00b8be,特斯拉 俊琛,好兄弟借我20w买特斯拉用7年,旧:曝16892/读911/进6/开4/留2,14259,578,6,4,2,1021.58,Δ曝-2633/Δ读-333/Δ进0/Δ开0/Δ留0,2026-09-24→2026-02-03,diff
6961c712000000001a032b26,特斯拉金华| 露娜,新年到！特斯拉让你花更少的💰,旧:曝7306/读689/进6/开6/留4,4905,434,6,6,4,1002.66,Δ曝-2401/Δ读-255/Δ进0/Δ开0/Δ留0,2026-09-24→2026-01-22,diff
69623d7a000000001a028476,Tesla｜小冯-全国可提车,千万别买贵了！model Y👋付2.5w🌙供2718开走,旧:曝13326/读2017/进6/开5/留3,13750,2239,6,5,3,397.75,Δ曝424/Δ读222/Δ进0/Δ开0/Δ留0,2026-09-24→2026-09-27,diff
695f67d6000000000903bbae,Hi 特斯拉的小鹿,16寸2K大屏🖥️加量不加价｜一月福🌰闭眼冲！,旧:曝13203/读1603/进5/开3/留0,10187,1002,5,3,0,1011.81,Δ曝-3016/Δ读-601/Δ进0/Δ开0/Δ留0,2026-09-24→2026-02-02,diff
695c7a85000000000d00a64a,特斯拉无锡交付中心,🔥🔥🔥特斯拉7年低xi+YL5年免xi！,旧:曝10497/读804/进6/开6/留4,8929,628,6,6,4,1102.79,Δ曝-1568/Δ读-176/Δ进0/Δ开0/Δ留0,2026-09-24→2026-02-19,diff
696378db000000000a03e88b,杭州萧山特斯拉中心,20W，你会考虑特斯拉 model 3吗？,旧:曝9964/读3136/进16/开6/留3,3026,137,16,6,3,371.11,Δ曝-6938/Δ读-2999/Δ进0/Δ开0/Δ留0,2026-09-24→2026-01-29,diff
6964579d00000000220082c0,卖特斯拉的吴百万,1篇说清楚7年低熄！到底有多低？🔥,旧:曝14473/读1092/进5/开2/留1,12548,929,5,2,1,1017.81,Δ曝-1925/Δ读-163/Δ进0/Δ开0/Δ留0,2026-09-24→2026-02-04,diff
695cb4d6000000000a029f60,特斯拉tesla星星,比打车便宜，特斯拉入手正当时🎉🎉,旧:曝19423/读2621/进4/开1/留0,12071,1330,4,1,0,1054.21,Δ曝-7352/Δ读-1291/Δ进0/Δ开0/Δ留0,2026-09-24→2026-02-07,diff
695f7a97000000001a0310f8,Haha同学在特斯拉,25W+，你会考虑特斯拉Model Y吗？,旧:曝2644/读263/进0/开0/留0,889,60,0,0,0,24.8,Δ曝-1755/Δ读-203/Δ进0/Δ开0/Δ留0,2026-09-24→2026-08-23,diff
695f7f3e000000000e00d999,Haha同学在特斯拉,20-25w预算 | Model 3，2026买车指南💡,旧:曝3840/读422/进4/开4/留4,1719,210,4,4,4,134.32,Δ曝-2121/Δ读-212/Δ进0/Δ开0/Δ留0,2026-09-24→2026-08-30,diff
696609d6000000001a01f047,特斯拉｜东东,20-25w预算 | Model 3 | 2026买车作业,旧:曝68791/读12718/进4/开3/留1,20361,3426,4,3,1,538.01,Δ曝-48430/Δ读-9292/Δ进0/Δ开0/Δ留0,2026-09-24→2026-02-23,diff
69624965000000001a0228b7,特斯拉｜东东,25万你会买特斯拉 Model Y吗？,旧:曝13758/读2428/进1/开1/留1,4421,784,1,1,1,245.79,Δ曝-9337/Δ读-1644/Δ进0/Δ开0/Δ留0,2026-09-24→2026-01-27,diff
695f0dc50000000022030cb0,Tesla | 吴正豪,月薪5k也能开走特斯拉？看完方案我信了！🚗💰,旧:曝11512/读1022/进4/开2/留1,10438,876,4,2,1,1003.03,Δ曝-1074/Δ读-146/Δ进0/Δ开0/Δ留0,2026-09-24→2026-02-05,diff
695c6813000000000c036bda,Tesla椰子🥥(特斯拉全国可提,什么！！7年超长贷款方案月供1759元起,旧:曝12870/读1322/进9/开6/留4,11418,1090,9,6,4,1138.78,Δ曝-1452/Δ读-232/Δ进0/Δ开0/Δ留0,2026-09-24→2026-03-02,diff
695cbe34000000000b00b32f,连云港特斯拉,(库中无此笔记→将新建),,6710,483,2,1,1,831.57,2026-01-14,2026-01-31,new
695d05fe000000001a0249df,特斯拉Cyber峰（特靠谱版）,特斯拉一月政策🔥7年低xi+2w补贴！,旧:曝7133/读580/进6/开5/留3,5901,465,6,5,3,1115.1,Δ曝-1232/Δ读-115/Δ进0/Δ开0/Δ留0,2026-09-24→2026-02-03,diff
695c6284000000001a02d98d,Tesla king,🚨特斯拉🆕年福🌰，Model 3月供1918元开回家,旧:曝9572/读1173/进9/开6/留4,5948,712,9,6,4,1011.35,Δ曝-3624/Δ读-461/Δ进0/Δ开0/Δ留0,2026-09-24→2026-01-18,diff
695893140000000022021bb6,Tesla｜玉子（特专业版）,2026年入手Model Y的终极攻略，省钱又省心！,旧:曝8379/读944/进1/开1/留0,3518,311,1,1,0,376.97,Δ曝-4861/Δ读-633/Δ进0/Δ开0/Δ留0,2026-09-24→2026-01-27,diff
695e3f47000000001a0379dd,特斯拉-小锦✨,特斯拉新年新福🌰！7️⃣年超低西来啦！,旧:曝12128/读1142/进5/开3/留1,7692,566,5,3,1,1018.46,Δ曝-4436/Δ读-576/Δ进0/Δ开0/Δ留0,2026-09-24→2026-01-23,diff
6961e2090000000021032e56,南昌王府井特斯拉销售阿超,2026款Model Y买车思路 清晰到尖叫🤯,旧:曝24807/读4426/进4/开4/留3,12423,2016,4,4,3,1008.25,Δ曝-12384/Δ读-2410/Δ进0/Δ开0/Δ留0,2026-09-24→2026-01-19,diff
69621c9a000000001a03006c,杭州特斯拉Tesla（嘉里中心体验店）,特斯拉一年跑了7w公里，你敢信‼️,旧:曝11621/读911/进4/开1/留2,11022,865,4,1,2,1040.33,Δ曝-599/Δ读-46/Δ进0/Δ开0/Δ留0,2026-09-24→2026-02-18,diff
695dcf19000000000d0094f7,特斯拉Yoki特努力,特斯拉挺聪明啊，7年低息都发明出来了,旧:曝34688/读7041/进1/开1/留0,4552,904,1,1,0,67.9,Δ曝-30136/Δ读-6137/Δ进0/Δ开0/Δ留0,2026-09-24→2026-01-27,diff
695c660a000000000a03f85e,特斯拉小成🍊,特斯拉🔥了？ 7年低xi+YL5年0西！,旧:曝13889/读1576/进3/开3/留2,12176,1216,3,3,2,1092.77,Δ曝-1713/Δ读-360/Δ进0/Δ开0/Δ留0,2026-09-24→2026-08-05,diff
6950ab28000000001e02856a,特斯拉Yoki特努力,Model 3提车一年，谈谈真实感受,旧:曝356212/读68551/进2/开2/留1,19830,4048,2,2,1,231.72,Δ曝-336382/Δ读-64503/Δ进0/Δ开0/Δ留0,2026-09-24→2026-01-27,diff
695c80cd000000000b008157,特斯拉｜于仕霖,(库中无此笔记→将新建),,4634,360,1,0,0,392.97,2026-01-14,2026-01-31,new
69623fe1000000001a0329b5,特斯拉MoMo,1月，Model 3落地费用，清清楚楚,旧:曝14502/读2037/进0/开0/留0,1066,85,0,0,0,20.48,Δ曝-13436/Δ读-1952/Δ进0/Δ开0/Δ留0,2026-09-24→2026-01-27,diff
6954f344000000001f00f77a,特斯拉MoMo,8w 开走 model 3｜年轻人首车,旧:曝12417/读1819/进0/开0/留0,746,50,0,0,0,8.54,Δ曝-11671/Δ读-1769/Δ进0/Δ开0/Δ留0,2026-09-24→2026-01-27,diff
69412db8000000001f00b5ea,特斯拉MoMo,有点存款+品味的女生，建议选Model 3,旧:曝38085/读6878/进8/开5/留2,6718,1055,6,3,1,261.72,Δ曝-31367/Δ读-5823/Δ进-2/Δ开-2/Δ留-1,2026-09-24→2026-01-27,diff
695db3af000000001a02f10b,特斯拉💗小新（甜妹版）,特斯拉七年分期来袭！,旧:曝5805/读746/进10/开8/留3,4017,444,10,8,3,1038.85,Δ曝-1788/Δ读-302/Δ进0/Δ开0/Δ留0,2026-09-24→2026-01-22,diff
695cd131000000000a02c905,特斯拉宇佳美少女,新年开新车❤️✋符7w+月工2k+特斯拉开回家,旧:曝4452/读371/进2/开0/留0,3528,249,2,0,0,342.44,Δ曝-924/Δ读-122/Δ进0/Δ开0/Δ留0,2026-09-24→2026-02-06,diff
6963c159000000001a01fbdd,慈溪特斯拉中心,特斯拉的一月王炸，你都了解吗,旧:曝5800/读448/进0/开0/留0,4921,308,0,0,0,299.38,Δ曝-879/Δ读-140/Δ进0/Δ开0/Δ留0,2026-09-24→2026-02-02,diff
69674ddd000000001a026074,特斯拉体验官Leo,2026买Model Y全新方案，压力全无,旧:曝59050/读10564/进16/开10/留4,35358,6454,16,10,4,1352.08,Δ曝-23692/Δ读-4110/Δ进0/Δ开0/Δ留0,2026-09-24→2026-03-14,diff
6967003c000000001a032e7a,特斯拉tesla滴智能咯（全国）,(库中无此笔记→将新建),,8259,725,3,1,0,893.83,2026-01-14,2026-02-01,new
6963b6e5000000001a02e750,特斯拉阿生（全国置换版,提了特斯拉，极简风才属于未来,旧:曝3056/读334/进0/开0/留0,684,42,0,0,0,19.52,Δ曝-2372/Δ读-292/Δ进0/Δ开0/Δ留0,2026-09-24→2026-01-27,diff
69538fd3000000001e027855,特斯拉阿生（全国置换版,2026年可以入特斯拉吗？,旧:曝8282/读1347/进0/开0/留0,850,60,0,0,0,15.77,Δ曝-7432/Δ读-1287/Δ进0/Δ开0/Δ留0,2026-09-24→2026-01-27,diff
695e6af80000000022009499,黄黄在特斯拉的生活,2026年1🈷️有哪些政ce？,旧:曝5832/读507/进5/开4/留3,4636,395,5,4,3,1028.91,Δ曝-1196/Δ读-112/Δ进0/Δ开0/Δ留0,2026-09-24→2026-02-11,diff
6960c2a9000000000e03ead1,特斯拉洋子（包全国）,油车换电车的进，Model 3 8万预算落地！,旧:曝5347/读849/进1/开1/留1,2122,295,1,1,1,65.44,Δ曝-3225/Δ读-554/Δ进0/Δ开0/Δ留0,2026-09-24→2026-08-07,diff
69661f5f000000000e00c974,特斯拉Yoki特努力,不兴奋我都没必要发，Model 3月供1918!,旧:曝8016/读1191/进0/开0/留0,315,35,0,0,0,7.08,Δ曝-7701/Δ读-1156/Δ进0/Δ开0/Δ留0,2026-09-24→2026-01-27,diff
69649fc6000000001a0277ad,特斯拉Yoki特努力,2026年Model 3买车思路，清晰得可怕！,旧:曝70841/读16555/进0/开0/留0,3117,490,0,0,0,43.58,Δ曝-67724/Δ读-16065/Δ进0/Δ开0/Δ留0,2026-09-24→2026-01-27,diff
6969a33d000000001a034b48,特斯拉体验官Leo,Model Y L这么火，它是有原因的！,旧:曝9268/读1483/进0/开0/留0,1101,154,0,0,0,24.67,Δ曝-8167/Δ读-1329/Δ进0/Δ开0/Δ留0,2026-09-24→2026-01-27,diff
695c740a000000001a01d60f,特斯拉 涛涛 TAO,特斯拉2026年重bang消息！放福🌰！,旧:曝13189/读1417/进9/开5/留2,10534,1070,9,5,2,1088.89,Δ曝-2655/Δ读-347/Δ进0/Δ开0/Δ留0,2026-09-24→2026-01-20,diff
695dd0110000000021030af2,Tesla吃吃｜全国可订🚗,‼️Model Y焕新升级💥这波改动太戳了！,旧:曝31116/读5523/进3/开2/留0,20009,3493,3,2,0,1002.22,Δ曝-11107/Δ读-2030/Δ进0/Δ开0/Δ留0,2026-09-24→2026-02-10,diff
68c552b3000000001d0030f5,特斯拉茉茉美少女,Model Y落地价：24.35W，还有机会,旧:曝809547/读165893/进372/开330/留205,2,0,0,0,0,0,Δ曝-809545/Δ读-165893/Δ进-372/Δ开-330/Δ留-205,2026-09-24→2026-06-10,diff
695c682a000000000d0084bd,特斯拉高新万达体验店,特斯拉最🆕福🌰来袭！,旧:曝12022/读1232/进9/开6/留2,11441,1104,9,6,2,1005.15,Δ曝-581/Δ读-128/Δ进0/Δ开0/Δ留0,2026-09-24→2026-02-08,diff
695a6816000000002103e503,小林的特斯拉日记,2026特斯拉购车政策大汇总🔥,旧:曝9912/读1080/进2/开1/留0,8052,789,2,1,0,1007.98,Δ曝-1860/Δ读-291/Δ进0/Δ开0/Δ留0,2026-09-24→2026-02-06,diff
68bc45c4000000001d028f95,特斯拉茉茉美少女,11 月，Model 3干到21w+，你还在等吗？,旧:曝507142/读84935/进440/开390/留258,2,0,0,0,0,0,Δ曝-507140/Δ读-84935/Δ进-440/Δ开-390/Δ留-258,2026-09-24→2026-04-18,diff
695c68e3000000002103cf9d,特斯拉Tesla｜江江,2026❗️特斯拉政策变化解读,旧:曝15681/读1561/进8/开6/留3,13640,1281,8,6,3,1223.21,Δ曝-2041/Δ读-280/Δ进0/Δ开0/Δ留0,2026-09-24→2026-02-23,diff
69364654000000001f00dc0d,特斯拉-红,(库中无此笔记→将新建),,1340,86,1,1,0,121.62,2026-01-22,2026-02-06,new
69671317000000001a021a02,温州特斯拉Tesla小娴🐳,✋付7.99万｜中国红Model Y过年开回,旧:曝10077/读1081/进1/开1/留0,9024,878,1,1,0,740.68,Δ曝-1053/Δ读-203/Δ进0/Δ开0/Δ留0,2026-09-24→2026-02-06,diff
695c6b16000000002203025a,特斯拉七七77,7年超低息+5年0xi 打工人闭眼冲,旧:曝10578/读1405/进14/开6/留2,6464,625,14,6,2,1078.48,Δ曝-4114/Δ读-780/Δ进0/Δ开0/Δ留0,2026-09-24→2026-01-29,diff
695e7842000000002203bc76,带你玩转特斯拉,(库中无此笔记→将新建),,6095,824,4,2,0,615.48,2026-01-22,2026-02-04,new
695ca7df000000001a01eca0,太原特斯拉-佳妮🚗,特斯拉开年放福🌰！1篇算清蕞佳购车时间,旧:曝4619/读360/进2/开0/留0,4022,284,2,0,0,284.63,Δ曝-597/Δ读-76/Δ进0/Δ开0/Δ留0,2026-09-24→2026-02-15,diff
69645b44000000001a02ac7f,特斯拉南京交付中心,🚗特斯拉Model 3内饰｜2026暖心升级❗️,旧:曝411209/读67372/进16/开6/留3,11279,1109,17,6,3,1093.91,Δ曝-399930/Δ读-66263/Δ进1/Δ开0/Δ留0,2026-09-24→2026-05-12,diff
696b1fdf000000001a02e649,特斯拉在重庆,不啰嗦，2026年Model Y速评👇,旧:曝9924/读1298/进4/开2/留1,6464,703,4,2,1,789.93,Δ曝-3460/Δ读-595/Δ进0/Δ开0/Δ留0,2026-09-24→2026-02-04,diff
696725e6000000000c0353d3,77在特斯拉卖玩具车📔,特斯拉1月一览👀,旧:曝9877/读1030/进6/开3/留1,8057,732,6,3,1,1005.25,Δ曝-1820/Δ读-298/Δ进0/Δ开0/Δ留0,2026-09-24→2026-02-04,diff
69677b36000000001a021516,特斯拉认证顾问湖北黄琳,model Y三个版本怎么选？视频快速讲解,旧:曝356214/读131015/进14/开3/留1,11928,993,14,3,1,1045.97,Δ曝-344286/Δ读-130022/Δ进0/Δ开0/Δ留0,2026-09-24→2026-01-28,diff
6965af79000000000a0329fe,养刺猬的阿正🦔,(库中无此笔记→将新建),,10625,1596,1,0,0,398.68,2026-01-22,2026-02-06,new
695e30f700000000210336df,天津特斯拉-小颖,七年超低xi，让Model Y成为你的移动城堡！,旧:曝8058/读1123/进8/开6/留2,5908,610,8,6,2,1010.31,Δ曝-2150/Δ读-513/Δ进0/Δ开0/Δ留0,2026-09-24→2026-01-31,diff
6969ce34000000000a02f974,励志卖十万台特斯拉的-盼盼🍞,月薪4000的职场新人现在买特斯拉合适吗？,旧:曝1863/读177/进1/开0/留0,927,53,1,0,0,97.21,Δ曝-936/Δ读-124/Δ进0/Δ开0/Δ留0,2026-09-24→2026-01-31,diff
695d0a6b000000001a01d424,Tesla特斯拉小九,特斯拉7年低熄，买车思路一下清晰,旧:曝2941/读286/进0/开0/留0,1426,106,0,0,0,153.4,Δ曝-1515/Δ读-180/Δ进0/Δ开0/Δ留0,2026-09-24→2026-01-29,diff
695e5424000000002103dcb9,特斯拉店长-小菏,拥有一台特斯拉有多轻松？,旧:曝3990/读2232/进8/开4/留7,2923,144,8,4,7,1009.7,Δ曝-1067/Δ读-2088/Δ进0/Δ开0/Δ留0,2026-09-24→2026-02-03,diff
6965fca6000000000b0091b5,Hi 特斯拉的小鹿,动态感受下黑色顶棚的魅力｜26款modely,旧:曝113547/读24844/进23/开5/留2,9049,610,23,5,2,1002.73,Δ曝-104498/Δ读-24234/Δ进0/Δ开0/Δ留0,2026-09-24→2026-01-28,diff
696665eb000000002203094e,卖特斯拉的潮汕小妮（车主版）,实拍26年焕新modelY！！白外白内无压力拿下～,旧:曝22831/读7645/进18/开6/留1,8425,682,18,6,1,1011.6,Δ曝-14406/Δ读-6963/Δ进0/Δ开0/Δ留0,2026-09-24→2026-01-26,diff
695c6a0f000000002203b106,Tesla | 特斯拉费费,什么？特斯拉蕞🆕金融政ce已出！,旧:曝5519/读3478/进16/开5/留1,4435,212,16,5,1,1001.39,Δ曝-1084/Δ读-3266/Δ进0/Δ开0/Δ留0,2026-09-24→2026-01-29,diff
696c2f3b000000000e00ff7d,特斯拉瑞瑞（销冠版）,现在入手一台特斯拉真的太香了[哇R],旧:曝15717/读1955/进10/开4/留1,15258,1816,10,4,1,1003.84,Δ曝-459/Δ读-139/Δ进0/Δ开0/Δ留0,2026-09-24→2026-01-30,diff
6967615f0000000021029aa1,特斯拉 | 田朗昆,Model Y L买车思路，清晰得可怕！,旧:曝12909/读1967/进1/开1/留0,4325,494,1,1,0,359.9,Δ曝-8584/Δ读-1473/Δ进0/Δ开0/Δ留0,2026-09-24→2026-01-31,diff
695c679000000000220214c0,特斯拉Jojo超级辣,特斯拉开年王炸💥💥Model3只需19张开回家,旧:曝11955/读1401/进5/开4/留2,6164,549,5,4,2,942.29,Δ曝-5791/Δ读-852/Δ进0/Δ开0/Δ留0,2026-09-24→2026-02-05,diff
68d9f2c7000000000b03dff7,特斯拉体验官Leo,23.45w的Model Y，趁还有赶快,旧:曝244699/读40911/进311/开264/留143,12029,1085,4,3,2,1470.06,Δ曝-232670/Δ读-39826/Δ进-307/Δ开-261/Δ留-141,2026-09-24→2026-04-28,diff
696de501000000000e00f618,特斯拉茉茉美少女,这不是宣传片，而是各位老板的预告片,旧:曝142441/读25490/进0/开0/留0,3056,560,0,0,0,79.26,Δ曝-139385/Δ读-24930/Δ进0/Δ开0/Δ留0,2026-09-24→2026-02-04,diff
6976d8b60000000021032947,特斯拉茉茉美少女,太猛了💥月供2.2k提了Model Y,旧:曝202801/读36396/进20/开17/留15,84667,14771,33,29,24,2946.14,Δ曝-118134/Δ读-21625/Δ进13/Δ开12/Δ留9,2026-09-24→2026-09-28,diff
696a08ce000000000e03fc65,特斯拉体验官Leo,95后开Model 3一年的感受（超真实）,旧:曝94805/读16898/进2/开1/留0,4694,888,2,1,0,37.82,Δ曝-90111/Δ读-16010/Δ进0/Δ开0/Δ留0,2026-09-24→2026-02-04,diff
69735f1e000000000e03eada,特斯拉体验官Leo,油车车主主开Model Y，有话想说,旧:曝3638/读567/进0/开0/留0,1045,155,0,0,0,30.47,Δ曝-2593/Δ读-412/Δ进0/Δ开0/Δ留0,2026-09-24→2026-02-04,diff
6974630b000000001a037c1c,特斯拉体验官Leo,年轻人想买Model 3，现在是好时机,旧:曝5370/读951/进0/开0/留0,1116,187,0,0,0,3.52,Δ曝-4254/Δ读-764/Δ进0/Δ开0/Δ留0,2026-09-24→2026-02-04,diff
69759611000000001a0267dd,特斯拉体验官Leo,真宝宝巴士｜Model Y L有多靠谱？,旧:曝104490/读17566/进1/开0/留1,7634,1412,1,0,1,60.1,Δ曝-96856/Δ读-16154/Δ进0/Δ开0/Δ留0,2026-09-24→2026-03-26,diff
696dad74000000001a02c34d,特斯拉Yoki特努力,实拍冰河蓝Model Y ，彻底被硬控了,旧:曝27177/读5099/进0/开0/留0,3476,563,0,0,0,123.47,Δ曝-23701/Δ读-4536/Δ进0/Δ开0/Δ留0,2026-09-24→2026-02-04,diff
696757e5000000001a0341cd,特斯拉Yoki特努力,25w预算，星钻黑Model Y还有对手吗？,旧:曝33737/读6008/进3/开3/留0,2749,448,3,3,0,166.86,Δ曝-30988/Δ读-5560/Δ进0/Δ开0/Δ留0,2026-09-24→2026-02-04,diff
695c83f2000000002202f43c,宁波鄞州特斯拉中心,2026新能源第1️⃣枪🔥特斯拉一月浮力,旧:曝10908/读845/进4/开2/留1,9204,639,4,2,1,887.88,Δ曝-1704/Δ读-206/Δ进0/Δ开0/Δ留0,2026-09-24→2026-02-05,diff
696b84c6000000001a023cb0,特斯拉阿生（全国置换版,这下特斯拉7️⃣年低西又赢了,旧:曝2886/读332/进1/开1/留1,830,75,1,1,1,32.05,Δ曝-2056/Δ读-257/Δ进0/Δ开0/Δ留0,2026-09-24→2026-04-02,diff
6972ef8e000000001a023371,特斯拉阿生（全国置换版,六座SUV，选Model Y L的5个理由,旧:曝70469/读11604/进1/开0/留0,15792,3213,1,0,0,190.38,Δ曝-54677/Δ读-8391/Δ进0/Δ开0/Δ留0,2026-09-24→2026-02-04,diff
69730a7c000000001a0301f3,特斯拉阿生（全国置换版,2月特斯拉Model 3浮力诚意拉满！！,旧:曝7909/读1083/进4/开4/留2,6378,892,4,4,2,431.07,Δ曝-1531/Δ读-191/Δ进0/Δ开0/Δ留0,2026-09-24→2026-02-27,diff
6975fd95000000001a01e730,特斯拉Yoki特努力,分享! Model 3落地费用一览,旧:曝29248/读5569/进0/开0/留0,3222,625,0,0,0,73.38,Δ曝-26026/Δ读-4944/Δ进0/Δ开0/Δ留0,2026-09-24→2026-02-04,diff
695d1ccf000000002103c198,爱分享de小蔡（Tesla打工版）,🎉特斯拉7年超低XI，买车思路超清晰！,旧:曝6868/读6251/进22/开7/留3,5756,61,22,7,3,1000.82,Δ曝-1112/Δ读-6190/Δ进0/Δ开0/Δ留0,2026-09-24→2026-01-29,diff
6970352c000000000e00ecc0,特斯拉洋子（包全国）,我宣布！Model Y 就是小两口SUV的天花板❗,旧:曝95990/读16780/进1/开0/留0,2468,337,1,0,0,123.99,Δ曝-93522/Δ读-16443/Δ进0/Δ开0/Δ留0,2026-09-24→2026-02-04,diff
6975e7da000000000d00b68d,特斯拉洋子（包全国）,Model Y模范生，4.5w+开走，太顶了,旧:曝3786/读560/进2/开2/留2,1810,254,2,2,2,146.04,Δ曝-1976/Δ读-306/Δ进0/Δ开0/Δ留0,2026-09-24→2026-04-02,diff
697704c5000000001a024cc0,特斯拉Yoki特努力,26年买Model Y还有机会！山东真省2w+！,旧:曝33497/读5044/进30/开28/留22,26990,3782,32,30,24,2649.19,Δ曝-6507/Δ读-1262/Δ进2/Δ开2/Δ留2,2026-09-24→2026-09-26,diff
696df523000000001a0270b0,特斯拉Yoki特努力,首付4w+开走！Model Y L提车指南，太到位了！,旧:曝34219/读4982/进1/开1/留1,1195,133,1,1,1,48.83,Δ曝-33024/Δ读-4849/Δ进0/Δ开0/Δ留0,2026-09-24→2026-02-04,diff
696dfdb8000000000d008111,Haha同学在特斯拉,3年Model Y|依然是电车Next level,旧:曝1941/读185/进0/开0/留0,174,12,0,0,0,0.27,Δ曝-1767/Δ读-173/Δ进0/Δ开0/Δ留0,2026-09-24→2026-02-04,diff
696f1fed000000001a024cf7,Tesla｜小冯-全国可提车,2026年新政策，特斯拉入手就是现在,旧:曝19280/读2836/进10/开10/留4,18216,2761,10,10,4,982.9,Δ曝-1064/Δ读-75/Δ进0/Δ开0/Δ留0,2026-09-24→2026-09-19,diff
696f56d8000000000903864f,杭州萧山特斯拉中心,00江浙沪独生女存款5W年前拿下🎀🏎️,旧:曝49956/读8832/进7/开7/留5,49288,8809,9,9,6,1048.11,Δ曝-668/Δ读-23/Δ进2/Δ开2/Δ留1,2026-09-24→2026-09-28,diff
696ddaee000000000e00f5dc,特斯拉｜东东,首付4.59w开走！Model Y 买车思路，真带劲,旧:曝27709/读4952/进2/开1/留0,18232,3115,2,1,0,605.24,Δ曝-9477/Δ读-1837/Δ进0/Δ开0/Δ留0,2026-09-24→2026-02-24,diff
6968ea66000000001a03195a,特斯拉老曹,(库中无此笔记→将新建),,5231,656,2,1,0,208.75,2026-01-25,2026-02-07,new
6973571d000000002102a824,特斯拉Jojo超级辣,00后👋付4W拿下人生Dream Car🌷,旧:曝4586/读690/进0/开0/留0,1090,71,0,0,0,69.4,Δ曝-3496/Δ读-619/Δ进0/Δ开0/Δ留0,2026-09-24→2026-01-28,diff
695c6a79000000000d008f5e,Tesla小许同学,月薪6千也能买特斯拉？🆕策来袭！,旧:曝6671/读827/进1/开1/留1,4846,512,1,1,1,533.79,Δ曝-1825/Δ读-315/Δ进0/Δ开0/Δ留0,2026-09-24→2026-02-23,diff
695f0cc9000000001a020285,宁波特斯拉-海曙龙湖天街店,🚨特斯拉细节曝光 23.95w带走‼️2200多月共,旧:曝4689/读415/进6/开5/留0,3448,296,6,5,0,917.39,Δ曝-1241/Δ读-119/Δ进0/Δ开0/Δ留0,2026-09-24→2026-01-31,diff
695d14ba000000002102912b,衢州柯城特斯拉中心,每天💰63开走Model 3,旧:曝2379/读246/进1/开1/留0,1835,177,1,1,0,155.77,Δ曝-544/Δ读-69/Δ进0/Δ开0/Δ留0,2026-09-24→2026-01-31,diff
69707b89000000002102a676,特斯拉 | 田朗昆,这根本不是宣传片，而是老板们的预告片！,旧:曝1791/读169/进0/开0/留0,1035,68,0,0,0,50.77,Δ曝-756/Δ读-101/Δ进0/Δ开0/Δ留0,2026-09-24→2026-01-31,diff
696cee8c000000000a0304b4,重生之我在长春卖特斯拉,(库中无此笔记→将新建),,2212,166,4,3,1,459.68,2026-01-26,2026-01-29,new
69706566000000000e00f590,Tesla特斯拉小九,不会吧？月薪4000也能轻松拿下特斯拉Model 3,旧:曝6218/读701/进4/开4/留2,3323,293,4,4,2,869.41,Δ曝-2895/Δ读-408/Δ进0/Δ开0/Δ留0,2026-09-24→2026-02-23,diff
69739e2d0000000022031cbd,Tesla｜玉子（特专业版）,🔥特斯拉 新购补贴速冲🔥,旧:曝4858/读313/进2/开2/留2,2907,171,2,2,2,646.69,Δ曝-1951/Δ读-142/Δ进0/Δ开0/Δ留0,2026-09-24→2026-01-28,diff
6966f5b0000000002202d346,特斯拉Tesla｜江江,最新！！！Model Y提车作业 🚗,旧:曝1914/读203/进1/开0/留0,991,69,1,0,0,35.19,Δ曝-923/Δ读-134/Δ进0/Δ开0/Δ留0,2026-09-24→2026-01-27,diff
69745856000000000a033bcf,养刺猬的阿正🦔,(库中无此笔记→将新建),,6576,460,5,3,0,519.65,2026-01-26,2026-02-10,new
697611bc000000001a0344ab,特斯拉在重庆,特斯拉Model 3车主狂喜🔥保险补补来袭‼️,旧:曝3339/读266/进2/开1/留0,2420,167,2,1,0,219.54,Δ曝-919/Δ读-99/Δ进0/Δ开0/Δ留0,2026-09-24→2026-02-04,diff
69763c6600000000280226d2,慈溪特斯拉中心,特斯拉车主的旅行神器，它来了,旧:曝1740/读132/进0/开0/留0,652,17,0,0,0,84.29,Δ曝-1088/Δ读-115/Δ进0/Δ开0/Δ留0,2026-09-24→2026-02-02,diff
68d505af000000001003c894,特斯拉Yoki特努力,别等了，Model 3干到20.27w了,旧:曝78013/读13892/进44/开39/留26,1,1,0,0,0,0,Δ曝-78012/Δ读-13891/Δ进-44/Δ开-39/Δ留-26,2026-09-24→2026-01-27,diff
69776086000000000a02ed57,重生之我在长春卖特斯拉,(库中无此笔记→将新建),,1065,45,0,0,0,77.53,2026-01-27,2026-01-28,new
69687a30000000001a0210cc,TESLA主理人 Jolin～,(库中无此笔记→将新建),,1631,87,1,1,0,157.59,2026-01-28,2026-02-04,new
69757ecf000000002801e614,TESLA主理人 Jolin～,(库中无此笔记→将新建),,7422,728,4,4,0,846.82,2026-01-28,2026-04-16,new
696e3c49000000001a0354dd,特斯拉晶晶✨,特斯拉一月政策已更新！山东补贴已确定！,旧:曝38140/读4528/进42/开30/留13,12797,1519,12,9,3,877.03,Δ曝-25343/Δ读-3009/Δ进-30/Δ开-21/Δ留-10,2026-09-24→2026-02-02,diff
6979ad0300000000210337d8,特斯拉体验官Leo,不好的我不发，Model 3新年给力价,旧:曝9398/读1414/进2/开2/留1,4880,685,2,2,1,242.52,Δ曝-4518/Δ读-729/Δ进0/Δ开0/Δ留0,2026-09-24→2026-03-01,diff
6975f494000000002102b7f1,爱分享de小蔡（Tesla打工版）,保险补贴它来了！🥹,旧:曝826/读57/进0/开0/留0,189,8,0,0,0,0.6,Δ曝-637/Δ读-49/Δ进0/Δ开0/Δ留0,2026-09-24→2026-01-28,diff
69708653000000002102a5f0,特斯拉小齐在长春,奖励自己的年终礼物：搞定Model Y 方案来了,旧:曝9470/读1316/进5/开2/留1,8499,1148,5,2,1,568.09,Δ曝-971/Δ读-168/Δ进0/Δ开0/Δ留0,2026-09-24→2026-02-07,diff
6963aaff000000000b009688,粤西特斯拉中心,(库中无此笔记→将新建),,7497,656,2,2,0,690.96,2026-01-28,2026-02-15,new
696765a5000000000a02fe0a,特斯拉周周打工日记,月薪4000拿下特斯拉Model 3！,旧:曝18613/读3128/进3/开3/留1,9689,1523,3,3,1,908.43,Δ曝-8924/Δ读-1605/Δ进0/Δ开0/Δ留0,2026-09-24→2026-02-08,diff
6975d233000000000a02ddb1,特斯拉周周打工日记,Model 3双重补贴省出1.6万，买车时机真到了,旧:曝4713/读573/进0/开0/留0,1852,136,0,0,0,170.23,Δ曝-2861/Δ读-437/Δ进0/Δ开0/Δ留0,2026-09-24→2026-02-08,diff
696a554e000000001a036a5f,特斯拉晶晶✨,1月！在山东25w提走Model Y是真的香！,旧:曝9665/读1690/进1/开1/留0,2457,298,1,1,0,126.22,Δ曝-7208/Δ读-1392/Δ进0/Δ开0/Δ留0,2026-09-24→2026-02-04,diff
69674f180000000009038668,特斯拉-找鱼羊,特斯拉Model Y和Model 3，到底该怎么选？,旧:曝1707/读248/进0/开0/留0,614,39,0,0,0,23.24,Δ曝-1093/Δ读-209/Δ进0/Δ开0/Δ留0,2026-09-24→2026-02-09,diff
6973938f000000000a03df78,丽水莲都特斯拉中心,纠结N久蕞终锁单Model Y！🚗,旧:曝6140/读966/进1/开0/留0,1358,142,1,0,0,105.77,Δ曝-4782/Δ读-824/Δ进0/Δ开0/Δ留0,2026-09-24→2026-02-09,diff
6970d791000000002202e603,宁波鄞州特斯拉中心,月薪5K也能开走特斯拉？提前电车自由,旧:曝2961/读225/进0/开0/留0,1467,79,0,0,0,120.13,Δ曝-1494/Δ读-146/Δ进0/Δ开0/Δ留0,2026-09-24→2026-02-04,diff
69760753000000002203128b,特斯拉-小杨（全国可订）,特斯拉Model 3价格稳如老狗？8000元补贴背,旧:曝9365/读1202/进2/开1/留0,5955,649,2,1,0,593.61,Δ曝-3410/Δ读-553/Δ进0/Δ开0/Δ留0,2026-09-24→2026-02-11,diff
69788910000000000b0108be,特斯拉Tesla七喜,💰1月买Model Y攻略｜销售博主帮你算明白！🚗,旧:曝6206/读867/进2/开2/留0,1878,169,2,2,0,154.43,Δ曝-4328/Δ读-698/Δ进0/Δ开0/Δ留0,2026-09-24→2026-02-05,diff
69741e0f000000000e00f201,在盐城特斯拉打工日记,M3保险补补强势回归！,旧:曝8738/读1245/进3/开2/留0,6362,768,3,2,0,481.87,Δ曝-2376/Δ读-477/Δ进0/Δ开0/Δ留0,2026-09-24→2026-02-07,diff
69759f0a0000000028008604,小顾在特斯拉,20-25w预算 | Model 3 | 2026买车作业,旧:曝5055/读618/进0/开0/留0,2656,295,0,0,0,102.24,Δ曝-2399/Δ读-323/Δ进0/Δ开0/Δ留0,2026-09-24→2026-02-04,diff
696f9145000000000a02bf50,TESLA特斯拉璐璐（全国可提）,月薪 6 千也提 Model Y？7 万✋️付🈷共 2 千,旧:曝5902/读604/进2/开1/留1,3469,354,2,1,1,265.24,Δ曝-2433/Δ读-250/Δ进0/Δ开0/Δ留0,2026-09-24→2026-04-21,diff
697827e9000000002203a11c,特斯拉一鸣,手付4w+提走？Model Y L提车指南来了,旧:曝8338/读1171/进6/开3/留1,7826,1033,6,3,1,709,Δ曝-512/Δ读-138/Δ进0/Δ开0/Δ留0,2026-09-24→2026-02-08,diff
69676688000000002103c6f5,特斯拉一鸣,想买Model Y L别冲动！先看看这个方案再说,旧:曝34838/读6810/进1/开1/留0,7479,1256,1,1,0,382.15,Δ曝-27359/Δ读-5554/Δ进0/Δ开0/Δ留0,2026-09-24→2026-02-04,diff
69796a6800000000220383f0,Tesla特斯拉-小照,(库中无此笔记→将新建),,1146,30,0,0,0,93.69,2026-01-28,2026-02-05,new
695fcae3000000000e03d0b6,TESLA特斯拉-千赫（全国可提),26年1月太香了！9.9W开走六座大YL🚗,旧:曝32780/读6184/进3/开3/留2,11222,1791,3,3,2,792.78,Δ曝-21558/Δ读-4393/Δ进0/Δ开0/Δ留0,2026-09-24→2026-02-01,diff
6975db650000000028009ae4,烟台特斯拉种草站,在烟台首付3W+，开走Model 3,旧:曝7003/读723/进7/开4/留2,4601,457,7,4,2,523.31,Δ曝-2402/Δ读-266/Δ进0/Δ开0/Δ留0,2026-09-24→2026-02-07,diff
696625a6000000001a035777,TESLA特斯拉-千赫（全国可提),⚡️26年1月新款Model Y配置升级｜抄底方案💰,旧:曝9272/读1389/进1/开1/留1,4211,511,1,1,1,253.64,Δ曝-5061/Δ读-878/Δ进0/Δ开0/Δ留0,2026-09-24→2026-02-01,diff
6979bb53000000000a02ac5e,励志卖十万台特斯拉的-盼盼🍞,手付4w+，Model Y L开回家,旧:曝38397/读5342/进10/开4/留2,26881,3547,10,4,2,1908.09,Δ曝-11516/Δ读-1795/Δ进0/Δ开0/Δ留0,2026-09-24→2026-03-05,diff
697182f1000000000a02f106,温州特斯拉-Tesla小凯,YL这几个最新消息，你知豆了吗？,旧:曝52064/读9956/进0/开0/留0,4547,690,0,0,0,300.83,Δ曝-47517/Δ读-9266/Δ进0/Δ开0/Δ留0,2026-09-24→2026-02-09,diff
69777822000000001a033897,烟台特斯拉种草站,🌊特斯拉海洋蓝｜把整片海洋开上路🌊,旧:曝16128/读2849/进0/开0/留0,5709,997,0,0,0,492.48,Δ曝-10419/Δ读-1852/Δ进0/Δ开0/Δ留0,2026-09-24→2026-02-07,diff
6971e7e6000000001a02a564,Tesla小许同学,特斯拉Model 3每日仅60元，1月购车优惠太香,旧:曝6512/读423/进2/开0/留0,5799,366,2,0,0,485.05,Δ曝-713/Δ读-57/Δ进0/Δ开0/Δ留0,2026-09-24→2026-02-18,diff
696d022d000000000e00dfa2,小顾在特斯拉,1月Model3，费用！清清楚楚！,旧:曝30182/读5801/进4/开2/留1,12826,2205,4,2,1,663.8,Δ曝-17356/Δ读-3596/Δ进0/Δ开0/Δ留0,2026-09-24→2026-02-05,diff
6971d667000000002202cdd8,Tesla特斯拉-小照,(库中无此笔记→将新建),,3955,330,2,2,0,516.38,2026-01-29,2026-02-06,new
697c6b5b000000001a02a232,特斯拉老曹,(库中无此笔记→将新建),,2588,197,1,0,0,139.89,2026-01-29,2026-02-07,new
69781c01000000001a01e08c,宁波特斯拉-海曙龙湖天街店,23.65w😎的ModelY你值得拥有 点击👀细节,旧:曝3461/读477/进1/开1/留0,780,33,1,1,0,87.85,Δ曝-2681/Δ读-444/Δ进0/Δ开0/Δ留0,2026-09-24→2026-01-30,diff
69745505000000002200b56d,衢州柯城特斯拉中心,特斯拉Model Y L才是家庭用车天🌸板✨,旧:曝6878/读5335/进22/开4/留1,4592,88,22,4,1,856.55,Δ曝-2286/Δ读-5247/Δ进0/Δ开0/Δ留0,2026-09-24→2026-02-04,diff
696b75d5000000001a02181e,在盐城特斯拉打工日记,Model3三色,旧:曝142238/读26760/进3/开0/留0,10364,1518,3,0,0,535.73,Δ曝-131874/Δ读-25242/Δ进0/Δ开0/Δ留0,2026-09-24→2026-02-15,diff
697822a50000000021032001,特斯拉 | 田朗昆,首付4万+开走Model Y L！超全提车攻略🔥,旧:曝7178/读777/进2/开2/留0,5677,575,2,2,0,599.4,Δ曝-1501/Δ读-202/Δ进0/Δ开0/Δ留0,2026-09-24→2026-01-31,diff
696f0642000000000a03ff58,特斯拉Tesla七喜,💰购车计划？特斯拉低西方案来了，🈷️供惊人！,旧:曝5576/读880/进0/开0/留0,1561,128,0,0,0,106.68,Δ曝-4015/Δ读-752/Δ进0/Δ开0/Δ留0,2026-09-24→2026-02-08,diff
6974c766000000000b01254d,TESLA特斯拉璐璐（全国可提）,什么? Model3月供1700多就提走了？,旧:曝11201/读1324/进11/开8/留2,9105,1052,11,8,2,840.56,Δ曝-2096/Δ读-272/Δ进0/Δ开0/Δ留0,2026-09-24→2026-04-21,diff
697608a1000000000a031b9d,连云港特斯拉,(库中无此笔记→将新建),,2382,293,0,0,0,186.94,2026-01-29,2026-01-30,new
695ceb4b000000000a02e44c,特斯拉-金琪（江西认证顾问）,一篇带你理清2026新年的买车思路！🚗,旧:曝4191/读389/进2/开1/留1,3408,273,2,1,1,643.64,Δ曝-783/Δ读-116/Δ进0/Δ开0/Δ留0,2026-09-24→2026-02-10,diff
6974d616000000002200bb7e,济南恒隆特斯拉,(库中无此笔记→将新建),,3077,310,4,2,1,307,2026-01-29,2026-02-06,new
696f54a000000000210288d8,济南恒隆特斯拉,(库中无此笔记→将新建),,8150,1136,3,1,0,714.96,2026-01-29,2026-02-14,new
69798ea1000000000d00982f,温州特斯拉Tesla小娴🐳,Model Y日均花费≈3杯奶茶咖啡 别再打车啦,旧:曝4526/读566/进0/开0/留0,4100,500,0,0,0,263.33,Δ曝-426/Δ读-66/Δ进0/Δ开0/Δ留0,2026-09-24→2026-02-12,diff
6979c639000000000b008b47,特斯拉｜于仕霖,(库中无此笔记→将新建),,4717,419,4,2,1,637.37,2026-01-29,2026-01-31,new
697b463c000000001a02fe6c,特斯拉阿生（全国置换版,最后为什么选特斯拉？这里就是答案,旧:曝1837/读192/进0/开0/留0,252,24,0,0,0,4.27,Δ曝-1585/Δ读-168/Δ进0/Δ开0/Δ留0,2026-09-24→2026-02-04,diff
6978cd42000000002102a3ed,带你玩转特斯拉,(库中无此笔记→将新建),,4826,499,1,0,0,387.41,2026-01-29,2026-02-03,new
69772dfc000000000d00a3eb,太原特斯拉-佳妮🚗,🌟 纠结Model 3的年轻人，别再等了！,旧:曝4297/读413/进1/开0/留0,3582,323,1,0,0,275,Δ曝-715/Δ读-90/Δ进0/Δ开0/Δ留0,2026-09-24→2026-02-06,diff
6974d02f000000000a02a723,丽水莲都特斯拉中心,🚗特斯拉Model3重磅福利炸场‼️,旧:曝15846/读2348/进4/开3/留0,10403,1504,4,3,0,791.1,Δ曝-5443/Δ读-844/Δ进0/Δ开0/Δ留0,2026-09-24→2026-02-14,diff
697495a9000000000a02de41,粤西特斯拉中心,(库中无此笔记→将新建),,5334,555,3,3,1,360.48,2026-01-29,2026-02-01,new
6967988e000000000b0119bd,特斯拉宇佳美少女,打工人的年终奖，我选择开特斯拉回家过年,旧:曝12120/读819/进2/开0/留0,11454,708,2,0,0,681.43,Δ曝-666/Δ读-111/Δ进0/Δ开0/Δ留0,2026-09-24→2026-02-11,diff
69775f29000000002202c795,特斯拉小齐在长春,02女生过年回家开Model 3有面子嘛 颜色选啥,旧:曝17153/读2539/进4/开1/留1,10441,1283,4,1,1,525.77,Δ曝-6712/Δ读-1256/Δ进0/Δ开0/Δ留0,2026-09-24→2026-02-07,diff
69771be9000000002202ef24,特斯拉茉茉美少女,Model 3-被低估的高性价比20万级轿跑,旧:曝19882/读3683/进1/开0/留0,2692,448,1,0,0,28.2,Δ曝-17190/Δ读-3235/Δ进0/Δ开0/Δ留0,2026-09-24→2026-02-04,diff
697c933a000000000b00b622,养刺猬的阿正🦔,(库中无此笔记→将新建),,2032,106,0,0,0,83.33,2026-01-31,2026-02-06,new
6970d2bf0000000022023f4f,特斯拉-小杨（全国可订）,🔥特斯拉2026新春福利炸场！多重补贴叠到爽,旧:曝3968/读305/进1/开1/留1,2936,178,1,1,1,411.39,Δ曝-1032/Δ读-127/Δ进0/Δ开0/Δ留0,2026-09-24→2026-02-06,diff
69741a79000000000b013413,常州特斯拉-小彤,特斯拉的补贴又来啦🎉,旧:曝4483/读471/进3/开1/留0,4208,415,3,1,0,465.4,Δ曝-275/Δ读-56/Δ进0/Δ开0/Δ留0,2026-09-24→2026-02-13,diff
697c5da1000000002801d105,特斯拉-红,(库中无此笔记→将新建),,5771,614,3,2,1,698.37,2026-02-01,2026-02-06,new
697f780b000000002801e65b,慈溪特斯拉中心,来看看拿下一台model3需要多少吧,旧:曝13177/读1512/进3/开2/留0,11115,1276,3,2,0,636.87,Δ曝-2062/Δ读-236/Δ进0/Δ开0/Δ留0,2026-09-24→2026-02-03,diff
697dba9a000000001a028f3d,特斯拉tesla滴智能咯（全国）,(库中无此笔记→将新建),,1127,101,1,0,0,107.24,2026-02-01,2026-02-01,new
69798e23000000000b012d99,特斯拉-找鱼羊,预算20个，不内耗冲Model 3,旧:曝4508/读522/进1/开1/留1,2378,180,1,1,1,168.96,Δ曝-2130/Δ读-342/Δ进0/Δ开0/Δ留0,2026-09-24→2026-02-09,diff
6979ed06000000000a0327bf,特斯拉-找鱼羊,26年毛豆3七年低息！8000补贴,旧:曝15774/读1781/进1/开0/留0,9918,801,1,0,0,813.15,Δ曝-5856/Δ读-980/Δ进0/Δ开0/Δ留0,2026-09-24→2026-02-18,diff
697cc1ed000000000b008477,丽水莲都特斯拉中心,⚫️黑武士降临！Model Y星钻黑，帅到骨子里！,旧:曝3718/读554/进0/开0/留0,1592,169,0,0,0,101.15,Δ曝-2126/Δ读-385/Δ进0/Δ开0/Δ留0,2026-09-24→2026-02-08,diff
698161960000000022022bae,温州特斯拉-Tesla小凯,🚗毛豆3福利这么大 这还拿不下你？,旧:曝3223/读273/进1/开0/留1,1926,126,1,0,1,148.27,Δ曝-1297/Δ读-147/Δ进0/Δ开0/Δ留0,2026-09-24→2026-02-09,diff
6981a188000000000b00b0b0,特斯拉Tesla七喜,月供2.2k开走Model Y｜打工人第一辆车真香了,旧:曝2755/读321/进1/开0/留0,1405,127,1,0,0,104.61,Δ曝-1350/Δ读-194/Δ进0/Δ开0/Δ留0,2026-09-24→2026-02-05,diff
697b1c41000000000c034f3e,常州特斯拉-小彤,最后几天！特斯拉双车型年前交付末班车⚠️,旧:曝3516/读215/进3/开3/留0,3114,177,3,3,0,539.87,Δ曝-402/Δ读-38/Δ进0/Δ开0/Δ留0,2026-09-24→2026-02-09,diff
697415cc0000000021028a0b,特斯拉Jojo超级辣,选对model3✨，2026年补补拿下新车🚗,旧:曝42871/读11151/进14/开12/留6,38891,9977,14,12,6,1505.06,Δ曝-3980/Δ读-1174/Δ进0/Δ开0/Δ留0,2026-09-24→2026-02-24,diff
697a14b5000000001a0354ea,特斯拉小丛,每天一杯奶茶钱💰，把特斯拉开回家！,旧:曝2653/读187/进1/开0/留0,1854,118,1,0,0,169.14,Δ曝-799/Δ读-69/Δ进0/Δ开0/Δ留0,2026-09-24→2026-02-18,diff
68e469c6000000000401098d,特斯拉｜东东,合肥10月搞兴奋了，Model 3：20.95W,旧:曝46261/读9710/进28/开21/留17,1,0,0,0,0,0,Δ曝-46260/Δ读-9710/Δ进-28/Δ开-21/Δ留-17,2026-09-24→2026-02-04,diff
697c2178000000002202da44,Tesla特斯拉-毛豆,8w开走颜值科技轿跑！毛豆无法拒绝Model 3,旧:曝19285/读2425/进6/开3/留1,16249,1966,6,3,1,1362.88,Δ曝-3036/Δ读-459/Δ进0/Δ开0/Δ留0,2026-09-24→2026-04-06,diff
697d5bdc000000000b008795,Haha同学在特斯拉,20+男生一定要有自己的车🚗,旧:曝13038/读2464/进5/开4/留4,10397,1992,5,4,4,398.78,Δ曝-2641/Δ读-472/Δ进0/Δ开0/Δ留0,2026-09-24→2026-04-20,diff
697c158d000000000a030d21,Haha同学在特斯拉,🧮特斯拉2月费用明细表📝建议码住,旧:曝6332/读853/进4/开4/留3,3570,464,4,4,3,278.18,Δ曝-2762/Δ读-389/Δ进0/Δ开0/Δ留0,2026-09-24→2026-04-20,diff
69803c6d000000002202d4b8,特斯拉尼克,性价比的神！Model Y月供2k+提走,旧:曝22512/读3353/进8/开4/留2,10090,1106,8,4,2,820.75,Δ曝-12422/Δ读-2247/Δ进0/Δ开0/Δ留0,2026-09-24→2026-04-02,diff
6960c742000000001a02f4f2,Tesla 鱼仔吖,不愧为20W级的性价比之👑，Model 3真帅,旧:曝124840/读26594/进9/开5/留4,57067,12438,9,5,4,883.69,Δ曝-67773/Δ读-14156/Δ进0/Δ开0/Δ留0,2026-09-24→2026-02-24,diff
6978a9be00000000280209d3,糖酸酸🍬开特斯拉,新的一年提Model 3，这个政策太香了,旧:曝20390/读1724/进6/开4/留1,16126,1345,6,4,1,1243.3,Δ曝-4264/Δ读-379/Δ进0/Δ开0/Δ留0,2026-09-24→2026-06-14,diff
697f3d25000000001a027b6e,特斯拉｜东东,还等？都到 2188（月供）了：Model Y攻略,旧:曝20200/读2779/进14/开8/留5,16905,2311,14,8,5,960.58,Δ曝-3295/Δ读-468/Δ进0/Δ开0/Δ留0,2026-09-24→2026-03-01,diff
6981db0d000000000c0354ed,杭州萧山特斯拉中心,✨特斯拉打工人终于提走梦中情车Model Y！,旧:曝52304/读16075/进25/开11/留6,14375,944,25,11,6,1278.79,Δ曝-37929/Δ读-15131/Δ进0/Δ开0/Δ留0,2026-09-24→2026-09-28,diff
697c6a380000000022033f99,Tesla特斯拉-小照,(库中无此笔记→将新建),,988,93,1,0,0,15.49,2026-02-04,2026-02-05,new
6979bebb0000000028008385,Tesla｜小冯-全国可提车,闺蜜月供1.9k拿下model3🥲太丝滑了,旧:曝1400161/读1471882/进2933/开1029/留929,1398877,7264,3022,1056,953,121951.06,Δ曝-1284/Δ读-1464618/Δ进89/Δ开27/Δ留24,2026-09-24→2026-05-30,diff
6975732c000000002103d013,济南特斯拉主理人,Model 3新车漆海洋蓝会是你的菜吗？,旧:曝39446/读7892/进0/开0/留0,3943,763,0,0,0,225.71,Δ曝-35503/Δ读-7129/Δ进0/Δ开0/Δ留0,2026-09-24→2026-02-12,diff
697ebc67000000000a0303dd,特斯拉Tesla七喜,听说全网都想看Model Y快银实拍？,旧:曝11308/读4255/进11/开2/留0,2615,67,11,2,0,640.16,Δ曝-8693/Δ读-4188/Δ进0/Δ开0/Δ留0,2026-09-24→2026-02-05,diff
698308db000000001a020fa3,小顾在特斯拉,2月｜Model Y国补后落地价,旧:曝8263/读1391/进1/开0/留0,2565,280,1,0,0,235.06,Δ曝-5698/Δ读-1111/Δ进0/Δ开0/Δ留0,2026-09-24→2026-02-06,diff
69832e75000000000b013d70,杭州萧山特斯拉中心,买车攻略，纯干货不踩雷！,旧:曝6313/读569/进3/开2/留2,2168,187,4,3,3,138.6,Δ曝-4145/Δ读-382/Δ进1/Δ开1/Δ留1,2026-09-24→2026-09-28,diff
697dd7e4000000000b012d95,杭州萧山特斯拉中心,特斯拉Model3深海蓝实物很高级！💙,旧:曝62994/读13570/进18/开9/留4,24360,4136,23,13,5,1199.54,Δ曝-38634/Δ读-9434/Δ进5/Δ开4/Δ留1,2026-09-24→2026-09-28,diff
69742a0d000000002203044c,特斯拉顾问小美🚗,买Model3居然能省一只包...,旧:曝3424/读284/进1/开0/留0,2840,216,1,0,0,235.94,Δ曝-584/Δ读-68/Δ进0/Δ开0/Δ留0,2026-09-24→2026-02-23,diff
6979f2320000000022022041,Tesla特斯拉-小照,(库中无此笔记→将新建),,10377,1736,3,1,0,375.13,2026-02-04,2026-02-08,new
69835261000000001a02b6fc,特斯拉老曹,(库中无此笔记→将新建),,11366,680,1,0,0,667.92,2026-02-04,2026-03-14,new
6970acc1000000000a02cb99,特斯拉苏州交付中心,新年买Model Y，就像呼吸一样简单,旧:曝6079/读653/进1/开0/留0,3467,332,1,0,0,282.27,Δ曝-2612/Δ读-321/Δ进0/Δ开0/Δ留0,2026-09-24→2026-06-06,diff
697b077b00000000220228b8,特斯拉-酥酥,(库中无此笔记→将新建),,2728,204,1,0,1,166.76,2026-02-04,2026-02-16,new
6980206e000000002203926a,特斯拉上海交付中心,提完Model Y第二天 突然理解特斯拉车主了,旧:曝16226/读1920/进9/开0/留0,8824,1177,9,0,0,591.82,Δ曝-7402/Δ读-743/Δ进0/Δ开0/Δ留0,2026-09-24→2026-03-07,diff
697ee6290000000009039a0d,Tesla_Selina,我等不了了，Model 3：1819月供,旧:曝411400/读58874/进118/开98/留69,182206,25176,118,98,69,10540.58,Δ曝-229194/Δ读-33698/Δ进0/Δ开0/Δ留0,2026-09-24→2026-05-11,diff
6981e592000000000903b0aa,特斯拉-金琪（江西认证顾问）,特斯拉Model Y“省钱+实用”指南，看完不纠结！,旧:曝2081/读201/进2/开2/留0,1490,134,2,2,0,372.16,Δ曝-591/Δ读-67/Δ进0/Δ开0/Δ留0,2026-09-24→2026-02-10,diff
6978a072000000000c036c89,Tesla-晨璐（努力工作版）,特斯拉的五年免息到底有多香？！,旧:曝18563/读2847/进19/开17/留8,17491,2704,38,33,18,2993.64,Δ曝-1072/Δ读-143/Δ进19/Δ开16/Δ留10,2026-09-24→2026-06-11,diff
697c03ca000000001a01c70e,特斯拉合肥交付中心,提车了，Model Y费用明细一览,旧:曝63385/读9744/进11/开6/留1,30003,3827,11,6,1,1253.82,Δ曝-33382/Δ读-5917/Δ进0/Δ开0/Δ留0,2026-09-24→2026-02-24,diff
6979c97f000000001a02427c,哈莉（特斯拉分身）,月供2.2k！！特斯拉提车攻略干货篇📋,旧:曝4167/读688/进0/开0/留0,1668,240,0,0,0,107.27,Δ曝-2499/Δ读-448/Δ进0/Δ开0/Δ留0,2026-09-24→2026-02-13,diff
697dd16e0000000022020ee4,特斯拉Tesla｜江江,Model 3不愧为20w+级别的性💰比之🤴,旧:曝4690/读673/进1/开0/留0,2763,341,1,0,0,98.16,Δ曝-1927/Δ读-332/Δ进0/Δ开0/Δ留0,2026-09-24→2026-02-23,diff
697ed896000000002801d338,特斯拉MoMo,提车啦！4.5 个 W拿下白色小毛豆🚗,旧:曝385229/读51297/进21/开9/留3,22735,2595,21,9,3,1493.82,Δ曝-362494/Δ读-48702/Δ进0/Δ开0/Δ留0,2026-09-24→2026-02-23,diff
697c6f0a000000001a024411,太原特斯拉-佳妮🚗,💰预算20个，不内耗直接冲Model 3！,旧:曝7475/读847/进4/开0/留0,5599,601,4,0,0,447.93,Δ曝-1876/Δ读-246/Δ进0/Δ开0/Δ留0,2026-09-24→2026-02-07,diff
69837e4f000000001a0308f1,TESLA特斯拉-Mr. 🦁（全国可提),$noteTitle,旧:曝2174/读189/进0/开0/留0,1617,136,0,0,0,120.22,Δ曝-557/Δ读-53/Δ进0/Δ开0/Δ留0,2026-09-24→2026-02-12,diff
69677b7b000000000a0304af,丽水莲都特斯拉中心,特斯拉政策炸场💥七年低锡真的香哭了😭,旧:曝1392/读125/进0/开0/留0,805,39,0,0,0,23.94,Δ曝-587/Δ读-86/Δ进0/Δ开0/Δ留0,2026-09-24→2026-02-08,diff
698068f00000000028022cd3,太原特斯拉-佳妮🚗,Model Y L马年提车指南，太到位了！,旧:曝39241/读3256/进0/开0/留0,1439,119,0,0,0,53.36,Δ曝-37802/Δ读-3137/Δ进0/Δ开0/Δ留0,2026-09-24→2026-02-06,diff
697ed142000000001a0254ed,特斯拉茉茉美少女,3月｜Model Y国补后落地价,旧:曝639435/读131000/进464/开418/留267,593811,118962,466,420,269,38684.35,Δ曝-45624/Δ读-12038/Δ进2/Δ开2/Δ留2,2026-09-24→2026-09-28,diff
6982cefc000000001a025b2b,特斯拉Yoki特努力,2月，Model 3落地费用，清清楚楚,旧:曝200663/读44148/进22/开16/留12,102787,23553,22,16,12,2815.49,Δ曝-97876/Δ读-20595/Δ进0/Δ开0/Δ留0,2026-09-24→2026-09-27,diff
697e0326000000000e00f11b,特斯拉Yoki特努力,Model Y保姆级买车攻略，每个月2188,旧:曝20224/读3130/进0/开0/留1,7228,1145,0,0,1,136.53,Δ曝-12996/Δ读-1985/Δ进0/Δ开0/Δ留0,2026-09-24→2026-03-02,diff
697c6289000000002103fa47,特斯拉邮递员子枫,2026提车了，特斯拉新政策一览,旧:曝18789/读2218/进8/开7/留4,15967,1746,8,7,4,938.75,Δ曝-2822/Δ读-472/Δ进0/Δ开0/Δ留0,2026-09-24→2026-04-27,diff
696c327e0000000021032f58,特斯拉 力川,太猛了！Model 3手付5.59w，月1.9K🌹 提,旧:曝31932/读5115/进5/开2/留2,14034,1541,5,2,2,707.02,Δ曝-17898/Δ读-3574/Δ进0/Δ开0/Δ留0,2026-09-24→2026-03-07,diff
6970c182000000002203b0da,TESLA -笑笑,特斯拉新购补贴重磅落地，真金白银省到爽！,旧:曝5445/读536/进5/开3/留1,4373,406,5,3,1,557.14,Δ曝-1072/Δ读-130/Δ进0/Δ开0/Δ留0,2026-09-24→2026-02-19,diff
697d9b4e000000000e03d939,特斯拉洋子（包全国）,2026年2月| Model 3真实落地价,旧:曝6917/读880/进5/开4/留1,4626,522,5,4,1,262.29,Δ曝-2291/Δ读-358/Δ进0/Δ开0/Δ留0,2026-09-24→2026-03-17,diff
697d9a2a000000001a035500,特斯拉阿生（全国置换版,年前特斯拉怎么选？什么价格？看这篇！,旧:曝5335/读810/进0/开0/留0,1726,241,0,0,0,69.77,Δ曝-3609/Δ读-569/Δ进0/Δ开0/Δ留0,2026-09-24→2026-03-01,diff
69831713000000000d00b7be,特斯拉阿生（全国置换版,2月Model Y太猛烈了，能省2w+了,旧:曝41178/读5754/进28/开26/留15,29933,3809,28,26,15,2856.39,Δ曝-11245/Δ读-1945/Δ进0/Δ开0/Δ留0,2026-09-24→2026-04-20,diff
697b4ef5000000001a03363c,特斯拉Yoki特努力,2026年Model 3太香了！首付2w月供2k开走！,旧:曝30964/读5002/进7/开6/留5,17960,2879,7,6,5,538.46,Δ曝-13004/Δ读-2123/Δ进0/Δ开0/Δ留0,2026-09-24→2026-04-02,diff
6982f282000000002202f05b,特斯拉体验官Leo,25w+，就买综合评分高的车,旧:曝44150/读7889/进5/开1/留0,20530,3829,5,1,0,174.79,Δ曝-23620/Δ读-4060/Δ进0/Δ开0/Δ留0,2026-09-24→2026-09-28,diff
697e04f8000000000c034351,Model体验官一凡,对！现在Model 3首付2w月供2k开回家过年！,旧:曝66405/读8928/进15/开12/留8,26082,3382,15,12,8,2015.85,Δ曝-40323/Δ读-5546/Δ进0/Δ开0/Δ留0,2026-09-24→2026-02-24,diff
68e3280300000000040038c0,特斯拉阿生（全国置换版,小长假好疯！Model 3落地19.95W,旧:曝35177/读5738/进24/开19/留9,2,0,0,0,0,0,Δ曝-35175/Δ读-5738/Δ进-24/Δ开-19/Δ留-9,2026-09-24→2026-03-27,diff
697c5d65000000002103da70,特斯拉剪刀布,(库中无此笔记→将新建),,118,6,0,0,0,0.43,2026-02-04,2026-02-19,new
698465bb000000002200b22e,温州特斯拉-Tesla小凯,特斯拉新年福🌰千万不要错过,旧:曝6715/读714/进2/开2/留0,5307,548,2,2,0,577.27,Δ曝-1408/Δ读-166/Δ进0/Δ开0/Δ留0,2026-09-24→2026-02-12,diff
69846bbb0000000028009f18,特斯拉-红,(库中无此笔记→将新建),,2600,109,0,0,0,213.91,2026-02-05,2026-02-06,new
6836f822000000002001e6df,特斯拉杭州交付中心,(库中无此笔记→将新建),,6625,767,5,3,0,673.4,2026-02-08,2026-02-23,new
69831732000000001a031937,特斯拉洋子（包全国）,2月份政策太香了，Model 3落地明细,旧:曝16125/读2649/进6/开5/留3,9329,1404,6,5,3,867.94,Δ曝-6796/Δ读-1245/Δ进0/Δ开0/Δ留0,2026-09-24→2026-02-23,diff
6982f57a000000002103136f,特斯拉邮递员子枫,开Model Y这半年，用了多少钱？,旧:曝577058/读105764/进11/开2/留1,122148,33171,11,2,1,891.54,Δ曝-454910/Δ读-72593/Δ进0/Δ开0/Δ留0,2026-09-24→2026-03-03,diff
6985bd1d000000001d027ca3,特斯拉邮递员子枫,手把手教你怎么买Model 3更划算！,旧:曝5204/读842/进0/开0/留0,1244,143,0,0,0,41.39,Δ曝-3960/Δ读-699/Δ进0/Δ开0/Δ留0,2026-09-24→2026-02-23,diff
697c2e30000000000d00ad58,特斯拉杭州交付中心,Model 3杭州落地太兴奋了 | 提车攻略！,旧:曝28476/读5639/进18/开15/留11,9711,1168,18,15,11,2002.19,Δ曝-18765/Δ读-4471/Δ进0/Δ开0/Δ留0,2026-09-24→2026-02-23,diff
69818cbd000000000e00d6b0,TESLA 李嘉嘉,24w+，丝滑提走Model Y 🤩,旧:曝3780/读474/进0/开0/留0,846,47,0,0,0,9.97,Δ曝-2934/Δ读-427/Δ进0/Δ开0/Δ留0,2026-09-24→2026-02-23,diff
697c38d2000000001a02430a,TESLA 李嘉嘉,思路清晰到可怕，新年想提Model 3快来看！,旧:曝2340/读262/进0/开0/留0,528,34,0,0,0,12.27,Δ曝-1812/Δ读-228/Δ进0/Δ开0/Δ留0,2026-09-24→2026-02-17,diff
6968dd39000000000b010ffa,Model体验官一凡,分享！Model 3 落地费用一览,旧:曝56281/读8680/进1/开1/留0,2296,164,1,1,0,69.93,Δ曝-53985/Δ读-8516/Δ进0/Δ开0/Δ留0,2026-09-24→2026-02-23,diff
697789ea000000000d0098be,TESLA 李嘉嘉,又一王炸！21W+的Model 3拿下！🤯,旧:曝28477/读5191/进0/开0/留0,5806,926,0,0,0,90.88,Δ曝-22671/Δ读-4265/Δ进0/Δ开0/Δ留0,2026-09-24→2026-02-23,diff
69844e59000000002202cfa1,特斯拉 力川,太强了！特斯拉Model 3月供 1759 提了,旧:曝10436/读1048/进3/开2/留1,7072,619,3,2,1,553.29,Δ曝-3364/Δ读-429/Δ进0/Δ开0/Δ留0,2026-09-24→2026-02-23,diff
697f4375000000000a03e493,Model体验官一凡,分享～26年提走Model Y费用一览,旧:曝30681/读4831/进0/开0/留0,2173,276,0,0,0,78.52,Δ曝-28508/Δ读-4555/Δ进0/Δ开0/Δ留0,2026-09-24→2026-02-23,diff
6985bbfb000000001b0177ce,特斯拉剪刀布,(库中无此笔记→将新建),,6609,794,5,2,1,1086.24,2026-02-08,2026-04-02,new
6983073c000000002800be3c,特斯拉MoMo,还等？上批等的人已经喊亏了：Model 3攻略,旧:曝6478/读928/进0/开0/留0,770,53,0,0,0,19.98,Δ曝-5708/Δ读-875/Δ进0/Δ开0/Δ留0,2026-09-24→2026-02-23,diff
696f5c04000000001a01c048,TESLA 李嘉嘉,2026买特斯拉，来抄作业了！,旧:曝18005/读3405/进0/开0/留0,629,27,0,0,0,11.47,Δ曝-17376/Δ读-3378/Δ进0/Δ开0/Δ留0,2026-09-24→2026-02-23,diff
6989446f000000001b015b37,特斯拉尼克,香炸了，Model Y 日供102 拿下,旧:曝52629/读8796/进0/开0/留0,2510,234,0,0,0,151.95,Δ曝-50119/Δ读-8562/Δ进0/Δ开0/Δ留0,2026-09-24→2026-02-23,diff
6968a38d000000002103c12a,特斯拉CiCi在苏州,开走快银Model 3 月供≈加油钱,旧:曝15348/读1743/进5/开4/留0,14089,1493,5,4,0,1027.18,Δ曝-1259/Δ读-250/Δ进0/Δ开0/Δ留0,2026-09-24→2026-08-01,diff
6934384b000000001e00825f,TESLA特斯拉璐璐（全国可提）,为什么我没有早点买Model 3？,旧:曝9797/读1579/进1/开1/留0,1,0,0,0,0,0,Δ曝-9796/Δ读-1579/Δ进-1/Δ开-1/Δ留0,2026-09-24→2026-02-08,diff
697c06b4000000002103cf4d,威海特斯拉001号选手,(库中无此笔记→将新建),,5614,571,5,4,1,884.16,2026-02-08,2026-02-18,new
6985854a000000001a020db8,Tesla 鱼仔吖,🚗新款Model 3，不是宣传片而是各位的预告片,旧:曝3847/读541/进2/开2/留2,948,74,2,2,2,362.54,Δ曝-2899/Δ读-467/Δ进0/Δ开0/Δ留0,2026-09-24→2026-02-27,diff
6984a995000000001a020ba9,Tesla 鱼仔吖,手付7w拿下Model 3 ！！通勤好搭子🚗,旧:曝70775/读13363/进2/开1/留0,44101,8205,2,1,0,261.08,Δ曝-26674/Δ读-5158/Δ进0/Δ开0/Δ留0,2026-09-24→2026-02-24,diff
6984012d000000001a01dcb3,Tesla 鱼仔吖,10w拿下|再好的副驾，不如手握方向盘更踏实！,旧:曝30944/读28102/进212/开83/留15,25554,425,212,83,15,3540.71,Δ曝-5390/Δ读-27677/Δ进0/Δ开0/Δ留0,2026-09-24→2026-03-01,diff
697b3eef0000000021030106,济南特斯拉主理人,真的值得冲了，济南Model Y这个价香到爆,旧:曝23892/读4164/进29/开28/留15,45326,7022,139,134,93,8289.93,Δ曝21434/Δ读2858/Δ进110/Δ开106/Δ留78,2026-09-24→2026-09-28,diff
697df85e000000002200a11f,济南特斯拉主理人,8w入手 | Model 3提车了才知道有多香,旧:曝8247/读1102/进0/开0/留0,6992,970,1,0,0,126.32,Δ曝-1255/Δ读-132/Δ进1/Δ开0/Δ留0,2026-09-24→2026-09-28,diff
698462e00000000022009f67,济南特斯拉主理人,在济南25w+提到了善良大鼠标！,旧:曝7609/读1164/进8/开8/留8,7208,859,12,12,11,1151.31,Δ曝-401/Δ读-305/Δ进4/Δ开4/Δ留3,2026-09-24→2026-09-28,diff
6979bf2f000000002203129c,特斯拉校草,开了Model Y L后，每月省出一顿大餐💰,旧:曝7673/读920/进0/开0/留0,5522,641,0,0,0,185.79,Δ曝-2151/Δ读-279/Δ进0/Δ开0/Δ留0,2026-09-24→2026-02-19,diff
695a63260000000022020ecd,济南特斯拉主理人,济南特斯拉26年市补这么快就来了？,旧:曝155151/读17737/进192/开182/留113,224583,23110,382,361,224,26075.21,Δ曝69432/Δ读5373/Δ进190/Δ开179/Δ留111,2026-09-24→2026-09-28,diff
69818da50000000021028e1f,特斯拉校草,🈷️供2k➕ 把特斯拉开回家｜附超全攻略💰,旧:曝3683/读334/进0/开0/留0,2344,179,0,0,0,123.76,Δ曝-1339/Δ读-155/Δ进0/Δ开0/Δ留0,2026-09-24→2026-02-23,diff
6985643f000000002203b5d7,特斯拉校草,3月 Model Y落地费用一篇全搞定📝,旧:曝204216/读42659/进9/开7/留2,54336,11741,9,7,2,1011.66,Δ曝-149880/Δ读-30918/Δ进0/Δ开0/Δ留0,2026-09-24→2026-03-17,diff
6985d88c000000001503b491,特斯拉Jojo超级辣,"8W购入Moedl Y,不痛且很快乐",旧:曝3491/读329/进0/开0/留0,1295,78,0,0,0,49.18,Δ曝-2196/Δ读-251/Δ进0/Δ开0/Δ留0,2026-09-24→2026-02-23,diff
69856294000000002203acb2,Tesla特斯拉-毛豆,毛豆教你Model Y L10w的正确提车方式,旧:曝12209/读1645/进1/开0/留0,2710,283,1,0,0,146.96,Δ曝-9499/Δ读-1362/Δ进0/Δ开0/Δ留0,2026-09-24→2026-02-23,diff
6986b3b8000000000a03fe2f,特斯拉尼克,2月整兴奋了，Model 3 还能再少出点,旧:曝3288/读293/进0/开0/留0,1297,81,0,0,0,54.31,Δ曝-1991/Δ读-212/Δ进0/Δ开0/Δ留0,2026-09-24→2026-02-23,diff
6968ae51000000000a02817a,特斯拉苏州交付中心,Model Y｜提车第1个月花了多少？（超省钱）,旧:曝7297/读948/进0/开0/留0,2002,173,0,0,0,105.79,Δ曝-5295/Δ读-775/Δ进0/Δ开0/Δ留0,2026-09-24→2026-02-23,diff
69849ded000000000a02fd9a,Tesla-晨璐（努力工作版）,26年Model 3 8W拿走，还有新政策！,旧:曝4294/读425/进7/开7/留3,3458,387,14,13,7,940.5,Δ曝-836/Δ读-38/Δ进7/Δ开6/Δ留4,2026-09-24→2026-06-11,diff
69806b6d000000000b012b84,特斯拉苏州交付中心,家庭用车看过来，Model Y L入手什么价？,旧:曝14757/读1850/进4/开4/留2,10287,1274,4,4,2,1112.43,Δ曝-4470/Δ读-576/Δ进0/Δ开0/Δ留0,2026-09-24→2026-03-02,diff
697b19f0000000000e03fb31,绍兴特斯拉顾问｜荔枝,4.59w 起新年新车开回家🚗,旧:曝6577/读6583/进20/开5/留1,5971,61,20,5,1,1011.59,Δ曝-606/Δ读-6522/Δ进0/Δ开0/Δ留0,2026-09-24→2026-02-12,diff
6972d178000000000b012d0c,特斯拉中国｜惠子,月共仅2千多,旧:曝13072/读1003/进5/开2/留1,12594,927,5,2,1,1037.75,Δ曝-478/Δ读-76/Δ进0/Δ开0/Δ留0,2026-09-24→2026-03-25,diff
69816801000000001a02fe79,哈莉（特斯拉分身）,新年Model 3🧨日供60拿下！！,旧:曝6367/读945/进1/开0/留0,1735,221,1,0,0,71.29,Δ曝-4632/Δ读-724/Δ进0/Δ开0/Δ留0,2026-09-24→2026-02-23,diff
6987011a000000001a02b591,哈莉（特斯拉分身）,沉浸式过年开车回家🧨月供2.1k拿下,旧:曝15842/读5160/进5/开3/留0,10135,1555,5,3,0,595.02,Δ曝-5707/Δ读-3605/Δ进0/Δ开0/Δ留0,2026-09-24→2026-02-24,diff
6986b2fc000000001a02a3f2,哈莉（特斯拉分身）,Model Y跟Model Y L区别及费用一览,旧:曝592260/读99584/进20/开11/留3,17375,983,79,62,24,2393.58,Δ曝-574885/Δ读-98601/Δ进59/Δ开51/Δ留21,2026-09-24→2026-09-28,diff
697457060000000028023708,特斯拉合肥交付中心,有点小钱又有需求，建议你选Model Y L,旧:曝17475/读3089/进2/开0/留0,5034,804,2,0,0,136.97,Δ曝-12441/Δ读-2285/Δ进0/Δ开0/Δ留0,2026-09-24→2026-03-02,diff
6986ef4b000000001a0225d1,特斯拉合肥交付中心,特斯拉6座车 | Model Y L现在提多少钱？,旧:曝44871/读7118/进2/开1/留0,7872,1393,2,1,0,167.98,Δ曝-36999/Δ读-5725/Δ进0/Δ开0/Δ留0,2026-09-24→2026-02-23,diff
69859963000000001b015bb6,特斯拉上海交付中心,2月特斯拉，费用！清清楚楚！,旧:曝13918/读1254/进6/开2/留0,6626,601,6,2,0,462.15,Δ曝-7292/Δ读-653/Δ进0/Δ开0/Δ留0,2026-09-24→2026-02-23,diff
696336a80000000022009bde,特斯拉上海交付中心,忍不住不发！Model 3简直太好开了！,旧:曝46257/读9082/进6/开2/留1,7898,991,6,2,1,357.77,Δ曝-38359/Δ读-8091/Δ进0/Δ开0/Δ留0,2026-09-24→2026-05-11,diff
698943f7000000001d012347,Tesla_Selina,5W预算入Model Y，有什么要注意的？,旧:曝5295/读750/进1/开1/留0,1577,182,1,1,0,59.27,Δ曝-3718/Δ读-568/Δ进0/Δ开0/Δ留0,2026-09-24→2026-02-23,diff
6984aa0d000000002202f0b6,特斯拉-酥酥,(库中无此笔记→将新建),,1917,138,1,0,0,125.16,2026-02-09,2026-02-26,new
697af4af000000002203a282,特斯拉-酥酥,(库中无此笔记→将新建),,6070,716,2,2,0,475.15,2026-02-09,2026-02-15,new
695dfd40000000000e03d2c7,特斯拉-酥酥,(库中无此笔记→将新建),,10187,2791,1,0,0,291.99,2026-02-09,2026-02-16,new
696cbf73000000001a02938c,TESLA特斯拉-Mr. 🦁（全国可提),✨ 1月18号刚提车！Model Y 落地价太香了🔥,旧:曝14021/读2059/进4/开4/留1,9500,1164,4,4,1,884.2,Δ曝-4521/Δ读-895/Δ进0/Δ开0/Δ留0,2026-09-24→2026-02-15,diff
697abf48000000002202224f,TESLA -笑笑,快银低调？冰河蓝吸睛？Model Y配色实拍+金融,旧:曝7601/读1247/进1/开0/留0,5787,924,1,0,0,341.31,Δ曝-1814/Δ读-323/Δ进0/Δ开0/Δ留0,2026-09-24→2026-02-28,diff
69679ac8000000001a02e867,特斯拉小丛,滨州特斯拉车主狂喜！7年低息杀疯了,旧:曝1681/读144/进0/开0/留0,472,13,0,0,0,3.27,Δ曝-1209/Δ读-131/Δ进0/Δ开0/Δ留0,2026-09-24→2026-02-18,diff
695c738d000000001a029b5a,特斯拉小丛,🔥特斯拉2026开年王炸！,旧:曝10117/读1060/进2/开1/留0,6081,592,2,1,0,651.79,Δ曝-4036/Δ读-468/Δ进0/Δ开0/Δ留0,2026-09-24→2026-03-02,diff
695b68e20000000022022877,特斯拉顾问小美🚗,不懂就问 2026年特斯拉怎么买划算⁉️,旧:曝10096/读1045/进4/开3/留2,9246,959,4,3,2,683.25,Δ曝-850/Δ读-86/Δ进0/Δ开0/Δ留0,2026-09-24→2026-02-23,diff
695f7892000000002102b529,特斯拉顾问小美🚗,现在买特斯拉到底划不划算啊！！,旧:曝1755/读145/进2/开0/留0,973,45,2,0,0,97.14,Δ曝-782/Δ读-100/Δ进0/Δ开0/Δ留0,2026-09-24→2026-02-13,diff
698341dc000000000d0083f3,特斯拉小丛,Model Y限时福利来了！补贴+免息=省下5万+💰,旧:曝3104/读242/进2/开1/留1,2286,170,2,1,1,179.96,Δ曝-818/Δ读-72/Δ进0/Δ开0/Δ留0,2026-09-24→2026-02-18,diff
696f5444000000001a02e5f0,特斯拉-甜甜特专业,(库中无此笔记→将新建),,12416,1311,4,4,0,1029.9,2026-02-09,2026-02-23,new
69807045000000001a0365cf,上海国和特斯拉中心,2月提车血赚！白色Model Y，24W+开走！手慢真,旧:曝11322/读1443/进8/开8/留4,9989,1270,8,8,4,1085.57,Δ曝-1333/Δ读-173/Δ进0/Δ开0/Δ留0,2026-09-24→2026-02-19,diff
698afca7000000001600b3f8,特斯拉体验官Leo,20多岁靠自己提了Model 3，这不是做梦,旧:曝124196/读22110/进5/开0/留1,61118,10990,5,0,1,430.17,Δ曝-63078/Δ读-11120/Δ进0/Δ开0/Δ留0,2026-09-24→2026-03-02,diff
698afd59000000001d013456,特斯拉邮递员子枫,年轻人买Model 3，这个政策太贴心,旧:曝4908/读704/进0/开0/留0,1265,83,0,0,0,17.51,Δ曝-3643/Δ读-621/Δ进0/Δ开0/Δ留0,2026-09-24→2026-02-23,diff
69841d45000000002102a40d,南昌王府井特斯拉销售阿超,26款Model 3 /Y20w➕拿下 什么实力啊,旧:曝12950/读1477/进5/开5/留1,10346,1134,5,5,1,1065.79,Δ曝-2604/Δ读-343/Δ进0/Δ开0/Δ留0,2026-09-24→2026-03-13,diff
698d6c00000000001b01742f,特斯拉上海交付中心,时隔三年 继续成为Tesla车主,旧:曝8680/读841/进0/开0/留0,2296,229,0,0,0,100.7,Δ曝-6384/Δ读-612/Δ进0/Δ开0/Δ留0,2026-09-24→2026-03-28,diff
6980aad9000000002103d7a7,Tesla｜玉子（特专业版）,听说4万➕就能开走MY🐮,旧:曝10239/读1423/进10/开8/留2,7586,963,10,8,2,1002.86,Δ曝-2653/Δ读-460/Δ进0/Δ开0/Δ留0,2026-09-24→2026-03-21,diff
6982bc1c000000000b010526,特斯拉-Cici（全国可提）,🔥月供2.2k拿下Model Y谁懂啊,旧:曝11017/读959/进6/开2/留1,10353,866,6,2,1,1073.81,Δ曝-664/Δ读-93/Δ进0/Δ开0/Δ留0,2026-09-24→2026-02-28,diff
69888d27000000001600b691,特斯拉Tesla｜江江,买Model Y前必看！现在下手真香警告🚗,旧:曝23190/读3405/进9/开7/留4,19034,2934,9,7,4,1154.61,Δ曝-4156/Δ读-471/Δ进0/Δ开0/Δ留0,2026-09-24→2026-03-04,diff
69872492000000001a0266c7,特斯拉Yoki特努力,2026，还在犹豫该不该买Model Y？,旧:曝7637/读1023/进0/开0/留0,825,68,0,0,0,15.35,Δ曝-6812/Δ读-955/Δ进0/Δ开0/Δ留0,2026-09-24→2026-03-01,diff
6989c5cf000000001a035b3e,特斯拉Yoki特努力,实拍海洋蓝Model 3 ，真的绝了！,旧:曝300552/读45950/进21/开8/留2,21616,5036,21,8,2,946.52,Δ曝-278936/Δ读-40914/Δ进0/Δ开0/Δ留0,2026-09-24→2026-02-20,diff
698af538000000000d00ae2a,特斯拉Yoki特努力,2月，青岛提Model 3给我大惊喜！！,旧:曝71773/读10111/进69/开57/留32,52126,6547,69,57,32,4317.86,Δ曝-19647/Δ读-3564/Δ进0/Δ开0/Δ留0,2026-09-24→2026-04-05,diff
6981afef000000001a01e8cb,Tesla特斯拉｜佳俊,补贴加码中！现在提Model Y真的太划算了🎉📉,旧:曝20545/读2254/进11/开7/留2,19827,2123,11,7,2,1082.92,Δ曝-718/Δ读-131/Δ进0/Δ开0/Δ留0,2026-09-24→2026-03-02,diff
698b0232000000001a037e87,特斯拉小朱｜全国可提🚗,2月Model Y落地费用一篇全搞定📜,旧:曝12034/读1435/进9/开5/留3,10276,1189,9,5,3,1052.96,Δ曝-1758/Δ读-246/Δ进0/Δ开0/Δ留0,2026-09-24→2026-02-21,diff
698c34d0000000001d027cc1,特斯拉体验官Leo,95后打工人，Model 3半年用后感【真实版】,旧:曝28216/读6808/进1/开1/留0,17756,4893,1,1,0,217.88,Δ曝-10460/Δ读-1915/Δ进0/Δ开0/Δ留0,2026-09-24→2026-03-01,diff
698d4a33000000001503a752,特斯拉体验官Leo,审美的尽头是黑色，这样的Model Y谁不爱？,旧:曝47143/读12798/进2/开1/留0,33486,9993,2,1,0,290.05,Δ曝-13657/Δ读-2805/Δ进0/Δ开0/Δ留0,2026-09-24→2026-03-01,diff
6984655a0000000021032cad,特斯拉体验官Leo,25w左右买车，Model Y就是zui佳选择,旧:曝6369/读1066/进0/开0/留0,2025,282,0,0,0,49.82,Δ曝-4344/Δ读-784/Δ进0/Δ开0/Δ留0,2026-09-24→2026-03-01,diff
6985bbc90000000028009669,特斯拉阿生（全国置换版,有能力一定上Model Y，真心不一样,旧:曝333545/读63107/进0/开0/留0,31577,10225,0,0,0,322.43,Δ曝-301968/Δ读-52882/Δ进0/Δ开0/Δ留0,2026-09-24→2026-02-27,diff
6985448d000000002202d5ba,特斯拉小高特热情,Y落地25w？至高2.4w补贴,旧:曝9412/读1145/进6/开4/留2,7655,853,6,4,2,1045.68,Δ曝-1757/Δ读-292/Δ进0/Δ开0/Δ留0,2026-09-24→2026-02-26,diff
698341de000000001a034c1b,特斯拉超级体验官,别再等了！24的Model Y太香啦！,旧:曝10870/读1483/进7/开3/留2,9605,1260,7,3,2,1004.8,Δ曝-1265/Δ读-223/Δ进0/Δ开0/Δ留0,2026-09-24→2026-06-08,diff
6985440b000000002103c7a8,是北京的特斯拉呀,(库中无此笔记→将新建),,6429,512,8,5,2,1049.85,2026-02-12,2026-03-08,new
6982eed1000000000a03342e,特斯拉｜于仕霖,(库中无此笔记→将新建),,4340,263,1,1,1,603.43,2026-02-12,2026-02-27,new
69843ed90000000021033e89,特斯拉山东交付中心,特斯拉Model Y新年优惠炸场🧧,旧:曝10187/读1091/进9/开7/留3,8924,934,9,7,3,1045.09,Δ曝-1263/Δ读-157/Δ进0/Δ开0/Δ留0,2026-09-24→2026-02-24,diff
698e90730000000016008c91,TESLA -笑笑,谁懂啊！新款黑标Model 3帅到失语,旧:曝3529/读445/进0/开0/留0,1547,160,0,0,0,102.89,Δ曝-1982/Δ读-285/Δ进0/Δ开0/Δ留0,2026-09-24→2026-03-04,diff
698d9b230000000028008510,特斯拉洋子（包全国）,多地上新补补，来看Model3提车所需费用！,旧:曝7470/读1117/进0/开0/留0,975,90,0,0,0,62.83,Δ曝-6495/Δ读-1027/Δ进0/Δ开0/Δ留0,2026-09-24→2026-02-23,diff
6988a161000000001a035f96,特斯拉 开开,实拍海洋蓝Model 3💙确实惊艳到了☑️,旧:曝7607/读1031/进2/开1/留1,5032,589,2,1,1,388.8,Δ曝-2575/Δ读-442/Δ进0/Δ开0/Δ留0,2026-09-24→2026-02-27,diff
697eb50e0000000028022697,特斯拉购车攻略官-珊珊,🔥特斯拉🈷️供2k+比打车还香？打工人算哭了…,旧:曝12698/读980/进6/开5/留2,10784,739,6,5,2,1089.25,Δ曝-1914/Δ读-241/Δ进0/Δ开0/Δ留0,2026-09-24→2026-03-01,diff
697c5a3b000000002102ae87,天津特斯拉-小颖,Model 3不仅是座驾，更是你的「移动小窝」,旧:曝5052/读420/进5/开4/留2,3230,282,5,4,2,523.76,Δ曝-1822/Δ读-138/Δ进0/Δ开0/Δ留0,2026-09-24→2026-02-25,diff
69844faf000000000a02f696,特斯拉长泰,2月Model 3真香来袭，无压力带回家💰,旧:曝7461/读641/进1/开1/留0,6364,471,1,1,0,439.82,Δ曝-1097/Δ读-170/Δ进0/Δ开0/Δ留0,2026-09-24→2026-02-28,diff
6982c2b800000000220218b8,台州临海银泰特斯拉,算完月供我立马下单（内附省💰公式）,旧:曝6977/读462/进2/开1/留0,6129,416,2,1,0,664.83,Δ曝-848/Δ读-46/Δ进0/Δ开0/Δ留0,2026-09-24→2026-02-27,diff
698ea1be000000001b014c98,特斯拉 力川,26年买Model Y，这思路清晰得可怕！,旧:曝39115/读6852/进1/开0/留0,4887,728,1,0,0,141.42,Δ曝-34228/Δ读-6124/Δ进0/Δ开0/Δ留0,2026-09-24→2026-02-23,diff
698443fc000000000c036cc1,特斯拉小成🍊,安徽现在买特斯拉能立省几个W！速进,旧:曝6756/读596/进8/开6/留1,6030,473,8,6,1,960.07,Δ曝-726/Δ读-123/Δ进0/Δ开0/Δ留0,2026-09-24→2026-02-24,diff
697c446b0000000022023318,特斯拉七七77,特斯拉首付45900起拿下❗️7年超低息真的香哭,旧:曝8127/读5758/进18/开8/留2,6583,226,18,8,2,1006.41,Δ曝-1544/Δ读-5532/Δ进0/Δ开0/Δ留0,2026-09-24→2026-02-21,diff
69846b55000000001a034697,特斯拉阿生（全国置换版,预算20个，不内耗的女生冲Model 3,旧:曝15491/读2761/进1/开0/留0,12649,2274,1,0,0,108.19,Δ曝-2842/Δ读-487/Δ进0/Δ开0/Δ留0,2026-09-24→2026-03-01,diff
698488b30000000021033c63,威海特斯拉001号选手,(库中无此笔记→将新建),,902,56,1,1,0,132.53,2026-02-12,2026-02-18,new
698219e4000000001a03297f,特斯拉长沙向姐🌸,2月，白色的Model Y，23万多开回家过新年,旧:曝9101/读1140/进8/开7/留4,5124,603,8,7,4,1006.63,Δ曝-3977/Δ读-537/Δ进0/Δ开0/Δ留0,2026-09-24→2026-02-25,diff
6974a2aa0000000021030cc6,Tesla吃吃｜全国可订🚗,‼️听劝！Model 3这价真的不用再等了🚗,旧:曝10433/读1184/进7/开3/留1,8604,946,7,3,1,814.5,Δ曝-1829/Δ读-238/Δ进0/Δ开0/Δ留0,2026-09-24→2026-03-03,diff
698b31ff000000001a0338b2,特斯拉金华| 露娜,特斯拉新购补贴最高12000 速来,旧:曝20682/读2385/进7/开7/留1,19018,2085,7,7,1,1027.84,Δ曝-1664/Δ读-300/Δ进0/Δ开0/Δ留0,2026-09-24→2026-02-25,diff
6984a63c000000000a033bcf,重生之我在长春卖特斯拉,(库中无此笔记→将新建),,9305,933,11,10,8,1286.85,2026-02-12,2026-02-28,new
6989ca04000000001a030df4,特斯拉- CJ日记,实拍！是谁会选海洋蓝的Model 3,旧:曝10462/读1475/进0/开0/留0,4691,690,0,0,0,127.64,Δ曝-5771/Δ读-785/Δ进0/Δ开0/Δ留0,2026-09-24→2026-02-26,diff
698c376a000000001d011b1f,特斯拉校草,Model 3 二月费用明细表📑建议码住,旧:曝15947/读2064/进1/开1/留0,4849,444,1,1,0,218.3,Δ曝-11098/Δ读-1620/Δ进0/Δ开0/Δ留0,2026-09-24→2026-02-23,diff
6987349b000000001a031e71,特斯拉Cyber峰（特靠谱版）,首付4.59w开Model Y！这购车思路直接抄作业,旧:曝50031/读7876/进10/开6/留2,31626,5032,10,6,2,1084.61,Δ曝-18405/Δ读-2844/Δ进0/Δ开0/Δ留0,2026-09-24→2026-03-20,diff
698c2a3d0000000028023aee,特斯拉沈阳万象城,(库中无此笔记→将新建),,3672,276,6,6,3,1022.47,2026-02-12,2026-02-24,new
698a8a9d000000000a029552,TESLA特斯拉世纪汇体验店,上海的看过来，Model Y抢年前现车,旧:曝6300/读691/进7/开7/留2,5669,620,7,7,2,1040.4,Δ曝-631/Δ读-71/Δ进0/Δ开0/Δ留0,2026-09-24→2026-02-23,diff
6981fc3d000000002103ea9f,常州特斯拉-小蒋,五月 第一波福利❗️特斯拉,旧:曝233243/读30638/进388/开345/留192,323362,42152,611,551,319,41603.86,Δ曝90119/Δ读11514/Δ进223/Δ开206/Δ留127,2026-09-24→2026-09-28,diff
6975e6ab000000000c034de0,Hi 特斯拉的小鹿,8k保险补回归！第一个冲的～🈷️共1800提车,旧:曝11633/读1363/进8/开7/留4,10015,1081,8,7,4,1012.78,Δ曝-1618/Δ读-282/Δ进0/Δ开0/Δ留0,2026-09-24→2026-04-29,diff
698581fe000000000a028e38,特斯拉tesla星星,2026购车指南🔥费用明细+隐藏补补全拆解,旧:曝3951/读364/进0/开0/留0,1991,136,0,0,0,224.58,Δ曝-1960/Δ读-228/Δ进0/Δ开0/Δ留0,2026-09-24→2026-02-24,diff
69855051000000000e03c22b,特斯拉合肥的圆圆大王,ModelY保姆级购车攻略🔧看完买车不迷路🚥,旧:曝6291/读814/进7/开4/留1,3121,277,7,4,1,579.5,Δ曝-3170/Δ读-537/Δ进0/Δ开0/Δ留0,2026-09-24→2026-02-28,diff
697f6edd000000002103e9f0,特斯拉巧巧在湖北,2月份定Y L来看，原来听人劝吃饱饭是真的,旧:曝9647/读1767/进7/开6/留3,9259,1690,7,6,3,1048.52,Δ曝-388/Δ读-77/Δ进0/Δ开0/Δ留0,2026-09-24→2026-02-24,diff
697984050000000028008938,特斯拉福建交付中心,特斯拉｜2026年Model 3保险补回归！,旧:曝10701/读1264/进2/开1/留1,9508,1128,2,1,1,393.82,Δ曝-1193/Δ读-136/Δ进0/Δ开0/Δ留0,2026-09-24→2026-03-01,diff
698a9823000000001a0350d9,Tesla林涛,实拍！谁能扛住海洋蓝Model 3的颜值✨,旧:曝3343/读406/进1/开0/留0,2232,228,1,0,0,154.33,Δ曝-1111/Δ读-178/Δ进0/Δ开0/Δ留0,2026-09-24→2026-02-25,diff
69742509000000000a03cb45,特斯拉 萱萱,算了，我先买特斯拉3了！🚗,旧:曝13559/读1977/进9/开7/留4,5132,549,9,7,4,1024.71,Δ曝-8427/Δ读-1428/Δ进0/Δ开0/Δ留0,2026-09-24→2026-02-25,diff
697b50cb000000000b01314a,Tesla椰子🥥(特斯拉全国可提,2026 model3落地分享！,旧:曝93025/读8524/进40/开34/留20,89112,7747,40,34,20,4039.26,Δ曝-3913/Δ读-777/Δ进0/Δ开0/Δ留0,2026-09-24→2026-04-22,diff
6988317a000000001d010d3e,卖特斯拉的潮汕小妮（车主版）,打工人4.59w 提3和y费用明细！清清楚楚～,旧:曝19090/读2102/进7/开4/留3,13323,1256,7,4,3,1007.35,Δ曝-5767/Δ读-846/Δ进0/Δ开0/Δ留0,2026-09-24→2026-03-02,diff
697c4c72000000002200883c,特斯拉美少女momo,提车了，ModelY费用明细一览📝,旧:曝17089/读2374/进4/开2/留0,13180,1612,4,2,0,1058.43,Δ曝-3909/Δ读-762/Δ进0/Δ开0/Δ留0,2026-09-24→2026-03-08,diff
69872bba000000002801ed99,特斯拉｜东东,Model Y，20W家用无敌？,旧:曝7452/读1525/进0/开0/留0,4651,1155,0,0,0,48.19,Δ曝-2801/Δ读-370/Δ进0/Δ开0/Δ留0,2026-09-24→2026-03-01,diff
6979c8a9000000002202f989,特斯拉皮皮,2月特斯拉Model Y💰价格攻略｜老销售帮你算,旧:曝9688/读1212/进10/开7/留1,6636,761,10,7,1,1078.74,Δ曝-3052/Δ读-451/Δ进0/Δ开0/Δ留0,2026-09-24→2026-02-27,diff
6982c0f3000000000c037493,大雪在特斯拉都干啥,(库中无此笔记→将新建),,18913,2006,3,2,1,998.46,2026-02-12,2026-03-07,new
698d861e000000000a03e481,杭州萧山特斯拉中心,3月Model 3香炸，日供60拿下了！,旧:曝14357/读7183/进21/开10/留3,8049,492,21,10,3,899.76,Δ曝-6308/Δ读-6691/Δ进0/Δ开0/Δ留0,2026-09-24→2026-09-27,diff
69842f60000000001a035ce0,特斯拉百科全苏丨全国可订🚗,开走特斯拉Model 3？🈷️供比打车还便宜！🔥,旧:曝9552/读764/进5/开4/留3,8752,695,5,4,3,1002.32,Δ曝-800/Δ读-69/Δ进0/Δ开0/Δ留0,2026-09-24→2026-03-09,diff
6985c293000000000a03e9e0,Haha同学在特斯拉,把我整兴奋了！！Model 3这个价格太值了,旧:曝21760/读3695/进3/开2/留1,18509,3095,3,2,1,413.91,Δ曝-3251/Δ读-600/Δ进0/Δ开0/Δ留0,2026-09-24→2026-07-29,diff
6983147e0000000022009054,卖特斯拉的吴百万,特斯拉销售掏心窝：Model3这波补贴真·闭眼入,旧:曝13080/读949/进7/开6/留3,12333,866,7,6,3,1006.52,Δ曝-747/Δ读-83/Δ进0/Δ开0/Δ留0,2026-09-24→2026-02-23,diff
688f33770000000022023147,特斯拉Yoki特努力,十月焕新Y太猛了，干到23w了？？？,旧:曝264540/读37847/进304/开260/留150,2,0,0,0,0,0,Δ曝-264538/Δ读-37847/Δ进-304/Δ开-260/Δ留-150,2026-09-24→2026-03-02,diff
6935a33d000000000d03636c,特斯拉店长-小菏,开Model 3半年，我的生活有哪些变化？,旧:曝39641/读8973/进5/开3/留0,1,0,0,0,0,0,Δ曝-39640/Δ读-8973/Δ进-5/Δ开-3/Δ留0,2026-09-24→2026-02-17,diff
698841b0000000001a01f8d0,特斯拉 涛涛 TAO,特斯拉 Model 3烈焰红，红的让人心动💓,旧:曝6743/读4732/进18/开8/留0,4485,64,18,8,0,1000.27,Δ曝-2258/Δ读-4668/Δ进0/Δ开0/Δ留0,2026-09-24→2026-02-18,diff
69735f43000000001a026077,常州特斯拉-欣子,星钻黑焕新Y 这颜值直接焊在审美上,旧:曝10830/读1604/进3/开1/留0,9286,1351,3,1,0,420.89,Δ曝-1544/Δ读-253/Δ进0/Δ开0/Δ留0,2026-09-24→2026-03-03,diff
6985ffec000000000a03256b,温州特斯拉中心｜千千,model3➕烈焰红，看看多少落地回家过年👀,旧:曝18164/读2494/进9/开4/留2,14408,1788,9,4,2,1000.8,Δ曝-3756/Δ读-706/Δ进0/Δ开0/Δ留0,2026-09-24→2026-02-28,diff
697c504b0000000028009cab,特斯拉TESLA-蛋黄派,因为综合实力入了Model Y，25w+直接香到跺脚,旧:曝9235/读1134/进9/开5/留2,7513,901,9,5,2,1020.95,Δ曝-1722/Δ读-233/Δ进0/Δ开0/Δ留0,2026-09-24→2026-02-22,diff
697caede000000002203a8e7,临沂特斯拉的服务员🤖,特斯拉Model Y 二月份这样买能省下这么多？！,旧:曝11489/读1415/进6/开1/留0,9509,1310,6,1,0,672.61,Δ曝-1980/Δ读-105/Δ进0/Δ开0/Δ留0,2026-09-24→2026-02-27,diff
698eced6000000001503ab5d,特斯拉校草,15万预算买车？别将就，真的可以选特斯拉！,旧:曝3664/读432/进0/开0/留0,651,34,0,0,0,0.34,Δ曝-3013/Δ读-398/Δ进0/Δ开0/Δ留0,2026-09-24→2026-03-10,diff
69902e78000000001d025ddf,特斯拉校草,ModelY L第一批提车的，欢迎提问,旧:曝7024/读1256/进0/开0/留0,767,94,0,0,0,0.94,Δ曝-6257/Δ读-1162/Δ进0/Δ开0/Δ留0,2026-09-24→2026-02-23,diff
698b22ca0000000015023d29,济南特斯拉主理人,26年Model 3济南买车思路，清晰得可怕！,旧:曝24813/读3927/进10/开9/留3,7334,1029,10,9,3,546.13,Δ曝-17479/Δ读-2898/Δ进0/Δ开0/Δ留0,2026-09-24→2026-03-03,diff
69954bd1000000001d01249e,济南特斯拉主理人,8w入手 | Model 3提车了才知道有多香,旧:曝13335/读2129/进0/开0/留0,4244,687,0,0,0,185.69,Δ曝-9091/Δ读-1442/Δ进0/Δ开0/Δ留0,2026-09-24→2026-03-03,diff
6991d584000000001a02599f,糖酸酸🍬开特斯拉,2460月供提Model 3，我要冲了,旧:曝3101/读397/进0/开0/留0,127,15,0,0,0,0.15,Δ曝-2974/Δ读-382/Δ进0/Δ开0/Δ留0,2026-09-24→2026-02-23,diff
698ecc7d000000001a023841,Tesla特斯拉-毛豆,新款Model 3会是你今年的目标吗？,旧:曝5302/读638/进0/开0/留0,647,46,0,0,0,0.47,Δ曝-4655/Δ读-592/Δ进0/Δ开0/Δ留0,2026-09-24→2026-02-23,diff
6995df6d000000000a03fcd5,特斯拉尼克,打工人新年等不了了，Model Y日供74,旧:曝19164/读3302/进0/开0/留0,1001,60,0,0,0,0.6,Δ曝-18163/Δ读-3242/Δ进0/Δ开0/Δ留0,2026-09-24→2026-02-23,diff
69969a1c000000001a037fb2,特斯拉｜东东,马年新春买Model 3，这思路清晰得可怕！,旧:曝36551/读6197/进2/开2/留0,3584,405,2,2,0,200.62,Δ曝-32967/Δ读-5792/Δ进0/Δ开0/Δ留0,2026-09-24→2026-03-03,diff
6996af75000000000a02d0ad,Haha同学在特斯拉,兴奋了！！日供82拿下Model 3,旧:曝185182/读26200/进1/开1/留1,7609,1044,1,1,1,372.87,Δ曝-177573/Δ读-25156/Δ进0/Δ开0/Δ留0,2026-09-24→2026-03-03,diff
698eee42000000000b010a0c,Haha同学在特斯拉,Model Y落地价：24.35W，还有机会,旧:曝52831/读9097/进25/开21/留11,26352,4454,25,21,11,1802.15,Δ曝-26479/Δ读-4643/Δ进0/Δ开0/Δ留0,2026-09-24→2026-03-12,diff
69980efb000000001a02790e,特斯拉尼克,2月买车月！Model Y L每个月 2896 开走,旧:曝226433/读39658/进5/开5/留2,39621,7777,9,8,2,990.07,Δ曝-186812/Δ读-31881/Δ进4/Δ开3/Δ留0,2026-09-24→2026-09-28,diff
69950fec000000001a0255fe,特斯拉｜东东,我呆了😳，Model Y：2224月供,旧:曝23699/读4127/进1/开1/留1,3539,523,1,1,1,105.21,Δ曝-20160/Δ读-3604/Δ进0/Δ开0/Δ留0,2026-09-24→2026-03-01,diff
69896559000000000e03e897,Tesla 鱼仔吖,特斯拉｜女生10w拿下Model YL🎀,旧:曝3349/读402/进1/开1/留0,836,44,1,1,0,0.44,Δ曝-2513/Δ读-358/Δ进0/Δ开0/Δ留0,2026-09-24→2026-02-23,diff
699673090000000028020131,特斯拉合肥交付中心,传说中的全能王 | Model Y只要？？w,旧:曝12809/读1947/进0/开0/留0,907,110,0,0,0,1.1,Δ曝-11902/Δ读-1837/Δ进0/Δ开0/Δ留0,2026-09-24→2026-02-23,diff
6995b56a000000001a01c22a,Tesla_Selina,打工人购车｜Model 3 分享,旧:曝12165/读1686/进0/开0/留0,678,22,0,0,0,0.22,Δ曝-11487/Δ读-1664/Δ进0/Δ开0/Δ留0,2026-09-24→2026-02-23,diff
698dccdc000000000e00e967,哈莉（特斯拉分身）,大家收到通知了吗？🖤Model Y月供2.2k,旧:曝4592/读578/进0/开0/留0,804,63,0,0,0,0.63,Δ曝-3788/Δ读-515/Δ进0/Δ开0/Δ留0,2026-09-24→2026-02-23,diff
6992a612000000001a02f76f,哈莉（特斯拉分身）,🧨7w拿下！！新年烈艳红Model Y,旧:曝6935/读1026/进0/开0/留0,1111,119,0,0,0,1.28,Δ曝-5824/Δ读-907/Δ进0/Δ开0/Δ留0,2026-09-24→2026-02-23,diff
69947678000000001a030c32,哈莉（特斯拉分身）,2月特斯拉能省4w！！真的假的？！,旧:曝12242/读1894/进0/开0/留0,976,58,0,0,0,0.58,Δ曝-11266/Δ读-1836/Δ进0/Δ开0/Δ留0,2026-09-24→2026-02-23,diff
69980ecb000000000a030357,Tesla_Selina,特斯拉Model Y最新落地，爱了,旧:曝327964/读65455/进7/开7/留5,159643,34515,8,8,6,1881.51,Δ曝-168321/Δ读-30940/Δ进1/Δ开1/Δ留1,2026-09-24→2026-09-28,diff
698f1f9b000000000b00bc53,Tesla-晨璐（努力工作版）,特斯拉Model Y ｜2月政策：这样买立省1W+！,旧:曝2933/读342/进1/开1/留1,732,76,1,1,1,165.26,Δ曝-2201/Δ读-266/Δ进0/Δ开0/Δ留0,2026-09-24→2026-02-25,diff
698ee183000000001d0102df,特斯拉上海交付中心,20万车型里，Model 3应该没对手吧？,旧:曝10509/读3611/进1/开0/留0,1699,78,1,0,0,0.76,Δ曝-8810/Δ读-3533/Δ进0/Δ开0/Δ留0,2026-09-24→2026-02-23,diff
6991b5d8000000001600a6e4,特斯拉Tesla｜江江,Model Y L🚗 30W+山东落地明细,旧:曝3432/读270/进0/开0/留0,1321,122,0,0,0,1.23,Δ曝-2111/Δ读-148/Δ进0/Δ开0/Δ留0,2026-09-24→2026-02-23,diff
698e987c000000001a02bf86,特斯拉洋子（包全国）,春节假期不等了，提车！Model Y日供102,旧:曝3722/读493/进0/开0/留0,806,73,0,0,0,0.78,Δ曝-2916/Δ读-420/Δ进0/Δ开0/Δ留0,2026-09-24→2026-02-23,diff
698d392d000000001a0251bc,特斯拉洋子（包全国）,2月新政已爆，👋付7.99W拿下Model Y,旧:曝17797/读2077/进7/开6/留5,10752,1092,9,7,6,1042.36,Δ曝-7045/Δ读-985/Δ进2/Δ开1/Δ留1,2026-09-24→2026-08-06,diff
69941061000000001a02bbec,TESLA 李嘉嘉,👋付5W 每月1819开走！！！太炸裂！！,旧:曝4225/读414/进1/开1/留0,1058,40,1,1,0,0.4,Δ曝-3167/Δ读-374/Δ进0/Δ开0/Δ留0,2026-09-24→2026-02-23,diff
6993ff640000000028021d35,TESLA 李嘉嘉,新春全家游，Model Y L入手太明智,旧:曝18765/读3480/进0/开0/留0,864,80,0,0,0,0.8,Δ曝-17901/Δ读-3400/Δ进0/Δ开0/Δ留0,2026-09-24→2026-02-23,diff
6990757900000000280223ce,TESLA 李嘉嘉,8w拿下，每月1819就能开Model 3,旧:曝10777/读1311/进1/开0/留0,1096,75,1,0,0,0.75,Δ曝-9681/Δ读-1236/Δ进0/Δ开0/Δ留0,2026-09-24→2026-02-23,diff
698df9620000000028008ba9,TESLA 李嘉嘉,26年焕新Y！98年上班族24W+拿下🤩,旧:曝2875/读287/进1/开1/留0,726,51,1,1,0,0.51,Δ曝-2149/Δ读-236/Δ进0/Δ开0/Δ留0,2026-09-24→2026-02-23,diff
6993e46b000000001a02f8fa,特斯拉MoMo,你见过 3985月供的Model Y L吗？,旧:曝105982/读16854/进2/开1/留0,2555,450,2,1,0,4.59,Δ曝-103427/Δ读-16404/Δ进0/Δ开0/Δ留0,2026-09-24→2026-02-24,diff
699477d5000000001a02030e,特斯拉茉茉美少女,25w内最佳选项：Model Y,旧:曝36780/读6158/进0/开0/留0,1203,144,0,0,0,1.44,Δ曝-35577/Δ读-6014/Δ进0/Δ开0/Δ留0,2026-09-24→2026-02-23,diff
6992a665000000001a02508b,特斯拉茉茉美少女,太猛了！！日供70提走Model Y🧨,旧:曝55378/读13811/进22/开11/留3,17775,2756,22,11,3,627.68,Δ曝-37603/Δ读-11055/Δ进0/Δ开0/Δ留0,2026-09-24→2026-03-05,diff
698fd907000000001a02bb42,特斯拉茉茉美少女,月供1.8k拿下！！珍珠白Model 3🤍,旧:曝5078/读644/进0/开0/留0,1140,81,0,0,0,0.99,Δ曝-3938/Δ读-563/Δ进0/Δ开0/Δ留0,2026-09-24→2026-02-23,diff
698ec0da000000001a02632a,特斯拉阿生（全国置换版,刚工作不久的90后，8万👋付拿下,旧:曝3227/读263/进1/开1/留1,915,50,1,1,1,179.5,Δ曝-2312/Δ读-213/Δ进0/Δ开0/Δ留0,2026-09-24→2026-02-23,diff
698c5052000000000e00dae6,特斯拉阿生（全国置换版,用10W，开Model Y L回家过年爽歪歪！,旧:曝3484/读375/进1/开1/留1,1361,154,1,1,1,180.54,Δ曝-2123/Δ读-221/Δ进0/Δ开0/Δ留0,2026-09-24→2026-02-25,diff
698be64c0000000015038af8,特斯拉剪刀布,(库中无此笔记→将新建),,2249,338,1,1,1,182.38,2026-02-19,2026-02-23,new
698d3df0000000001d01267c,特斯拉剪刀布,(库中无此笔记→将新建),,568,11,0,0,0,0.11,2026-02-19,2026-02-23,new
698d3ec0000000001503af7f,特斯拉剪刀布,(库中无此笔记→将新建),,2508,378,1,1,0,46.67,2026-02-19,2026-04-02,new
6996a073000000001a027e88,特斯拉Yoki特努力,让我不内耗了！Model 3：1788月供,旧:曝48589/读7968/进16/开12/留7,13925,2093,16,12,7,776.83,Δ曝-34664/Δ读-5875/Δ进0/Δ开0/Δ留0,2026-09-24→2026-03-12,diff
698d439c000000001b017807,特斯拉邮递员子枫,现在Model Y L多少能入？看完冲动了！,旧:曝12449/读1953/进0/开0/留0,698,69,0,0,0,0.69,Δ曝-11751/Δ读-1884/Δ进0/Δ开0/Δ留0,2026-09-24→2026-02-23,diff
698d4457000000001b017bb7,特斯拉邮递员子枫,月薪6K，养Model 3有压力吗？,旧:曝18484/读3432/进0/开0/留0,4598,835,0,0,0,8.36,Δ曝-13886/Δ读-2597/Δ进0/Δ开0/Δ留0,2026-09-24→2026-02-24,diff
69888465000000000a028ee2,Model体验官一凡,二月浮力💥1.8k拿下Model 3,旧:曝4173/读487/进0/开0/留0,826,68,0,0,0,0.68,Δ曝-3347/Δ读-419/Δ进0/Δ开0/Δ留0,2026-09-24→2026-02-23,diff
6985e478000000000b0122a2,Model体验官一凡,男女老少进来！日供60+开Model 3,旧:曝3464/读332/进0/开0/留0,565,18,0,0,0,0.18,Δ曝-2899/Δ读-314/Δ进0/Δ开0/Δ留0,2026-09-24→2026-02-23,diff
69919504000000001d011260,特斯拉 力川,二十来万，“六边形战士”太值了！,旧:曝16941/读3357/进0/开0/留0,256,25,0,0,0,0.25,Δ曝-16685/Δ读-3332/Δ进0/Δ开0/Δ留0,2026-09-24→2026-02-23,diff
69955552000000001b01f16a,特斯拉 力川,8万拿下珍珠白Model 3，攻略如下,旧:曝29503/读4872/进0/开0/留0,2215,403,0,0,0,4.03,Δ曝-27288/Δ读-4469/Δ进0/Δ开0/Δ留0,2026-09-24→2026-02-24,diff
6987f453000000001a037c33,特斯拉杭州交付中心,新年到了！8万拿下dream car🚗！！！,旧:曝5641/读739/进0/开0/留0,715,40,0,0,0,0.4,Δ曝-4926/Δ读-699/Δ进0/Δ开0/Δ留0,2026-09-24→2026-02-23,diff
6986ba17000000001a01eac5,特斯拉杭州交付中心,20w预算，冲Model 3 5️⃣个理由！,旧:曝3349/读322/进0/开0/留0,648,22,0,0,0,0.22,Δ曝-2701/Δ读-300/Δ进0/Δ开0/Δ留0,2026-09-24→2026-02-23,diff
698ddd0b000000000a029051,Model体验官一凡,2月Model 3活动太猛了！月供1.9k开走,旧:曝5683/读458/进1/开1/留1,1983,146,1,1,1,165.96,Δ曝-3700/Δ读-312/Δ进0/Δ开0/Δ留0,2026-09-24→2026-02-23,diff
698d3a5b000000001503297d,特斯拉体验官Leo,Model Y新春政策，入手不后悔,旧:曝10672/读2183/进0/开0/留0,878,103,0,0,0,1.07,Δ曝-9794/Δ读-2080/Δ进0/Δ开0/Δ留0,2026-09-24→2026-02-23,diff
698d304b0000000015033fa1,天津特斯拉-小颖,8w开走Model 3！天津姐妹别错过！,旧:曝7445/读1070/进4/开4/留2,2371,258,4,4,2,492.47,Δ曝-5074/Δ读-812/Δ进0/Δ开0/Δ留0,2026-09-24→2026-03-02,diff
698dc946000000001a037ada,特斯拉茉茉美少女,🧚🏻‍♀️我的Model3身材很曼妙,旧:曝4248/读447/进0/开0/留0,781,57,0,0,0,29.92,Δ曝-3467/Δ读-390/Δ进0/Δ开0/Δ留0,2026-09-24→2026-03-01,diff
699aa68f000000000903b048,特斯拉小成🍊,特斯拉Model Y L｜六座家用神车✨,旧:曝18245/读2934/进0/开0/留0,761,93,0,0,0,53.2,Δ曝-17484/Δ读-2841/Δ进0/Δ开0/Δ留0,2026-09-24→2026-02-24,diff
698e07bf000000001d026ef2,临沂特斯拉的服务员🤖,2月Model 3落地价明细｜落地价清晰版✨,旧:曝9006/读1019/进3/开3/留1,6369,684,3,3,1,432.06,Δ曝-2637/Δ读-335/Δ进0/Δ开0/Δ留0,2026-09-24→2026-04-30,diff
69856c590000000022032711,Tesla吃吃｜全国可订🚗,到店实拍｜特斯拉Model 3海洋蓝美到窒息🌊,旧:曝5794/读638/进0/开0/留0,3094,247,0,0,0,195.62,Δ曝-2700/Δ读-391/Δ进0/Δ开0/Δ留0,2026-09-24→2026-03-01,diff
69900dd9000000000a02e411,特斯拉tesla星星,人生第一辆车，月供2k拿下,旧:曝6543/读749/进5/开5/留3,3343,311,5,5,3,780.56,Δ曝-3200/Δ读-438/Δ进0/Δ开0/Δ留0,2026-09-24→2026-02-25,diff
6997265e00000000280088e0,特斯拉- CJ日记,一篇看懂2月入手Model 3到底合不合适,旧:曝14838/读1819/进5/开3/留3,8042,775,5,3,3,887.43,Δ曝-6796/Δ读-1044/Δ进0/Δ开0/Δ留0,2026-09-24→2026-02-27,diff
6996fd45000000002800b5cc,特斯拉 开开,海洋蓝真的太对味啦💙🚘月供1819拿下特斯拉,旧:曝4970/读347/进4/开4/留4,3740,215,4,4,4,610.47,Δ曝-1230/Δ读-132/Δ进0/Δ开0/Δ留0,2026-09-24→2026-02-27,diff
699afe960000000015023bc9,台州临海银泰特斯拉,停车场🅿️随处可见的Model Y,旧:曝7743/读1105/进2/开1/留1,4454,562,2,1,1,348.17,Δ曝-3289/Δ读-543/Δ进0/Δ开0/Δ留0,2026-09-24→2026-02-27,diff
699da0e8000000001a01d2fe,Tesla林涛,$noteTitle,旧:曝6138/读617/进4/开4/留3,4419,379,4,4,3,859.11,Δ曝-1719/Δ读-238/Δ进0/Δ开0/Δ留0,2026-09-24→2026-02-25,diff
699d73fd000000000a029e40,大雪在特斯拉都干啥,(库中无此笔记→将新建),,1691,117,1,0,0,61.48,2026-02-24,2026-02-27,new
699dc02c000000002801e7b5,特斯拉福建交付中心,特斯拉｜开工回血大安利！,旧:曝6062/读458/进0/开0/留0,5034,379,0,0,0,391.99,Δ曝-1028/Δ读-79/Δ进0/Δ开0/Δ留0,2026-09-24→2026-03-08,diff
6999851e000000001a0305be,特斯拉合肥的圆圆大王,选择Model Y大家后悔过吗，想听实话,旧:曝4712/读717/进3/开3/留0,2091,292,3,3,0,433.26,Δ曝-2621/Δ读-425/Δ进0/Δ开0/Δ留0,2026-09-24→2026-02-27,diff
69985fbf000000000a02f9cd,重生之我在长春卖特斯拉,(库中无此笔记→将新建),,2109,171,3,2,2,703.93,2026-02-24,2026-02-28,new
698d3a0c000000000e00cca9,,(库中无此笔记→将新建),,786,44,0,0,0,100.95,2026-02-25,2026-02-26,new
699dc1dd0000000022033eae,特斯拉长泰,想买特斯拉Model 3的，先看这篇👀,旧:曝5365/读623/进2/开2/留0,3757,390,2,2,0,352.31,Δ曝-1608/Δ读-233/Δ进0/Δ开0/Δ留0,2026-09-24→2026-03-01,diff
699e83a6000000002603e96c,特斯拉｜于仕霖,(库中无此笔记→将新建),,2749,168,1,1,0,410.3,2026-02-26,2026-02-27,new
69a12951000000002801e0a3,常州特斯拉-欣子,特斯拉常州销冠手把手给您算Model Y落地价！,旧:曝9836/读984/进3/开2/留2,7782,609,3,2,2,585.03,Δ曝-2054/Δ读-375/Δ进0/Δ开0/Δ留0,2026-09-24→2026-03-01,diff
699d3c210000000015030a1b,Tesla_Selina,提黑色Model 3落地价，太猛了！,旧:曝18394/读3348/进4/开3/留3,18071,3496,4,3,3,613.2,Δ曝-323/Δ读148/Δ进0/Δ开0/Δ留0,2026-09-24→2026-09-28,diff
6996de06000000001a0213be,特斯拉-小锦✨,为什么在哪都能看到Model Y？真相藏不住了,旧:曝4780/读488/进1/开0/留0,2638,267,1,0,0,119.03,Δ曝-2142/Δ读-221/Δ进0/Δ开0/Δ留0,2026-09-24→2026-03-12,diff
69990c1e000000001b016eeb,爱分享de小蔡（Tesla打工版）,家用电车闭眼选！Model Y L终于0西了✨,旧:曝5168/读773/进0/开0/留0,301,27,0,0,0,12.77,Δ曝-4867/Δ读-746/Δ进0/Δ开0/Δ留0,2026-09-24→2026-03-07,diff
698d3bf4000000001d011d58,特斯拉体验官Leo,95后独居男生，开Model 3是什么体验？,旧:曝86664/读21455/进4/开3/留0,100198,24098,5,4,0,832.63,Δ曝13534/Δ读2643/Δ进1/Δ开1/Δ留0,2026-09-24→2026-09-28,diff
698d4370000000000a03ecd6,77在特斯拉卖玩具车📔,特斯拉2026购车省麻了🔥官方+政府补贴全攻,旧:曝10996/读1110/进5/开3/留2,8410,890,5,3,2,1096.57,Δ曝-2586/Δ读-220/Δ进0/Δ开0/Δ留0,2026-09-24→2026-04-02,diff
69997df2000000001a03510c,特斯拉南京交付中心,交付中心春节交付Top1️⃣为何YL深得喜爱⁉️,旧:曝12012/读1638/进2/开2/留1,1933,184,2,2,1,153.12,Δ曝-10079/Δ读-1454/Δ进0/Δ开0/Δ留0,2026-09-24→2026-03-09,diff
69a271fe000000001a0274b5,特斯拉 开开,算落地没那么难💙Model 3费用明细已算清,旧:曝2166/读290/进0/开0/留0,31,1,0,0,0,8.68,Δ曝-2135/Δ读-289/Δ进0/Δ开0/Δ留0,2026-09-24→2026-02-27,diff
699f1403000000002800b7b7,特斯拉晶晶✨,新款Model3海洋蓝｜这才是特斯拉的颜值top,旧:曝62074/读11511/进2/开0/留0,8284,1506,2,0,0,266.76,Δ曝-53790/Δ读-10005/Δ进0/Δ开0/Δ留0,2026-09-24→2026-09-28,diff
698d2b6b000000002801d1c4,特斯拉💗小新（甜妹版）,特斯拉新政🔥7年低息+5年0息！,旧:曝8627/读862/进13/开7/留2,7699,743,13,7,2,1008.61,Δ曝-928/Δ读-119/Δ进0/Δ开0/Δ留0,2026-09-24→2026-03-14,diff
698c0053000000002801f76a,特斯拉新疆-黄小豆bean,拥有属于自己的第一辆车🚘特斯拉费用明细🙋,旧:曝10271/读1022/进6/开5/留3,7792,736,6,5,3,869.28,Δ曝-2479/Δ读-286/Δ进0/Δ开0/Δ留0,2026-09-24→2026-03-23,diff
699940d8000000001a021574,台州路桥特斯拉中心,新年新气象！整点红的！,旧:曝3763/读263/进5/开3/留0,3087,190,5,3,0,541.43,Δ曝-676/Δ读-73/Δ进0/Δ开0/Δ留0,2026-09-24→2026-03-12,diff
698ecdd0000000001d025925,特斯拉_丹仔,(库中无此笔记→将新建),,8682,1505,1,0,0,211.89,2026-02-27,2026-03-12,new
69a1410d000000000e03da86,特斯拉在重庆,随橙想呢，准备4.59w就可以拥有特斯拉！,旧:曝6937/读636/进7/开7/留4,5600,455,7,7,4,964.12,Δ曝-1337/Δ读-181/Δ进0/Δ开0/Δ留0,2026-09-24→2026-03-13,diff
69a270ff000000002602de9a,特斯拉长泰,3月买车月！Model Y L每个月＊＊＊开走🚗,旧:曝5882/读676/进3/开2/留0,4052,439,3,2,0,213.47,Δ曝-1830/Δ读-237/Δ进0/Δ开0/Δ留0,2026-09-24→2026-03-01,diff
699e599e0000000028020c21,特斯拉Yoki特努力,被问爆了，2026年青岛新购补补快问快答！,旧:曝31652/读5455/进7/开7/留4,19335,2974,10,9,6,962.85,Δ曝-12317/Δ读-2481/Δ进3/Δ开2/Δ留2,2026-09-24→2026-09-28,diff
698d96d0000000001a02f940,特斯拉 Tesla阿正,model y 24万提走！,旧:曝46676/读8372/进8/开4/留2,9268,1163,8,4,2,913.36,Δ曝-37408/Δ读-7209/Δ进0/Δ开0/Δ留0,2026-09-24→2026-03-12,diff
69990497000000001a01dee8,特斯拉Yoki特努力,2026入手Model Y太香了，首付7.99w月供2k➕！,旧:曝28347/读4292/进8/开5/留4,7316,818,8,5,4,508.81,Δ曝-21031/Δ读-3474/Δ进0/Δ开0/Δ留0,2026-09-24→2026-04-20,diff
698aae2c000000001d01344e,特斯拉青岛-土豆妈妈,❗️ 特斯拉这一波很香！ 🔥2026新能源补贴来,旧:曝14394/读2253/进16/开10/留5,7408,965,16,10,5,671.88,Δ曝-6986/Δ读-1288/Δ进0/Δ开0/Δ留0,2026-09-24→2026-03-10,diff
699aecfb000000001a02dc9e,Tesla 鱼仔吖,提特斯拉Model Y两年真实感受,旧:曝7077/读1241/进0/开0/留1,140,5,0,0,1,1.63,Δ曝-6937/Δ读-1236/Δ进0/Δ开0/Δ留0,2026-09-24→2026-02-27,diff
699a6592000000001a02ce26,Tesla 鱼仔吖,20秒沉浸式驾驶体验 | Model 3,旧:曝2516/读284/进0/开0/留0,49,2,0,0,0,0.26,Δ曝-2467/Δ读-282/Δ进0/Δ开0/Δ留0,2026-09-24→2026-02-27,diff
69929111000000001a02b89c,Tesla特斯拉小九,虽然眼馋冰箱彩电大沙发📺，还是提了特斯拉,旧:曝18380/读4139/进20/开19/留12,16378,3647,20,19,12,1587.87,Δ曝-2002/Δ读-492/Δ进0/Δ开0/Δ留0,2026-09-24→2026-03-22,diff
699a5adc000000001a024346,惠州惠城特斯拉中心,喜提Model Y✨女生的梦中情车终于到手,旧:曝12020/读1998/进5/开1/留1,16174,2660,5,1,1,721.49,Δ曝4154/Δ读662/Δ进0/Δ开0/Δ留0,2026-09-24→2026-09-28,diff
699db091000000000a02ea6d,杭州萧山特斯拉中心,开Model Y半年，我到底省了多少钱？,旧:曝171978/读35064/进3/开3/留3,87339,20088,4,4,4,1967.51,Δ曝-84639/Δ读-14976/Δ进1/Δ开1/Δ留1,2026-09-24→2026-09-28,diff
698d9e04000000001d010199,绍兴特斯拉-金中金🚗,白色Model 3后驱版补贴后落地只需要20w,旧:曝6746/读861/进5/开4/留2,4644,555,5,4,2,578.87,Δ曝-2102/Δ读-306/Δ进0/Δ开0/Δ留0,2026-09-24→2026-03-16,diff
699f0e22000000002203042a,特斯拉-伊林Elaine🎀,蓝牌特斯拉？！原来是大佬🤩🤩🤩,旧:曝3172/读368/进0/开0/留0,1991,250,0,0,0,166.39,Δ曝-1181/Δ读-118/Δ进0/Δ开0/Δ留0,2026-09-24→2026-03-17,diff
699d627f000000001503233b,常州特斯拉-小蒋,复工实录：和特斯拉一起开启富贵模式💰,旧:曝2506/读344/进3/开3/留1,1327,165,3,3,1,185.96,Δ曝-1179/Δ读-179/Δ进0/Δ开0/Δ留0,2026-09-24→2026-03-03,diff
699e94d5000000001a01ead8,Tesla｜小冯-全国可提车,🚝每月2263，0压力提车Model Y,旧:曝7577/读1050/进0/开0/留0,3256,365,0,0,0,187.22,Δ曝-4321/Δ读-685/Δ进0/Δ开0/Δ留0,2026-09-24→2026-07-16,diff
699e5a5b000000000e00c281,宁波特斯拉-海曙龙湖天街店,我等不了了，Model3：1918月供❓,旧:曝31808/读4683/进10/开9/留5,7409,918,10,9,5,1002.53,Δ曝-24399/Δ读-3765/Δ进0/Δ开0/Δ留0,2026-09-24→2026-03-09,diff
699ad832000000000e03d59a,Tesla king,初五返程记｜开Model 3后驱长续航,旧:曝33627/读7270/进1/开0/留0,3236,436,1,0,0,249.96,Δ曝-30391/Δ读-6834/Δ进0/Δ开0/Δ留0,2026-09-24→2026-03-13,diff
698c054a000000000a03e880,内蒙古特斯拉-莎莎,(库中无此笔记→将新建),,9455,948,5,1,0,828.65,2026-02-27,2026-05-08,new
69a27014000000000e00db3f,特斯拉福建交付中心,最近准备换啥车？这篇ModelYL购车思路给到你,旧:曝6471/读736/进0/开0/留0,3867,381,0,0,0,229.38,Δ曝-2604/Δ读-355/Δ进0/Δ开0/Δ留0,2026-09-24→2026-03-01,diff
699030e8000000001a0281bd,Tesla上海-芮妮,春节焕新车🚗首付4.59w 开走Model 3,旧:曝6612/读4975/进14/开7/留0,5483,88,14,7,0,760.32,Δ曝-1129/Δ读-4887/Δ进0/Δ开0/Δ留0,2026-09-24→2026-04-02,diff
69a2aa2c000000002603e0a1,励志卖十万台特斯拉的-盼盼🍞,23岁靠自己拿下Model 3，真挺爽的,旧:曝2391/读340/进0/开0/留0,594,40,0,0,0,21.71,Δ曝-1797/Δ读-300/Δ进0/Δ开0/Δ留0,2026-09-24→2026-02-28,diff
6996666b000000000a033a5d,特斯拉 可可,特斯拉海洋蓝驾到！！,旧:曝150354/读28573/进9/开4/留0,13067,2221,9,4,0,1004.07,Δ曝-137287/Δ读-26352/Δ进0/Δ开0/Δ留0,2026-09-24→2026-03-22,diff
6988af12000000001b0160b6,Tesla | 吴正豪,20w开走model3新车，我怎么做到的,旧:曝25837/读3909/进25/开21/留13,16072,2176,25,21,13,2253.17,Δ曝-9765/Δ读-1733/Δ进0/Δ开0/Δ留0,2026-09-24→2026-04-07,diff
697f23aa0000000021031ede,杨智能,烈焰红Model Y✨新年一路“红”运开回家！,旧:曝5998/读583/进2/开1/留1,5203,448,2,1,1,656.21,Δ曝-795/Δ读-135/Δ进0/Δ开0/Δ留0,2026-09-24→2026-03-14,diff
68da434e000000001101ccde,特斯拉阿生（全国置换版,假期直冲特斯拉，31.3W提了,旧:曝489892/读92603/进256/开221/留123,1,0,0,0,0,0,Δ曝-489891/Δ读-92603/Δ进-256/Δ开-221/Δ留-123,2026-09-24→2026-02-28,diff
699f185a00000000280227e1,🚗湖州吴兴特斯拉中心,Model Y 珍珠白｜干净耐看才是真高级✨,旧:曝17480/读2800/进2/开2/留2,10432,1665,2,2,2,518.32,Δ曝-7048/Δ读-1135/Δ进0/Δ开0/Δ留0,2026-09-24→2026-03-11,diff
699c27aa000000001a033e8f,杭州特斯拉-卡戴珊,特斯拉全国购车补补到底怎么拿才划算？,旧:曝7292/读668/进5/开3/留3,6280,570,5,3,3,559.76,Δ曝-1012/Δ读-98/Δ进0/Δ开0/Δ留0,2026-09-24→2026-03-08,diff
69a444eb000000001d024f53,Tesla_Selina,“2026国补”后，Model Y落地明细,旧:曝84079/读13337/进10/开8/留7,11466,1567,10,8,7,829.88,Δ曝-72613/Δ读-11770/Δ进0/Δ开0/Δ留0,2026-09-24→2026-04-14,diff
69a44b25000000001a0321ad,特斯拉茉茉美少女,Model 3太猛了！手付2.59w月供2k+开走,旧:曝424499/读72339/进378/开346/留223,370072,59764,405,369,236,30584.25,Δ曝-54427/Δ读-12575/Δ进27/Δ开23/Δ留13,2026-09-24→2026-09-28,diff
69a009570000000016009ad1,特斯拉体验官Leo,现在提Model Y L只要？？w，果断拿下,旧:曝22750/读4280/进5/开3/留2,13874,2722,5,3,2,508.22,Δ曝-8876/Δ读-1558/Δ进0/Δ开0/Δ留0,2026-09-24→2026-09-28,diff
69a2873f000000001a02c381,特斯拉洋子（包全国）,3月提车 | 26补补➕落地明细,旧:曝8439/读1298/进0/开0/留0,3473,490,0,0,0,80.61,Δ曝-4966/Δ读-808/Δ进0/Δ开0/Δ留0,2026-09-24→2026-03-26,diff
69a24b18000000001a032ebd,特斯拉阿生（全国置换版,3月 | Model 3补贴都有哪些变动？🔥,旧:曝12802/读2034/进9/开8/留7,8911,1389,9,8,7,647.77,Δ曝-3891/Δ读-645/Δ进0/Δ开0/Δ留0,2026-09-24→2026-04-14,diff
69a413f0000000001a01c637,特斯拉｜东东,合肥买车血赚！Model 3：1788月供,旧:曝25977/读4369/进3/开3/留2,5806,1035,3,3,2,494.48,Δ曝-20171/Δ读-3334/Δ进0/Δ开0/Δ留0,2026-09-24→2026-03-08,diff
69a41399000000000e03e042,特斯拉｜东东,月薪8千，5年0西拿下Model 3,旧:曝30509/读4543/进1/开1/留0,5229,771,1,1,0,176.17,Δ曝-25280/Δ读-3772/Δ进0/Δ开0/Δ留0,2026-09-24→2026-03-07,diff
69a399d80000000016009e66,常州特斯拉-小蒋,电车党冲啊！特斯拉补贴历史新低🚗💨,旧:曝12419/读1843/进9/开8/留3,10067,1425,9,8,3,623.51,Δ曝-2352/Δ读-418/Δ进0/Δ开0/Δ留0,2026-09-24→2026-03-04,diff
69a276c2000000002602fbec,Haha同学在特斯拉,2月Model 3香炸，日供60拿下了！,旧:曝9376/读1515/进0/开0/留0,3264,435,0,0,0,76.09,Δ曝-6112/Δ读-1080/Δ进0/Δ开0/Δ留0,2026-09-24→2026-04-02,diff
69992cd4000000000b010c26,杭州萧山特斯拉中心,Model Y黑武士，果然谁都逃不过啊❕,旧:曝48995/读9828/进5/开5/留3,23357,4846,7,6,3,701.69,Δ曝-25638/Δ读-4982/Δ进2/Δ开1/Δ留0,2026-09-24→2026-09-28,diff
699eef6c000000002602d3f5,杭州萧山特斯拉中心,特斯拉Model3活动太猛了！手付5w月供1.9K,旧:曝16304/读4326/进14/开7/留4,5857,332,14,7,4,866.41,Δ曝-10447/Δ读-3994/Δ进0/Δ开0/Δ留0,2026-09-24→2026-03-17,diff
69a3c600000000001a022d61,Tesla king,上海浦东特斯拉购车补贴攻略🔥5000元,旧:曝7521/读749/进4/开4/留2,5626,553,4,4,2,771.89,Δ曝-1895/Δ读-196/Δ进0/Δ开0/Δ留0,2026-09-24→2026-03-13,diff
69a1600d000000001a035e8a,惠州惠城特斯拉中心,谁懂啊！新款Model Y 实车也太能打了🚗,旧:曝15709/读2572/进9/开7/留0,4645,578,9,7,0,618.13,Δ曝-11064/Δ读-1994/Δ进0/Δ开0/Δ留0,2026-09-24→2026-09-22,diff
6999a3860000000015033070,特斯拉青岛-土豆妈妈,✅ 选Model Y白外白内的核心理由,旧:曝19408/读3853/进2/开0/留0,5181,994,2,0,0,338.13,Δ曝-14227/Δ读-2859/Δ进0/Δ开0/Δ留0,2026-09-24→2026-03-08,diff
69a69a57000000002801cf39,杭州特斯拉-卡戴珊,月薪5-6K也能开Model3【月供1819】！！,旧:曝11119/读1261/进7/开5/留2,9443,1084,7,5,2,441.64,Δ曝-1676/Δ读-177/Δ进0/Δ开0/Δ留0,2026-09-24→2026-03-31,diff
69a79d300000000015023a2b,绍兴特斯拉-金中金🚗,买车前必看！Model Y这6条政策让你少花3万🤑,旧:曝4995/读619/进3/开3/留2,3522,403,3,3,2,449.04,Δ曝-1473/Δ读-216/Δ进0/Δ开0/Δ留0,2026-09-24→2026-03-13,diff
69a3ad58000000001a02649b,特斯拉-小锦✨,Model 3蓝白黑，到底哪个颜色好啊~纠结中…,旧:曝15025/读2142/进5/开5/留2,7601,1022,5,5,2,675.71,Δ曝-7424/Δ读-1120/Δ进0/Δ开0/Δ留0,2026-09-24→2026-03-13,diff
69a7f85f000000001a021003,特斯拉南京交付中心,💰1819月供提Model 3，我要冲了,旧:曝16944/读1887/进9/开7/留3,11756,1343,9,7,3,898.1,Δ曝-5188/Δ读-544/Δ进0/Δ开0/Δ留0,2026-09-24→2026-04-02,diff
69a39828000000001600985b,爱分享de小蔡（Tesla打工版）,为什么我坚定选择Model 3黑色车漆？,旧:曝114681/读21662/进15/开8/留0,5705,185,15,8,0,997.4,Δ曝-108976/Δ读-21477/Δ进0/Δ开0/Δ留0,2026-09-24→2026-04-29,diff
69a6cfab000000002801ccd1,特斯拉新疆-黄小豆bean,谁能来帮我算清特斯拉🙋🙋🙋,旧:曝4855/读565/进1/开1/留1,891,61,1,1,1,43.9,Δ曝-3964/Δ读-504/Δ进0/Δ开0/Δ留0,2026-09-24→2026-03-13,diff
69a81cd4000000001a02bb86,特斯拉在重庆,不装了！现在日供75即可获得你的旅游搭子,旧:曝1203/读81/进1/开1/留0,482,20,1,1,0,42.42,Δ曝-721/Δ读-61/Δ进0/Δ开0/Δ留0,2026-09-24→2026-03-13,diff
69a6d04d000000001a02d501,特斯拉晶晶✨,不说废话，教你20w直接开走model3！,旧:曝52433/读6388/进85/开55/留38,93344,10325,152,113,75,10438.81,Δ曝40911/Δ读3937/Δ进67/Δ开58/Δ留37,2026-09-24→2026-09-28,diff
69a939d10000000015031a4f,特斯拉体验官Leo,闭眼提Model 3，日供仅63元？,旧:曝1632/读182/进0/开0/留0,215,22,0,0,0,2.97,Δ曝-1417/Δ读-160/Δ进0/Δ开0/Δ留0,2026-09-24→2026-04-02,diff
69a6733e000000002602c195,内蒙古特斯拉-莎莎,(库中无此笔记→将新建),,1874,162,2,1,0,193.1,2026-03-04,2026-03-16,new
69a19da5000000001d02557e,小林的特斯拉日记,2026年3月特斯拉Model 3限时钜惠重磅上线🔥,旧:曝33517/读6573/进11/开6/留3,16300,2891,11,6,3,1025.43,Δ曝-17217/Δ读-3682/Δ进0/Δ开0/Δ留0,2026-09-24→2026-03-08,diff
699f9f97000000001a024a94,特斯拉高新万达体验店,2026青岛购车补贴✨可爱精简快问快答,旧:曝12418/读1424/进7/开5/留0,10400,1128,7,5,0,861.89,Δ曝-2018/Δ读-296/Δ进0/Δ开0/Δ留0,2026-09-24→2026-03-14,diff
69a6ac160000000022022cef,宁波特斯拉 (鄞州万达店),初二刚提！特斯拉费用就这些,旧:曝17807/读2451/进13/开11/留7,15108,1967,13,11,7,1288.4,Δ曝-2699/Δ读-484/Δ进0/Δ开0/Δ留0,2026-09-24→2026-03-22,diff
69a6d2a90000000022038e06,特斯拉-伊林Elaine🎀,月入5k也能轻松开Model 3✨ 香到跺脚！,旧:曝10272/读1035/进4/开1/留3,8403,763,4,1,3,840.81,Δ曝-1869/Δ读-272/Δ进0/Δ开0/Δ留0,2026-09-24→2026-03-25,diff
69a41828000000002203a9b4,特斯拉-金琪（江西认证顾问）,开了一年Model 3，有些话不得不说…,旧:曝32795/读5146/进2/开0/留0,4851,657,2,0,0,223.3,Δ曝-27944/Δ读-4489/Δ进0/Δ开0/Δ留0,2026-09-24→2026-03-19,diff
69a5aa21000000000d00befb,哈莉（特斯拉分身）,Model Y两大更新！值不值得买？,旧:曝135367/读31602/进18/开7/留2,21196,1260,39,27,16,1954.72,Δ曝-114171/Δ读-30342/Δ进21/Δ开20/Δ留14,2026-09-24→2026-09-28,diff
69a17c23000000001a01f3b7,特斯拉Yoki特努力,3月，真兴奋了！日供60元🍚拿下Model 3！,旧:曝8113/读2074/进2/开1/留2,3867,266,2,1,2,214.08,Δ曝-4246/Δ读-1808/Δ进0/Δ开0/Δ留0,2026-09-24→2026-04-20,diff
69a6497e000000001a02232d,特斯拉Yoki特努力,你见过1788月供的Model 3吗？,旧:曝8869/读1148/进1/开1/留0,2339,237,1,1,0,144.62,Δ曝-6530/Δ读-911/Δ进0/Δ开0/Δ留0,2026-09-24→2026-04-02,diff
69a41c37000000002602d220,丽水莲都特斯拉中心,🆘特斯拉这波我不允许还有人不知道！！,旧:曝2663/读156/进1/开0/留0,2503,138,1,0,0,227.67,Δ曝-160/Δ读-18/Δ进0/Δ开0/Δ留0,2026-09-24→2026-03-19,diff
69a00cd8000000001502111e,特斯拉剪刀布,(库中无此笔记→将新建),,12137,2402,2,1,0,483.81,2026-03-05,2026-03-18,new
69a93b75000000001503a5da,特斯拉剪刀布,(库中无此笔记→将新建),,5409,862,3,2,0,274.17,2026-03-05,2026-04-02,new
69a79c1d000000001a02860b,Tesla特斯拉海岛日记,女生首车攻略：高颜值Model Y 24w+拿下！,旧:曝8779/读1283/进4/开3/留2,4464,496,4,3,2,224.48,Δ曝-4315/Δ读-787/Δ进0/Δ开0/Δ留0,2026-09-24→2026-03-18,diff
69a82ab5000000001a02bc60,特斯拉阿生（全国置换版,算完这笔账，我果断选了Model 3🧾,旧:曝6286/读941/进2/开1/留0,5382,907,2,1,0,102.94,Δ曝-904/Δ读-34/Δ进0/Δ开0/Δ留0,2026-09-24→2026-09-17,diff
69a392080000000022020ceb,养刺猬的阿正🦔,(库中无此笔记→将新建),,5083,664,3,1,0,179.44,2026-03-05,2026-03-19,new
69a5180b000000001a028b50,特斯拉杭州交付中心,等不了了，Model Y L：2896月供,旧:曝58475/读9850/进13/开8/留4,18275,2938,13,8,4,1592.67,Δ曝-40200/Δ读-6912/Δ进0/Δ开0/Δ留0,2026-09-24→2026-07-22,diff
6997e9c1000000001503b4ac,特斯拉小齐在长春,特斯拉白内到底能不能选 有朋友给个建议嘛,旧:曝4570/读730/进0/开0/留0,2176,378,0,0,0,68.08,Δ曝-2394/Δ读-352/Δ进0/Δ开0/Δ留0,2026-09-24→2026-03-19,diff
69a8fac1000000001600a6a6,扬州特斯拉🚗｜高欣阳,三月政策大全，正义大鼠标带回家吧,旧:曝5474/读505/进6/开5/留4,4377,386,6,5,4,962.08,Δ曝-1097/Δ读-119/Δ进0/Δ开0/Δ留0,2026-09-24→2026-04-20,diff
699dabdf000000000b0132ff,Model体验官一凡,2月开年！Model Y给我大惊喜⚡️,旧:曝14337/读2418/进4/开4/留2,1894,233,4,4,2,262.9,Δ曝-12443/Δ读-2185/Δ进0/Δ开0/Δ留0,2026-09-24→2026-03-16,diff
69a14954000000001b01c450,特斯拉邮递员子枫,买得起Model 3，那你养得起吗？,旧:曝529109/读83752/进5/开0/留0,11710,2369,5,0,0,168.52,Δ曝-517399/Δ读-81383/Δ进0/Δ开0/Δ留0,2026-09-24→2026-03-19,diff
69a1ca16000000000e03e074,特斯拉老曹,(库中无此笔记→将新建),,5184,564,1,1,0,429.77,2026-03-05,2026-03-21,new
69a446bd000000001d025a7f,特斯拉尼克,真等不了了！黒色Model 3月1.7k+开走！,旧:曝29345/读5258/进8/开6/留3,34256,6612,8,6,4,1084.74,Δ曝4911/Δ读1354/Δ进0/Δ开0/Δ留1,2026-09-24→2026-09-28,diff
69a15438000000001503988d,特斯拉校草,0息！！无痛拿下Model 3！,旧:曝8205/读913/进1/开1/留1,4479,387,1,1,1,242.33,Δ曝-3726/Δ读-526/Δ进0/Δ开0/Δ留0,2026-09-24→2026-03-21,diff
69a7153c000000002801e064,特斯拉Tesla-悠悠（全国可提）,2026年买model3到底要花多少💰？,旧:曝138912/读26269/进35/开28/留13,46264,7030,35,28,13,2711.97,Δ曝-92648/Δ读-19239/Δ进0/Δ开0/Δ留0,2026-09-24→2026-04-16,diff
6991a7d8000000000a03fbe6,TESLA特斯拉璐璐（全国可提）,特斯拉Model 3｜这价格闭眼冲！,旧:曝13131/读2070/进1/开1/留0,4858,612,1,1,0,345.22,Δ曝-8273/Δ读-1458/Δ进0/Δ开0/Δ留0,2026-09-24→2026-03-19,diff
69a24dc3000000002603cdd5,Tesla特斯拉-毛豆,3月入Model 3真的不要犹豫太久！！,旧:曝21341/读3092/进12/开8/留4,18205,2576,12,8,4,1427.81,Δ曝-3136/Δ读-516/Δ进0/Δ开0/Δ留0,2026-09-24→2026-04-24,diff
69a2f2eb000000001a02ed06,TESLA特斯拉-千赫（全国可提),26年3月提新车｜烈焰红Model3 4.59W开走🚗,旧:曝9752/读2092/进3/开1/留1,5144,1081,3,1,1,219.65,Δ曝-4608/Δ读-1011/Δ进0/Δ开0/Δ留0,2026-09-24→2026-04-20,diff
69a3e7d70000000015023a4e,济南特斯拉主理人,买Model Y L的有人选了星光金吗？,旧:曝13298/读2785/进0/开0/留0,5106,1145,0,0,0,165.17,Δ曝-8192/Δ读-1640/Δ进0/Δ开0/Δ留0,2026-09-24→2026-04-02,diff
69a3a4a4000000000e03fb1e,糖酸酸🍬开特斯拉,8W拿下丨没有人能够拒绝银色轿跑,旧:曝116269/读23037/进10/开5/留2,69247,14733,10,5,2,1456.58,Δ曝-47022/Δ读-8304/Δ进0/Δ开0/Δ留0,2026-09-24→2026-03-22,diff
699f04db000000001b01d25c,济南特斯拉主理人,济南补6k后，Model YL六座到底香不香？,旧:曝8811/读1479/进4/开4/留3,1902,195,4,4,3,342.07,Δ曝-6909/Δ读-1284/Δ进0/Δ开0/Δ留0,2026-09-24→2026-03-16,diff
69a1a2a8000000001d01041f,济南特斯拉主理人,济南3月Model Y落地，月薪5k轻松入手！,旧:曝13446/读2259/进2/开2/留1,954,104,2,2,1,197.53,Δ曝-12492/Δ读-2155/Δ进0/Δ开0/Δ留0,2026-09-24→2026-03-15,diff
69a041cd000000002303b5ea,Hi 特斯拉的小鹿,等三月特斯拉zhengce的-看这篇就够了,旧:曝25173/读4090/进6/开6/留1,21546,3442,6,6,1,885.76,Δ曝-3627/Δ读-648/Δ进0/Δ开0/Δ留0,2026-09-24→2026-03-27,diff
69a1916c00000000150393b7,特斯拉-小杨（全国可订）,特斯拉Model YL六座｜现在入手=抄底！直省5w+,旧:曝20406/读3307/进5/开4/留0,3809,629,5,4,0,751.88,Δ曝-16597/Δ读-2678/Δ进0/Δ开0/Δ留0,2026-09-24→2026-03-22,diff
69a79c8c0000000023038108,Haha同学在特斯拉,特斯拉Model Y真的太适合新手开了！,旧:曝48265/读8268/进3/开1/留0,2251,361,3,1,0,155.37,Δ曝-46014/Δ读-7907/Δ进0/Δ开0/Δ留0,2026-09-24→2026-03-11,diff
69a5a46c000000002202f727,Haha同学在特斯拉,Model Y提车3个月，欢迎提问,旧:曝147658/读24804/进8/开4/留2,12193,2304,8,4,2,456.11,Δ曝-135465/Δ读-22500/Δ进0/Δ开0/Δ留0,2026-09-24→2026-04-20,diff
69985129000000000b01193b,特斯拉Aoran,爱上Model3的十个瞬间⚡️,旧:曝23713/读5011/进12/开8/留0,8405,1579,12,8,0,1015.39,Δ曝-15308/Δ读-3432/Δ进0/Δ开0/Δ留0,2026-09-24→2026-03-16,diff
69a40e9500000000280204fe,特斯拉合肥交付中心,为什么这么多人会选择Model Y？,旧:曝35001/读6994/进2/开2/留1,16494,3857,2,2,1,425.94,Δ曝-18507/Δ读-3137/Δ进0/Δ开0/Δ留0,2026-09-24→2026-03-19,diff
69a42680000000001a032cd7,温州特斯拉Tesla小娴🐳,🔥特斯拉3🈷️福🌰大放送！,旧:曝5655/读510/进9/开8/留1,4858,391,9,8,1,792.54,Δ曝-797/Δ读-119/Δ进0/Δ开0/Δ留0,2026-09-24→2026-03-18,diff
699673860000000015023b56,特斯拉无敌小洛在此,(库中无此笔记→将新建),,1005,93,0,0,0,44.32,2026-03-08,2026-03-19,new
69a06103000000001a02b307,特斯拉认证顾问湖北黄琳,特斯拉 2026 年 3 月优惠视频讲解,旧:曝92525/读21712/进13/开7/留2,9546,1054,13,7,2,1013.73,Δ曝-82979/Δ读-20658/Δ进0/Δ开0/Δ留0,2026-09-24→2026-03-19,diff
69a2f54e0000000022033b96,特斯拉宇佳美少女,手付7w+拿下Model 3!!  通勤好搭子🥳,旧:曝7953/读1161/进3/开2/留2,6674,947,3,2,2,433.96,Δ曝-1279/Δ读-214/Δ进0/Δ开0/Δ留0,2026-09-24→2026-03-24,diff
69a644ee000000001d012672,特斯拉的羊毛,成都特斯拉 3🈷️🔥本月蕞后时间‼️,旧:曝5130/读514/进14/开13/留4,4442,462,14,13,4,1058.02,Δ曝-688/Δ读-52/Δ进0/Δ开0/Δ留0,2026-09-24→2026-03-17,diff
69a8f4db0000000028021a3f,太原特斯拉-佳妮🚗,怎么不早说啊！特斯拉，悦供仅1k+！🔥,旧:曝5744/读747/进5/开1/留0,4091,553,5,1,0,278.79,Δ曝-1653/Δ读-194/Δ进0/Δ开0/Δ留0,2026-09-24→2026-03-19,diff
699e6303000000001a02a63a,特斯拉MoMo,3月Model Y L买车思路，清晰得可怕！,旧:曝50414/读9553/进3/开3/留2,10718,2081,3,3,2,704.32,Δ曝-39696/Δ读-7472/Δ进0/Δ开0/Δ留0,2026-09-24→2026-04-20,diff
69a1074d000000002602e6c4,温州特斯拉-Tesla小凯,特斯拉3月份政策已出，老板们可以看过来啦,旧:曝8537/读1011/进1/开1/留0,4585,558,1,1,0,269.87,Δ曝-3952/Δ读-453/Δ进0/Δ开0/Δ留0,2026-09-24→2026-03-21,diff
699faa18000000000d00a6ae,特斯拉金华| 露娜,浙江2026 3月特斯拉购车｜政策+落地价,旧:曝31744/读4359/进18/开17/留8,14575,1887,18,17,8,1953.18,Δ曝-17169/Δ读-2472/Δ进0/Δ开0/Δ留0,2026-09-24→2026-04-07,diff
69a1b52f000000001a01c392,Tesla小许同学,21w多拿下Model 3！南京用车党狂喜💥,旧:曝5768/读643/进9/开9/留5,5035,560,9,9,5,1018.67,Δ曝-733/Δ读-83/Δ进0/Δ开0/Δ留0,2026-09-24→2026-03-16,diff
69a18c17000000000e00d14c,烟台特斯拉种草站,🚗 Model Y｜黑武士🖤 vs 白月光🤍,旧:曝7535/读1232/进1/开1/留1,5108,845,1,1,1,187.54,Δ曝-2427/Δ读-387/Δ进0/Δ开0/Δ留0,2026-09-24→2026-03-19,diff
69aa4ea1000000001a033d12,特斯拉洋子（包全国）,特斯拉还是油车，很多人没算过这笔账🚗,旧:曝2203/读222/进0/开0/留0,312,35,0,0,0,3.53,Δ曝-1891/Δ读-187/Δ进0/Δ开0/Δ留0,2026-09-24→2026-03-26,diff
69ace32f000000002800845b,特斯拉茉茉美少女,女生第一台车！！🌸日供60拿下Model 3,旧:曝13679/读2236/进3/开2/留1,9355,1549,3,2,1,355.28,Δ曝-4324/Δ读-687/Δ进0/Δ开0/Δ留0,2026-09-24→2026-03-21,diff
69ace558000000001d0123c6,杨智能,人生第一辆车，选它没错🚘💡,旧:曝3532/读296/进3/开2/留1,2956,248,3,2,1,353.49,Δ曝-576/Δ读-48/Δ进0/Δ开0/Δ留0,2026-09-24→2026-03-17,diff
69a960d9000000002801f63a,特斯拉💗小新（甜妹版）,特斯拉Model YL实测｜星光金色太惊艳！,旧:曝2887/读469/进0/开0/留0,950,98,0,0,0,61.95,Δ曝-1937/Δ读-371/Δ进0/Δ开0/Δ留0,2026-09-24→2026-03-14,diff
69a8f072000000000d008dfe,特斯拉 Tesla阿正,2026特斯拉政策大起底！省3.5万不是梦！,旧:曝2244/读215/进0/开0/留0,1645,148,0,0,0,104.98,Δ曝-599/Δ读-67/Δ进0/Δ开0/Δ留0,2026-09-24→2026-03-12,diff
69afaa27000000000c01569b,特斯拉Yoki特努力,5月，青岛提Model Y，给我大惊喜！,旧:曝93864/读13596/进111/开96/留64,79030,10419,111,96,64,7622.06,Δ曝-14834/Δ读-3177/Δ进0/Δ开0/Δ留0,2026-09-24→2026-05-29,diff
69aea94d000000001a025500,特斯拉Yoki特努力,"5月，青岛提Model 3,简直香迷糊了！",旧:曝44954/读7550/进31/开27/留18,22525,3208,32,28,18,2173.38,Δ曝-22429/Δ读-4342/Δ进1/Δ开1/Δ留0,2026-09-24→2026-06-22,diff
69ae39b9000000002801c03b,特斯拉Yoki特努力,等不了了，Model Y L：2896月供,旧:曝34548/读6278/进6/开6/留3,9189,1862,6,6,3,574.43,Δ曝-25359/Δ读-4416/Δ进0/Δ开0/Δ留0,2026-09-24→2026-04-20,diff
69aabe14000000001a0374ec,特斯拉Yoki特努力,3月Model 3实在太香了，首付2w月供2k开走！,旧:曝9955/读1633/进1/开1/留0,2816,507,1,1,0,177.67,Δ曝-7139/Δ读-1126/Δ进0/Δ开0/Δ留0,2026-09-24→2026-03-11,diff
69ab9086000000000e00fda7,特斯拉新疆-黄小豆bean,提车日记📝沉浸式拆封新车,旧:曝5079/读673/进0/开0/留0,652,74,0,0,0,88.23,Δ曝-4427/Δ读-599/Δ进0/Δ开0/Δ留0,2026-09-24→2026-03-15,diff
69a98f990000000028020eb8,🚗湖州吴兴特斯拉中心,算账帖✨Model 3后驱现在落地到底多少💰？,旧:曝14151/读1472/进2/开2/留2,5767,636,2,2,2,489.12,Δ曝-8384/Δ读-836/Δ进0/Δ开0/Δ留0,2026-09-24→2026-03-21,diff
69a94c9f00000000160095a6,特斯拉_丹仔,(库中无此笔记→将新建),,22224,3839,6,2,1,797.17,2026-03-10,2026-03-21,new
69a7c854000000001a03708f,台州路桥特斯拉中心,超级小陈的换车日记📝,旧:曝5542/读624/进0/开0/留0,4555,444,0,0,0,494.57,Δ曝-987/Δ读-180/Δ进0/Δ开0/Δ留0,2026-09-24→2026-04-28,diff
69aad508000000002800a767,Tesla上海-芮妮,沉浸式看车 | 体验全新烈焰红Model 3,旧:曝9406/读2218/进5/开0/留0,1029,36,5,0,0,310.45,Δ曝-8377/Δ读-2182/Δ进0/Δ开0/Δ留0,2026-09-24→2026-03-13,diff
69aa401a000000002303bbd2,Haha同学在特斯拉,在小红书跟风最成功的一次🖤,旧:曝14405/读2583/进6/开5/留1,721,61,6,5,1,347,Δ曝-13684/Δ读-2522/Δ进0/Δ开0/Δ留0,2026-09-24→2026-03-14,diff
69a956e80000000022021cf1,杭州萧山特斯拉中心,Model Y提车3个月，欢迎提问,旧:曝63113/读10912/进3/开2/留1,5487,733,3,2,1,302.74,Δ曝-57626/Δ读-10179/Δ进0/Δ开0/Δ留0,2026-09-24→2026-03-25,diff
69aab6c6000000000e03e719,特斯拉高新万达体验店,关于model3｜20多万闭眼入的纯电轿车,旧:曝61849/读8376/进2/开0/留0,3034,400,2,0,0,186.11,Δ曝-58815/Δ读-7976/Δ进0/Δ开0/Δ留0,2026-09-24→2026-03-12,diff
69a8e426000000002800bbf2,特斯拉高新万达体验店,✅ 女生选Model Y白外白内，真的闭眼冲,旧:曝528/读65/进0/开0/留0,80,9,1,1,0,3.23,Δ曝-448/Δ读-56/Δ进1/Δ开1/Δ留0,2026-09-24→2026-03-10,diff
69ad7960000000002603048d,Tesla椰子🥥(特斯拉全国可提,被问爆了，2026年深圳补补快问快答！,旧:曝8044/读1248/进7/开6/留5,7573,1174,7,6,5,594.7,Δ曝-471/Δ读-74/Δ进0/Δ开0/Δ留0,2026-09-24→2026-04-20,diff
69a930dc0000000022038bce,Tesla椰子🥥(特斯拉全国可提,女生选车别纠结‼️闭眼冲特斯拉就对了✨,旧:曝2370/读317/进1/开1/留0,1941,259,1,1,0,123.53,Δ曝-429/Δ读-58/Δ进0/Δ开0/Δ留0,2026-09-24→2026-04-02,diff
69a8f3bf0000000023039650,Tesla椰子🥥(特斯拉全国可提,提车啦✨Model Y星光金真的美到我心巴上,旧:曝2573/读382/进2/开2/留0,1886,276,2,2,0,186.64,Δ曝-687/Δ读-106/Δ进0/Δ开0/Δ留0,2026-09-24→2026-03-19,diff
69aff555000000000601c3ef,Tesla｜小冯-全国可提车,2026 | 拿下Model Y需要多少钱？,旧:曝6544/读766/进2/开1/留1,3217,334,2,1,1,297.51,Δ曝-3327/Δ读-432/Δ进0/Δ开0/Δ留0,2026-09-24→2026-04-02,diff
69aa2859000000001b01c5f5,济南特斯拉主理人,济南3月2026焕新款特斯拉model3落地价来喽,旧:曝65154/读11194/进63/开55/留38,57306,9389,63,55,38,4168.63,Δ曝-7848/Δ读-1805/Δ进0/Δ开0/Δ留0,2026-09-24→2026-09-07,diff
69acd366000000002202e512,杭州萧山特斯拉中心,2026年Model Y L买车思路，清晰得可怕！,旧:曝15149/读4621/进14/开7/留2,3824,197,14,7,2,404.62,Δ曝-11325/Δ读-4424/Δ进0/Δ开0/Δ留0,2026-09-24→2026-04-20,diff
69aab2b1000000002602c789,杭州萧山特斯拉中心,2026年Model Y 2大更新！值不值得买？,旧:曝429380/读49458/进2/开1/留1,2578,186,2,1,1,197.65,Δ曝-426802/Δ读-49272/Δ进0/Δ开0/Δ留0,2026-09-24→2026-03-13,diff
69a96faa000000001a02fa18,特斯拉｜东东,爽爽爽！付6.09w，Model Y：2.2k月供,旧:曝17520/读2534/进7/开5/留4,10060,1455,7,5,4,776.59,Δ曝-7460/Δ读-1079/Δ进0/Δ开0/Δ留0,2026-09-24→2026-04-22,diff
69ad3e6c000000001b01cd17,Tesla_Selina,3月，🦋喜提 24w+ Model Y 犒劳自己,旧:曝37422/读5591/进9/开7/留4,7776,1024,9,7,4,780.73,Δ曝-29646/Δ读-4567/Δ进0/Δ开0/Δ留0,2026-09-24→2026-09-18,diff
69aa2f09000000001a02bd1b,特斯拉-小锦✨,毕业即提车！如何0压力拿下特斯拉Model 3？,旧:曝6373/读751/进1/开0/留0,3008,293,1,0,0,204.75,Δ曝-3365/Δ读-458/Δ进0/Δ开0/Δ留0,2026-09-24→2026-03-12,diff
69af7b25000000002801f551,特斯拉-小锦✨,特斯拉这个大6座特别在哪？一篇给你讲清楚,旧:曝3309/读438/进0/开0/留0,400,39,0,0,0,8.84,Δ曝-2909/Δ读-399/Δ进0/Δ开0/Δ留0,2026-09-24→2026-03-12,diff
69a814d0000000000e00e09f,糖酸酸🍬开特斯拉,25-30w预算 | Model Y提车作业,旧:曝2087/读190/进0/开0/留0,851,72,0,0,0,23.63,Δ曝-1236/Δ读-118/Δ进0/Δ开0/Δ留0,2026-09-24→2026-04-01,diff
69acebc6000000001d010758,特斯拉校草,$noteTitle,旧:曝2748/读395/进5/开5/留5,1814,275,5,5,5,102.72,Δ曝-934/Δ读-120/Δ进0/Δ开0/Δ留0,2026-09-24→2026-04-20,diff
69b255d9000000000902369e,Tesla特斯拉小九,突击检查！特斯拉员工自己都开什么车??,旧:曝2651/读334/进0/开0/留0,2004,217,0,0,0,189.85,Δ曝-647/Δ读-117/Δ进0/Δ开0/Δ留0,2026-09-24→2026-04-02,diff
69ac3e0e000000002800bd6d,TESLA特斯拉-千赫（全国可提),Model Y 24W入手 还划算吗？,旧:曝6832/读820/进3/开3/留1,4851,545,3,3,1,343.86,Δ曝-1981/Δ读-275/Δ进0/Δ开0/Δ留0,2026-09-24→2026-04-20,diff
69b11ab60000000015038afe,🚗特斯拉陈震Sam,Model 3/Y限时双补8000元！手慢无⚠️,旧:曝2574/读233/进0/开0/留0,1837,147,0,0,0,130.49,Δ曝-737/Δ读-86/Δ进0/Δ开0/Δ留0,2026-09-24→2026-03-19,diff
69a29ef7000000001a01ea48,小管的特斯拉日记📔,雨天开特斯拉Model Y必看！99%的人都忽略的,旧:曝30213/读5909/进0/开0/留0,274,43,0,0,0,8.26,Δ曝-29939/Δ读-5866/Δ进0/Δ开0/Δ留0,2026-09-24→2026-03-19,diff
699e8ec2000000001a01d011,特斯拉一鸣,开年王炸！Model Y落地价太香了🔥,旧:曝3373/读330/进1/开0/留0,1812,154,1,0,0,301.94,Δ曝-1561/Δ读-176/Δ进0/Δ开0/Δ留0,2026-09-24→2026-03-19,diff
69a5215c000000001a033b18,特斯拉奶爸~啊新 （全国可定）,特斯拉3月购车浮力🔥准备入手的朋友速看,旧:曝2472/读267/进1/开1/留0,681,67,1,1,0,129.59,Δ曝-1791/Δ读-200/Δ进0/Δ开0/Δ留0,2026-09-24→2026-03-19,diff
69ad8430000000001a0328ce,TESLA特斯拉-千赫（全国可提),阳光下的Model YL 质感我给满分💯,旧:曝6961/读1269/进0/开0/留0,2408,445,0,0,0,55.81,Δ曝-4553/Δ读-824/Δ进0/Δ开0/Δ留0,2026-09-24→2026-04-02,diff
69b02c110000000005033539,老表在特斯拉,3月｜广西Model Y国补后落地价,旧:曝4104/读652/进0/开0/留0,1135,78,0,0,0,86.62,Δ曝-2969/Δ读-574/Δ进0/Δ开0/Δ留0,2026-09-24→2026-03-19,diff
69ac3355000000000e03ebfa,特斯拉Tesla-悠悠（全国可提）,3月政策新出炉！特斯拉model3落地明细,旧:曝8023/读943/进6/开6/留3,6254,680,6,6,3,798.09,Δ曝-1769/Δ读-263/Δ进0/Δ开0/Δ留0,2026-09-24→2026-05-09,diff
69aec26f000000002603308b,宁波特斯拉 (鄞州万达店),有娃闭眼入，YL只要这个价,旧:曝5365/读851/进0/开0/留0,1490,246,0,0,0,108.1,Δ曝-3875/Δ读-605/Δ进0/Δ开0/Δ留0,2026-09-24→2026-03-17,diff
69a28214000000001a027bf1,特斯拉Tesla-悠悠（全国可提）,三月份在广东新购买特斯拉要花多少💰？,旧:曝22129/读3373/进18/开15/留7,20597,3083,18,15,7,988.05,Δ曝-1532/Δ读-290/Δ进0/Δ开0/Δ留0,2026-09-24→2026-03-21,diff
69a956e7000000000e03d6f5,特斯拉金华| 露娜,我能爱一辈子！特斯拉Model 3月供1788,旧:曝52669/读6628/进3/开3/留1,2071,265,3,3,1,260.4,Δ曝-50598/Δ读-6363/Δ进0/Δ开0/Δ留0,2026-09-24→2026-03-15,diff
69a99d32000000001a02870d,特斯拉金华| 露娜,家用唯一电车｜Model Y3个月6000km真心话,旧:曝9390/读1373/进11/开8/留6,5987,847,11,8,6,585.89,Δ曝-3403/Δ读-526/Δ进0/Δ开0/Δ留0,2026-09-24→2026-04-20,diff
69a45ef6000000001a02aa82,宁波特斯拉-海曙龙湖天街店,Model3提车🚗补贴完后20w不到车价,旧:曝716280/读153839/进943/开859/留457,850730,169662,1325,1212,688,76959.28,Δ曝134450/Δ读15823/Δ进382/Δ开353/Δ留231,2026-09-24→2026-09-28,diff
69aa4019000000001d0107bb,Tesla特斯拉-毛豆,3月买车月！Model Y L每个月只要？？？,旧:曝3925/读496/进0/开0/留0,563,71,0,0,0,6.56,Δ曝-3362/Δ读-425/Δ进0/Δ开0/Δ留0,2026-09-24→2026-03-21,diff
69a55fba000000001a029cde,TESLA特斯拉 雅雅,Model 3月供1759广州🧱属！,旧:曝12444/读1862/进7/开7/留2,7525,868,7,7,2,986.5,Δ曝-4919/Δ读-994/Δ进0/Δ开0/Δ留0,2026-09-24→2026-06-26,diff
69b01ca2000000001503ad14,特斯拉店长-小菏,油价四连涨😭还好我早买了特斯拉,旧:曝10792/读1648/进1/开1/留0,7944,1298,1,1,0,240.72,Δ曝-2848/Δ读-350/Δ进0/Δ开0/Δ留0,2026-09-24→2026-03-19,diff
69ac1d14000000001b016305,叻仔关关在特斯拉,月薪多少才敢冲特斯拉model3？,旧:曝10040/读1911/进0/开0/留0,5328,1039,0,0,0,226.27,Δ曝-4712/Δ读-872/Δ进0/Δ开0/Δ留0,2026-09-24→2026-03-19,diff
69ae7b2a000000001a01e7de,Tesla特斯拉小九,只有我觉得特斯拉拍照很出片吗？,旧:曝2571/读417/进1/开1/留0,1180,216,1,1,0,27.61,Δ曝-1391/Δ读-201/Δ进0/Δ开0/Δ留0,2026-09-24→2026-04-02,diff
69b24a40000000001b01e367,南昌王府井特斯拉销售阿超,江西抚州宝子集合！特斯拉双重补不炸场💰,旧:曝2099/读180/进1/开1/留1,971,66,1,1,1,74.2,Δ曝-1128/Δ读-114/Δ进0/Δ开0/Δ留0,2026-09-24→2026-04-20,diff
69a2cbbc000000001d026806,特斯拉上海交付中心,特斯拉新购补补来啦,旧:曝10333/读1964/进3/开2/留0,1565,78,3,2,0,251.37,Δ曝-8768/Δ读-1886/Δ进0/Δ开0/Δ留0,2026-09-24→2026-03-19,diff
69aedf5e0000000028008e11,绍兴特斯拉顾问｜荔枝,00后首车｜Model3还是Y⁉️价格+政策扒透✨,旧:曝5264/读807/进1/开1/留0,2044,195,1,1,0,175.38,Δ曝-3220/Δ读-612/Δ进0/Δ开0/Δ留0,2026-09-24→2026-03-19,diff
69ad827c000000002202ec22,Model体验官一凡,25w内最佳选项：Model Y,旧:曝8975/读1358/进1/开1/留1,2647,396,1,1,1,59.95,Δ曝-6328/Δ读-962/Δ进0/Δ开0/Δ留0,2026-09-24→2026-04-20,diff
69affaac000000002202f884,Model体验官一凡,别被“电车贵”骗了！🧮今天给你算笔账！,旧:曝193254/读28413/进2/开2/留2,10858,2106,2,2,2,152.82,Δ曝-182396/Δ读-26307/Δ进0/Δ开0/Δ留0,2026-09-24→2026-04-20,diff
69aa9021000000002202195b,Model体验官一凡,Model Y提车三个月，有问必答！,旧:曝41352/读7517/进6/开2/留0,3930,512,6,2,0,180.37,Δ曝-37422/Δ读-7005/Δ进0/Δ开0/Δ留0,2026-09-24→2026-04-02,diff
69a41dea0000000022032963,Model体验官一凡,喜提Model Y｜不敢发朋友圈系列,旧:曝41070/读7793/进7/开6/留3,21941,4183,7,6,3,365.27,Δ曝-19129/Δ读-3610/Δ进0/Δ开0/Δ留0,2026-09-24→2026-04-20,diff
699fb2e2000000000e00c004,特斯拉 涛涛 TAO,预算不够？2026 特斯拉Model Ygou车费用拆解,旧:曝3028/读410/进1/开0/留0,913,92,1,0,0,81.3,Δ曝-2115/Δ读-318/Δ进0/Δ开0/Δ留0,2026-09-24→2026-03-19,diff
69a985d1000000000e03ee00,特斯拉 Tesla_无敌沙拉,Model 3 五月购车明细表📑建议收藏,旧:曝107944/读17886/进4/开3/留0,4742,720,4,3,0,559.61,Δ曝-103202/Δ读-17166/Δ进0/Δ开0/Δ留0,2026-09-24→2026-09-28,diff
69a7e920000000001a02860c,TESLA 李嘉嘉,这下不内耗了！Model Y 月供2263,旧:曝3778/读440/进1/开1/留0,849,75,1,1,0,77.73,Δ曝-2929/Δ读-365/Δ进0/Δ开0/Δ留0,2026-09-24→2026-04-02,diff
69a70f2b000000000e03e653,TESLA 李嘉嘉,成都提车4-8k新购补！无旧车的进！,旧:曝2664/读337/进2/开2/留1,1415,182,2,2,1,228.54,Δ曝-1249/Δ读-155/Δ进0/Δ开0/Δ留0,2026-09-24→2026-04-02,diff
69a5337f000000002801c22a,TESLA 李嘉嘉,8w拿下 | 月1819入手Model 3轻轻松松,旧:曝3091/读351/进1/开1/留0,1099,103,1,1,0,127.19,Δ曝-1992/Δ读-248/Δ进0/Δ开0/Δ留0,2026-09-24→2026-03-17,diff
69a95e7f000000001d013a30,宁波鄞州特斯拉中心,终于把超酷飒的上海阿囡💞带回家！！！,旧:曝1949/读217/进0/开0/留0,599,42,0,0,0,33.1,Δ曝-1350/Δ读-175/Δ进0/Δ开0/Δ留0,2026-09-24→2026-03-19,diff
69b0f1b90000000023038d5e,养刺猬的阿正🦔,(库中无此笔记→将新建),,1170,154,4,1,0,157.53,2026-03-12,2026-04-02,new
69aa41ca0000000022020714,养刺猬的阿正🦔,(库中无此笔记→将新建),,446,28,0,0,0,69.7,2026-03-12,2026-04-02,new
69a99936000000000d00be25,特斯拉小金⚡摸鱼版,🚗 Model3三月炒底窗口期‼️,旧:曝3740/读307/进0/开0/留0,2428,185,0,0,0,208.55,Δ曝-1312/Δ读-122/Δ进0/Δ开0/Δ留0,2026-09-24→2026-03-19,diff
69a9430a000000002603c3fc,特斯拉-找鱼羊,Model 3 三月蕞优提车方案,旧:曝2533/读390/进0/开0/留0,391,30,0,0,0,21.89,Δ曝-2142/Δ读-360/Δ进0/Δ开0/Δ留0,2026-09-24→2026-03-19,diff
69873bee000000001a025176,慈溪特斯拉中心,3月特斯拉政策,旧:曝3653/读507/进2/开2/留2,976,80,2,2,2,119.14,Δ曝-2677/Δ读-427/Δ进0/Δ开0/Δ留0,2026-09-24→2026-03-19,diff
69ad043d000000001a02ca43,特斯拉tesla滴智能咯（全国）,(库中无此笔记→将新建),,421,55,0,0,0,8.1,2026-03-12,2026-03-21,new
69a8f262000000002203014d,Tesla 特斯拉 | Miller 小林,⚡️浦东福利暴击！1.5万个名额等你抢！,旧:曝1100/读104/进0/开0/留0,632,52,0,0,0,50.39,Δ曝-468/Δ读-52/Δ进0/Δ开0/Δ留0,2026-09-24→2026-03-19,diff
69a17a37000000002801f829,特斯拉深圳交付,兄弟，三月真的很香！！,旧:曝2277/读233/进2/开2/留0,1180,102,2,2,0,171.72,Δ曝-1097/Δ读-131/Δ进0/Δ开0/Δ留0,2026-09-24→2026-03-20,diff
69ae8667000000001a033ceb,特斯拉南京交付中心,每月只要2263，这样的Model Y你爱了吗,旧:曝7859/读884/进0/开0/留0,1844,183,0,0,0,77,Δ曝-6015/Δ读-701/Δ进0/Δ开0/Δ留0,2026-09-24→2026-04-02,diff
69a970c2000000001a02bf56,TESLA特斯拉-Mr. 🦁（全国可提),Model3 26年政策已更新,旧:曝333/读53/进0/开0/留0,183,19,0,0,0,5.44,Δ曝-150/Δ读-34/Δ进0/Δ开0/Δ留0,2026-09-24→2026-03-12,diff
69b0f8240000000009022263,特斯拉MoMo,Model Y L日供 133，六座大空间冲不冲？✨,旧:曝8216/读960/进0/开0/留0,1654,197,0,0,0,98.14,Δ曝-6562/Δ读-763/Δ进0/Δ开0/Δ留0,2026-09-24→2026-04-02,diff
69a91856000000001a02a942,特斯拉MoMo,3月真猛啊！特斯拉Model Y落地明细,旧:曝16750/读2650/进6/开5/留5,3316,446,6,5,5,506.81,Δ曝-13434/Δ读-2204/Δ进0/Δ开0/Δ留0,2026-09-24→2026-04-20,diff
69a5520c000000002801d7b0,特斯拉MoMo,Model 3：不是预告片，是你的宣传片,旧:曝73096/读13563/进16/开8/留3,5684,493,16,8,3,1181.98,Δ曝-67412/Δ读-13070/Δ进0/Δ开0/Δ留0,2026-09-24→2026-04-20,diff
69a03c87000000001a02040d,特斯拉杭州交付中心,我还等什么？Model Y：2224月供,旧:曝23105/读3190/进23/开21/留12,13199,1555,23,21,12,1572.2,Δ曝-9906/Δ读-1635/Δ进0/Δ开0/Δ留0,2026-09-24→2026-04-08,diff
699db89b000000001600819f,TESLA -笑笑,月💕5k也能开特斯拉？Model Y月贡惊呆我！🚗,旧:曝1083/读95/进0/开0/留0,454,31,0,0,0,33.96,Δ曝-629/Δ读-64/Δ进0/Δ开0/Δ留0,2026-09-24→2026-03-19,diff
69aa71f7000000001d027340,特斯拉tesla百元,4万+👋付就能提特斯拉Model 3！,旧:曝2021/读182/进2/开2/留0,1318,92,2,2,0,242.56,Δ曝-703/Δ读-90/Δ进0/Δ开0/Δ留0,2026-09-24→2026-03-19,diff
69a39a93000000002800b792,博文在特斯拉,特斯拉3月补贴💥最高立减4000,旧:曝3549/读326/进2/开2/留1,2600,224,2,2,1,314.04,Δ曝-949/Δ读-102/Δ进0/Δ开0/Δ留0,2026-09-24→2026-03-19,diff
69a168bd000000001a0274d5,嘉兴桐乡特斯拉中心,谁懂啊！3月份特斯拉最新政Ce,旧:曝4523/读554/进0/开0/留0,3637,414,0,0,0,159.33,Δ曝-886/Δ读-140/Δ进0/Δ开0/Δ留0,2026-09-24→2026-03-19,diff
69acd73e000000001a0326c5,宁波特斯拉-海曙龙湖天街店,紧急通知🚨 补帖加码🤩🤩 置19000 宁波过来,旧:曝4143/读622/进0/开0/留0,1107,93,0,0,0,185.02,Δ曝-3036/Δ读-529/Δ进0/Δ开0/Δ留0,2026-09-24→2026-03-16,diff
69aab5f1000000001a02d2c6,特斯拉｜小艺同学🚀（全国可提）,谁还没被Model3海洋蓝美到啊😭,旧:曝20309/读3526/进1/开1/留1,2974,509,1,1,1,171.98,Δ曝-17335/Δ读-3017/Δ进0/Δ开0/Δ留0,2026-09-24→2026-03-19,diff
69a9b06e000000001d024962,衢州柯城特斯拉中心,求问！现在如何入手特斯拉,旧:曝1566/读197/进0/开0/留0,438,32,0,0,0,21.38,Δ曝-1128/Δ读-165/Δ进0/Δ开0/Δ留0,2026-09-24→2026-03-19,diff
69ae7ecd000000002202e1e5,特斯拉海尔兄弟,8w预算闭眼冲！焕新Model Y太香了✨,旧:曝9733/读1135/进5/开4/留3,8356,951,5,4,3,745.8,Δ曝-1377/Δ读-184/Δ进0/Δ开0/Δ留0,2026-09-24→2026-04-20,diff
69a91ffb000000001a01f487,特斯拉-红,(库中无此笔记→将新建),,437,28,1,0,0,6.22,2026-03-13,2026-03-16,new
69aa38b9000000001a027038,特斯拉冰姐（全国可提）,🔥特斯拉3月王炸福利！老车主狂喜，新车主闭,旧:曝3384/读337/进0/开0/留0,1739,153,0,0,0,124.36,Δ曝-1645/Δ读-184/Δ进0/Δ开0/Δ留0,2026-09-24→2026-03-19,diff
69a42763000000001a02aa76,特斯拉-酥酥,(库中无此笔记→将新建),,602,56,0,0,0,5.23,2026-03-13,2026-03-19,new
69ac1ed70000000022033ba9,济南特斯拉分享官,(库中无此笔记→将新建),,6798,511,4,3,3,604.93,2026-03-13,2026-04-20,new
69b3f3af000000001b0234c6,烟台特斯拉种草站,🚗 3月山东买特斯拉全攻略！这篇建议收藏~,旧:曝4837/读579/进1/开1/留1,2142,154,1,1,1,323.55,Δ曝-2695/Δ读-425/Δ进0/Δ开0/Δ留0,2026-09-24→2026-03-20,diff
69b4325a000000002103b0fc,衢州柯城特斯拉中心,谁还没冲特斯拉Model 3这波浮力😭,旧:曝9595/读2662/进9/开3/留0,1403,47,9,3,0,408.14,Δ曝-8192/Δ读-2615/Δ进0/Δ开0/Δ留0,2026-09-24→2026-03-19,diff
69a632ef000000001a02db84,特斯拉一鸣,Model 3补补2.1w-2.6W震撼来袭！,旧:曝3832/读232/进2/开2/留2,3514,215,2,2,2,427.66,Δ曝-318/Δ读-17/Δ进0/Δ开0/Δ留0,2026-09-24→2026-03-19,diff
69aa8db1000000001d024f4a,特斯拉顾问小美🚗,特斯拉3月蕞新政策🔥老车主速看,旧:曝1716/读206/进1/开1/留1,944,88,1,1,1,114.4,Δ曝-772/Δ读-118/Δ进0/Δ开0/Δ留0,2026-09-24→2026-03-19,diff
69aba1b3000000001a030f05,烟台特斯拉种草站,🚗 月入5K也能开特斯拉？这篇攻略建议收藏！,旧:曝5026/读696/进0/开0/留0,1827,217,0,0,0,159.83,Δ曝-3199/Δ读-479/Δ进0/Δ开0/Δ留0,2026-09-24→2026-03-19,diff
69b60b30000000001e00e34c,特斯拉老曹,(库中无此笔记→将新建),,699,19,0,0,0,21.69,2026-03-15,2026-03-19,new
69ad7987000000001503345e,Tesla | 吴正豪,真金白银砸下去💸我的Model 3选购避坑指南！,旧:曝6800/读1046/进1/开1/留0,195,42,1,1,0,75.01,Δ曝-6605/Δ读-1004/Δ进0/Δ开0/Δ留0,2026-09-24→2026-03-22,diff
69aacea7000000001a031929,特斯拉老曹,(库中无此笔记→将新建),,237,10,0,0,0,8.74,2026-03-15,2026-03-19,new
69b67c48000000002103baa3,特斯拉尼克,23w+，买学霸Model Y实在太香！,旧:曝14255/读2183/进3/开2/留0,9522,1431,4,3,1,576.58,Δ曝-4733/Δ读-752/Δ进1/Δ开1/Δ留1,2026-09-24→2026-09-28,diff
69ad3eab000000001b01ce93,特斯拉尼克,太强！付6.09w+→月供1.7k→开走Model 3,旧:曝4271/读467/进0/开0/留0,1760,160,0,0,0,136.59,Δ曝-2511/Δ读-307/Δ进0/Δ开0/Δ留0,2026-09-24→2026-03-18,diff
69b6cd9c000000001f007f49,TESLA特斯拉-千赫（全国可提),26年手握四万 开走海洋蓝Model 3🤓,旧:曝7651/读880/进2/开2/留0,4160,378,2,2,0,502.2,Δ曝-3491/Δ读-502/Δ进0/Δ开0/Δ留0,2026-09-24→2026-03-20,diff
69b3b7e1000000001d0196fd,温州特斯拉-Tesla小凯,Model 3才是隐藏王者？懂车的人都在偷偷买,旧:曝1711/读221/进1/开1/留0,256,27,1,1,0,17.12,Δ曝-1455/Δ读-194/Δ进0/Δ开0/Δ留0,2026-09-24→2026-03-19,diff
69b10df9000000000601c92b,特斯拉奶爸~啊新 （全国可定）,想买Model Y的直接冲！3月政策超香🔥,旧:曝2689/读256/进1/开1/留0,1519,115,1,1,0,247.63,Δ曝-1170/Δ读-141/Δ进0/Δ开0/Δ留0,2026-09-24→2026-03-19,diff
69b6dba9000000001a031b7a,特斯拉尼克,3月太猛💥，Model 3日供不到60开走！,旧:曝3931/读421/进0/开0/留0,1544,113,0,0,0,95.05,Δ曝-2387/Δ读-308/Δ进0/Δ开0/Δ留0,2026-09-24→2026-04-25,diff
69b4da0a0000000023026e0c,温州特斯拉-Tesla小凯,特斯拉三月政策速查&购车攻略,旧:曝1905/读161/进0/开0/留1,790,76,0,0,1,209.81,Δ曝-1115/Δ读-85/Δ进0/Δ开0/Δ留0,2026-09-24→2026-03-20,diff
69b281b5000000000800c3f9,TESLA特斯拉 雅雅,Model Y三个版本怎么选？,旧:曝3223/读452/进1/开1/留1,501,35,1,1,1,44.96,Δ曝-2722/Δ读-417/Δ进0/Δ开0/Δ留0,2026-09-24→2026-03-17,diff
69b01091000000001b015214,特斯拉-小杨（全国可订）,油价破8元时代，电车党笑出声！这些优势太,旧:曝4471/读663/进0/开0/留0,2744,430,0,0,0,275.42,Δ曝-1727/Δ读-233/Δ进0/Δ开0/Δ留0,2026-09-24→2026-03-19,diff
69b10c0b000000001b01f448,叻仔关关在特斯拉,Model Y落地24.35W，真的香吗？,旧:曝3537/读1472/进3/开2/留0,1287,38,3,2,0,348.12,Δ曝-2250/Δ读-1434/Δ进0/Δ开0/Δ留0,2026-09-24→2026-03-19,diff
69a95462000000001503bc24,叻仔关关在特斯拉,🚗特斯拉Model Y落地24.35W？真香警告！,旧:曝3742/读439/进0/开0/留0,916,65,0,0,0,59.86,Δ曝-2826/Δ读-374/Δ进0/Δ开0/Δ留0,2026-09-24→2026-03-19,diff
69b254ee000000000c016ea9,特斯拉合肥交付中心,开年好政策，Model 3现在多少钱可提？,旧:曝4918/读555/进1/开1/留0,498,52,1,1,0,12.51,Δ曝-4420/Δ读-503/Δ进0/Δ开0/Δ留0,2026-09-24→2026-03-19,diff
69ad7c5c000000001a01e7f0,温州特斯拉Tesla小娴🐳,别管！我先买特斯拉了！🚗,旧:曝1513/读141/进0/开0/留0,1010,74,0,0,0,132.24,Δ曝-503/Δ读-67/Δ进0/Δ开0/Δ留0,2026-09-24→2026-03-18,diff
69b12ac5000000000800c2f5,温州特斯拉Tesla小娴🐳,特斯拉ModelY 颜色大全 /车漆8000元,旧:曝1623/读165/进2/开1/留1,820,69,2,1,1,117.2,Δ曝-803/Δ读-96/Δ进0/Δ开0/Δ留0,2026-09-24→2026-03-18,diff
69abee91000000001a02fdd3,特斯拉合肥交付中心,现在买Model Y L，这个价就可以！！,旧:曝41617/读7231/进1/开0/留0,1604,295,1,0,0,17.11,Δ曝-40013/Δ读-6936/Δ进0/Δ开0/Δ留0,2026-09-24→2026-03-19,diff
69b57bdd000000002301fe23,绍兴特斯拉顾问｜荔枝,🔥3月特斯拉购车政策大揭秘❗️｜最高省3.5W+,旧:曝5639/读560/进3/开3/留2,4611,423,3,3,2,535.27,Δ曝-1028/Δ读-137/Δ进0/Δ开0/Δ留0,2026-09-24→2026-03-20,diff
69b3cf3f000000001f001afb,特斯拉-酥酥,(库中无此笔记→将新建),,266,33,0,0,0,2.75,2026-03-15,2026-03-19,new
69ace9d8000000001a02829f,特斯拉-红,(库中无此笔记→将新建),,346,16,0,0,0,15.34,2026-03-15,2026-03-16,new
69b693b2000000002301c152,太原特斯拉-佳妮🚗,2026新国标｜特斯拉还能闭眼冲吗？纠结党进,旧:曝5853/读1014/进1/开1/留0,2070,254,1,1,0,249.68,Δ曝-3783/Δ读-760/Δ进0/Δ开0/Δ留0,2026-09-24→2026-03-19,diff
69b7949f000000001d018a29,特斯拉宇佳美少女,太猛了！！日供70提走Model Y🧨,旧:曝1331/读134/进1/开0/留0,537,41,1,0,0,25.2,Δ曝-794/Δ读-93/Δ进0/Δ开0/Δ留0,2026-09-24→2026-03-21,diff
69aead7b000000000e03e385,嘉兴桐乡特斯拉中心,提特斯拉像春运！但我省出了半年奶茶钱🥤,旧:曝812/读81/进0/开0/留0,80,6,0,0,0,13.29,Δ曝-732/Δ读-75/Δ进0/Δ开0/Δ留0,2026-09-24→2026-03-19,diff
69b0237d00000000230384d8,丽水莲都特斯拉中心,3月冲Model YL的宝子进！全流程入手攻略不,旧:曝1049/读139/进1/开0/留0,584,75,1,0,0,94.06,Δ曝-465/Δ读-64/Δ进0/Δ开0/Δ留0,2026-09-24→2026-03-19,diff
69ae8702000000001b01d55d,特斯拉小齐在长春,只有我觉得特斯拉很出片吗 氛围感拉满,旧:曝2722/读382/进1/开0/留0,784,104,1,0,0,80.98,Δ曝-1938/Δ读-278/Δ进0/Δ开0/Δ留0,2026-09-24→2026-03-19,diff
69b6c64f00000000210124f2,特斯拉小齐在长春,在长春3月买特斯拉Model 3赢麻了,旧:曝4394/读520/进1/开1/留1,2673,232,1,1,1,294.21,Δ曝-1721/Δ读-288/Δ进0/Δ开0/Δ留0,2026-09-24→2026-03-19,diff
69aaec70000000002603c7a9,丽水莲都特斯拉中心,特斯拉Model Y的颜值真的越看越上头🥹✨,旧:曝1057/读109/进0/开0/留0,148,10,0,0,0,4.17,Δ曝-909/Δ读-99/Δ进0/Δ开0/Δ留0,2026-09-24→2026-03-19,diff
69b4174a000000002800910e,TESLA特斯拉-Mr. 🦁（全国可提),Model3 26年4月政策已更新,旧:曝27561/读4706/进12/开7/留4,24551,3999,12,7,4,1348.52,Δ曝-3010/Δ读-707/Δ进0/Δ开0/Δ留0,2026-09-24→2026-06-07,diff
69b2c816000000000601e7e9,TESLA特斯拉-Mr. 🦁（全国可提),2026年准备买 Model YL 的朋友⬇️,旧:曝169116/读25975/进3/开2/留0,1200,184,3,2,0,87.11,Δ曝-167916/Δ读-25791/Δ进0/Δ开0/Δ留0,2026-09-24→2026-03-19,diff
69b2acfa000000002202ee7e,特斯拉宇佳美少女,Model YL  还得是星钻黑！！,旧:曝2244/读875/进1/开0/留0,688,33,1,0,0,63.08,Δ曝-1556/Δ读-842/Δ进0/Δ开0/Δ留0,2026-09-24→2026-03-22,diff
69b64d2f000000001d01b11d,特斯拉宇佳美少女,“2026国补”后，Model Y落地明细,旧:曝7453/读1277/进4/开1/留0,3945,681,4,1,0,190.1,Δ曝-3508/Δ读-596/Δ进0/Δ开0/Δ留0,2026-09-24→2026-03-21,diff
69b275d6000000000c01467c,特斯拉邮递员子枫,到手居然这个价？Model 3我要冲了,旧:曝3938/读445/进0/开0/留0,1474,118,0,0,0,84.55,Δ曝-2464/Δ读-327/Δ进0/Δ开0/Δ留0,2026-09-24→2026-08-11,diff
69b53f01000000002302491b,Model体验官一凡,Model 3快银还是珍珠白？,旧:曝102213/读20490/进2/开1/留1,17756,4160,2,1,1,256.46,Δ曝-84457/Δ读-16330/Δ进0/Δ开0/Δ留0,2026-09-24→2026-04-20,diff
69b66cc9000000001d01a389,Model体验官一凡,我等不了了！！Model Y L:3894月提走,旧:曝516414/读80984/进33/开32/留20,75655,18171,33,32,20,2242.19,Δ曝-440759/Δ读-62813/Δ进0/Δ开0/Δ留0,2026-09-24→2026-04-14,diff
69b6ced7000000001b003610,Model体验官一凡,3月 | Model Y 国补后落地价,旧:曝14529/读1860/进5/开5/留1,6761,777,5,5,1,579.91,Δ曝-7768/Δ读-1083/Δ进0/Δ开0/Δ留0,2026-09-24→2026-04-20,diff
69a469a6000000002800b850,特斯拉 涛涛 TAO,特斯拉8k车漆选配金冰河蓝拿下！,旧:曝1811/读879/进0/开0/留0,700,19,0,0,0,125.87,Δ曝-1111/Δ读-860/Δ进0/Δ开0/Δ留0,2026-09-24→2026-03-19,diff
69b1347c000000000800f453,Tesla特斯拉海岛日记,3月政策新鲜出炉！特斯拉Model 3落地明细,旧:曝6778/读641/进1/开1/留1,3471,361,1,1,1,527.45,Δ曝-3307/Δ读-280/Δ进0/Δ开0/Δ留0,2026-09-24→2026-03-18,diff
69a93ce00000000015022150,特斯拉邮递员子枫,30多w入特斯拉六座车，值不值？,旧:曝2535/读315/进0/开0/留0,169,20,0,0,0,1.89,Δ曝-2366/Δ读-295/Δ进0/Δ开0/Δ留0,2026-09-24→2026-03-19,diff
69a91cd200000000220219cc,养刺猬的阿正🦔,(库中无此笔记→将新建),,515,36,1,0,0,12.88,2026-03-15,2026-03-19,new
69b50848000000002301e1a3,Tesla特斯拉海岛日记,有娃家庭看过来！Model Y L现在入手正当时,旧:曝2509/读201/进0/开0/留0,751,37,0,0,0,18.88,Δ曝-1758/Δ读-164/Δ进0/Δ开0/Δ留0,2026-09-24→2026-03-31,diff
69b656c3000000001b021c67,Tesla特斯拉海岛日记,等不了了，Model Y L：2896月供,旧:曝4190/读316/进2/开1/留1,2688,194,2,1,1,238.87,Δ曝-1502/Δ读-122/Δ进0/Δ开0/Δ留0,2026-09-24→2026-03-18,diff
69b41c08000000001a024fbe,宁波鄞州特斯拉中心,3🈷️入手不亏，日供2杯星巴克把它带回家,旧:曝2370/读239/进1/开0/留0,886,77,1,0,0,47.92,Δ曝-1484/Δ读-162/Δ进0/Δ开0/Δ留0,2026-09-24→2026-03-19,diff
69b274da0000000006033035,特斯拉剪刀布,(库中无此笔记→将新建),,537,45,0,0,0,20.4,2026-03-15,2026-04-02,new
69b3f347000000001d0183c3,Model体验官一凡,Model Y落地价：24.35W，还有机会,旧:曝164192/读25972/进7/开7/留4,3757,571,7,7,4,1002.86,Δ曝-160435/Δ读-25401/Δ进0/Δ开0/Δ留0,2026-09-24→2026-03-17,diff
69a95bab000000001a02a105,特斯拉深圳交付,特斯拉3月福🌰来啦！！7年低西超划算！,旧:曝6210/读562/进1/开1/留2,4601,362,1,1,2,795.88,Δ曝-1609/Δ读-200/Δ进0/Δ开0/Δ留0,2026-09-24→2026-03-20,diff
69aeb386000000001b01db7a,中山特斯拉小波（努力版）,特斯拉｜3月补贴+金融王炸 现在入手血赚不亏,旧:曝7028/读824/进10/开7/留1,5621,621,10,7,1,632.18,Δ曝-1407/Δ读-203/Δ进0/Δ开0/Δ留0,2026-09-24→2026-04-17,diff
69aebee40000000022023046,威海特斯拉001号选手,(库中无此笔记→将新建),,1702,146,1,1,1,118.49,2026-03-16,2026-03-31,new
69aa3065000000000e00c7ff,哈莉（特斯拉分身）,Model 3黑武士太帅了！日供60也能拿下了？,旧:曝8559/读4135/进22/开11/留4,11302,1689,36,23,8,838.67,Δ曝2743/Δ读-2446/Δ进14/Δ开12/Δ留4,2026-09-24→2026-09-28,diff
69acdf97000000000d00937f,哈莉（特斯拉分身）,🌸樱花和特斯拉更配哦～美炸了！！（live实拍）,旧:曝5132/读561/进0/开0/留0,2,0,0,0,0,0,Δ曝-5130/Δ读-561/Δ进0/Δ开0/Δ留0,2026-09-24→2026-03-18,diff
69b2765900000000060337af,哈莉（特斯拉分身）,📝3月Model 3落地明细！！太爽了！,旧:曝5630/读902/进0/开0/留0,207,25,0,0,0,40.8,Δ曝-5423/Δ读-877/Δ进0/Δ开0/Δ留0,2026-09-24→2026-03-18,diff
69b387be000000000601eace,哈莉（特斯拉分身）,Model Y提车3个月了🙋‍♀️欢迎大家提问～,旧:曝122031/读16105/进2/开0/留0,595,16,2,0,0,45.44,Δ曝-121436/Δ读-16089/Δ进0/Δ开0/Δ留0,2026-09-24→2026-03-18,diff
69b67df900000000210384c2,Tesla_Selina,3月提 | Model Y落地价干到23w+了,旧:曝213294/读36902/进12/开11/留8,54992,9842,13,12,9,2087.87,Δ曝-158302/Δ读-27060/Δ进1/Δ开1/Δ留1,2026-09-24→2026-09-28,diff
69b54584000000002202b57a,特斯拉Yoki特努力,提Model Y后，不用再羡慕别人的车,旧:曝62571/读12938/进1/开1/留1,14944,3722,1,1,1,525.64,Δ曝-47627/Δ读-9216/Δ进0/Δ开0/Δ留0,2026-09-24→2026-04-14,diff
69a93d48000000001b015abb,特斯拉｜小明同学,这波直接被特斯拉击穿！！！💥,旧:曝1038/读145/进0/开0/留0,221,16,0,0,0,16.13,Δ曝-817/Δ读-129/Δ进0/Δ开0/Δ留0,2026-09-24→2026-03-18,diff
69b76590000000001e00cb49,特斯拉Yoki特努力,3月|有旧车置换，六座 Model Y L落地明细！,旧:曝22194/读3742/进3/开3/留2,5269,838,3,3,2,273.43,Δ曝-16925/Δ读-2904/Δ进0/Δ开0/Δ留0,2026-09-24→2026-04-20,diff
69b7971f000000001a02f421,特斯拉Yoki特努力,3月，Model 3太猛了，👋付4.59w，月供1819开走,旧:曝270726/读38595/进7/开5/留2,13630,2354,7,5,2,521.56,Δ曝-257096/Δ读-36241/Δ进0/Δ开0/Δ留0,2026-09-24→2026-04-14,diff
69b134120000000005032cc3,特斯拉体验官Leo,Model Y超低落地价，速看！,旧:曝9009/读1471/进1/开1/留1,5499,900,1,1,1,159.1,Δ曝-3510/Δ读-571/Δ进0/Δ开0/Δ留0,2026-09-24→2026-09-28,diff
69b514420000000028008fd3,特斯拉杭州交付中心,4月提车太香了！特斯拉Model 3落地明细,旧:曝26140/读4188/进17/开13/留5,11266,1544,17,13,5,1117.4,Δ曝-14874/Δ读-2644/Δ进0/Δ开0/Δ留0,2026-09-24→2026-04-12,diff
69b94e22000000002200d20c,Model体验官一凡,三月 Model 3太香了！手付4.59W月供1.7k开走,旧:曝41368/读6472/进11/开11/留6,20370,3275,11,11,6,894.98,Δ曝-20998/Δ读-3197/Δ进0/Δ开0/Δ留0,2026-09-24→2026-04-20,diff
69ae9e8f000000002801d0e5,特斯拉认证顾问湖北黄琳,这个价格入手Model 3？给我整兴奋了！！,旧:曝7382/读1256/进1/开1/留0,736,86,1,1,0,44.3,Δ曝-6646/Δ读-1170/Δ进0/Δ开0/Δ留0,2026-09-24→2026-03-19,diff
69b37025000000000601fe89,特斯拉茉茉美少女,25w的Model Y黑武士，简直太帅了！！,旧:曝22477/读3953/进0/开0/留0,3276,644,0,0,0,136.6,Δ曝-19201/Δ读-3309/Δ进0/Δ开0/Δ留0,2026-09-24→2026-03-21,diff
69b22ed8000000000601dc15,特斯拉茉茉美少女,3月 Model Y落地费用一篇全搞定📝,旧:曝40395/读7456/进17/开16/留8,20701,3768,17,16,8,1533,Δ曝-19694/Δ读-3688/Δ进0/Δ开0/Δ留0,2026-09-24→2026-04-14,diff
69b0d85f0000000023038c65,杭州萧山特斯拉中心,太爽了！！Model 3：日供60,旧:曝28389/读3683/进25/开20/留8,22420,2828,25,20,8,1361.37,Δ曝-5969/Δ读-855/Δ进0/Δ开0/Δ留0,2026-09-24→2026-04-25,diff
69b28de60000000022033d43,杭州萧山特斯拉中心,Model 3快银还是海洋蓝，好难选啊,旧:曝76343/读13840/进7/开5/留3,7586,1167,7,5,3,415.19,Δ曝-68757/Δ读-12673/Δ进0/Δ开0/Δ留0,2026-09-24→2026-04-20,diff
69b94386000000002302799c,杭州萧山特斯拉中心,这么一对比，Model 3和Model Y你会选哪个？,旧:曝203653/读37105/进1/开1/留0,8960,1941,1,1,0,389.72,Δ曝-194693/Δ读-35164/Δ进0/Δ开0/Δ留0,2026-09-24→2026-03-22,diff
69b54f9300000000280089eb,特斯拉｜东东,“大激动！白色轿跑Model 3干到20.27w+“,旧:曝25053/读3952/进22/开19/留15,22441,3493,22,19,15,1867.21,Δ曝-2612/Δ读-459/Δ进0/Δ开0/Δ留0,2026-09-24→2026-04-07,diff
69ba5bbd000000002200c037,Haha同学在特斯拉,00后男生，日供82轻松拿下Model 3,旧:曝18291/读10255/进42/开21/留5,8353,146,42,21,5,1329.91,Δ曝-9938/Δ读-10109/Δ进0/Δ开0/Δ留0,2026-09-24→2026-05-14,diff
69b3716d00000000230381fb,Haha同学在特斯拉,预算20个，不内耗的女生冲Model 3,旧:曝269975/读46078/进51/开45/留26,101352,20549,53,47,27,4313.32,Δ曝-168623/Δ读-25529/Δ进2/Δ开2/Δ留1,2026-09-24→2026-09-28,diff
69b272d2000000002202d876,Haha同学在特斯拉,开Model Y半年后，我的生活变成了这样…,旧:曝31522/读5888/进0/开0/留0,2522,484,0,0,0,75.38,Δ曝-29000/Δ读-5404/Δ进0/Δ开0/Δ留0,2026-09-24→2026-04-02,diff
69a8093d0000000022038840,Hi 特斯拉的小鹿,Model 3和Model Y，怎么选？,旧:曝8793/读1635/进1/开0/留0,174,7,1,0,0,28.45,Δ曝-8619/Δ读-1628/Δ进0/Δ开0/Δ留0,2026-09-24→2026-03-19,diff
69b37d9f000000002603d197,Hi 特斯拉的小鹿,Model Y四个版本怎么选？,旧:曝134799/读17472/进4/开2/留1,1466,167,4,2,1,160.63,Δ曝-133333/Δ读-17305/Δ进0/Δ开0/Δ留0,2026-09-24→2026-04-20,diff
69b55312000000002200e298,Hi 特斯拉的小鹿,Model 3太猛了！！日供60开走,旧:曝41881/读7041/进1/开0/留0,1640,191,1,0,0,154.5,Δ曝-40241/Δ读-6850/Δ进0/Δ开0/Δ留0,2026-09-24→2026-03-20,diff
69b7fa55000000002102d9a6,中山特斯拉小波（努力版）,紧急提醒｜Model 3只能下现车！补贴月底全停！,旧:曝1630/读260/进0/开0/留0,192,10,0,0,0,4.03,Δ曝-1438/Δ读-250/Δ进0/Δ开0/Δ留0,2026-09-24→2026-03-19,diff
69bac7a1000000001a0262df,中山特斯拉小波（努力版）,3月份Model 3提车还划算吗？中山实话版,旧:曝2412/读382/进0/开0/留0,252,22,0,0,0,2.9,Δ曝-2160/Δ读-360/Δ进0/Δ开0/Δ留0,2026-09-24→2026-03-19,diff
69b8f6a6000000001b023a07,小管的特斯拉日记📔,3月末班车💥江苏买特斯拉政策一篇看懂！,旧:曝1579/读210/进0/开0/留0,465,52,0,0,0,18.24,Δ曝-1114/Δ读-158/Δ进0/Δ开0/Δ留0,2026-09-24→2026-03-19,diff
69baa3d0000000001a02e0d6,特斯拉老曹,(库中无此笔记→将新建),,14,1,0,0,0,0.52,2026-03-18,2026-03-19,new
69b80f0f00000000230040f6,特斯拉老曹,(库中无此笔记→将新建),,39,1,0,0,0,1.59,2026-03-18,2026-03-18,new
69b7e788000000002800adc3,老表在特斯拉,手慢无！广西Model3现车即将售罄❗,旧:曝2108/读315/进1/开1/留0,214,11,1,1,0,50.94,Δ曝-1894/Δ读-304/Δ进0/Δ开0/Δ留0,2026-09-24→2026-03-19,diff
69b417620000000023006218,特斯拉｜小艺同学🚀（全国可提）,Model YL关门那一秒，我真的被戳中了🔇,旧:曝52893/读8504/进2/开0/留0,851,17,2,0,0,109.89,Δ曝-52042/Δ读-8487/Δ进0/Δ开0/Δ留0,2026-09-24→2026-03-19,diff
69b9573d0000000021038ee2,衢州柯城特斯拉中心,一天两杯咖啡钱🚗轻松提特斯拉,旧:曝858/读210/进0/开0/留0,59,1,0,0,0,4.22,Δ曝-799/Δ读-209/Δ进0/Δ开0/Δ留0,2026-09-24→2026-03-19,diff
69b55edf000000002102d002,特斯拉顾问小美🚗,00后月薪3k轻松拿下梦中情车,旧:曝1546/读228/进0/开0/留0,165,11,0,0,0,3.04,Δ曝-1381/Δ读-217/Δ进0/Δ开0/Δ留0,2026-09-24→2026-03-19,diff
699eeea2000000001d012b2a,特斯拉顾问小美🚗,特斯拉Model 3 落地价｜清晰版｜看完直接算,旧:曝5193/读577/进1/开0/留0,880,71,1,0,0,96.16,Δ曝-4313/Δ读-506/Δ进0/Δ开0/Δ留0,2026-09-24→2026-03-19,diff
69b762140000000022002df9,特斯拉顾问小美🚗,疯了！Model Y 25万多落地！,旧:曝4768/读526/进0/开0/留0,851,75,0,0,0,56.25,Δ曝-3917/Δ读-451/Δ进0/Δ开0/Δ留0,2026-09-24→2026-03-19,diff
69bb68b7000000002102c66f,特斯拉校草,月薪8K，买Model Y L有压力吗？,旧:曝7791/读526/进0/开0/留0,152,12,0,0,0,2.84,Δ曝-7639/Δ读-514/Δ进0/Δ开0/Δ留0,2026-09-24→2026-03-19,diff
69b8e4c8000000002102deb7,特斯拉校草,3月 Model Y 落地不花冤枉钱！校草帮你算清,旧:曝1643/读171/进0/开0/留0,169,10,0,0,0,10.61,Δ曝-1474/Δ读-161/Δ进0/Δ开0/Δ留0,2026-09-24→2026-03-19,diff
69b411430000000021012aed,中山特斯拉小波（努力版）,Model Y现在入最划 年轻人的👋选SUV ！,旧:曝1117/读136/进1/开1/留0,184,19,1,1,0,1.55,Δ曝-933/Δ读-117/Δ进0/Δ开0/Δ留0,2026-09-24→2026-03-19,diff
69bb569f000000001d01d969,特斯拉-金琪（江西认证顾问）,3月提Model 3真香！首付2W+就能开走✨,旧:曝4776/读520/进2/开2/留0,2645,273,2,2,0,460.09,Δ曝-2131/Δ读-247/Δ进0/Δ开0/Δ留0,2026-09-24→2026-03-20,diff
69b925d900000000230058b7,特斯拉-酥酥,(库中无此笔记→将新建),,30,4,0,0,0,0.35,2026-03-18,2026-03-19,new
69b8d1f1000000001b02207e,特斯拉冰姐（全国可提）,3月赶上末班车 ｜ Model 3 蕞 新消息,旧:曝1267/读114/进1/开1/留0,349,16,1,1,0,19.61,Δ曝-918/Δ读-98/Δ进0/Δ开0/Δ留0,2026-09-24→2026-03-19,diff
69bb94f5000000001a02c51c,特斯拉合肥交付中心,3月Model Y太猛了，价格巨香！！！,旧:曝6296/读759/进0/开0/留0,1095,140,0,0,0,74.67,Δ曝-5201/Δ读-619/Δ进0/Δ开0/Δ留0,2026-09-24→2026-03-19,diff
69bba1e40000000023016984,特斯拉剪刀布,(库中无此笔记→将新建),,2783,111,7,3,0,397.94,2026-03-18,2026-04-02,new
69ba8b8d0000000022028717,嘉兴桐乡特斯拉中心,特斯拉雨天限定版•黑武士🖤,旧:曝1615/读219/进0/开0/留0,12,0,0,0,0,0,Δ曝-1603/Δ读-219/Δ进0/Δ开0/Δ留0,2026-09-24→2026-03-19,diff
69ba78e40000000022002c6d,特斯拉｜小明同学,油价飞了，毛豆Y只要24个了！,旧:曝1244/读85/进0/开0/留0,336,16,0,0,0,0.72,Δ曝-908/Δ读-69/Δ进0/Δ开0/Δ留0,2026-09-24→2026-03-19,diff
69b96757000000002202a73f,嘉兴桐乡特斯拉中心,Model 3热门色实拍对比，你选哪个？,旧:曝1969/读267/进0/开0/留0,29,3,0,0,0,0.92,Δ曝-1940/Δ读-264/Δ进0/Δ开0/Δ留0,2026-09-24→2026-03-19,diff
69aee01e000000001503a52d,特斯拉tesla百元,25w+入手Model Y，综合体验超合心意,旧:曝2318/读329/进0/开0/留0,229,16,0,0,0,17.06,Δ曝-2089/Δ读-313/Δ进0/Δ开0/Δ留0,2026-09-24→2026-03-19,diff
69ba3f33000000002103b974,特斯拉tesla百元,特斯拉白内饰｜谁还说白色不耐脏🙅‍♀️,旧:曝2315/读349/进0/开0/留0,88,16,0,0,0,1.68,Δ曝-2227/Δ读-333/Δ进0/Δ开0/Δ留0,2026-09-24→2026-03-19,diff
69b3cf9d00000000230076c2,特斯拉邮递员子枫,看车半小时拿下，Model Y L有什么魅力？,旧:曝97746/读16061/进0/开0/留0,100,16,0,0,0,2.34,Δ曝-97646/Δ读-16045/Δ进0/Δ开0/Δ留0,2026-09-24→2026-03-19,diff
69ba57cb000000001f00139e,特斯拉邮递员子枫,Model 3提车3个月了，有啥随便问,旧:曝61744/读11163/进0/开0/留0,116,9,0,0,0,2.06,Δ曝-61628/Δ读-11154/Δ进0/Δ开0/Δ留0,2026-09-24→2026-03-19,diff
69b1725c000000000400207d,特斯拉 涛涛 TAO,每天开着特斯拉上班，同事说我家里有矿？,旧:曝1164/读205/进0/开0/留0,26,2,0,0,0,0.21,Δ曝-1138/Δ读-203/Δ进0/Δ开0/Δ留0,2026-09-24→2026-03-19,diff
69b908b7000000001f006a6f,特斯拉深圳交付,广东想入Model 3的宝子注意啦✨错过拍大腿😭,旧:曝2672/读284/进6/开6/留3,1722,144,6,6,3,178.44,Δ曝-950/Δ读-140/Δ进0/Δ开0/Δ留0,2026-09-24→2026-04-20,diff
69ba6ab1000000002102ea43,特斯拉小齐在长春,路上最靓的崽！烈焰红Model 3气场全开,旧:曝1124/读84/进0/开0/留0,55,10,0,0,0,11.35,Δ曝-1069/Δ读-74/Δ进0/Δ开0/Δ留0,2026-09-24→2026-03-19,diff
69b8d90a0000000021004e55,丽水莲都特斯拉中心,人生di一台车 还是选择了特斯拉！,旧:曝1100/读187/进0/开0/留0,76,6,0,0,0,93.28,Δ曝-1024/Δ读-181/Δ进0/Δ开0/Δ留0,2026-09-24→2026-03-19,diff
69b8f710000000001a0225a3,济南特斯拉主理人,济南3月Model Y L，落地可以33w+,旧:曝9290/读1176/进6/开6/留3,5495,563,6,6,3,385.29,Δ曝-3795/Δ读-613/Δ进0/Δ开0/Δ留0,2026-09-24→2026-04-20,diff
69bbb33a000000001d0183ab,Haha同学在特斯拉,男人可以不帅，但男人的车一定要帅,旧:曝32435/读7220/进13/开6/留1,4040,566,13,6,1,516.22,Δ曝-28395/Δ读-6654/Δ进0/Δ开0/Δ留0,2026-09-24→2026-04-20,diff
69afb63d000000001502120d,济南特斯拉主理人,落灰后实拍，星钻黑真的只有洗完车才帅吗？,旧:曝8511/读2175/进1/开0/留0,5073,1494,1,0,0,178.94,Δ曝-3438/Δ读-681/Δ进0/Δ开0/Δ留0,2026-09-24→2026-03-28,diff
69b80a0b0000000021006d25,宁波特斯拉 (鄞州万达店),真的把我整兴奋了！model 3这个价格太值了,旧:曝4585/读701/进0/开0/留0,2703,379,0,0,0,165.66,Δ曝-1882/Δ读-322/Δ进0/Δ开0/Δ留0,2026-09-24→2026-04-02,diff
69b3bd7400000000230255a0,宁波特斯拉 (鄞州万达店),马上提车，Modely 落地方案,旧:曝4581/读599/进3/开3/留1,3454,438,3,3,1,205.36,Δ曝-1127/Δ读-161/Δ进0/Δ开0/Δ留0,2026-09-24→2026-04-20,diff
69ba0159000000002800a1d4,宁波特斯拉-海曙龙湖天街店,ModelY 价格 大揭秘㊙️ 23.45开走⏰,旧:曝10621/读1468/进8/开7/留8,5781,713,8,7,8,640.67,Δ曝-4840/Δ读-755/Δ进0/Δ开0/Δ留0,2026-09-24→2026-04-05,diff
69b6a49400000000220271ab,宁波特斯拉-海曙龙湖天街店,宁波model3购买篇 教程🤩💗码住慢慢看✊,旧:曝6335/读888/进5/开4/留3,2548,310,5,4,3,369.31,Δ曝-3787/Δ读-578/Δ进0/Δ开0/Δ留0,2026-09-24→2026-04-08,diff
69b69fe8000000002301fec0,宁波特斯拉-海曙龙湖天街店,ModelY 在宁波如何享受叠加5k 教程,旧:曝103119/读15984/进219/开179/留100,140384,20195,323,279,165,15943.69,Δ曝37265/Δ读4211/Δ进104/Δ开100/Δ留65,2026-09-24→2026-09-28,diff
69aa3b79000000001600b049,Tesla | 吴正豪,礼物没新意？特斯拉3.8限时bu贴爆！,旧:曝599/读92/进0/开0/留0,86,3,0,0,0,0.98,Δ曝-513/Δ读-89/Δ进0/Δ开0/Δ留0,2026-09-24→2026-03-22,diff
69ad7b8b00000000150236d8,Tesla | 吴正豪,特斯拉三月份限时活动开启倒计时！,旧:曝2783/读308/进1/开1/留1,1798,166,1,1,1,179.24,Δ曝-985/Δ读-142/Δ进0/Δ开0/Δ留0,2026-09-24→2026-04-20,diff
69b68e22000000002301e664,糖酸酸🍬开特斯拉,Model Y L｜月付2K多提车，我冲了！,旧:曝9042/读1365/进0/开0/留0,1206,135,0,0,0,34.89,Δ曝-7836/Δ读-1230/Δ进0/Δ开0/Δ留0,2026-09-24→2026-04-02,diff
69b69be2000000002003907a,糖酸酸🍬开特斯拉,日供82提Model 3，零压力入手销冠车,旧:曝2048/读191/进0/开0/留0,438,20,0,0,0,4.11,Δ曝-1610/Δ读-171/Δ进0/Δ开0/Δ留0,2026-09-24→2026-03-31,diff
69b2b175000000000b0352f1,特斯拉金华| 露娜,Model Y金融怎么选｜5年vs 7年 深度解析,旧:曝18057/读2822/进1/开0/留0,5360,1049,1,0,0,313.77,Δ曝-12697/Δ读-1773/Δ进0/Δ开0/Δ留0,2026-09-24→2026-04-19,diff
69b4bb49000000001e00d37e,特斯拉金华| 露娜,3月大兴奋！白色轿跑Model 3落地 20.27w+！,旧:曝35186/读6012/进7/开4/留1,10630,2025,7,4,1,438.65,Δ曝-24556/Δ读-3987/Δ进0/Δ开0/Δ留0,2026-09-24→2026-04-20,diff
69b2a2c0000000000601f3bd,特斯拉Tesla-悠悠（全国可提）,26年入手六座Model YL，补补叠满能省多少？,旧:曝11742/读2053/进6/开5/留3,5987,1194,6,5,3,492.47,Δ曝-5755/Δ读-859/Δ进0/Δ开0/Δ留0,2026-09-24→2026-04-20,diff
69bb674e000000001f0070b5,特斯拉Tesla-悠悠（全国可提）,2026年Model Y｜首付2w+月供2k开走？,旧:曝248168/读42558/进299/开274/留172,303101,50149,390,360,225,29036.66,Δ曝54933/Δ读7591/Δ进91/Δ开86/Δ留53,2026-09-24→2026-09-28,diff
69b8f598000000001f00116d,特斯拉南京交付中心,Model 3全新落地，政策一篇看懂！,旧:曝4940/读562/进1/开0/留0,709,79,1,0,0,17.64,Δ曝-4231/Δ读-483/Δ进0/Δ开0/Δ留0,2026-09-24→2026-04-02,diff
69bbb166000000001b02224e,特斯拉茉茉美少女,如果你有8w，会买Model 3吗？,旧:曝14906/读2638/进5/开4/留4,9314,1712,5,4,4,322.38,Δ曝-5592/Δ读-926/Δ进0/Δ开0/Δ留0,2026-09-24→2026-04-14,diff
69b57277000000001e00eea3,特斯拉阿生（全国置换版,26年Model Y L买车思路其实很简单,旧:曝5436/读790/进0/开0/留0,512,58,0,0,0,3.8,Δ曝-4924/Δ读-732/Δ进0/Δ开0/Δ留0,2026-09-24→2026-04-02,diff
69b79ae80000000023005084,TESLA 李嘉嘉,三月买Y，24W+爽拿梦中情车,旧:曝5755/读729/进4/开3/留1,2058,243,4,3,1,255.54,Δ曝-3697/Δ读-486/Δ进0/Δ开0/Δ留0,2026-09-24→2026-04-20,diff
69b7e7080000000021005d0e,77在特斯拉卖玩具车📔,紧急提醒‼️Model 3即将售罄 再等亏1.6w,旧:曝4612/读591/进0/开0/留1,1309,127,0,0,1,61.09,Δ曝-3303/Δ读-464/Δ进0/Δ开0/Δ留0,2026-09-24→2026-04-02,diff
69b5021c000000001b0207d8,特斯拉洋子（包全国）,特斯拉Model 3最新落地，爱了,旧:曝5414/读730/进0/开0/留0,1085,109,0,0,0,43.82,Δ曝-4329/Δ读-621/Δ进0/Δ开0/Δ留0,2026-09-24→2026-03-26,diff
69b4c25d0000000020038011,TESLA 李嘉嘉,20W➕的Model 3 还有！速来,旧:曝2261/读233/进1/开0/留0,455,21,1,0,0,25.77,Δ曝-1806/Δ读-212/Δ进0/Δ开0/Δ留0,2026-09-24→2026-04-02,diff
69b7ee4e0000000022027e54,特斯拉MoMo,3月逆天！Model Y 国补后落地干到23w+,旧:曝5128/读623/进0/开0/留0,678,69,0,0,0,67.35,Δ曝-4450/Δ读-554/Δ进0/Δ开0/Δ留0,2026-09-24→2026-04-02,diff
69bbcb30000000001a034165,哈莉（特斯拉分身）,沉浸式体验Model Y L！建议调大音量🔊,旧:曝1043017/读86132/进32/开21/留13,44174,7927,48,37,23,3083.88,Δ曝-998843/Δ读-78205/Δ进16/Δ开16/Δ留10,2026-09-24→2026-09-28,diff
69bcf860000000002301e82f,特斯拉邮递员子枫,Model Y和Model Y L区别及政策一览,旧:曝258455/读34387/进3/开2/留1,5602,397,5,4,1,288.97,Δ曝-252853/Δ读-33990/Δ进2/Δ开2/Δ留0,2026-09-24→2026-09-28,diff
69b38c12000000001b0203f6,特斯拉无锡交付中心,🚨无锡新政：特斯拉又省4OOO？首购必看！,旧:曝19255/读4026/进39/开33/留21,15148,951,39,33,21,2764.26,Δ曝-4107/Δ读-3075/Δ进0/Δ开0/Δ留0,2026-09-24→2026-04-12,diff
69ba71a0000000001a02bfe9,特斯拉Jojo超级辣,特斯拉Model 3 & Y｜夫妻CP车,旧:曝6578/读1038/进0/开0/留0,2918,511,0,0,0,69.11,Δ曝-3660/Δ读-527/Δ进0/Δ开0/Δ留0,2026-09-24→2026-04-02,diff
69b93971000000001a02348f,特斯拉Jojo超级辣,轮到我提快银model3啦✌️,旧:曝5363/读876/进0/开0/留0,2124,329,0,0,0,74.46,Δ曝-3239/Δ读-547/Δ进0/Δ开0/Δ留0,2026-09-24→2026-04-02,diff
69ba02e2000000002003a03e,Tesla 鱼仔吖,Model 3 烈焰红也太帅了！,旧:曝4589/读1739/进6/开4/留1,2021,179,6,4,1,347.01,Δ曝-2568/Δ读-1560/Δ进0/Δ开0/Δ留0,2026-09-24→2026-04-20,diff
69bfd4eb000000001b0030df,特斯拉尼克,存款8w提走Model 3，月供1.8k~,旧:曝56741/读11300/进8/开6/留4,62323,12751,11,8,5,1672.01,Δ曝5582/Δ读1451/Δ进3/Δ开2/Δ留1,2026-09-24→2026-09-28,diff
69b903aa0000000023022c2f,重生之我在长春卖特斯拉,(库中无此笔记→将新建),,1675,328,0,0,0,49.88,2026-03-24,2026-04-02,new
69bfd4c30000000023012382,Tesla_Selina,手付7.99w，月➡️2k+，开走Model Y！,旧:曝14491/读1994/进7/开5/留3,10265,1254,9,7,5,701.75,Δ曝-4226/Δ读-740/Δ进2/Δ开2/Δ留2,2026-09-24→2026-09-28,diff
69be16030000000028009d5f,哈莉（特斯拉分身）,我等不了了，Model 3：82日供,旧:曝29543/读5133/进5/开4/留3,21666,3585,5,4,3,693.35,Δ曝-7877/Δ读-1548/Δ进0/Δ开0/Δ留0,2026-09-24→2026-09-28,diff
688ef9740000000023037365,特斯拉阿生（全国置换版,10月焕新Y太猛了，干到23w了,旧:曝1244790/读189243/进1162/开998/留613,3787,581,0,0,0,117.75,Δ曝-1241003/Δ读-188662/Δ进-1162/Δ开-998/Δ留-613,2026-09-24→2026-03-26,diff
69b6d45c00000000230074ad,特斯拉 开开,26年买一台Model 3需要花多少钱❓🈷️供1800,旧:曝3599/读445/进0/开0/留0,455,44,0,0,0,13.2,Δ曝-3144/Δ读-401/Δ进0/Δ开0/Δ留0,2026-09-24→2026-04-02,diff
69bcf61e00000000200385e3,特斯拉体验官Leo,特斯拉6座车什么水平？价格太友好！,旧:曝11251/读1836/进0/开0/留0,937,149,0,0,0,7.79,Δ曝-10314/Δ读-1687/Δ进0/Δ开0/Δ留0,2026-09-24→2026-04-19,diff
69b9566900000000220297a3,特斯拉购车攻略官-珊珊,购置税减半？特斯拉直接给你对冲回来🔥,旧:曝3578/读572/进0/开0/留0,976,138,0,0,0,30.63,Δ曝-2602/Δ读-434/Δ进0/Δ开0/Δ留0,2026-09-24→2026-04-02,diff
69b4bc8600000000210381de,爱分享de小蔡（Tesla打工版）,特斯拉Model Y 珍珠白｜闭眼入不后悔😍,旧:曝68888/读14730/进5/开0/留0,6916,1478,5,0,0,151.04,Δ曝-61972/Δ读-13252/Δ进0/Δ开0/Δ留0,2026-09-24→2026-04-19,diff
69be11a5000000001e00f707,特斯拉茉茉美少女,Model 3黑武士降临！！太帅了！日供82拿下,旧:曝31153/读5613/进3/开3/留3,11737,2218,3,3,3,369.14,Δ曝-19416/Δ读-3395/Δ进0/Δ开0/Δ留0,2026-09-24→2026-04-22,diff
69bcaea9000000001f003f2c,特斯拉阿生（全国置换版,3月换车了！月供2.2k提Model Y,旧:曝8005/读1120/进0/开0/留0,1690,188,0,0,0,118.93,Δ曝-6315/Δ读-932/Δ进0/Δ开0/Δ留0,2026-09-24→2026-04-19,diff
69bcb261000000001a02e008,特斯拉阿生（全国置换版,25w内，长期主义选Model Y,旧:曝341559/读74047/进156/开140/留85,227154,53496,156,140,85,8296.72,Δ曝-114405/Δ读-20551/Δ进0/Δ开0/Δ留0,2026-09-24→2026-07-20,diff
69a955c1000000001a01f212,特斯拉 | 田朗昆,Model 3与同级油车养车成本对比,旧:曝8351/读1338/进1/开0/留0,1605,190,1,0,0,49.13,Δ曝-6746/Δ读-1148/Δ进0/Δ开0/Δ留0,2026-09-24→2026-04-02,diff
69a00ac6000000001d011201,特斯拉邮递员子枫,24w入手Model Y，无门槛开销冠车,旧:曝21813/读3690/进7/开6/留2,21924,3677,9,7,3,1683.94,Δ曝111/Δ读-13/Δ进2/Δ开1/Δ留1,2026-09-24→2026-09-28,diff
69c4e108000000001a030bd1,特斯拉剪刀布,(库中无此笔记→将新建),,906,47,3,0,0,47.16,2026-03-26,2026-04-02,new
698d453c000000001d0108c3,特斯拉邮递员子枫,Model Y提车半年真受【超真实版】,旧:曝84278/读17259/进6/开3/留0,59066,13151,7,4,0,1369.23,Δ曝-25212/Δ读-4108/Δ进1/Δ开1/Δ留0,2026-09-24→2026-09-28,diff
69c65c39000000002200cb52,Haha同学在特斯拉,Model 3太帅了！！比油车省太多！（💰真实账单）,旧:曝3673/读407/进0/开0/留0,690,58,0,0,0,30.11,Δ曝-2983/Δ读-349/Δ进0/Δ开0/Δ留0,2026-09-24→2026-04-19,diff
69ae674f000000000e03e065,杭州特斯拉Tesla（嘉里中心体验店）,Model Y L,旧:曝20294/读3497/进1/开0/留0,596,30,1,0,0,13.65,Δ曝-19698/Δ读-3467/Δ进0/Δ开0/Δ留0,2026-09-24→2026-04-02,diff
69c8d95b000000001a02352a,Tesla_Selina,太猛！手付5w月供1.9k开走model3,旧:曝32457/读5189/进10/开7/留5,16602,2453,10,7,5,974.11,Δ曝-15855/Δ读-2736/Δ进0/Δ开0/Δ留0,2026-09-24→2026-04-20,diff
69c658c7000000001b02006e,哈莉（特斯拉分身）,Model 3和Model Y的区别📝（熬夜整理版）,旧:曝679128/读92779/进10/开7/留3,16964,3332,18,10,6,761.28,Δ曝-662164/Δ读-89447/Δ进8/Δ开3/Δ留3,2026-09-24→2026-09-28,diff
69c53761000000001f006691,哈莉（特斯拉分身）,Model 3普通人最好的性能车📑,旧:曝30955/读11224/进37/开31/留17,38984,7304,61,53,24,2662.66,Δ曝8029/Δ读-3920/Δ进24/Δ开22/Δ留7,2026-09-24→2026-09-28,diff
69c918f50000000023020f5e,Model体验官一凡,早就说了，手握25个Model Y就是最优解,旧:曝14811/读2663/进0/开0/留0,1079,98,0,0,0,73.34,Δ曝-13732/Δ读-2565/Δ进0/Δ开0/Δ留0,2026-09-24→2026-04-19,diff
69c877ae000000001a035966,特斯拉杭州交付中心,20万出头开走Model 3，落地详解,旧:曝24058/读3944/进4/开3/留0,1846,259,4,3,0,244.24,Δ曝-22212/Δ读-3685/Δ进0/Δ开0/Δ留0,2026-09-24→2026-04-02,diff
69bf593a000000001a036409,特斯拉杭州交付中心,倒计时！手把手教你拿2w+，Model Y L攻略💰,旧:曝21227/读3593/进15/开11/留8,16906,2951,15,11,8,865.89,Δ曝-4321/Δ读-642/Δ进0/Δ开0/Δ留0,2026-09-24→2026-05-24,diff
69c7b147000000001d01edf1,Model体验官一凡,02年打工人🚘特斯拉 Model 3 半年购车分享,旧:曝21361/读3421/进1/开1/留2,1114,78,1,1,2,18.2,Δ曝-20247/Δ读-3343/Δ进0/Δ开0/Δ留0,2026-09-24→2026-04-19,diff
69c66eb4000000001b0014a2,Model体验官一凡,上班暂停，提辆Model 3先～,旧:曝35286/读6596/进3/开1/留0,11073,2250,3,1,0,221.83,Δ曝-24213/Δ读-4346/Δ进0/Δ开0/Δ留0,2026-09-24→2026-04-06,diff
69c26cb100000000230206dd,Model体验官一凡,3月预算20个，拿下Model 3！！,旧:曝67965/读10023/进0/开0/留0,1413,96,0,0,0,57.65,Δ曝-66552/Δ读-9927/Δ进0/Δ开0/Δ留0,2026-09-24→2026-04-19,diff
69bd1ce50000000023013652,Model体验官一凡,Model 3快银也太高级了！,旧:曝61142/读11261/进1/开1/留0,5621,1131,1,1,0,146.22,Δ曝-55521/Δ读-10130/Δ进0/Δ开0/Δ留0,2026-09-24→2026-04-20,diff
69c764ea000000002003850e,特斯拉茉茉美少女,Model 3🏅普通人的完美轿跑,旧:曝31507/读6440/进39/开35/留11,6556,613,49,44,18,1041.7,Δ曝-24951/Δ读-5827/Δ进10/Δ开9/Δ留7,2026-09-24→2026-09-28,diff
69c65a5a000000001b0208be,特斯拉茉茉美少女,🆚对比油车月薪5k，买Model Y有压力吗？,旧:曝15697/读2401/进1/开1/留0,2297,375,1,1,0,71.23,Δ曝-13400/Δ读-2026/Δ进0/Δ开0/Δ留0,2026-09-24→2026-04-19,diff
69c533470000000023007022,特斯拉茉茉美少女,Model 3还是Model Y?纠结党速看🤯,旧:曝7863/读1335/进1/开1/留1,2938,580,1,1,1,68.18,Δ曝-4925/Δ读-755/Δ进0/Δ开0/Δ留0,2026-09-24→2026-04-19,diff
69c62984000000002800ad80,特斯拉邮递员子枫,3月太猛了，Model 3每月1918就开走？,旧:曝6621/读1639/进1/开0/留0,817,38,1,0,0,68.71,Δ曝-5804/Δ读-1601/Δ进0/Δ开0/Δ留0,2026-09-24→2026-04-02,diff
69c1f58d0000000023007d2a,特斯拉Yoki特努力,3月，青岛提Model Y，简直香迷糊了！,旧:曝18583/读2780/进35/开31/留23,13324,1904,35,31,23,1632.95,Δ曝-5259/Δ读-876/Δ进0/Δ开0/Δ留0,2026-09-24→2026-04-17,diff
69c26e1d0000000023014851,特斯拉Yoki特努力,预算20个，有主见的女生冲Model 3,旧:曝14611/读2877/进3/开1/留0,2237,237,3,1,0,175.2,Δ曝-12374/Δ读-2640/Δ进0/Δ开0/Δ留0,2026-09-24→2026-04-20,diff
69c3a787000000002301512f,特斯拉南京交付中心,家庭用车看过来，这个价开走特斯拉六座~,旧:曝9040/读1163/进5/开4/留2,3268,467,5,4,2,390.77,Δ曝-5772/Δ读-696/Δ进0/Δ开0/Δ留0,2026-09-24→2026-04-19,diff
69c89c94000000001b02130b,特斯拉MoMo,3月下｜Model Y国补加持后，落地价太猛！,旧:曝7556/读953/进0/开0/留0,1245,131,0,0,0,58.34,Δ曝-6311/Δ读-822/Δ进0/Δ开0/Δ留0,2026-09-24→2026-04-19,diff
69c24427000000001a02ca6d,特斯拉MoMo,特斯拉APP被完全低估了...,旧:曝10762/读2731/进5/开1/留1,2521,226,5,1,1,63.43,Δ曝-8241/Δ读-2505/Δ进0/Δ开0/Δ留0,2026-09-24→2026-04-19,diff
69c7aa67000000001a024d92,特斯拉阿生（全国置换版,销冠车型这个价入手？香爆！,旧:曝11069/读1483/进9/开6/留2,7855,948,10,7,3,579.11,Δ曝-3214/Δ读-535/Δ进1/Δ开1/Δ留1,2026-09-24→2026-09-26,diff
69c8f2360000000020039405,特斯拉Yoki特努力,23.87w，开走Model Y？3月神助攻！,旧:曝32839/读5619/进3/开1/留0,4807,760,3,1,0,209.54,Δ曝-28032/Δ读-4859/Δ进0/Δ开0/Δ留0,2026-09-24→2026-04-01,diff
69c4df26000000001a0300bd,特斯拉体验官Leo,你涨你的油价，我准备8w开走Model 3,旧:曝5104/读741/进1/开0/留0,2657,407,1,0,0,4.58,Δ曝-2447/Δ读-334/Δ进0/Δ开0/Δ留0,2026-09-24→2026-04-19,diff
69c3cd5b00000000230073e4,特斯拉Yoki特努力,早就说了，25w预算Model Y就是最优解,旧:曝83376/读14956/进0/开0/留0,2673,394,0,0,0,197.13,Δ曝-80703/Δ读-14562/Δ进0/Δ开0/Δ留0,2026-09-24→2026-04-06,diff
69c65d5b0000000023012094,特斯拉洋子（包全国）,3月Model 3太猛了👋付4.59w 月供1819开走,旧:曝35057/读6070/进14/开7/留5,34102,5751,25,15,12,1757.56,Δ曝-955/Δ读-319/Δ进11/Δ开8/Δ留7,2026-09-24→2026-09-28,diff
69c7a9c1000000001a02494e,特斯拉洋子（包全国）,别劝我买油车啦，再选一次还是Tesla,旧:曝4251/读620/进0/开0/留0,331,27,0,0,0,11.77,Δ曝-3920/Δ读-593/Δ进0/Δ开0/Δ留0,2026-09-24→2026-04-02,diff
69c4b256000000001a02f297,特斯拉Tesla-悠悠（全国可提）,Model Y四月落地价：26.3W，你心动了吗？,旧:曝40683/读7998/进10/开6/留6,26303,5101,10,6,6,1214.3,Δ曝-14380/Δ读-2897/Δ进0/Δ开0/Δ留0,2026-09-24→2026-04-20,diff
69c8859c000000001a0313a6,济南特斯拉主理人,Model YL看起来确实很大气！,旧:曝12612/读2290/进0/开0/留0,4194,831,0,0,0,186.21,Δ曝-8418/Δ读-1459/Δ进0/Δ开0/Δ留0,2026-09-24→2026-04-19,diff
69c3a18f000000002102d0be,济南特斯拉主理人,济南Model Y落地价：24W+，还有戏,旧:曝39213/读7196/进26/开24/留18,18508,3203,31,29,21,2006.61,Δ曝-20705/Δ读-3993/Δ进5/Δ开5/Δ留3,2026-09-24→2026-09-28,diff
69bcd64a000000002102c98b,济南特斯拉主理人,人生第二台车，在济南提了33w的Model Y L！,旧:曝9201/读1518/进5/开4/留3,4950,814,5,4,3,505.27,Δ曝-4251/Δ读-704/Δ进0/Δ开0/Δ留0,2026-09-24→2026-04-19,diff
69c0991b000000002301ce01,特斯拉Tesla-悠悠（全国可提）,Model Y L 真的是最好的大玩具！,旧:曝4479/读614/进2/开2/留1,2422,354,2,2,1,97.71,Δ曝-2057/Δ读-260/Δ进0/Δ开0/Δ留0,2026-09-24→2026-04-20,diff
69c13e18000000001a02caa3,特斯拉Tesla-悠悠（全国可提）,工薪家庭买Model Y有压力吗？,旧:曝46711/读8311/进31/开28/留21,30479,5711,31,28,21,2733.9,Δ曝-16232/Δ读-2600/Δ进0/Δ开0/Δ留0,2026-09-24→2026-06-04,diff
69c664e700000000210051aa,Tesla椰子🥥(特斯拉全国可提,26年特斯拉可以享受的zf补贴合集🚘💰,旧:曝6554/读853/进4/开4/留4,5452,659,4,4,4,436.83,Δ曝-1102/Δ读-194/Δ进0/Δ开0/Δ留0,2026-09-24→2026-04-20,diff
69c93526000000001b020f4e,宁波特斯拉-海曙龙湖天街店,特斯拉4🈷️政策已出 戳进来🉐方案🤣,旧:曝14048/读1584/进19/开17/留15,9979,937,19,17,15,1017.92,Δ曝-4069/Δ读-647/Δ进0/Δ开0/Δ留0,2026-09-24→2026-06-07,diff
69c67223000000001a02ea62,宁波特斯拉-海曙龙湖天街店,4🈷️政策已经出💙 如何购买 叠加补贴 戳‼️,旧:曝30271/读3343/进39/开36/留21,26512,2722,39,36,21,2421.88,Δ曝-3759/Δ读-621/Δ进0/Δ开0/Δ留0,2026-09-24→2026-04-14,diff
69c72ec7000000001e00c61c,特斯拉｜东东,6月好时机！Model 3  20.67W➕开走！,旧:曝198526/读35205/进0/开0/留0,21531,2839,14,11,8,1440.34,Δ曝-176995/Δ读-32366/Δ进14/Δ开11/Δ留8,2026-09-24→2026-09-28,diff
69bbddbd000000001a02ecd8,特斯拉｜东东,惊了！特斯拉Model Y落地23w+💰,旧:曝6724/读855/进7/开5/留5,6013,742,7,5,5,596.3,Δ曝-711/Δ读-113/Δ进0/Δ开0/Δ留0,2026-09-24→2026-04-19,diff
69c6799a000000001d01da4d,杭州萧山特斯拉中心,特斯拉Model 3官网价：22w+,旧:曝41686/读7030/进12/开6/留2,4015,351,12,6,2,394.27,Δ曝-37671/Δ读-6679/Δ进0/Δ开0/Δ留0,2026-09-24→2026-04-20,diff
69c5202900000000210069f3,杭州萧山特斯拉中心,交付中心可以看到什么颜色的Model 3？,旧:曝51506/读9777/进1/开1/留0,3162,458,1,1,0,144.35,Δ曝-48344/Δ读-9319/Δ进0/Δ开0/Δ留0,2026-09-24→2026-04-19,diff
69c487c3000000002301136a,杭州萧山特斯拉中心,预算20个，拿下Model3！闭眼冲！,旧:曝40301/读6004/进2/开1/留0,1711,92,2,1,0,183.73,Δ曝-38590/Δ读-5912/Δ进0/Δ开0/Δ留0,2026-09-24→2026-04-01,diff
69bd2c1a000000001d019945,杭州萧山特斯拉中心,晚上的Model 3好帅啊！！,旧:曝48153/读8956/进4/开2/留0,2884,485,4,2,0,178.11,Δ曝-45269/Δ读-8471/Δ进0/Δ开0/Δ留0,2026-09-24→2026-04-19,diff
69c0a1d6000000001b020023,特斯拉｜东东,谈谈特斯拉Model Y L的使用感受,旧:曝10638/读1966/进1/开0/留0,3183,690,1,0,0,49.19,Δ曝-7455/Δ读-1276/Δ进0/Δ开0/Δ留0,2026-09-24→2026-04-19,diff
69c7f0f8000000002103a90c,特斯拉尼克,3月💥，首付4个W，Model 3日供75开走,旧:曝24148/读3049/进26/开22/留18,27422,3448,64,57,46,5236.23,Δ曝3274/Δ读399/Δ进38/Δ开35/Δ留28,2026-09-24→2026-09-28,diff
69c8d98c000000002102d4ef,特斯拉尼克,Model Y干到23w+！3月提车攻略,旧:曝9113/读1274/进1/开1/留0,2222,254,1,1,0,119.04,Δ曝-6891/Δ读-1020/Δ进0/Δ开0/Δ留0,2026-09-24→2026-09-28,diff
69beb042000000001a033019,济南特斯拉主理人,谁说特斯拉烈焰红Model 3不帅的？,旧:曝3721/读494/进1/开1/留1,1546,230,1,1,1,63.58,Δ曝-2175/Δ读-264/Δ进0/Δ开0/Δ留0,2026-09-24→2026-04-19,diff
69cc901500000000230237bb,特斯拉洋子（包全国）,好香好香，在广州月薪6k提Model 3～,旧:曝422/读18/进1/开0/留0,419,14,1,0,0,6.25,Δ曝-3/Δ读-4/Δ进0/Δ开0/Δ留0,2026-09-24→2026-04-19,diff
69cc9041000000001a033de4,特斯拉洋子（包全国）,不焦虑了，Model Y月供2k+带走～,旧:曝7567/读652/进8/开8/留8,7521,621,8,8,8,1346.49,Δ曝-46/Δ读-31/Δ进0/Δ开0/Δ留0,2026-09-24→2026-04-28,diff
69cc8ee0000000002301355d,特斯拉洋子（包全国）,Model Y还遥远？手付7.99W，🈷️供2594！,旧:曝12080/读896/进16/开13/留8,12004,852,16,13,8,1535.03,Δ曝-76/Δ读-44/Δ进0/Δ开0/Δ留0,2026-09-24→2026-04-28,diff
69cc8f85000000001a023c6f,特斯拉洋子（包全国）,在广州 20w+预算可以拿下Model Y,旧:曝1282/读75/进1/开1/留1,1269,72,1,1,1,142.1,Δ曝-13/Δ读-3/Δ进0/Δ开0/Δ留0,2026-09-24→2026-04-20,diff
69cc8f3f000000002102d7f3,特斯拉洋子（包全国）,广州4月冲Model3太香！七年低西0压力,旧:曝4415/读352/进9/开9/留5,4388,342,9,9,5,1072.85,Δ曝-27/Δ读-10/Δ进0/Δ开0/Δ留0,2026-09-24→2026-06-22,diff
69cc88350000000022025084,特斯拉洋子（包全国）,4月| Model Y L广州提车思路，清晰得可怕！,旧:曝4643/读629/进8/开6/留5,4610,588,8,6,5,988.63,Δ曝-33/Δ读-41/Δ进0/Δ开0/Δ留0,2026-09-24→2026-04-20,diff
69cc8e36000000001d01bbdd,特斯拉体验官Leo,33.9w入手，特斯拉三排六座车,旧:曝357/读9/进0/开0/留0,354,8,0,0,0,3.17,Δ曝-3/Δ读-1/Δ进0/Δ开0/Δ留0,2026-09-24→2026-04-19,diff
69cc8c68000000001d01b142,特斯拉体验官Leo,25w左右买车，Model Y就是最佳选择,旧:曝1642/读145/进3/开2/留1,1628,131,3,2,1,151.58,Δ曝-14/Δ读-14/Δ进0/Δ开0/Δ留0,2026-09-24→2026-04-22,diff
69cc8b65000000001e00e3aa,特斯拉体验官Leo,不好的我不发，Model 3给力价,旧:曝672/读61/进1/开0/留0,668,61,1,0,0,69.64,Δ曝-4/Δ读0/Δ进0/Δ开0/Δ留0,2026-09-24→2026-04-20,diff
69cc8b25000000001d01a998,特斯拉体验官Leo,年轻人想买Model 3，政策了解一波,旧:曝1118/读108/进0/开0/留0,1112,104,0,0,0,58.99,Δ曝-6/Δ读-4/Δ进0/Δ开0/Δ留0,2026-09-24→2026-04-20,diff
69cc8a20000000002800a628,特斯拉体验官Leo,4月Model Y新方案！0压力提车,旧:曝712/读28/进1/开0/留0,708,26,1,0,0,44.8,Δ曝-4/Δ读-2/Δ进0/Δ开0/Δ留0,2026-09-24→2026-04-20,diff
69cc874a0000000023025829,特斯拉体验官Leo,太猛了😆，在北京🈷供2K+提了Model Y,旧:曝1832/读226/进2/开1/留1,1822,224,2,1,1,220.57,Δ曝-10/Δ读-2/Δ进0/Δ开0/Δ留0,2026-09-24→2026-04-20,diff
69cc8e86000000002003b5b5,特斯拉剪刀布,(库中无此笔记→将新建),,1057,61,2,2,1,134.38,2026-04-02,2026-04-19,new
69cc8dd600000000220037a4,特斯拉剪刀布,(库中无此笔记→将新建),,1231,78,2,2,1,96.93,2026-04-02,2026-04-19,new
69cc8da6000000002003b12b,特斯拉剪刀布,(库中无此笔记→将新建),,271,3,0,0,0,23.18,2026-04-02,2026-04-18,new
69cc8d53000000001b003122,特斯拉剪刀布,(库中无此笔记→将新建),,1437,89,1,1,1,137,2026-04-02,2026-04-19,new
69cc861a000000002202bcec,特斯拉茉茉美少女,4月天津Model Y L买车思路，清晰得可怕！,旧:曝823/读110/进0/开0/留0,814,96,0,0,0,51.03,Δ曝-9/Δ读-14/Δ进0/Δ开0/Δ留0,2026-09-24→2026-04-07,diff
69cc8cc4000000001a027f34,特斯拉剪刀布,(库中无此笔记→将新建),,1856,134,0,0,0,210.71,2026-04-02,2026-04-19,new
69cc8d13000000002003ae5a,特斯拉剪刀布,(库中无此笔记→将新建),,518,14,0,0,0,33.82,2026-04-02,2026-04-18,new
69cf1b7e000000001f00175c,特斯拉尼克,最终选了白色Model Y，太对了,旧:曝56690/读11416/进1/开0/留0,6532,1790,1,0,0,134.17,Δ曝-50158/Δ读-9626/Δ进0/Δ开0/Δ留0,2026-09-24→2026-04-20,diff
69d0902d000000001f003ddc,特斯拉尼克,今年只花4w多，提走白色Model 3,旧:曝61710/读10298/进15/开15/留12,37106,5617,16,16,13,2031.19,Δ曝-24604/Δ读-4681/Δ进1/Δ开1/Δ留1,2026-09-24→2026-09-28,diff
69d090a2000000001a037fca,Tesla_Selina,4月惊喜价，Model 3月供 1788 开走,旧:曝114702/读16837/进34/开27/留20,51820,6479,51,43,36,5768.54,Δ曝-62882/Δ读-10358/Δ进17/Δ开16/Δ留16,2026-09-24→2026-09-28,diff
69cd13f0000000001f0032f8,特斯拉Yoki特努力,26年Model Y L买车思路，清清楚楚,旧:曝37955/读6887/进4/开2/留1,2372,343,4,2,1,141.58,Δ曝-35583/Δ读-6544/Δ进0/Δ开0/Δ留0,2026-09-24→2026-04-20,diff
69d5f61c000000001e00f340,特斯拉尼克,4月| Model Y L吉林提车思路，清晰得可怕！,旧:曝254/读8/进0/开0/留0,253,4,0,0,0,2.38,Δ曝-1/Δ读-4/Δ进0/Δ开0/Δ留0,2026-09-24→2026-04-20,diff
69d5f5c000000000230042f9,特斯拉尼克,不焦虑了，Model Y月供2k+带走～,旧:曝1465/读122/进1/开1/留1,1461,121,1,1,1,191.02,Δ曝-4/Δ读-1/Δ进0/Δ开0/Δ留0,2026-09-24→2026-04-20,diff
69d5f588000000002102f646,特斯拉尼克,吉林4月 Model 3政策价格一览，一次讲清楚,旧:曝411/读10/进0/开0/留0,411,9,0,0,0,25.98,Δ曝0/Δ读-1/Δ进0/Δ开0/Δ留0,2026-09-24→2026-04-19,diff
69d5f541000000001a02adb5,特斯拉尼克,吉林4月Model Y政策来啦 太炸了‼️,旧:曝667/读43/进1/开1/留0,664,40,1,1,0,111.78,Δ曝-3/Δ读-3/Δ进0/Δ开0/Δ留0,2026-09-24→2026-04-20,diff
69d5f4d5000000001a02ed11,特斯拉尼克,4月长春Model 3提车，政策价格搞清楚,旧:曝1067/读89/进2/开1/留1,1065,85,2,1,1,164.57,Δ曝-2/Δ读-4/Δ进0/Δ开0/Δ留0,2026-09-24→2026-04-20,diff
69d77d480000000021011298,特斯拉尼克,长春4月新政，Model Y落地价，24W+！,旧:曝900/读79/进1/开1/留1,896,75,1,1,1,94.87,Δ曝-4/Δ读-4/Δ进0/Δ开0/Δ留0,2026-09-24→2026-04-20,diff
69d77cc50000000021007d3f,特斯拉尼克,Model 3太猛了！长春手付5w月供1.9k开走,旧:曝735/读56/进1/开1/留0,732,51,1,1,0,83.67,Δ曝-3/Δ读-5/Δ进0/Δ开0/Δ留0,2026-09-24→2026-04-20,diff
69d77c57000000002302325e,哈莉（特斯拉分身）,北京4月新政，Model Y落地价，24W+！,旧:曝5583/读575/进4/开4/留3,5548,552,4,4,3,519.83,Δ曝-35/Δ读-23/Δ进0/Δ开0/Δ留0,2026-09-24→2026-04-20,diff
69d77bfa000000002301df5a,哈莉（特斯拉分身）,Model 3太猛了！北京手付5w月供1.9k开走,旧:曝1589/读143/进1/开1/留1,1582,138,1,1,1,192.8,Δ曝-7/Δ读-5/Δ进0/Δ开0/Δ留0,2026-09-24→2026-04-20,diff
69d77cf80000000022003a5a,特斯拉剪刀布,(库中无此笔记→将新建),,932,61,0,0,0,67.97,2026-04-08,2026-04-19,new
69ce2516000000002100717b,特斯拉剪刀布,(库中无此笔记→将新建),,789,19,0,0,0,58.41,2026-04-08,2026-04-19,new
69d77d740000000023006590,特斯拉剪刀布,(库中无此笔记→将新建),,1322,97,0,0,0,113.17,2026-04-08,2026-04-19,new
69d77d3200000000230134e1,特斯拉体验官Leo,北京4月新政，Model Y落地价，24W+！,旧:曝1169/读69/进0/开0/留0,1167,70,0,0,0,88.76,Δ曝-2/Δ读1/Δ进0/Δ开0/Δ留0,2026-09-24→2026-04-24,diff
69d77cb0000000002103ac63,特斯拉体验官Leo,Model 3太猛了！北京手付5w月供1.9k开走,旧:曝798/读48/进1/开1/留1,788,45,1,1,1,58.48,Δ曝-10/Δ读-3/Δ进0/Δ开0/Δ留0,2026-09-24→2026-04-24,diff
69ce2267000000001b00167d,特斯拉体验官Leo,7.99w，每月2000+开走Model Y,旧:曝11930/读1096/进4/开3/留1,10655,947,4,3,1,773.88,Δ曝-1275/Δ读-149/Δ进0/Δ开0/Δ留0,2026-09-24→2026-05-03,diff
69d77d0c00000000230142e1,特斯拉邮递员子枫,成都Model 3太猛了！手付5w月供1.9k开走,旧:曝5625/读444/进7/开7/留5,5599,413,7,7,5,851.11,Δ曝-26/Δ读-31/Δ进0/Δ开0/Δ留0,2026-09-24→2026-04-23,diff
69d77d8c000000002103b1ce,特斯拉邮递员子枫,成都4月新政，Model Y落地价，24W+！,旧:曝2944/读223/进4/开3/留1,2922,212,4,3,1,441.92,Δ曝-22/Δ读-11/Δ进0/Δ开0/Δ留0,2026-09-24→2026-04-20,diff
69d77d5f0000000021011325,特斯拉洋子（包全国）,广州4月新政，Model Y落地价，24W+！,旧:曝930/读60/进0/开0/留0,927,58,0,0,0,81.92,Δ曝-3/Δ读-2/Δ进0/Δ开0/Δ留0,2026-09-24→2026-04-20,diff
69d77cdf000000001f00094c,特斯拉洋子（包全国）,Model 3太猛了！广州手付5w月供1.9k开走,旧:曝4735/读587/进4/开3/留0,4707,549,4,3,0,344.79,Δ曝-28/Δ读-38/Δ进0/Δ开0/Δ留0,2026-09-24→2026-04-20,diff
69cca875000000001a035d65,特斯拉Yoki特努力,4月Model 3香炸了！首付4.59w月供2k多开走,旧:曝52067/读8756/进0/开0/留0,710,89,0,0,0,45.53,Δ曝-51357/Δ读-8667/Δ进0/Δ开0/Δ留0,2026-09-24→2026-04-28,diff
69d0aba30000000023005a9a,特斯拉Yoki特努力,4月，Model Y落地价24w➕？？简直香迷糊了！,旧:曝7033/读1110/进1/开1/留0,1465,208,1,1,0,76.14,Δ曝-5568/Δ读-902/Δ进0/Δ开0/Δ留0,2026-09-24→2026-04-14,diff
69d1f3f2000000002300703c,特斯拉Yoki特努力,4月，青岛提Model Y L费用明细，清清楚楚,旧:曝51658/读9797/进18/开18/留15,15632,3056,24,23,18,2365.12,Δ曝-36026/Δ读-6741/Δ进6/Δ开5/Δ留3,2026-09-24→2026-08-19,diff
69d8aba7000000001f001483,特斯拉MoMo,5月，江苏提车，20W+开走model 3！,旧:曝37466/读6307/进16/开13/留7,11306,1489,16,13,7,1431.73,Δ曝-26160/Δ读-4818/Δ进0/Δ开0/Δ留0,2026-09-24→2026-09-28,diff
69d11fd2000000001a02ca1b,特斯拉MoMo,白领进，7.99w拿下高颜值梦中情车,旧:曝5261/读641/进0/开0/留0,422,26,0,0,0,11.23,Δ曝-4839/Δ读-615/Δ进0/Δ开0/Δ留0,2026-09-24→2026-04-19,diff
69ce1f3400000000280082f6,特斯拉MoMo,不是单踏板，是能量回收制动！,旧:曝13639/读3097/进0/开0/留0,827,65,0,0,0,59.71,Δ曝-12812/Δ读-3032/Δ进0/Δ开0/Δ留0,2026-09-24→2026-04-20,diff
69cf7d59000000002202674c,特斯拉洋子（包全国）,考虑换电车了？Model 3真的可以！！,旧:曝1491/读103/进0/开0/留0,352,15,0,0,0,0.48,Δ曝-1139/Δ读-88/Δ进0/Δ开0/Δ留0,2026-09-24→2026-04-19,diff
69daffeb0000000023017add,特斯拉洋子（包全国）,预算20个，清醒的搞钱女孩冲Model 3,旧:曝10798/读1618/进0/开0/留0,6476,971,2,2,2,168.41,Δ曝-4322/Δ读-647/Δ进2/Δ开2/Δ留2,2026-09-24→2026-09-28,diff
69d86924000000001b00293b,特斯拉洋子（包全国）,月入6k｜打工人养Model3 月支出,旧:曝360932/读75395/进135/开115/留68,427435,102084,291,243,136,19872.61,Δ曝66503/Δ读26689/Δ进156/Δ开128/Δ留68,2026-09-24→2026-09-28,diff
69cfe7df000000001a03646f,特斯拉晶晶✨,开Model 3的春天，真的比别人多份浪漫🌸,旧:曝683/读66/进0/开0/留0,45,4,0,0,0,0.04,Δ曝-638/Δ读-62/Δ进0/Δ开0/Δ留0,2026-09-24→2026-04-19,diff
69d27a780000000023022745,Model体验官一凡,4月兴奋了，Model 3：20w+,旧:曝71765/读13004/进0/开0/留0,977,150,0,0,0,13.98,Δ曝-70788/Δ读-12854/Δ进0/Δ开0/Δ留0,2026-09-24→2026-04-14,diff
69d2521a000000001d01f1dd,Model体验官一凡,Model Y落地价：24.35W，还有机会,旧:曝62313/读10508/进8/开6/留2,8376,1385,8,6,2,536.53,Δ曝-53937/Δ读-9123/Δ进0/Δ开0/Δ留0,2026-09-24→2026-04-21,diff
69d74b24000000002301cef0,特斯拉剪刀布,(库中无此笔记→将新建),,173,8,0,0,0,0.83,2026-04-12,2026-04-18,new
69cf61ca0000000022025994,特斯拉邮递员子枫,zui佳入手时机，Model Y早买早享受,旧:曝4620/读1529/进1/开1/留1,10501,235,20,6,6,1259.95,Δ曝5881/Δ读-1294/Δ进19/Δ开5/Δ留5,2026-09-24→2026-09-28,diff
69d1f7e2000000002300421d,特斯拉杭州交付中心,补到大动脉，多少💰提Model 3？,旧:曝84691/读13021/进0/开0/留0,692,65,0,0,0,28.42,Δ曝-83999/Δ读-12956/Δ进0/Δ开0/Δ留0,2026-09-24→2026-04-14,diff
69cb85c1000000002800a67b,特斯拉南京交付中心,零压力入手，日供63提Model 3！,旧:曝14344/读2215/进0/开0/留0,440,41,0,0,0,2.13,Δ曝-13904/Δ读-2174/Δ进0/Δ开0/Δ留0,2026-09-24→2026-04-20,diff
69d4d3810000000023004f89,特斯拉南京交付中心,4月政策来啦，Model Y超划算开走,旧:曝8310/读1216/进1/开1/留0,440,38,1,1,0,15.72,Δ曝-7870/Δ读-1178/Δ进0/Δ开0/Δ留0,2026-09-24→2026-04-14,diff
69d10f0f00000000220291dd,特斯拉茉茉美少女,Model 3：手付4.59w开走！！,旧:曝188734/读25630/进228/开206/留120,262824,34837,325,291,165,19621.25,Δ曝74090/Δ读9207/Δ进97/Δ开85/Δ留45,2026-09-24→2026-09-28,diff
69cf8f160000000020038f36,特斯拉茉茉美少女,黑色Model Y，24W+提走了,旧:曝333032/读73362/进181/开163/留96,374200,78732,238,213,127,17219.74,Δ曝41168/Δ读5370/Δ进57/Δ开50/Δ留31,2026-09-24→2026-09-28,diff
69cf6b5700000000230143c6,特斯拉阿生（全国置换版,把我整兴奋了！Model 3这个价？,旧:曝1597/读125/进0/开0/留0,388,13,0,0,0,0.93,Δ曝-1209/Δ读-112/Δ进0/Δ开0/Δ留0,2026-09-24→2026-04-20,diff
69d9ff9f000000001f00278a,特斯拉尼克,25岁有点小钱：长期主义选了Model Y,旧:曝21789/读4410/进0/开0/留0,1813,402,0,0,0,11.66,Δ曝-19976/Δ读-4008/Δ进0/Δ开0/Δ留0,2026-09-24→2026-05-05,diff
69db0159000000001a034198,特斯拉尼克,特斯拉Model 3最新落地，爱了,旧:曝54940/读9390/进4/开2/留2,23747,4124,4,2,2,667.11,Δ曝-31193/Δ读-5266/Δ进0/Δ开0/Δ留0,2026-09-24→2026-09-28,diff
69d74d9d0000000023017a57,特斯拉Tesla-悠悠（全国可提）,月薪多少可以买特斯拉Model 3,旧:曝3530/读424/进0/开0/留0,381,20,0,0,0,49.79,Δ曝-3149/Δ读-404/Δ进0/Δ开0/Δ留0,2026-09-24→2026-04-14,diff
69d70ff8000000001a023fbf,济南特斯拉主理人,济南想买Model 3，有8w就够！,旧:曝4682/读753/进0/开0/留0,454,32,0,0,0,92.69,Δ曝-4228/Δ读-721/Δ进0/Δ开0/Δ留0,2026-09-24→2026-04-14,diff
69d111f7000000002102cc91,济南特斯拉主理人,4月，白色Model Y，25W+提走了,旧:曝11273/读1623/进8/开7/留5,6564,773,8,7,5,805.7,Δ曝-4709/Δ读-850/Δ进0/Δ开0/Δ留0,2026-09-24→2026-04-23,diff
69ca31bf000000001a02764b,常州特斯拉-小蒋,特斯拉4月怎么买！攻略大全🔥,旧:曝2268/读288/进0/开0/留0,670,42,0,0,0,19.24,Δ曝-1598/Δ读-246/Δ进0/Δ开0/Δ留0,2026-09-24→2026-04-14,diff
69d1d502000000002200055b,常州特斯拉-小蒋,特斯拉4月超详细版🚗,旧:曝1768/读281/进0/开0/留0,586,58,0,0,0,24.4,Δ曝-1182/Δ读-223/Δ进0/Δ开0/Δ留0,2026-09-24→2026-04-16,diff
69d9d830000000001f004a0a,特斯拉金华| 露娜,20万没对手！Model Y月供2.2k开走,旧:曝36663/读3694/进1/开0/留0,2890,438,1,0,0,61.57,Δ曝-33773/Δ读-3256/Δ进0/Δ开0/Δ留0,2026-09-24→2026-04-20,diff
69cf69c9000000002003828e,特斯拉金华| 露娜,Model Y 这个价，直接跪了啊！,旧:曝26605/读2384/进2/开2/留1,707,84,2,2,1,45.06,Δ曝-25898/Δ读-2300/Δ进0/Δ开0/Δ留0,2026-09-24→2026-04-15,diff
69cdf107000000001b020a1a,特斯拉金华| 露娜,《24w+，就买综合实力强的车》,旧:曝2415/读334/进1/开1/留1,412,39,1,1,1,4.97,Δ曝-2003/Δ读-295/Δ进0/Δ开0/Δ留0,2026-09-24→2026-04-20,diff
69d5c244000000001b02179c,特斯拉｜东东,4月不焦虑了，特斯拉Model Y落地明细,旧:曝10103/读1865/进2/开1/留1,1549,209,2,1,1,272.29,Δ曝-8554/Δ读-1656/Δ进0/Δ开0/Δ留0,2026-09-24→2026-04-19,diff
69d38e89000000001d01ff2a,杭州萧山特斯拉中心,沉浸式体验Model 3🚗快银真帅！,旧:曝25256/读4707/进0/开0/留0,411,43,0,0,0,29.62,Δ曝-24845/Δ读-4664/Δ进0/Δ开0/Δ留0,2026-09-24→2026-04-14,diff
69d77a35000000002301228c,杭州萧山特斯拉中心,4月｜Model Y国补后落地价,旧:曝31269/读4906/进28/开28/留11,9672,1234,28,28,11,1301.88,Δ曝-21597/Δ读-3672/Δ进0/Δ开0/Δ留0,2026-09-24→2026-04-23,diff
69d66be7000000001a02f4f9,宁波特斯拉-海曙龙湖天街店,宁波  特斯拉model3 这个价太值啦🥰,旧:曝14232/读1976/进9/开6/留3,4152,504,9,6,3,509.65,Δ曝-10080/Δ读-1472/Δ进0/Δ开0/Δ留0,2026-09-24→2026-04-18,diff
69d06b6f000000001e00d074,宁波特斯拉-海曙龙湖天街店,特斯拉modelY 3   4️⃣🈷️政策地补6-8K,旧:曝3087/读426/进1/开1/留0,689,56,1,1,0,29.99,Δ曝-2398/Δ读-370/Δ进0/Δ开0/Δ留0,2026-09-24→2026-04-14,diff
69ce8cf7000000001f00568b,宁波特斯拉-海曙龙湖天街店,宁波Y  新购8k💰公司7k 💰 享受了嘛😭❓,旧:曝7202/读1273/进1/开1/留0,794,73,1,1,0,68.88,Δ曝-6408/Δ读-1200/Δ进0/Δ开0/Δ留0,2026-09-24→2026-04-18,diff
69d0659e000000001a0379bf,特斯拉｜东东,合肥买车，千万别放过月供1k多的Model 3,旧:曝12320/读2170/进38/开35/留27,7798,1346,38,35,27,2364.19,Δ曝-4522/Δ读-824/Δ进0/Δ开0/Δ留0,2026-09-24→2026-07-20,diff
69d47e5400000000220287bb,特斯拉Tesla-悠悠（全国可提）,4月兴奋了！20w+就能拿下Model 3,旧:曝3344/读442/进0/开0/留0,422,33,0,0,0,23.85,Δ曝-2922/Δ读-409/Δ进0/Δ开0/Δ留0,2026-09-24→2026-04-14,diff
69cb9a36000000002800914d,特斯拉Tesla-悠悠（全国可提）,4月｜Model Y=国补➕省补➕区补=历史底价,旧:曝4579/读530/进9/开8/留5,2719,272,9,8,5,440.83,Δ曝-1860/Δ读-258/Δ进0/Δ开0/Δ留0,2026-09-24→2026-06-07,diff
69d5cb16000000001f001ff3,Tesla｜小冯-全国可提车,本月入Model Y L，只要这个价格！！,旧:曝9806/读1650/进0/开0/留0,439,35,0,0,0,2.58,Δ曝-9367/Δ读-1615/Δ进0/Δ开0/Δ留0,2026-09-24→2026-05-07,diff
69d5c3a7000000001a020f37,Tesla_Selina,还有机会，Model 3：20w+,旧:曝16617/读2768/进1/开1/留1,2437,331,1,1,1,83.59,Δ曝-14180/Δ读-2437/Δ进0/Δ开0/Δ留0,2026-09-24→2026-09-28,diff
69cf8c5d000000001d01fed0,Haha同学在特斯拉,预算25个，不内耗的男生冲Model Y,旧:曝30852/读5490/进3/开3/留1,1357,206,3,3,1,88.83,Δ曝-29495/Δ读-5284/Δ进0/Δ开0/Δ留0,2026-09-24→2026-06-14,diff
69cf82440000000023005a3b,哈莉（特斯拉分身）,恭喜特斯拉！！今天又多了个可爱女车主！！,旧:曝13625/读2359/进6/开2/留2,5425,769,7,3,3,285.25,Δ曝-8200/Δ读-1590/Δ进1/Δ开1/Δ留1,2026-09-24→2026-09-28,diff
69cf1b35000000001b023e7c,Tesla_Selina,偶遇谁的Model 3？品味太好,旧:曝34038/读8036/进0/开0/留0,3909,1263,0,0,0,112.5,Δ曝-30129/Δ读-6773/Δ进0/Δ开0/Δ留0,2026-09-24→2026-04-20,diff
69c8fb3b0000000023005424,特斯拉-小锦✨,Model 3，你怎么又让我心动了,旧:曝2813/读341/进2/开1/留1,1128,115,2,1,1,38.59,Δ曝-1685/Δ读-226/Δ进0/Δ开0/Δ留0,2026-09-24→2026-05-05,diff
69c6124c000000001a027a51,特斯拉上海交付中心,特斯拉Model3海洋蓝实物很高级！💙,旧:曝17812/读3424/进0/开0/留0,1322,242,0,0,0,28.65,Δ曝-16490/Δ读-3182/Δ进0/Δ开0/Δ留0,2026-09-24→2026-04-19,diff
69ca32b3000000001a0228fa,南昌王府井特斯拉销售阿超,24.35万闭眼冲！特斯拉性价比天💐板✨,旧:曝2176/读264/进0/开0/留0,786,85,0,0,0,46.16,Δ曝-1390/Δ读-179/Δ进0/Δ开0/Δ留0,2026-09-24→2026-04-19,diff
69c27528000000001f003248,特斯拉合肥交付中心,是时候油转电了，这波Model 3我8w开走,旧:曝10699/读1563/进1/开1/留0,658,52,1,1,0,80.8,Δ曝-10041/Δ读-1511/Δ进0/Δ开0/Δ留0,2026-09-24→2026-04-19,diff
69c62fd3000000001a02a23a,特斯拉上海交付中心,我等不了了，Model 3｜60日供,旧:曝6806/读651/进0/开0/留0,1076,92,0,0,0,47.29,Δ曝-5730/Δ读-559/Δ进0/Δ开0/Δ留0,2026-09-24→2026-04-19,diff
69c64c560000000021012c17,Tesla｜玉子（特专业版）,00后女生，4.59w开走白色Model 3！,旧:曝8745/读1404/进0/开0/留0,1918,283,0,0,0,46.98,Δ曝-6827/Δ读-1121/Δ进0/Δ开0/Δ留0,2026-09-24→2026-05-05,diff
69d8a9d50000000023025b32,特斯拉体验官Leo,4月政策来啦，Model 3入手什么价？,旧:曝4541/读534/进1/开1/留1,1581,116,1,1,1,76.63,Δ曝-2960/Δ读-418/Δ进0/Δ开0/Δ留0,2026-09-24→2026-05-13,diff
69bce99d00000000280089ea,特斯拉Yoki特努力,如果你要买车，10w预算，会买Model 3吗？,旧:曝6628/读933/进0/开0/留0,1590,211,0,0,0,76.23,Δ曝-5038/Δ读-722/Δ进0/Δ开0/Δ留0,2026-09-24→2026-04-19,diff
69cb87790000000022029a3b,博文在特斯拉,5月份上海Model Y落地方案（详细版）,旧:曝24446/读6865/进5/开4/留0,9302,2096,5,4,0,281.38,Δ曝-15144/Δ读-4769/Δ进0/Δ开0/Δ留0,2026-09-24→2026-05-05,diff
69cba3f1000000001a03304c,天津特斯拉-小颖,天津姐妹看过来！Model 3手付2.19w开回家🔥,旧:曝5367/读705/进7/开4/留2,2604,353,7,4,2,509.53,Δ曝-2763/Δ读-352/Δ进0/Δ开0/Δ留0,2026-09-24→2026-04-22,diff
69d8ad1400000000210073d3,特斯拉剪刀布,(库中无此笔记→将新建),,800,99,2,0,0,23.31,2026-04-13,2026-04-19,new
69be010e000000002800b6f2,特斯拉MoMo,提白色Model 3攻略，少花4万+,旧:曝6358/读979/进0/开0/留0,564,59,0,0,0,19.45,Δ曝-5794/Δ读-920/Δ进0/Δ开0/Δ留0,2026-09-24→2026-04-19,diff
69d8aa99000000001d01e8a4,特斯拉邮递员子枫,4月的Model 3，只会用落地价征服你！,旧:曝20487/读17751/进66/开32/留15,18670,393,71,36,15,2903,Δ曝-1817/Δ读-17358/Δ进5/Δ开4/Δ留0,2026-09-24→2026-09-28,diff
69b3fbee000000002202a76d,特斯拉长沙向姐🌸,算完这笔账，我默默将油车换成特斯拉,旧:曝12242/读1525/进0/开0/留0,846,121,0,0,0,12.29,Δ曝-11396/Δ读-1404/Δ进0/Δ开0/Δ留0,2026-09-24→2026-04-19,diff
69c7dd1f000000002301778a,特斯拉福建交付中心,特斯拉｜4月政策延续！,旧:曝1559/读497/进0/开0/留0,837,38,0,0,0,44.35,Δ曝-722/Δ读-459/Δ进0/Δ开0/Δ留0,2026-09-24→2026-04-19,diff
69c65776000000002200ed2b,Hi 特斯拉的小鹿,论Model 3和春天的适配度🍃,旧:曝3185/读411/进0/开0/留0,360,12,0,0,0,0.63,Δ曝-2825/Δ读-399/Δ进0/Δ开0/Δ留0,2026-09-24→2026-04-18,diff
69c526210000000023025cf1,Hi 特斯拉的小鹿,Model Y的屁屁谁不爱啊？,旧:曝9877/读1819/进0/开0/留0,556,69,0,0,0,6.46,Δ曝-9321/Δ读-1750/Δ进0/Δ开0/Δ留0,2026-09-24→2026-04-19,diff
69c3c382000000001d018659,Hi 特斯拉的小鹿,难怪大家都选Model Y黑武士...,旧:曝14996/读2362/进0/开0/留0,903,132,0,0,0,17.9,Δ曝-14093/Δ读-2230/Δ进0/Δ开0/Δ留0,2026-09-24→2026-04-19,diff
69d608540000000023006408,Tesla king,油价暴涨！特斯拉Model3省钱+蕞新优hui✨,旧:曝2548/读248/进2/开0/留0,1107,91,2,0,0,75.48,Δ曝-1441/Δ读-157/Δ进0/Δ开0/Δ留0,2026-09-24→2026-04-19,diff
69c8e590000000002300668b,Tesla特斯拉-毛豆,2026河南家人必看！Model Y L买车新姿势🔥,旧:曝3335/读426/进0/开0/留0,355,20,0,0,0,4.01,Δ曝-2980/Δ读-406/Δ进0/Δ开0/Δ留0,2026-09-24→2026-04-19,diff
69ce41c8000000002103be88,特斯拉校草,白色Model Y，4月24W+提走了,旧:曝30085/读4895/进1/开1/留1,2022,276,1,1,1,120.73,Δ曝-28063/Δ读-4619/Δ进0/Δ开0/Δ留0,2026-09-24→2026-04-20,diff
69c92392000000002103ae35,特斯拉校草,Model Y：25万，还有谁能比的过？,旧:曝27692/读4994/进3/开3/留1,3211,671,3,3,1,202.77,Δ曝-24481/Δ读-4323/Δ进0/Δ开0/Δ留0,2026-09-24→2026-04-19,diff
69be0b72000000001a02f437,特斯拉｜东东,🔥合肥3月购车｜Model Y 24W+，露营党狂喜,旧:曝12287/读1933/进7/开7/留5,3402,359,7,7,5,477.74,Δ曝-8885/Δ读-1574/Δ进0/Δ开0/Δ留0,2026-09-24→2026-04-24,diff
69bb8f400000000023012dc1,Kiki_在特斯拉 🚗,四月特斯拉的“大玩具”｜直接提回家🩶,旧:曝27422/读4981/进0/开0/留0,977,149,0,0,0,12.13,Δ曝-26445/Δ读-4832/Δ进0/Δ开0/Δ留0,2026-09-24→2026-04-19,diff
69c52c71000000002003b888,老表在特斯拉,Model 3和 Model Y选哪个？,旧:曝131251/读32550/进1/开1/留0,10244,2557,1,1,0,49.01,Δ曝-121007/Δ读-29993/Δ进0/Δ开0/Δ留0,2026-09-24→2026-04-19,diff
69c942c9000000001a023a2e,卖特斯拉的潮汕小妮（车主版）,25w➕开走Model Y！？4️⃣月这波真香！,旧:曝3894/读417/进1/开1/留0,1546,113,1,1,0,197.4,Δ曝-2348/Δ读-304/Δ进0/Δ开0/Δ留0,2026-09-24→2026-04-22,diff
69c9ffda000000001f001f02,特斯拉百科全苏丨全国可订🚗,4月活动来啦🔥快来提辆 Model 3 先！！,旧:曝3417/读496/进3/开2/留2,2269,324,3,2,2,147.03,Δ曝-1148/Δ读-172/Δ进0/Δ开0/Δ留0,2026-09-24→2026-06-07,diff
69c780a8000000001e00cb7a,特斯拉金华| 露娜,顶不住了，月供 2224 开走Model Y！,旧:曝53067/读5678/进0/开0/留0,1331,132,0,0,0,105.28,Δ曝-51736/Δ读-5546/Δ进0/Δ开0/Δ留0,2026-09-24→2026-04-19,diff
69c673d7000000001f006165,特斯拉金华| 露娜,特斯拉4月政ce官宣！,旧:曝10371/读1632/进1/开1/留0,1766,183,1,1,0,117.72,Δ曝-8605/Δ读-1449/Δ进0/Δ开0/Δ留0,2026-09-24→2026-04-19,diff
69bf56ea000000001f005365,特斯拉金华| 露娜,我等不了了，Model Y：2224月供,旧:曝23071/读1941/进0/开0/留0,912,85,0,0,0,36.74,Δ曝-22159/Δ读-1856/Δ进0/Δ开0/Δ留0,2026-09-24→2026-04-19,diff
69df504f0000000023011cd1,特斯拉尼克,四月 第一波福利❗️特斯拉,旧:曝603/读58/进0/开0/留0,600,59,0,0,0,57.6,Δ曝-3/Δ读1/Δ进0/Δ开0/Δ留0,2026-09-24→2026-04-20,diff
69df4e63000000001b000ba9,哈莉（特斯拉分身）,四月 第一波福利❗️特斯拉,旧:曝877/读84/进0/开0/留0,868,84,0,0,0,127.92,Δ曝-9/Δ读0/Δ进0/Δ开0/Δ留0,2026-09-24→2026-04-20,diff
69df4d7f000000001f000fcd,哈莉（特斯拉分身）,ModelY 在北京如何享受叠加5k 教程,旧:曝611/读42/进0/开0/留0,608,41,0,0,0,42.98,Δ曝-3/Δ读-1/Δ进0/Δ开0/Δ留0,2026-09-24→2026-04-20,diff
69df4ee5000000002102d234,哈莉（特斯拉分身）,Model3提车🚗补贴完后20w不到车价,旧:曝977/读94/进0/开0/留0,969,92,0,0,0,92.4,Δ曝-8/Δ读-2/Δ进0/Δ开0/Δ留0,2026-09-24→2026-04-20,diff
69d22704000000002301f186,TESLA 李嘉嘉,我的梦中情车 四月手付4W搞定！🤩,旧:曝5829/读993/进0/开0/留0,458,17,0,0,0,5.02,Δ曝-5371/Δ读-976/Δ进0/Δ开0/Δ留0,2026-09-24→2026-04-18,diff
69df50d7000000001a030f70,特斯拉邮递员子枫,ModelY 在成都如何享受叠加5k 教程,旧:曝4329/读446/进6/开5/留2,4305,418,6,5,2,608.15,Δ曝-24/Δ读-28/Δ进0/Δ开0/Δ留0,2026-09-24→2026-04-21,diff
69df5092000000002102dc9d,特斯拉剪刀布,(库中无此笔记→将新建),,1351,95,1,1,0,204.77,2026-04-14,2026-04-19,new
69df4f46000000001b0236b6,特斯拉体验官Leo,ModelY 在北京如何享受叠加5k 教程,旧:曝1636/读170/进1/开1/留1,1629,168,1,1,1,203.43,Δ曝-7/Δ读-2/Δ进0/Δ开0/Δ留0,2026-09-24→2026-06-07,diff
69e1d160000000001d01f972,特斯拉剪刀布,(库中无此笔记→将新建),,1202,106,1,1,0,243.35,2026-04-16,2026-04-19,new
69e1d04600000000210130c4,特斯拉剪刀布,(库中无此笔记→将新建),,488,21,1,1,1,14.9,2026-04-16,2026-04-19,new
69ddcf3c0000000023013105,杭州萧山特斯拉中心,26年全新黑标Model Y到店，实车很高级,旧:曝138359/读25920/进73/开64/留37,41915,5037,137,124,67,6909.73,Δ曝-96444/Δ读-20883/Δ进64/Δ开60/Δ留30,2026-09-24→2026-09-28,diff
69db8fdc000000001a02c98c,宁波特斯拉-海曙龙湖天街店,Model3太猛啦‼️ 手付5w 月供1.9K 开走🥳,旧:曝13691/读2055/进0/开0/留0,3072,376,0,0,0,215.49,Δ曝-10619/Δ读-1679/Δ进0/Δ开0/Δ留0,2026-09-24→2026-04-24,diff
69da215f0000000021038105,特斯拉校草,Model 3落地｜20W，男女都能冲...,旧:曝6067/读847/进0/开0/留0,594,36,0,0,0,11.39,Δ曝-5473/Δ读-811/Δ进0/Δ开0/Δ留0,2026-09-24→2026-04-20,diff
69df411c000000001f000e9f,特斯拉金华| 露娜,4w＋预算直接冲Model 3！,旧:曝18638/读4850/进6/开5/留2,6156,885,13,7,3,645.3,Δ曝-12482/Δ读-3965/Δ进7/Δ开2/Δ留1,2026-09-24→2026-07-27,diff
69ddbba9000000001a031c36,济南特斯拉主理人,纯享版｜Model Y浅灰内饰夯爆了！,旧:曝32415/读7221/进1/开0/留0,6483,1494,1,0,0,151.37,Δ曝-25932/Δ读-5727/Δ进0/Δ开0/Δ留0,2026-09-24→2026-05-05,diff
69dc5498000000001e00eb65,特斯拉｜东东,Model 3七种方案，最低月供1k多,旧:曝6257/读911/进0/开0/留0,1211,133,0,0,0,81.89,Δ曝-5046/Δ读-778/Δ进0/Δ开0/Δ留0,2026-09-24→2026-05-05,diff
69e229990000000023020a5f,特斯拉尼克,Model Y L提车最新落地，给大家一个参考,旧:曝240299/读53007/进85/开78/留51,209341,48037,114,104,67,10893.41,Δ曝-30958/Δ读-4970/Δ进29/Δ开26/Δ留16,2026-09-24→2026-09-28,diff
69de03b200000000230143e6,特斯拉合肥交付中心,特斯拉Model Y L4月价格政策明细来啦！,旧:曝9085/读1430/进0/开0/留0,560,41,0,0,0,9.64,Δ曝-8525/Δ读-1389/Δ进0/Δ开0/Δ留0,2026-09-24→2026-04-20,diff
69d77ecc000000002200055f,Tesla｜玉子（特专业版）,25w闭眼冲！应届生的梦中情车,旧:曝86919/读14577/进1/开1/留0,789,84,1,1,0,69.07,Δ曝-86130/Δ读-14493/Δ进0/Δ开0/Δ留0,2026-09-24→2026-04-20,diff
69d8a928000000001f0006a6,特斯拉新疆-黄小豆bean,🖤Model Y更新了！落地24.35W，你还在等,旧:曝40641/读7055/进1/开0/留0,2056,292,1,0,0,53.13,Δ曝-38585/Δ读-6763/Δ进0/Δ开0/Δ留0,2026-09-24→2026-05-05,diff
69da1939000000001a02c7f0,特斯拉杭州交付中心,4月买车，特斯拉Model 3落地明细,旧:曝7742/读1021/进5/开3/留2,3109,308,5,3,2,383.42,Δ曝-4633/Δ读-713/Δ进0/Δ开0/Δ留0,2026-09-24→2026-06-07,diff
69d895fd000000001b0203fd,特斯拉阿生（全国置换版,Model 3🤩日供60左右还能➖,旧:曝48155/读6961/进24/开17/留14,44634,6090,24,17,14,2793.48,Δ曝-3521/Δ读-871/Δ进0/Δ开0/Δ留0,2026-09-24→2026-09-27,diff
69d79759000000001f004f83,TESLA 李嘉嘉,四月政策太炸裂🤯Model Y落地明细 速进！,旧:曝12893/读2056/进1/开1/留0,515,60,1,1,0,92.74,Δ曝-12378/Δ读-1996/Δ进0/Δ开0/Δ留0,2026-09-24→2026-04-20,diff
69d877ad000000001e00d0a8,特斯拉购车攻略官-珊珊,Model Y蕞低🈷️供：2188，还有机会,旧:曝320400/读55998/进1/开0/留0,1443,171,1,0,0,49.72,Δ曝-318957/Δ读-55827/Δ进0/Δ开0/Δ留0,2026-09-24→2026-04-20,diff
69de5040000000001d01abc9,Model体验官一凡,Model 3和Model Y的区别📝建议收藏,旧:曝181355/读29265/进0/开0/留0,1232,172,0,0,0,21.25,Δ曝-180123/Δ读-29093/Δ进0/Δ开0/Δ留0,2026-09-24→2026-05-23,diff
69ddcc3f000000001f007789,特斯拉Yoki特努力,特斯拉提车1年坦白局，随便问🙋‍♀️,旧:曝16281/读2918/进1/开0/留0,2489,423,1,0,0,62.03,Δ曝-13792/Δ读-2495/Δ进0/Δ开0/Δ留0,2026-09-24→2026-05-05,diff
69d9ffa9000000001f006180,特斯拉南京交付中心,2026-黑化版Model Y  上市up❗️,旧:曝170749/读25172/进0/开0/留0,1460,151,0,0,0,37.16,Δ曝-169289/Δ读-25021/Δ进0/Δ开0/Δ留0,2026-09-24→2026-04-20,diff
69da95aa000000002202739b,特斯拉茉茉美少女,“2026国补”后，Model Y落地明细,旧:曝72071/读12555/进34/开33/留20,67149,12108,77,72,39,5868.41,Δ曝-4922/Δ读-447/Δ进43/Δ开39/Δ留19,2026-09-24→2026-09-28,diff
69da977d000000002202756f,哈莉（特斯拉分身）,Model 3太猛了！手付2.59w，日供82开走,旧:曝56737/读8117/进19/开18/留14,22648,3052,20,19,14,2540.23,Δ曝-34089/Δ读-5065/Δ进1/Δ开1/Δ留0,2026-09-24→2026-09-28,diff
69e22b0f000000001a020555,Tesla_Selina,4月model3，👋付4.59w,旧:曝10058/读1446/进2/开2/留1,2558,221,2,2,1,186.69,Δ曝-7500/Δ读-1225/Δ进0/Δ开0/Δ留0,2026-09-24→2026-09-28,diff
69e379d3000000001f0063b8,哈莉（特斯拉分身）,预算20个，不内耗的女生冲Model 3,旧:曝26362/读4442/进17/开15/留8,13483,2199,17,15,8,1177.37,Δ曝-12879/Δ读-2243/Δ进0/Δ开0/Δ留0,2026-09-24→2026-09-28,diff
69e1e328000000001a0287e5,特斯拉体验官Leo,Model Y不到5w可提！！方案放这了,旧:曝6019/读924/进0/开0/留0,1084,95,0,0,0,74.68,Δ曝-4935/Δ读-829/Δ进0/Δ开0/Δ留0,2026-09-24→2026-09-25,diff
69e5e123000000001a03765d,特斯拉体验官Leo,惊喜价！本月Model 3月供1819开走,旧:曝5384/读488/进0/开0/留0,4345,356,0,0,0,142.7,Δ曝-1039/Δ读-132/Δ进0/Δ开0/Δ留0,2026-09-24→2026-04-29,diff
69e5e49b000000001b0233ca,特斯拉邮递员子枫,预算25w，不内耗直接冲Model Y,旧:曝11477/读1672/进4/开4/留3,8080,1113,4,4,3,587.1,Δ曝-3397/Δ读-559/Δ进0/Δ开0/Δ留0,2026-09-24→2026-09-22,diff
69e1e4b5000000002103bc96,特斯拉邮递员子枫,老天奶，25w+可以开大鼠标了？,旧:曝8567/读3810/进6/开4/留1,4553,93,12,8,4,819.32,Δ曝-4014/Δ读-3717/Δ进6/Δ开4/Δ留3,2026-09-24→2026-09-28,diff
69d74d9c000000002301dbba,特斯拉邮递员子枫,月薪多少可以养一辆特斯拉Model Y？,旧:曝42918/读7100/进0/开0/留0,3555,533,0,0,0,105.81,Δ曝-39363/Δ读-6567/Δ进0/Δ开0/Δ留0,2026-09-24→2026-09-22,diff
69cf6be7000000001a02d9e2,特斯拉阿生（全国置换版,躺平式换车✨25w内，提Model Y,旧:曝4887/读608/进0/开0/留0,1671,137,0,0,0,36.87,Δ曝-3216/Δ读-471/Δ进0/Δ开0/Δ留0,2026-09-24→2026-09-23,diff
69e194f1000000001b020612,特斯拉阿生（全国置换版,长期主义电车，25w内拿下Model Y,旧:曝28637/读4983/进8/开5/留5,27043,4713,8,5,5,1086.46,Δ曝-1594/Δ读-270/Δ进0/Δ开0/Δ留0,2026-09-24→2026-09-28,diff
69e1945b000000002301f222,特斯拉阿生（全国置换版,20w左右，女生上升期冲Model 3,旧:曝30962/读6095/进2/开0/留0,31997,6511,3,1,1,480.68,Δ曝1035/Δ读416/Δ进1/Δ开1/Δ留1,2026-09-24→2026-09-28,diff
69e193e9000000001f0027f4,特斯拉阿生（全国置换版,六座特斯拉！居然还能省,旧:曝11822/读1868/进2/开0/留0,4962,640,2,0,0,92.09,Δ曝-6860/Δ读-1228/Δ进0/Δ开0/Δ留0,2026-09-24→2026-09-28,diff
69e312440000000021004227,特斯拉洋子（包全国）,兴奋兴奋！黑色Model 3，20w+提车,旧:曝12193/读1618/进5/开5/留4,8383,963,5,5,4,705.64,Δ曝-3810/Δ读-655/Δ进0/Δ开0/Δ留0,2026-09-24→2026-09-28,diff
69e22716000000002200000d,特斯拉洋子（包全国）,香炸！Model Y 4月购车攻略（超清晰）,旧:曝11515/读1859/进3/开1/留1,5825,847,3,1,1,299.24,Δ曝-5690/Δ读-1012/Δ进0/Δ开0/Δ留0,2026-09-24→2026-09-17,diff
69e4a425000000001d01bcef,特斯拉尼克,24w起，白色Model Y开回家了,旧:曝12222/读1702/进5/开5/留3,9757,1252,5,5,3,549.83,Δ曝-2465/Δ读-450/Δ进0/Δ开0/Δ留0,2026-09-24→2026-09-27,diff
69e4a1c0000000002102dea3,卖特斯拉的潮汕小妮（车主版）,开走Model Y只要4w➕？这波操作太香了🚗,旧:曝2797/读249/进0/开0/留0,1225,83,0,0,0,74.98,Δ曝-1572/Δ读-166/Δ进0/Δ开0/Δ留0,2026-09-24→2026-04-24,diff
69e2f4750000000022001ca1,卖特斯拉的潮汕小妮（车主版）,月薪5K也能冲Model Y？这笔账算完我服了🔥,旧:曝2297/读244/进1/开1/留1,582,38,1,1,1,39.02,Δ曝-1715/Δ读-206/Δ进0/Δ开0/Δ留0,2026-09-24→2026-05-08,diff
69defb88000000001a03338b,卖特斯拉的潮汕小妮（车主版）,Model Y 🈷️供2263？看完我直接冲了🔥,旧:曝4340/读543/进1/开1/留0,904,81,1,1,0,87.91,Δ曝-3436/Δ读-462/Δ进0/Δ开0/Δ留0,2026-09-24→2026-04-24,diff
69d9f45800000000220025d0,卖特斯拉的潮汕小妮（车主版）,4月，广东提车，22W➕开走Model 3！,旧:曝7185/读1256/进8/开7/留3,2514,237,8,7,3,675.73,Δ曝-4671/Δ读-1019/Δ进0/Δ开0/Δ留0,2026-09-24→2026-04-24,diff
69e726e2000000001f002ccc,哈莉（特斯拉分身）,我等不了了！！Model Y L:3985月供,旧:曝40850/读7612/进23/开21/留15,18851,3440,23,21,15,1507.36,Δ曝-21999/Δ读-4172/Δ进0/Δ开0/Δ留0,2026-09-24→2026-09-28,diff
69e70f33000000002202a747,Tesla_Selina,干到20.67w+，白色Model 3提车了,旧:曝472014/读86560/进365/开345/留237,446604,78325,484,451,303,41673.41,Δ曝-25410/Δ读-8235/Δ进119/Δ开106/Δ留66,2026-09-24→2026-09-28,diff
69e74abd000000001b0207dd,特斯拉邮递员子枫,Model 3太猛了！手付5w月供1.9k开走,旧:曝22435/读3233/进10/开9/留4,14057,1905,10,9,4,1693.93,Δ曝-8378/Δ读-1328/Δ进0/Δ开0/Δ留0,2026-09-24→2026-09-28,diff
69e73a40000000001a02cc92,特斯拉邮递员子枫,等不了了，Model Y L：月供2849开走,旧:曝4992/读549/进1/开0/留0,2331,185,1,0,0,187.51,Δ曝-2661/Δ读-364/Δ进0/Δ开0/Δ留0,2026-09-24→2026-06-26,diff
69e5e4e700000000210047b6,特斯拉洋子（包全国）,新政猛，Model 3落地价，20w+！,旧:曝15580/读2826/进2/开2/留2,6580,1177,2,2,2,235.74,Δ曝-9000/Δ读-1649/Δ进0/Δ开0/Δ留0,2026-09-24→2026-06-14,diff
69e74ad4000000002003915d,特斯拉体验官Leo,4.59w提车，门槛低不代表价值低,旧:曝17466/读2152/进3/开3/留2,7952,722,3,3,2,861.88,Δ曝-9514/Δ读-1430/Δ进0/Δ开0/Δ留0,2026-09-24→2026-04-28,diff
69e73ee7000000001e00ea26,特斯拉体验官Leo,长期主义选车，25w内就是Model Y,旧:曝174425/读40999/进2/开2/留1,22745,5726,2,2,1,373.5,Δ曝-151680/Δ读-35273/Δ进0/Δ开0/Δ留0,2026-09-24→2026-08-06,diff
69e87f77000000001f002f56,特斯拉邮递员子枫,落地做到20.67w，白色Model 3提车了,旧:曝67404/读9667/进57/开50/留31,61790,8544,57,50,31,8552.79,Δ曝-5614/Δ读-1123/Δ进0/Δ开0/Δ留0,2026-09-24→2026-09-28,diff
69e82f46000000001e00e4c9,特斯拉阿生（全国置换版,特斯拉Model Y👉4月错峰拿下‼️,旧:曝7506/读1148/进0/开0/留0,823,80,0,0,0,19.46,Δ曝-6683/Δ读-1068/Δ进0/Δ开0/Δ留0,2026-09-24→2026-07-12,diff
69e8797d00000000220023fd,特斯拉邮递员子枫,5w付，无法拒绝Model 3的价格,旧:曝4533/读2289/进9/开6/留1,2751,100,9,6,1,468.66,Δ曝-1782/Δ读-2189/Δ进0/Δ开0/Δ留0,2026-09-24→2026-09-28,diff
69e8963a000000001b0202b2,特斯拉邮递员子枫,Model Y最新落地价，有需要的自取,旧:曝11895/读1916/进2/开1/留1,3197,379,2,1,1,442.05,Δ曝-8698/Δ读-1537/Δ进0/Δ开0/Δ留0,2026-09-24→2026-04-26,diff
69d7879c000000001d01b662,,(库中无此笔记→将新建),,2172,126,0,0,0,102.44,2026-04-21,2026-04-23,new
68d8d413000000001101f53d,特斯拉体验官Leo,33.9w的Model Y L，真实落地要多少？,旧:曝147735/读37013/进8/开6/留2,944,100,0,0,0,83.98,Δ曝-146791/Δ读-36913/Δ进-8/Δ开-6/Δ留-2,2026-09-24→2026-04-22,diff
68707dc4000000001c03226d,特斯拉体验官Leo,Model 3提车全费用明细，有8W就可以带走,旧:曝431352/读58031/进283/开236/留135,1479,119,0,0,0,113.79,Δ曝-429873/Δ读-57912/Δ进-283/Δ开-236/Δ留-135,2026-09-24→2026-04-29,diff
69e88f220000000022027d98,特斯拉体验官Leo,Model Y L最新落地核算，准备入可参考,旧:曝80260/读14173/进17/开15/留8,23923,3637,17,15,8,2630.19,Δ曝-56337/Δ读-10536/Δ进0/Δ开0/Δ留0,2026-09-24→2026-09-27,diff
69e89bf2000000001e00c94f,特斯拉体验官Leo,爱了，特斯拉Model 3落地做到这个价了？,旧:曝20402/读3772/进1/开1/留1,2228,319,1,1,1,302.94,Δ曝-18174/Δ读-3453/Δ进0/Δ开0/Δ留0,2026-09-24→2026-04-27,diff
69e7298e000000001a036a2e,特斯拉尼克,4月还等啥，Model 3👋付5，20w+,旧:曝124956/读20818/进102/开92/留60,101187,15903,102,92,60,11394.39,Δ曝-23769/Δ读-4915/Δ进0/Δ开0/Δ留0,2026-09-24→2026-09-28,diff
69e88c0b0000000023027c70,Haha同学在特斯拉,黑色Model 3🔥提车了：20w+,旧:曝1635/读259/进0/开0/留0,253,8,0,0,0,0.37,Δ曝-1382/Δ读-251/Δ进0/Δ开0/Δ留0,2026-09-24→2026-04-22,diff
69e45d3a000000002200f2e4,Haha同学在特斯拉,王炸！黑色Model Y💥24W+提走了,旧:曝76475/读12459/进25/开23/留8,15950,2671,25,23,8,1812.49,Δ曝-60525/Δ读-9788/Δ进0/Δ开0/Δ留0,2026-09-24→2026-06-03,diff
69e305b5000000001b002a5a,Haha同学在特斯拉,🔥Model 3太猛了！手付2.59w日82开走,旧:曝58482/读8659/进83/开76/留48,58273,8003,93,85,54,7439.29,Δ曝-209/Δ读-656/Δ进10/Δ开9/Δ留6,2026-09-24→2026-09-28,diff
69d8a27f0000000023026f38,Haha同学在特斯拉,Model Y黑武士🖤果然谁都逃不过啊❕,旧:曝11324/读2056/进0/开0/留1,3908,777,0,0,1,239.38,Δ曝-7416/Δ读-1279/Δ进0/Δ开0/Δ留0,2026-09-24→2026-06-07,diff
69e303090000000022028a9e,哈莉（特斯拉分身）,Model Y L在南岸公园停车场太出片了📸️,旧:曝17846/读3122/进2/开2/留2,1425,189,2,2,2,419.45,Δ曝-16421/Δ读-2933/Δ进0/Δ开0/Δ留0,2026-09-24→2026-06-07,diff
69e882a5000000001e00f9ca,哈莉（特斯拉分身）,🔥Model Y：24W+提走了,旧:曝10334/读1388/进14/开13/留7,4347,496,14,13,7,1068.08,Δ曝-5987/Δ读-892/Δ进0/Δ开0/Δ留0,2026-09-24→2026-09-28,diff
69aa32aa0000000022032f52,,(库中无此笔记→将新建),,1986,169,0,0,0,101.65,2026-04-22,2026-04-22,new
69e60426000000001a023c42,,(库中无此笔记→将新建),,966,175,0,0,0,102.8,2026-04-22,2026-04-24,new
69b769440000000022001101,,(库中无此笔记→将新建),,1890,170,0,0,0,101.78,2026-04-22,2026-04-23,new
69e873440000000023022df9,,(库中无此笔记→将新建),,1315,168,0,0,0,100.81,2026-04-22,2026-04-23,new
69c24be90000000021013df5,,(库中无此笔记→将新建),,1835,171,0,0,0,104.11,2026-04-22,2026-04-28,new
69e9ce86000000002301cd3b,哈莉（特斯拉分身）,Model 3 日供：82🥹…真的赢麻了！！,旧:曝18789/读3024/进2/开2/留3,3132,329,2,2,3,407.51,Δ曝-15657/Δ读-2695/Δ进0/Δ开0/Δ留0,2026-09-24→2026-09-28,diff
69cb7f540000000023017638,,(库中无此笔记→将新建),,2055,172,0,0,0,101.56,2026-04-22,2026-04-23,new
69b536490000000028008670,,(库中无此笔记→将新建),,1800,166,0,0,0,100.51,2026-04-22,2026-04-22,new
69e9939d000000001b023fdc,特斯拉邮递员子枫,只教一次，Model 3怎么买zui划算？,旧:曝11979/读2148/进2/开1/留1,4124,539,2,1,1,511.44,Δ曝-7855/Δ读-1609/Δ进0/Δ开0/Δ留0,2026-09-24→2026-09-28,diff
69e9b8dc000000002003b61b,特斯拉邮递员子枫,Model Y终于等到这个价格‼️4月权益也太香了,旧:曝16055/读2564/进0/开0/留0,1619,188,0,0,0,186.74,Δ曝-14436/Δ读-2376/Δ进0/Δ开0/Δ留0,2026-09-24→2026-09-27,diff
69e89168000000001a02b859,特斯拉洋子（包全国）,黑色Model 3谁要？干到20.75w+了,旧:曝107419/读19999/进37/开30/留14,44769,8112,37,30,14,3241.07,Δ曝-62650/Δ读-11887/Δ进0/Δ开0/Δ留0,2026-09-24→2026-09-27,diff
69e1b368000000001a033936,,(库中无此笔记→将新建),,2240,159,0,0,0,101.25,2026-04-22,2026-04-24,new
69ead88f0000000013030804,Haha同学在特斯拉,Model Y L:月供3985，无痛提车！！,旧:曝146822/读25636/进20/开18/留12,32063,6246,20,18,12,2359.78,Δ曝-114759/Δ读-19390/Δ进0/Δ开0/Δ留0,2026-09-24→2026-06-15,diff
69ea05aa0000000020013003,Tesla_Selina,五一别放过Model 3，干到20➕了,旧:曝32036/读5750/进39/开39/留28,22066,3682,41,41,30,3341.65,Δ曝-9970/Δ读-2068/Δ进2/Δ开2/Δ留2,2026-09-24→2026-09-28,diff
69ead25600000000230164e3,特斯拉邮递员子枫,Model Y落地23w+，有需要的自取,旧:曝71268/读10907/进35/开32/留18,36830,4978,35,32,18,3874.57,Δ曝-34438/Δ读-5929/Δ进0/Δ开0/Δ留0,2026-09-24→2026-07-18,diff
69eb1255000000001e00e5e9,特斯拉邮递员子枫,2026国补，教你20.67w提走Model 3,旧:曝87860/读15375/进2/开1/留0,1933,257,2,1,0,561.43,Δ曝-85927/Δ读-15118/Δ进0/Δ开0/Δ留0,2026-09-24→2026-04-25,diff
69ea05360000000020006005,特斯拉洋子（包全国）,🌷存5W拿下高颜值车：特斯拉Model 3,旧:曝3329/读497/进0/开0/留0,708,88,0,0,0,8.74,Δ曝-2621/Δ读-409/Δ进0/Δ开0/Δ留0,2026-09-24→2026-06-07,diff
69eae29a000000002301d44c,特斯拉体验官Leo,赢麻了，本月Model Y到手24w+,旧:曝18783/读2973/进16/开11/留5,12588,1948,16,11,5,1259.33,Δ曝-6195/Δ读-1025/Δ进0/Δ开0/Δ留0,2026-09-24→2026-06-07,diff
69e9da64000000001f000350,特斯拉体验官Leo,月供1000多就能提走Model 3，👋付5,旧:曝6653/读843/进0/开0/留0,1900,178,0,0,0,277.85,Δ曝-4753/Δ读-665/Δ进0/Δ开0/Δ留0,2026-09-24→2026-06-05,diff
69ead2f2000000001f006928,特斯拉茉茉美少女,2026年全新Model Y黑标落地价：24W+！,旧:曝74626/读11825/进27/开26/留6,13790,1780,27,26,6,1830.62,Δ曝-60836/Δ读-10045/Δ进0/Δ开0/Δ留0,2026-09-24→2026-09-28,diff
69ec4362000000001b023988,特斯拉茉茉美少女,Model 3这波赢麻了...🥹20w提走了,旧:曝21391/读3570/进26/开23/留14,10978,1952,27,24,14,2010.28,Δ曝-10413/Δ读-1618/Δ进1/Δ开1/Δ留0,2026-09-24→2026-09-28,diff
69eb2ac6000000001b023e75,特斯拉体验官Leo,20w+的价格，珍珠白Model 3谁要？,旧:曝63641/读10255/进14/开9/留3,14641,2144,16,11,4,1508.15,Δ曝-49000/Δ读-8111/Δ进2/Δ开2/Δ留1,2026-09-24→2026-09-28,diff
69e88e7800000000230058fe,特斯拉Yoki特努力,Model Y L提车最新落地，给大家一个参考,旧:曝20243/读3810/进0/开0/留0,1288,206,0,0,0,48.02,Δ曝-18955/Δ读-3604/Δ进0/Δ开0/Δ留0,2026-09-24→2026-05-05,diff
69e342ab0000000022026980,特斯拉Yoki特努力,白色Model 3，诚心要的来，好价！,旧:曝6307/读872/进2/开2/留1,1947,234,2,2,1,117.03,Δ曝-4360/Δ读-638/Δ进0/Δ开0/Δ留0,2026-09-24→2026-05-05,diff
69e5c4bc000000002301c0b3,特斯拉Yoki特努力,4月Model3，👋付4.59w，🈷️2k+提车,旧:曝6901/读1121/进0/开0/留0,646,45,0,0,0,20.7,Δ曝-6255/Δ读-1076/Δ进0/Δ开0/Δ留0,2026-09-24→2026-05-08,diff
69dee79f0000000023007d21,特斯拉MoMo,又下雨了！特斯拉必备3项安全设置,旧:曝3569/读655/进0/开0/留0,645,54,0,0,0,2.76,Δ曝-2924/Δ读-601/Δ进0/Δ开0/Δ留0,2026-09-24→2026-05-08,diff
69e0eba3000000001d01cfd3,Model体验官一凡,预算20个，不内耗的女生冲Model 3,旧:曝18544/读3126/进1/开1/留0,1124,105,1,1,0,44.28,Δ曝-17420/Δ读-3021/Δ进0/Δ开0/Δ留0,2026-09-24→2026-06-07,diff
69da4415000000001b001faf,Model体验官一凡,太猛了！！日供70提走Model Y🧨,旧:曝16868/读3038/进1/开1/留1,1209,131,1,1,1,46.49,Δ曝-15659/Δ读-2907/Δ进0/Δ开0/Δ留0,2026-09-24→2026-06-07,diff
69eb1c1c000000002003befa,特斯拉邮递员子枫,“2026国补”后，Model Y落地一览,旧:曝10259/读1350/进7/开7/留7,5348,490,7,7,7,494.29,Δ曝-4911/Δ读-860/Δ进0/Δ开0/Δ留0,2026-09-24→2026-08-26,diff
69dca8ce000000002200d883,杭州萧山特斯拉中心,杭州特斯拉购车补补大额来袭！🧧6K,旧:曝14740/读2279/进21/开17/留2,5864,707,21,17,2,857.33,Δ曝-8876/Δ读-1572/Δ进0/Δ开0/Δ留0,2026-09-24→2026-04-28,diff
69df5d100000000021007ac1,杭州萧山特斯拉中心,4月｜Model Y黑武士落地价超惊喜！,旧:曝70127/读12173/进1/开0/留0,2811,349,1,0,0,236.36,Δ曝-67316/Δ读-11824/Δ进0/Δ开0/Δ留0,2026-09-24→2026-05-05,diff
69e6cdb3000000001b002af3,杭州萧山特斯拉中心,我等不了了！！Model Y L六色集合！月供2849,旧:曝30584/读6623/进0/开0/留0,2321,477,0,0,0,189.35,Δ曝-28263/Δ读-6146/Δ进0/Δ开0/Δ留0,2026-09-24→2026-05-06,diff
69df7b8d000000001a02a42f,济南特斯拉主理人,济南刚提！特斯拉Model Y落地方案💰,旧:曝17646/读2987/进11/开11/留7,6954,805,11,11,7,990.26,Δ曝-10692/Δ读-2182/Δ进0/Δ开0/Δ留0,2026-09-24→2026-05-14,diff
69e872da000000001d01be2e,杭州萧山特斯拉中心,Model 3太猛了！手付5w月供2k起开走,旧:曝9727/读1522/进1/开1/留0,1311,116,1,1,0,116.22,Δ曝-8416/Δ读-1406/Δ进0/Δ开0/Δ留0,2026-09-24→2026-06-06,diff
69da49f00000000023014f1e,宁波特斯拉-海曙龙湖天街店,ModelY | 4月补6K💰  公司补5k💰,旧:曝28990/读4617/进22/开21/留14,14050,1804,22,21,14,1254.51,Δ曝-14940/Δ读-2813/Δ进0/Δ开0/Δ留0,2026-09-24→2026-06-20,diff
69e5fd7800000000200388b5,特斯拉｜东东,Model 3还有机会，2k多点月供！,旧:曝3049/读373/进2/开2/留1,1151,132,2,2,1,156.43,Δ曝-1898/Δ读-241/Δ进0/Δ开0/Δ留0,2026-09-24→2026-06-06,diff
69e1e41a000000001b0210ac,特斯拉Tesla-悠悠（全国可提）,model3和modely的新购补贴来啦！,旧:曝1742/读258/进1/开1/留0,878,74,1,1,0,59.2,Δ曝-864/Δ读-184/Δ进0/Δ开0/Δ留0,2026-09-24→2026-04-27,diff
69e1f59b000000001f001de3,特斯拉金华| 露娜,Model 3 四月购车明细📑推荐收藏,旧:曝4841/读796/进0/开0/留0,476,33,0,0,0,8.86,Δ曝-4365/Δ读-763/Δ进0/Δ开0/Δ留0,2026-09-24→2026-05-05,diff
69e239af000000001e00e113,宁波特斯拉-海曙龙湖天街店,4月|  ModelY  珍珠白 落地价超惊喜‼️,旧:曝7175/读813/进5/开3/留0,3774,374,5,3,0,269.74,Δ曝-3401/Δ读-439/Δ进0/Δ开0/Δ留0,2026-09-24→2026-05-14,diff
69e42d38000000001f005df8,宁波特斯拉-海曙龙湖天街店,Model Y落地价：24.35W，还有机会 ✊,旧:曝43559/读7790/进33/开29/留15,27152,4497,33,29,15,2376.44,Δ曝-16407/Δ读-3293/Δ进0/Δ开0/Δ留0,2026-09-24→2026-06-01,diff
69e4f6be000000001a02fd23,宁波特斯拉-海曙龙湖天街店,Model 3太猛了！手付5w月供1.9k开走💸💸,旧:曝4480/读627/进0/开0/留0,1334,138,0,0,0,64.48,Δ曝-3146/Δ读-489/Δ进0/Δ开0/Δ留0,2026-09-24→2026-04-25,diff
69ea037d0000000020000800,特斯拉尼克,预算8万买车，千万别放过Model Y,旧:曝21273/读3928/进0/开0/留0,1081,149,0,0,0,86.91,Δ曝-20192/Δ读-3779/Δ进0/Δ开0/Δ留0,2026-09-24→2026-05-08,diff
69e628c3000000001b022fa0,特斯拉金华| 露娜,💸 Model Y L 提车落地明细（金华本地参考）,旧:曝5614/读1203/进0/开0/留0,751,31,0,0,0,24.97,Δ曝-4863/Δ读-1172/Δ进0/Δ开0/Δ留0,2026-09-24→2026-05-05,diff
69e8d3fc000000002301348d,Tesla-晨璐（努力工作版）,👀听说特斯拉的全景玻璃天幕不防晒？,旧:曝4679/读924/进2/开0/留0,2333,505,2,0,0,11.06,Δ曝-2346/Δ读-419/Δ进0/Δ开0/Δ留0,2026-09-24→2026-05-05,diff
69ec3d80000000001b021c8d,哈莉（特斯拉分身）,Model 3手付4.59w提走！！无痛拿下！！,旧:曝122310/读12113/进116/开110/留54,97179,7799,126,120,61,8557.3,Δ曝-25131/Δ读-4314/Δ进10/Δ开10/Δ留7,2026-09-24→2026-09-28,diff
69dcc33d000000001d01ec61,Tesla-晨璐（努力工作版）,特斯拉Model Y全景玻璃车顶｜细节控直接沦陷,旧:曝1511/读170/进0/开0/留0,405,32,0,0,0,2.46,Δ曝-1106/Δ读-138/Δ进0/Δ开0/Δ留0,2026-09-24→2026-05-05,diff
69ec4415000000003502d6df,Haha同学在特斯拉,4月，Model 3：日供82开走了！！,旧:曝16541/读2082/进18/开14/留12,10987,1332,18,14,12,1076.03,Δ曝-5554/Δ读-750/Δ进0/Δ开0/Δ留0,2026-09-24→2026-06-14,diff
69ec8170000000001a0369a9,哈莉（特斯拉分身）,Model Y L月供：3985，我忍不了了！！,旧:曝133111/读21300/进26/开22/留13,21954,3417,31,26,16,2736.09,Δ曝-111157/Δ读-17883/Δ进5/Δ开4/Δ留3,2026-09-24→2026-09-28,diff
69d9dc6c0000000021038472,南昌王府井特斯拉销售阿超,特斯拉4月疯了！Model Y落地价泰心动了🔥,旧:曝6626/读1002/进0/开0/留0,1142,119,0,0,0,93.09,Δ曝-5484/Δ读-883/Δ进0/Δ开0/Δ留0,2026-09-24→2026-05-08,diff
69e9b0f90000000023025777,温州特斯拉中心｜千千,4月｜Model Y 国补后落地价,旧:曝9597/读1451/进2/开1/留2,4761,674,2,1,2,402.25,Δ曝-4836/Δ读-777/Δ进0/Δ开0/Δ留0,2026-09-24→2026-05-07,diff
69e2eb99000000001b0013b6,特斯拉长泰,特斯拉三电给的底气💪🏻另附Model Y方an,旧:曝1143/读156/进0/开0/留0,540,25,0,0,0,11.4,Δ曝-603/Δ读-131/Δ进0/Δ开0/Δ留0,2026-09-24→2026-05-06,diff
69dc8e11000000001a020ae3,天津特斯拉-小颖,🚗 特斯拉Model 3 | 这波补贴太香了！,旧:曝5026/读555/进16/开16/留11,2813,329,16,16,11,883.26,Δ曝-2213/Δ读-226/Δ进0/Δ开0/Δ留0,2026-09-24→2026-06-08,diff
69ea357d000000001e00ef0e,博文在特斯拉,五年免西➕补补直降，Model Y这波太香了,旧:曝1712/读191/进0/开0/留0,443,16,0,0,0,7.49,Δ曝-1269/Δ读-175/Δ进0/Δ开0/Δ留0,2026-09-24→2026-05-05,diff
69eb2d550000000020039d6c,特斯拉体验官Leo,2026国补后，黑色Model Y：24w➕,旧:曝61458/读9631/进56/开48/留24,95524,12848,101,82,41,9528,Δ曝34066/Δ读3217/Δ进45/Δ开34/Δ留17,2026-09-24→2026-09-28,diff
69d9c2cd000000001f002468,特斯拉新疆-黄小豆bean,💥Model 3隐藏补贴大揭秘！手慢无，立省💰,旧:曝2405/读269/进0/开0/留0,483,25,0,0,0,8.76,Δ曝-1922/Δ读-244/Δ进0/Δ开0/Δ留0,2026-09-24→2026-05-05,diff
69dcacfa0000000020038194,特斯拉购车攻略官-珊珊,手付2.19w开走！ Model 3四月提车攻略,旧:曝3330/读322/进0/开0/留0,667,29,0,0,0,9.86,Δ曝-2663/Δ读-293/Δ进0/Δ开0/Δ留0,2026-09-24→2026-05-05,diff
69eb25b50000000023017cdb,特斯拉邮递员子枫,五一该出手了，Model 3居然干到20➕了,旧:曝14289/读2611/进1/开1/留0,1930,231,1,1,0,201.76,Δ曝-12359/Δ读-2380/Δ进0/Δ开0/Δ留0,2026-09-24→2026-06-27,diff
69eb1f990000000020013000,特斯拉邮递员子枫,Model Y🆚Model Y L超全对比（含费用）,旧:曝15969/读3313/进4/开2/留1,1011,87,4,2,1,130.8,Δ曝-14958/Δ读-3226/Δ进0/Δ开0/Δ留0,2026-09-24→2026-06-07,diff
69d9ab98000000001a028198,叻仔关关在特斯拉,4月疯了！白色Model3落地20.27w+😭,旧:曝76138/读13264/进4/开4/留1,6889,1048,4,4,1,536.38,Δ曝-69249/Δ读-12216/Δ进0/Δ开0/Δ留0,2026-09-24→2026-05-02,diff
69db5b3c000000001a030523,衢州柯城特斯拉中心,从奔驰c换成Model 3 我后悔了吗,旧:曝7600/读1263/进0/开0/留0,1063,158,0,0,0,11.21,Δ曝-6537/Δ读-1105/Δ进0/Δ开0/Δ留0,2026-09-24→2026-05-05,diff
69d8475a000000001f006224,特斯拉长沙向姐🌸,4月特斯拉Model Y权益升级！当下就是蕞佳！,旧:曝3438/读510/进1/开1/留0,581,44,1,1,0,60.58,Δ曝-2857/Δ读-466/Δ进0/Δ开0/Δ留0,2026-09-24→2026-05-05,diff
69df8068000000001a022d30,特斯拉校草,Model Y：24.35W也可以了？！,旧:曝4670/读612/进0/开0/留0,1189,120,0,0,0,72.5,Δ曝-3481/Δ读-492/Δ进0/Δ开0/Δ留0,2026-09-24→2026-04-28,diff
69dbb8fe0000000023015102,Tesla 鱼仔吖,Model 3月供1759，广东特斯拉超划算,旧:曝117723/读20760/进76/开65/留41,69953,10902,80,68,43,6543.33,Δ曝-47770/Δ读-9858/Δ进4/Δ开3/Δ留2,2026-09-24→2026-07-27,diff
69e8afff000000001a02f46f,老表在特斯拉,🔥Model Y：24W+提走了,旧:曝1857/读245/进0/开0/留0,523,30,0,0,0,3.63,Δ曝-1334/Δ读-215/Δ进0/Δ开0/Δ留0,2026-09-24→2026-05-05,diff
69e71a8e0000000023013449,Hi 特斯拉的小鹿,4w👋🏻付提Model 3，补补还这么猛,旧:曝6413/读820/进4/开3/留2,5986,555,12,8,8,676.6,Δ曝-427/Δ读-265/Δ进8/Δ开5/Δ留6,2026-09-24→2026-09-28,diff
69ea1304000000002202ac10,Tesla特斯拉-毛豆,都4月了，特斯拉Model 3这个浮力你不知道？,旧:曝3706/读576/进0/开0/留0,717,58,0,0,0,20.78,Δ曝-2989/Δ读-518/Δ进0/Δ开0/Δ留0,2026-09-24→2026-05-12,diff
69e090bb0000000022029f9b,糖酸酸🍬开特斯拉,手付5.27w开特斯拉，这是真的！！,旧:曝1542/读119/进0/开0/留0,531,22,0,0,0,5.97,Δ曝-1011/Δ读-97/Δ进0/Δ开0/Δ留0,2026-09-24→2026-05-06,diff
69ed5da5000000003700de1b,常州特斯拉-小蒋,内部真心话🤫4月买Model 3，怎么选最不吃亏,旧:曝8409/读1352/进9/开9/留9,8722,1330,14,12,11,1587.79,Δ曝313/Δ读-22/Δ进5/Δ开3/Δ留2,2026-09-24→2026-09-28,diff
69ed8064000000002202a6fc,宁波特斯拉-海曙龙湖天街店,宁波  特斯拉model3 这个价太值啦🥰,旧:曝6999/读824/进9/开6/留7,4912,485,9,6,7,619.52,Δ曝-2087/Δ读-339/Δ进0/Δ开0/Δ留0,2026-09-24→2026-06-07,diff
69ec5d00000000001b023bfc,特斯拉MoMo,预算20个，精打细算的人冲Model 3,旧:曝11240/读2233/进0/开0/留0,1092,122,0,0,0,81.92,Δ曝-10148/Δ读-2111/Δ进0/Δ开0/Δ留0,2026-09-24→2026-05-25,diff
69cc9ab8000000001a02523c,特斯拉的羊毛,4月买特斯拉，别只看车价，重点在这里,旧:曝2454/读242/进1/开1/留1,1311,98,1,1,1,199.54,Δ曝-1143/Δ读-144/Δ进0/Δ开0/Δ留0,2026-09-24→2026-06-07,diff
69ed85d2000000002003bdcc,特斯拉购车攻略官-珊珊,Model Y L省3.5w‍🔥00后直接一步到位！！,旧:曝1721/读264/进0/开0/留0,111,10,0,0,0,1.22,Δ曝-1610/Δ读-254/Δ进0/Δ开0/Δ留0,2026-09-24→2026-05-05,diff
69cc6a64000000001d01d287,特斯拉长泰,刚提！4月特斯拉福🌰你必须要知道👀,旧:曝2384/读409/进1/开0/留0,987,166,1,0,0,50.42,Δ曝-1397/Δ读-243/Δ进0/Δ开0/Δ留0,2026-09-24→2026-05-05,diff
69d8c32d00000000210041ca,温州特斯拉中心｜千千,4月尖叫！白色Model 3落地20.27w+🔥,旧:曝3474/读424/进2/开2/留0,632,36,2,2,0,42.66,Δ曝-2842/Δ读-388/Δ进0/Δ开0/Δ留0,2026-09-24→2026-05-01,diff
69d77a1e000000002200c589,温州特斯拉中心｜千千,4月特斯拉Model Y抄底攻略🔥,旧:曝4643/读797/进0/开0/留0,545,32,0,0,0,60.97,Δ曝-4098/Δ读-765/Δ进0/Δ开0/Δ留0,2026-09-24→2026-05-01,diff
69ef6ea100000000220295d6,特斯拉晶晶✨,务实选车，长期主义首选｜25w内落地Model Y,旧:曝868/读73/进0/开0/留0,369,23,0,0,0,4.25,Δ曝-499/Δ读-50/Δ进0/Δ开0/Δ留0,2026-09-24→2026-06-07,diff
69da55b2000000001b00134e,Hi 特斯拉的小鹿,我等不了了！！Model Y L:2849月供,旧:曝12591/读2239/进0/开0/留0,414,37,0,0,0,4.3,Δ曝-12177/Δ读-2202/Δ进0/Δ开0/Δ留0,2026-09-24→2026-05-08,diff
69df7142000000001b0022e9,Hi 特斯拉的小鹿,有8万，入手Model 3也行了❓,旧:曝1678/读196/进0/开0/留0,407,26,0,0,0,7.88,Δ曝-1271/Δ读-170/Δ进0/Δ开0/Δ留0,2026-09-24→2026-05-05,diff
69e2cf4f0000000022027458,老表在特斯拉,4万多首付买了特斯拉，再也不羡慕别人了,旧:曝2716/读464/进0/开0/留0,573,65,0,0,0,3.13,Δ曝-2143/Δ读-399/Δ进0/Δ开0/Δ留0,2026-09-24→2026-05-06,diff
69ddd06c0000000023006865,Tesla 鱼仔吖,广东4月提Model YL 也太香了！,旧:曝11817/读2497/进0/开0/留0,941,127,0,0,0,64.1,Δ曝-10876/Δ读-2370/Δ进0/Δ开0/Δ留0,2026-09-24→2026-05-05,diff
69ed9e6800000000360199de,特斯拉校草,五一开新车！Model 3 20w落地🚗🌊,旧:曝2573/读412/进0/开0/留0,307,24,0,0,0,1.16,Δ曝-2266/Δ读-388/Δ进0/Δ开0/Δ留0,2026-09-24→2026-04-28,diff
69ec3e19000000001f000706,Tesla 鱼仔吖,4月，Model3这个价真的香,旧:曝9272/读3768/进12/开7/留3,3042,92,12,7,3,385,Δ曝-6230/Δ读-3676/Δ进0/Δ开0/Δ留0,2026-09-24→2026-06-07,diff
69c65315000000001f003be3,,(库中无此笔记→将新建),,1412,121,0,0,0,102.77,2026-04-27,2026-04-29,new
69eb1c220000000020013001,特斯拉校草,5月｜Model Y更新后落地价,旧:曝3029/读439/进0/开0/留0,180,10,0,0,0,0.71,Δ曝-2849/Δ读-429/Δ进0/Δ开0/Δ留0,2026-09-24→2026-04-30,diff
69e49f9a000000002103b21e,特斯拉校草,预算25万，男生买车别纠结！Model Y直接上,旧:曝997/读137/进0/开0/留0,15,1,0,0,0,0.01,Δ曝-982/Δ读-136/Δ进0/Δ开0/Δ留0,2026-09-24→2026-04-28,diff
69eecc14000000003700f5a4,卖特斯拉的吴百万,24W+提走Model Y！马年购车抄底攻略,旧:曝2150/读342/进0/开0/留0,319,23,0,0,0,13.31,Δ曝-1831/Δ读-319/Δ进0/Δ开0/Δ留0,2026-09-24→2026-04-28,diff
69e352ad000000001a02973c,卖特斯拉的吴百万,2026年Model Y｜首付2w+月供2k开走？,旧:曝1918/读202/进0/开0/留0,81,6,0,0,0,0.65,Δ曝-1837/Δ读-196/Δ进0/Δ开0/Δ留0,2026-09-24→2026-05-04,diff
69e0c13300000000220020cb,卖特斯拉的吴百万,2026年Model Y｜首付2w+月供2k开走？,旧:曝3123/读471/进0/开0/留0,397,28,0,0,0,4.95,Δ曝-2726/Δ读-443/Δ进0/Δ开0/Δ留0,2026-09-24→2026-05-05,diff
69e5e7c400000000210380f8,,(库中无此笔记→将新建),,1825,128,0,0,0,107.21,2026-04-27,2026-05-01,new
69ede2ae0000000037034eee,衢州柯城特斯拉中心,🔥特斯拉3/Y/Y-L怎么选？,旧:曝1344/读161/进0/开0/留0,182,8,0,0,0,1.26,Δ曝-1162/Δ读-153/Δ进0/Δ开0/Δ留0,2026-09-24→2026-05-05,diff
69e1f7a90000000023007f48,Tesla特斯拉-毛豆,4月 Model Y太猛了 👋付4.59w，月供2718开走,旧:曝13865/读2124/进1/开0/留0,1788,235,1,0,0,122.56,Δ曝-12077/Δ读-1889/Δ进0/Δ开0/Δ留0,2026-09-24→2026-05-05,diff
69eb7e570000000037037e1b,南昌王府井特斯拉销售阿超,特斯拉Model YL疯抢🔥4月活动直接省3万,旧:曝3159/读1173/进2/开1/留0,1068,87,2,1,0,114.48,Δ曝-2091/Δ读-1086/Δ进0/Δ开0/Δ留0,2026-09-24→2026-05-08,diff
69e460b5000000001e00e0b3,特斯拉茉茉美少女,25w内，长期主义选👉Model Y,旧:曝23698/读4470/进0/开0/留1,9701,1918,0,0,1,124.94,Δ曝-13997/Δ读-2552/Δ进0/Δ开0/Δ留0,2026-09-24→2026-05-14,diff
69f0a5930000000023016e2c,博文在特斯拉,特斯拉Model 3，值得吗？,旧:曝2672/读364/进0/开0/留0,441,42,0,0,0,6.87,Δ曝-2231/Δ读-322/Δ进0/Δ开0/Δ留0,2026-09-24→2026-05-05,diff
69f0791f000000001e00c9bd,特斯拉体验官Leo,综合24w+，低成本拥有销冠车,旧:曝4655/读674/进3/开1/留1,640,47,3,1,1,123.42,Δ曝-4015/Δ读-627/Δ进0/Δ开0/Δ留0,2026-09-24→2026-06-06,diff
69d89fd8000000001a034c93,特斯拉茉茉美少女,我等不了了！！Model Y L:3985月供,旧:曝151869/读22127/进1/开1/留1,4472,881,1,1,1,235.2,Δ曝-147397/Δ读-21246/Δ进0/Δ开0/Δ留0,2026-09-24→2026-05-08,diff
69e3038d000000001e00e3b0,特斯拉茉茉美少女,预算24w，不内耗的女生冲Model Y,旧:曝19494/读3575/进4/开4/留2,10420,1965,5,4,2,461.57,Δ曝-9074/Δ读-1610/Δ进1/Δ开0/Δ留0,2026-09-24→2026-09-28,diff
69f0794b000000002202afed,特斯拉邮递员子枫,Model Y最新落地，趁政策还有赶快！,旧:曝11771/读1369/进7/开5/留3,7937,801,7,5,3,750.88,Δ曝-3834/Δ读-568/Δ进0/Δ开0/Δ留0,2026-09-24→2026-05-28,diff
69f0d1fb0000000023014c07,特斯拉长沙向姐🌸,5月新政！特斯拉新购补1万，手慢无,旧:曝5315/读1059/进3/开1/留0,1881,360,3,1,0,183.39,Δ曝-3434/Δ读-699/Δ进0/Δ开0/Δ留0,2026-09-24→2026-05-05,diff
69f1ab09000000002301c88d,糖酸酸🍬开特斯拉,24w+拿下Model Y，符合条件进~,旧:曝1059/读75/进0/开0/留0,447,19,0,0,0,5.49,Δ曝-612/Δ读-56/Δ进0/Δ开0/Δ留0,2026-09-24→2026-05-02,diff
69f1e4130000000036031103,叻仔关关在特斯拉,替大家试过了，5月特斯拉model3真香🔥,旧:曝5008/读899/进1/开0/留0,719,91,1,0,0,8.87,Δ曝-4289/Δ读-808/Δ进0/Δ开0/Δ留0,2026-09-24→2026-05-01,diff
69f319670000000036001bc6,Haha同学在特斯拉,五一…🥹20w+提走了Model 3,旧:曝17569/读2837/进3/开3/留0,2228,315,3,3,0,141.11,Δ曝-15341/Δ读-2522/Δ进0/Δ开0/Δ留0,2026-09-24→2026-06-14,diff
69ee31a30000000035033183,Haha同学在特斯拉,Model Y全新升级黑标，4.59w提走！！,旧:曝21979/读8429/进49/开38/留24,14326,688,83,63,36,3007.97,Δ曝-7653/Δ读-7741/Δ进34/Δ开25/Δ留12,2026-09-24→2026-09-28,diff
69f2caab0000000022027168,哈莉（特斯拉分身）,简直无痛提车！Model Y：24.27W,旧:曝1015108/读212598/进781/开731/留401,716489,152348,954,885,474,56687.81,Δ曝-298619/Δ读-60250/Δ进173/Δ开154/Δ留73,2026-09-24→2026-09-28,diff
69ee32a700000000230049e4,特斯拉茉茉美少女,Model Y偷偷更新了，加量不加价（到店实拍）,旧:曝16462/读5152/进18/开18/留6,3682,201,18,18,6,704.71,Δ曝-12780/Δ读-4951/Δ进0/Δ开0/Δ留0,2026-09-24→2026-07-14,diff
69f317750000000022027b5c,特斯拉茉茉美少女,特斯拉Model Y黑武士：24W+提走,旧:曝10621/读1607/进6/开5/留4,2953,386,6,5,4,375.26,Δ曝-7668/Δ读-1221/Δ进0/Δ开0/Δ留0,2026-09-24→2026-09-28,diff
69f1adf7000000002301d7bc,特斯拉邮递员子枫,Model Y L月供：3985，趁还有赶快！,旧:曝4440/读637/进2/开1/留1,1315,98,2,1,1,135.41,Δ曝-3125/Δ读-539/Δ进0/Δ开0/Δ留0,2026-09-24→2026-05-25,diff
69f2fde000000000230050ae,特斯拉邮递员子枫,黑标Model Y已到，24w➕提走了,旧:曝55272/读11197/进2/开2/留0,5108,845,2,2,0,395.28,Δ曝-50164/Δ读-10352/Δ进0/Δ开0/Δ留0,2026-09-24→2026-05-08,diff
69f1b0d80000000020038581,特斯拉体验官Leo,特斯拉6座神车，落地更新，月供仅3985,旧:曝6852/读1066/进1/开1/留0,1263,86,1,1,0,223.03,Δ曝-5589/Δ读-980/Δ进0/Δ开0/Δ留0,2026-09-24→2026-06-14,diff
69f30090000000001f007171,特斯拉体验官Leo,Model 3👋付5w，落地20+还要等吗？,旧:曝27563/读4858/进0/开0/留0,683,55,0,0,0,16.19,Δ曝-26880/Δ读-4803/Δ进0/Δ开0/Δ留0,2026-09-24→2026-05-14,diff
69f08433000000003701d1dd,特斯拉的羊毛,5月Model Y长续航821km落地来了7.99w开走,旧:曝5175/读1242/进0/开0/留0,963,159,0,0,0,65.72,Δ曝-4212/Δ读-1083/Δ进0/Δ开0/Δ留0,2026-09-24→2026-05-05,diff
69f1cc44000000003803704d,天津特斯拉-小颖,特斯拉福利炸场🔥双重补补叠加直接省到头,旧:曝4540/读405/进9/开7/留7,2873,251,9,7,7,571.37,Δ曝-1667/Δ读-154/Δ进0/Δ开0/Δ留0,2026-09-24→2026-06-08,diff
69f07ae50000000036030321,Tesla_Selina,20.67w+，白色Model 3提车了,旧:曝40874/读6699/进34/开34/留21,36555,5838,34,34,21,2556.73,Δ曝-4319/Δ读-861/Δ进0/Δ开0/Δ留0,2026-09-24→2026-09-28,diff
69f15f78000000002301488d,特斯拉-小锦✨,五一出逃｜开Model 3把春天装进行李箱✨,旧:曝4150/读630/进1/开0/留0,511,43,1,0,0,55.04,Δ曝-3639/Δ读-587/Δ进0/Δ开0/Δ留0,2026-09-24→2026-05-08,diff
69f0a431000000001f00643a,特斯拉合肥交付中心,👏付不到10w，拿下特斯拉六座神车！,旧:曝5439/读516/进0/开0/留0,559,50,0,0,0,9.97,Δ曝-4880/Δ读-466/Δ进0/Δ开0/Δ留0,2026-09-24→2026-05-08,diff
69ec1e71000000003601c50e,Tesla｜玉子（特专业版）,事业大女主冲！Model 3👋付4.59太香,旧:曝6502/读1200/进0/开0/留0,411,25,0,0,0,4.8,Δ曝-6091/Δ读-1175/Δ进0/Δ开0/Δ留0,2026-09-24→2026-05-06,diff
69e767a900000000210052e4,励志卖十万台特斯拉的-盼盼🍞,5 月｜Model Y落地价攻略来啦！,旧:曝18786/读3169/进6/开6/留3,7119,1034,6,6,3,469.71,Δ曝-11667/Δ读-2135/Δ进0/Δ开0/Δ留0,2026-09-24→2026-09-28,diff
69f1ea6f000000001b022511,Tesla上海-芮妮,🚗五一来大理，小特带您环洱海啦,旧:曝1152/读111/进0/开0/留0,352,24,0,0,0,5.13,Δ曝-800/Δ读-87/Δ进0/Δ开0/Δ留0,2026-09-24→2026-05-08,diff
69f093bd0000000038022d08,特斯拉Jojo超级辣,刚定了ModelY！特斯拉颜色怎么选不踩雷,旧:曝27352/读5744/进0/开0/留0,717,101,0,0,0,24.03,Δ曝-26635/Δ读-5643/Δ进0/Δ开0/Δ留0,2026-09-24→2026-05-08,diff
69ecdfdd000000001f000d88,特斯拉- CJ日记,父母夸爆！Model YL五年低息拿下！,旧:曝8920/读1875/进0/开0/留0,996,170,0,0,0,6.51,Δ曝-7924/Δ读-1705/Δ进0/Δ开0/Δ留0,2026-09-24→2026-05-08,diff
69f003c40000000022028351,特斯拉百科全苏丨全国可订🚗,为什么 Model YL才是大招？六座需求闭眼冲👀,旧:曝5861/读1029/进1/开1/留0,1885,319,1,1,0,84.83,Δ曝-3976/Δ读-710/Δ进0/Δ开0/Δ留0,2026-09-24→2026-06-07,diff
69ecb2f1000000002003b2f5,TESLA特斯拉 雅雅,别划走❗Model Y的落Di费用还可以这么算❓,旧:曝1275/读98/进0/开0/留0,387,7,0,0,0,0.32,Δ曝-888/Δ读-91/Δ进0/Δ开0/Δ留0,2026-09-24→2026-05-08,diff
69f2bdc1000000002301c0e0,特斯拉百科全苏丨全国可订🚗,✨特斯拉Model 3 5️⃣月买车思路～快银好帅！,旧:曝1433/读167/进1/开1/留1,688,61,1,1,1,115.06,Δ曝-745/Δ读-106/Δ进0/Δ开0/Δ留0,2026-09-24→2026-06-07,diff
69ef0980000000002202417a,特斯拉一鸣,特斯拉东北购车五一必看 错过多花大几千😭,旧:曝8275/读1255/进46/开45/留35,11801,1648,71,70,55,5589.65,Δ曝3526/Δ读393/Δ进25/Δ开25/Δ留20,2026-09-24→2026-09-28,diff
69f0c21d000000003701c485,小林的特斯拉日记,谁懂啊！新款Model Y黑标才是颜值天花板🥹,旧:曝8883/读1652/进0/开0/留0,1174,217,0,0,0,6.61,Δ曝-7709/Δ读-1435/Δ进0/Δ开0/Δ留0,2026-09-24→2026-05-08,diff
69f2d1d7000000001f00167e,特斯拉一鸣,辽宁特斯拉五月新政🔥五年免息+至高省2万8！,旧:曝4803/读599/进8/开6/留5,3822,383,8,6,5,737.97,Δ曝-981/Δ读-216/Δ进0/Δ开0/Δ留0,2026-09-24→2026-09-28,diff
69f1d17e000000003502b8a0,励志卖十万台特斯拉的-盼盼🍞,⚠️别再等了！特斯拉5月优惠倒计时！,旧:曝2729/读432/进1/开1/留1,2040,239,3,2,1,308.29,Δ曝-689/Δ读-193/Δ进2/Δ开1/Δ留0,2026-09-24→2026-09-27,diff
69ece0e5000000001a03488a,Tesla_Selina,五一假期不等了，提车！Model Y：23w+,旧:曝22428/读4358/进5/开5/留3,7050,1194,5,5,3,404.55,Δ曝-15378/Δ读-3164/Δ进0/Δ开0/Δ留0,2026-09-24→2026-09-25,diff
69ed80a10000000023005e60,Tesla特斯拉海岛日记,2026年全新Model Y黑标落地价：24W+！,旧:曝24312/读3715/进7/开6/留3,5573,669,8,7,4,580.93,Δ曝-18739/Δ读-3046/Δ进1/Δ开1/Δ留1,2026-09-24→2026-09-28,diff
69ef1e620000000022026dac,TESLA 李嘉嘉,补补拿满，Model Y低首付低月供带走！,旧:曝3401/读494/进1/开1/留1,1212,68,5,5,5,686.36,Δ曝-2189/Δ读-426/Δ进4/Δ开4/Δ留4,2026-09-24→2026-09-28,diff
69f33c9200000000380355fa,小林的特斯拉日记,5月特斯拉Model 3购车金融攻略🔥,旧:曝1794/读204/进0/开0/留0,450,15,0,0,0,3.88,Δ曝-1344/Δ读-189/Δ进0/Δ开0/Δ留0,2026-09-24→2026-05-08,diff
69ede362000000001f000594,特斯拉尼克,价格真的漂亮，珍珠白Model 3 谁要？,旧:曝13811/读2300/进0/开0/留0,3299,556,0,0,0,181.87,Δ曝-10512/Δ读-1744/Δ进0/Δ开0/Δ留0,2026-09-24→2026-05-31,diff
69f47aa80000000036018d0c,特斯拉尼克,5月Model Y提车！我等不了：24.35w,旧:曝14344/读2673/进8/开8/留2,9141,1580,8,8,2,542.28,Δ曝-5203/Δ读-1093/Δ进0/Δ开0/Δ留0,2026-09-24→2026-06-30,diff
69f2ec69000000002202bd11,Tesla特斯拉-毛豆,真的不等了！！Model Y 25w+可提！,旧:曝6832/读1143/进3/开2/留0,3343,540,3,2,0,250.3,Δ曝-3489/Δ读-603/Δ进0/Δ开0/Δ留0,2026-09-24→2026-05-14,diff
69f580df000000003700fc13,特斯拉尼克,5月买特斯拉Model 3，大惊喜！,旧:曝57784/读11677/进1/开1/留0,2648,575,1,1,0,100.63,Δ曝-55136/Δ读-11102/Δ进0/Δ开0/Δ留0,2026-09-24→2026-05-25,diff
69f4a65a0000000037036758,南昌王府井特斯拉销售阿超,五一被Model Y杀疯了！月供3k+直接拿下✨,旧:曝2798/读356/进1/开0/留0,818,87,1,0,0,81.57,Δ曝-1980/Δ读-269/Δ进0/Δ开0/Δ留0,2026-09-24→2026-05-08,diff
69f061610000000038035970,南昌王府井特斯拉销售阿超,2026款特斯拉Model 3｜四月入手超划算✅,旧:曝43707/读7737/进1/开1/留0,854,54,1,1,0,35.16,Δ曝-42853/Δ读-7683/Δ进0/Δ开0/Δ留0,2026-09-24→2026-05-08,diff
69f47983000000003701e4df,Tesla_Selina,5月提Model 3：20.75w明细...（可参考）,旧:曝14600/读2899/进0/开0/留0,968,151,0,0,0,43.1,Δ曝-13632/Δ读-2748/Δ进0/Δ开0/Δ留0,2026-09-24→2026-05-14,diff
69f580cd000000003700fbad,Tesla_Selina,我顶不住了，5月黑武士Model Y：24.35w,旧:曝28387/读5882/进4/开3/留3,10439,2288,4,3,3,291.5,Δ曝-17948/Δ读-3594/Δ进0/Δ开0/Δ留0,2026-09-24→2026-06-07,diff
69f301d50000000022027f65,特斯拉体验官Leo,你没有看错，Model 3–20w+开走,旧:曝5509/读886/进0/开0/留0,758,63,0,0,0,31.28,Δ曝-4751/Δ读-823/Δ进0/Δ开0/Δ留0,2026-09-24→2026-05-13,diff
69f96907000000002003a5fb,特斯拉新疆-黄小豆bean,5月惊喜多，特斯拉准车主看过来🚘,旧:曝3411/读460/进1/开1/留0,1167,92,1,1,0,200.1,Δ曝-2244/Δ读-368/Δ进0/Δ开0/Δ留0,2026-09-24→2026-05-19,diff
69f5701d00000000220268ed,特斯拉新疆-黄小豆bean,Model Y L:月供3985，无痛提车！！,旧:曝1909/读129/进0/开0/留0,1143,74,0,0,0,201.65,Δ曝-766/Δ读-55/Δ进0/Δ开0/Δ留0,2026-09-24→2026-05-19,diff
69f44f08000000001b022b3e,特斯拉新疆-黄小豆bean,特斯拉五一大动作🔥ModelY24w+到手,旧:曝5359/读946/进1/开1/留1,1687,211,1,1,1,88.82,Δ曝-3672/Δ读-735/Δ进0/Δ开0/Δ留0,2026-09-24→2026-07-06,diff
69ecc6e2000000001a02c361,特斯拉新疆-黄小豆bean,新疆宝子看过来！Model 3 & Model Y,旧:曝1774/读177/进3/开2/留0,853,75,3,2,0,76.43,Δ曝-921/Δ读-102/Δ进0/Δ开0/Δ留0,2026-09-24→2026-05-14,diff
69f1b81c000000003503bb63,77在特斯拉卖玩具车📔,特斯拉5月新政新鲜出炉啦✨,旧:曝4404/读544/进3/开0/留0,1194,111,3,0,0,108,Δ曝-3210/Δ读-433/Δ进0/Δ开0/Δ留0,2026-09-24→2026-05-13,diff
69f435b9000000003502918b,77在特斯拉卖玩具车📔,5🈷️买特斯拉Model 3，月供2460,旧:曝6702/读900/进1/开0/留0,3734,451,1,0,0,342.21,Δ曝-2968/Δ读-449/Δ进0/Δ开0/Δ留0,2026-09-24→2026-05-25,diff
69ecdf16000000001b022142,特斯拉洋子（包全国）,Model Y 4月提车｜24W+，男女冲...,旧:曝23814/读4530/进5/开5/留3,9879,1850,5,5,3,259.39,Δ曝-13935/Δ读-2680/Δ进0/Δ开0/Δ留0,2026-09-24→2026-06-20,diff
69f580b100000000380211b4,特斯拉洋子（包全国）,5月：Model Y L不到32w，不费力提车！,旧:曝51255/读12009/进9/开9/留5,36061,9019,12,11,7,1292.85,Δ曝-15194/Δ读-2990/Δ进3/Δ开2/Δ留2,2026-09-24→2026-09-28,diff
69f47557000000003700f1f6,特斯拉洋子（包全国）,惊喜了！5月提黑色Model Y：24.35w,旧:曝9343/读1757/进2/开2/留2,4647,898,2,2,2,266.03,Δ曝-4696/Δ读-859/Δ进0/Δ开0/Δ留0,2026-09-24→2026-08-23,diff
69ecccba0000000035032c2a,Model体验官一凡,四月底，黑标Model Y落地价泰心动了,旧:曝47551/读10189/进7/开7/留4,4466,844,7,7,4,412.73,Δ曝-43085/Δ读-9345/Δ进0/Δ开0/Δ留0,2026-09-24→2026-06-23,diff
69f30212000000002202ae3d,特斯拉邮递员子枫,落地20w+，就可以开Model 3啦,旧:曝7402/读1125/进1/开1/留1,2709,363,1,1,1,202.09,Δ曝-4693/Δ读-762/Δ进0/Δ开0/Δ留0,2026-09-24→2026-06-07,diff
69f0a69e0000000036003bfe,Model体验官一凡,五一Model Y L：月供3895，忍不了了！,旧:曝23836/读3838/进5/开5/留4,5032,757,5,5,4,671.53,Δ曝-18804/Δ读-3081/Δ进0/Δ开0/Δ留0,2026-09-24→2026-06-07,diff
69f9d05a000000003501cd50,Model体验官一凡,5月不等啦，Model 3👋付4，20W➕,旧:曝6647/读818/进3/开2/留3,4053,441,3,2,3,476.85,Δ曝-2594/Δ读-377/Δ进0/Δ开0/Δ留0,2026-09-24→2026-05-25,diff
69fc3f27000000001e00c631,特斯拉体验官Leo,5月黑标Model Y提车，24.35w,旧:曝39209/读7377/进5/开5/留2,6567,1067,5,5,2,654.05,Δ曝-32642/Δ读-6310/Δ进0/Δ开0/Δ留0,2026-09-24→2026-05-12,diff
69fb2733000000003502eda5,Model体验官一凡,五月无痛提车！Model Y：24.35W,旧:曝169439/读26747/进176/开156/留88,110022,15350,180,160,93,14815.96,Δ曝-59417/Δ读-11397/Δ进4/Δ开4/Δ留5,2026-09-24→2026-09-28,diff
69f5cf6f000000001a034e47,特斯拉晶晶✨,不说废话，教你23.65w直接落地Model Y！,旧:曝9686/读1351/进9/开7/留6,6093,768,9,7,6,755.44,Δ曝-3593/Δ读-583/Δ进0/Δ开0/Δ留0,2026-09-24→2026-07-20,diff
69fbf58b0000000022026d92,特斯拉茉茉美少女,赚翻了！🔥Model 3干到20w提走了！！,旧:曝20319/读3526/进11/开11/留7,8897,1358,11,11,7,579.23,Δ曝-11422/Δ读-2168/Δ进0/Δ开0/Δ留0,2026-09-24→2026-09-28,diff
69f32f53000000002003bb29,特斯拉晶晶✨,不说废话，教你24w不到开走modely,旧:曝1547/读157/进0/开0/留0,772,50,0,0,0,96.52,Δ曝-775/Δ读-107/Δ进0/Δ开0/Δ留0,2026-09-24→2026-05-14,diff
69f0ce43000000001a02c191,特斯拉晶晶✨,真香轿跑✨Model 3 手付4.59，落地月供1759,旧:曝1501/读118/进1/开1/留1,363,6,1,1,1,46.69,Δ曝-1138/Δ读-112/Δ进0/Δ开0/Δ留0,2026-09-24→2026-05-14,diff
69f5af38000000001e00e128,TESLA 李嘉嘉,五月活动炸裂出台！成都6k新购！,旧:曝3770/读593/进1/开1/留0,737,56,1,1,0,106.7,Δ曝-3033/Δ读-537/Δ进0/Δ开0/Δ留0,2026-09-24→2026-05-08,diff
69fc3f1d000000001b0228a9,特斯拉邮递员子枫,Model Y超香价，24.35w简单提走,旧:曝21727/读4020/进3/开2/留2,3476,414,3,2,2,357.97,Δ曝-18251/Δ读-3606/Δ进0/Δ开0/Δ留0,2026-09-24→2026-05-10,diff
69f8731f000000001e00c4bd,TESLA 李嘉嘉,五一提车⚡️20W上手Model 3🤫,旧:曝4655/读838/进0/开0/留0,555,53,0,0,0,31.32,Δ曝-4100/Δ读-785/Δ进0/Δ开0/Δ留0,2026-09-24→2026-05-08,diff
69e9fae4000000002300582e,特斯拉Yoki特努力,4月买车，白色model3，20.75w+,旧:曝64562/读15424/进0/开0/留0,12210,3131,0,0,0,88.91,Δ曝-52352/Δ读-12293/Δ进0/Δ开0/Δ留0,2026-09-24→2026-05-15,diff
69eee003000000001a037b37,特斯拉Yoki特努力,四月底，山东提Model Y落地价太到位了！！！,旧:曝12231/读2581/进1/开1/留0,752,52,1,1,0,35.83,Δ曝-11479/Δ读-2529/Δ进0/Δ开0/Δ留0,2026-09-24→2026-06-07,diff
69ef3eca000000001f005b70,特斯拉Yoki特努力,六座真神！Model Y L🈷️供2849，真的太省了,旧:曝4783/读630/进0/开0/留0,376,41,0,0,0,7.88,Δ曝-4407/Δ读-589/Δ进0/Δ开0/Δ留0,2026-09-24→2026-06-07,diff
69f1623d000000001f001d9c,特斯拉Yoki特努力,真等不了了，Model 3：1819月供⏰真倒计时了,旧:曝6190/读924/进0/开0/留0,921,100,0,0,0,58.93,Δ曝-5269/Δ读-824/Δ进0/Δ开0/Δ留0,2026-09-24→2026-06-07,diff
69f32b1c000000001f006d1d,特斯拉阿生（全国置换版,白色Model Y，试驾半小时后订了,旧:曝8256/读1593/进2/开1/留0,1578,251,2,1,0,80.54,Δ曝-6678/Δ读-1342/Δ进0/Δ开0/Δ留0,2026-09-24→2026-05-25,diff
69f32aa40000000020039f6d,特斯拉阿生（全国置换版,这么低的👋付⚡️拿下Model 3快银太值了,旧:曝36546/读6848/进1/开1/留1,4859,943,1,1,1,354.9,Δ曝-31687/Δ读-5905/Δ进0/Δ开0/Δ留0,2026-09-24→2026-05-17,diff
69faf80b000000002003a45e,特斯拉新疆-黄小豆bean,Model 3手付4.59w开走！我直接拿下,旧:曝4242/读570/进3/开1/留1,1600,142,3,1,1,264.17,Δ曝-2642/Δ读-428/Δ进0/Δ开0/Δ留0,2026-09-24→2026-06-20,diff
69f97db9000000002301482d,Tesla特斯拉海岛日记,5月-Model Y【置换后】落地明细！,旧:曝3795/读507/进0/开0/留0,727,90,0,0,0,48.24,Δ曝-3068/Δ读-417/Δ进0/Δ开0/Δ留0,2026-09-24→2026-06-07,diff
69f5cb78000000001a03785d,特斯拉Yoki特努力,关于青岛新购补补，这几个问题真的被问爆了,旧:曝6397/读942/进3/开3/留2,4450,685,3,3,2,294.29,Δ曝-1947/Δ读-257/Δ进0/Δ开0/Δ留0,2026-09-24→2026-06-20,diff
69f971c9000000001a035f6a,特斯拉Yoki特努力,五🈷️，真忍不住了，Model 3月供2460一个月！,旧:曝4642/读663/进1/开0/留1,654,40,1,0,1,18.19,Δ曝-3988/Δ读-623/Δ进0/Δ开0/Δ留0,2026-09-24→2026-06-06,diff
69f439d50000000022026748,特斯拉Yoki特努力,5月，Model Y【置换后】落地明细！,旧:曝5589/读949/进0/开0/留0,861,104,0,0,0,31.07,Δ曝-4728/Δ读-845/Δ进0/Δ开0/Δ留0,2026-09-24→2026-06-07,diff
69f6c5cf000000002301cd8e,Tesla 鱼仔吖,🌧️雨天试驾特斯拉也太香了吧！,旧:曝1969/读176/进0/开0/留0,614,51,0,0,0,26.96,Δ曝-1355/Δ读-125/Δ进0/Δ开0/Δ留0,2026-09-24→2026-06-07,diff
69f53cfd000000002003a2c4,宁波特斯拉-海曙龙湖天街店,焕新款Model3 蕞新 资讯🚨💥🗣️,旧:曝3998/读543/进0/开0/留0,709,64,0,0,0,40.32,Δ曝-3289/Δ读-479/Δ进0/Δ开0/Δ留0,2026-09-24→2026-06-06,diff
69f756f30000000022026b1b,宁波特斯拉-海曙龙湖天街店,2026款Model Y价位必看‼️ 拿下😎,旧:曝6627/读1102/进6/开6/留3,2402,324,6,6,3,286.15,Δ曝-4225/Δ读-778/Δ进0/Δ开0/Δ留0,2026-09-24→2026-06-20,diff
69ee1f63000000001e00cc5c,宁波特斯拉-海曙龙湖天街店,五月想开特斯拉嘛🫵 戳进来😊 大招‼️,旧:曝6389/读953/进7/开6/留5,3242,318,7,6,5,394.6,Δ曝-3147/Δ读-635/Δ进0/Δ开0/Δ留0,2026-09-24→2026-06-07,diff
69f1cfcf000000001a02feb4,宁波特斯拉-海曙龙湖天街店,五一政策已出 🤩 特斯拉 购新补1w 💸💸,旧:曝28028/读4296/进41/开39/留16,18987,2347,41,39,16,1961.52,Δ曝-9041/Δ读-1949/Δ进0/Δ开0/Δ留0,2026-09-24→2026-05-17,diff
69fa143e00000000200397d8,宁波特斯拉-海曙龙湖天街店,特斯拉Model3  🚨抄底好时机别错过🚙,旧:曝8105/读1117/进6/开6/留3,4963,455,6,6,3,538.79,Δ曝-3142/Δ读-662/Δ进0/Δ开0/Δ留0,2026-09-24→2026-06-07,diff
69f56639000000001f006caf,TESLA特斯拉 雅雅,谁懂啊！5️⃣1️⃣提一台model 3需要🌸多少💰？,旧:曝1069/读101/进0/开0/留0,378,35,0,0,0,11.66,Δ曝-691/Δ读-66/Δ进0/Δ开0/Δ留0,2026-09-24→2026-05-08,diff
69f31582000000001a036ab6,Tesla｜小冯-全国可提车,成都川西自驾🌿特斯拉5月政策直接封神✨,旧:曝1813/读283/进0/开0/留0,402,96,0,0,0,22.38,Δ曝-1411/Δ读-187/Δ进0/Δ开0/Δ留0,2026-09-24→2026-05-23,diff
69fa0562000000001f002775,特斯拉金华| 露娜,特斯拉全国补补明细,旧:曝5953/读760/进2/开2/留2,2619,256,2,2,2,238.83,Δ曝-3334/Δ读-504/Δ进0/Δ开0/Δ留0,2026-09-24→2026-06-08,diff
69f373920000000023005fb8,特斯拉金华| 露娜,给我整甜了，Model 3提车20.75w+,旧:曝10030/读1795/进2/开1/留0,2025,212,2,1,0,253.27,Δ曝-8005/Δ读-1583/Δ进0/Δ开0/Δ留0,2026-09-24→2026-06-06,diff
69fb2d0e000000003601bfee,小林的特斯拉日记,谁懂啊！特斯拉Model3现在真的4.59w就能提🚗,旧:曝4669/读707/进0/开0/留0,508,28,0,0,0,12.48,Δ曝-4161/Δ读-679/Δ进0/Δ开0/Δ留0,2026-09-24→2026-05-08,diff
69f60711000000001e00fd7a,特斯拉- CJ日记,25岁女生入手Model Y的三个理由,旧:曝2652/读400/进0/开0/留0,175,22,0,0,0,1.46,Δ曝-2477/Δ读-378/Δ进0/Δ开0/Δ留0,2026-09-24→2026-05-08,diff
69f4c79c000000001e00d87a,特斯拉- CJ日记,山东5月入手特斯拉价格赢麻了！,旧:曝2519/读340/进0/开0/留0,486,33,0,0,0,32.86,Δ曝-2033/Δ读-307/Δ进0/Δ开0/Δ留0,2026-09-24→2026-05-08,diff
69fb2ac9000000002301dc57,Tesla上海-芮妮,看完这篇再买Model 3🚗怒省一大笔,旧:曝6065/读1074/进0/开0/留0,335,19,0,0,0,1.15,Δ曝-5730/Δ读-1055/Δ进0/Δ开0/Δ留0,2026-09-24→2026-05-08,diff
69ecc589000000003603034a,济南特斯拉主理人,💌白色特斯拉，太好看了吧 错过多花一大笔！,旧:曝2617/读325/进0/开0/留0,358,25,0,0,0,2.29,Δ曝-2259/Δ读-300/Δ进0/Δ开0/Δ留0,2026-09-24→2026-05-08,diff
69f3f9810000000038037ee2,济南特斯拉主理人,5月特斯拉纯新购1w+！济南会跟吗,旧:曝3659/读602/进0/开0/留0,687,35,0,0,0,19.09,Δ曝-2972/Δ读-567/Δ进0/Δ开0/Δ留0,2026-09-24→2026-05-08,diff
69f82010000000003601d834,济南特斯拉主理人,Model 3｜20w出头的电车天花板,旧:曝2040/读329/进0/开0/留0,370,24,0,0,0,3.17,Δ曝-1670/Δ读-305/Δ进0/Δ开0/Δ留0,2026-09-24→2026-05-08,diff
69f41870000000001f007448,Tesla 鱼仔吖,广东车友看过来！黑武士Model3 20W+拿下,旧:曝30653/读12888/进40/开14/留2,14808,1438,115,33,5,1505.49,Δ曝-15845/Δ读-11450/Δ进75/Δ开19/Δ留3,2026-09-24→2026-09-28,diff
69fab0b50000000035032f7f,Hi 特斯拉的小鹿,“2026国补”后，Model Y落地明细,旧:曝2791/读387/进0/开0/留0,327,14,0,0,0,2.09,Δ曝-2464/Δ读-373/Δ进0/Δ开0/Δ留0,2026-09-24→2026-05-08,diff
69f9673b0000000035027440,Hi 特斯拉的小鹿,🧐五月Model 3落地一览,旧:曝6326/读1305/进0/开0/留0,448,28,0,0,0,2.34,Δ曝-5878/Δ读-1277/Δ进0/Δ开0/Δ留0,2026-09-24→2026-05-08,diff
69f7544a0000000035030d86,Hi 特斯拉的小鹿,新标Model Y 五一落地23W，赶紧冲！,旧:曝40680/读8446/进0/开0/留0,811,84,0,0,0,8.17,Δ曝-39869/Δ读-8362/Δ进0/Δ开0/Δ留0,2026-09-24→2026-05-08,diff
69f2c8920000000035021523,Hi 特斯拉的小鹿,📒特斯拉提车｜直接省4w！！,旧:曝2054/读278/进0/开0/留0,336,29,0,0,0,1.72,Δ曝-1718/Δ读-249/Δ进0/Δ开0/Δ留0,2026-09-24→2026-05-08,diff
69f204530000000023014ebf,Tesla 鱼仔吖,天呐！新标Model Y五一太香了！,旧:曝12169/读3362/进4/开2/留2,2149,329,4,2,2,166.17,Δ曝-10020/Δ读-3033/Δ进0/Δ开0/Δ留0,2026-09-24→2026-06-08,diff
69f56fa90000000022029004,特斯拉一鸣,五一春暖花开我等不了了！！Model Y L:3985月,旧:曝8502/读1691/进1/开1/留0,158,16,1,1,0,8.04,Δ曝-8344/Δ读-1675/Δ进0/Δ开0/Δ留0,2026-09-24→2026-06-05,diff
69f5ab26000000001f000ccb,特斯拉一鸣,因为综合评分买了Model Y，25w+太香了,旧:曝1334/读243/进0/开0/留0,305,63,0,0,0,28.35,Δ曝-1029/Δ读-180/Δ进0/Δ开0/Δ留0,2026-09-24→2026-06-06,diff
69f7520a000000002301e3a7,特斯拉一鸣,终于提了心心念念的Model 3~ 20.75w+,旧:曝34108/读7619/进0/开0/留0,1712,281,0,0,0,68.98,Δ曝-32396/Δ读-7338/Δ进0/Δ开0/Δ留0,2026-09-24→2026-06-07,diff
69f83b04000000001f0052e3,特斯拉一鸣,谁才是东北电车天花板？,旧:曝2216/读332/进0/开0/留0,634,105,0,0,0,75.74,Δ曝-1582/Δ读-227/Δ进0/Δ开0/Δ留0,2026-09-24→2026-06-07,diff
69f562d30000000023004a3d,特斯拉｜东东,白色Model 3提车：20.75w，合肥等你,旧:曝11555/读1981/进8/开7/留4,4657,640,8,7,4,618.47,Δ曝-6898/Δ读-1341/Δ进0/Δ开0/Δ留0,2026-09-24→2026-06-07,diff
69eb44f9000000002003a89f,特斯拉｜东东,终于提了心心念念的Model 3~ 20.75w+,旧:曝9361/读1848/进0/开0/留0,429,53,0,0,0,34.15,Δ曝-8932/Δ读-1795/Δ进0/Δ开0/Δ留0,2026-09-24→2026-06-07,diff
69f7385300000000360198b2,特斯拉Jojo超级辣,Model3想要 Model3得到‼️｜提车日记,旧:曝3526/读543/进1/开1/留0,494,53,1,1,0,55.27,Δ曝-3032/Δ读-490/Δ进0/Δ开0/Δ留0,2026-09-24→2026-05-08,diff
69f6b7ac0000000022029ee3,哈莉（特斯拉分身）,2026全新Model Y黑标24w落地，超惊喜！,旧:曝99335/读20362/进47/开40/留22,22525,3082,64,55,29,3120.29,Δ曝-76810/Δ读-17280/Δ进17/Δ开15/Δ留7,2026-09-24→2026-09-28,diff
69fb24ea000000001a036a2f,特斯拉合肥交付中心,低门槛拿下Model 3？这方案真的绝了！🚗,旧:曝2931/读246/进0/开0/留0,334,12,0,0,0,6.99,Δ曝-2597/Δ读-234/Δ进0/Δ开0/Δ留0,2026-09-24→2026-05-08,diff
69f2b1e0000000001e00fcd9,特斯拉-小锦✨,五一开Model3自驾太香了！ 5🈷️政ce立省2W➕,旧:曝2612/读327/进0/开0/留0,173,11,0,0,0,2.21,Δ曝-2439/Δ读-316/Δ进0/Δ开0/Δ留0,2026-09-24→2026-05-08,diff
69fc2d200000000038022aa2,南昌王府井特斯拉销售阿超,特斯拉Model 3｜5月guan方新政‼️5年0西+双补,旧:曝83900/读10857/进2/开1/留0,1435,130,2,1,0,98.93,Δ曝-82465/Δ读-10727/Δ进0/Δ开0/Δ留0,2026-09-24→2026-06-07,diff
69fb16b0000000003701dcb6,南昌王府井特斯拉销售阿超,特斯拉5月最新补贴｜落地价一目了然,旧:曝3918/读699/进4/开3/留3,1479,162,4,3,3,182.44,Δ曝-2439/Δ读-537/Δ进0/Δ开0/Δ留0,2026-09-24→2026-06-08,diff
69f368e5000000003700e98f,Tesla｜玉子（特专业版）,太猛了💥谁懂23w+就能提Model Y,旧:曝2052/读315/进0/开0/留0,62,1,0,0,0,0.01,Δ曝-1990/Δ读-314/Δ进0/Δ开0/Δ留0,2026-09-24→2026-05-06,diff
69f1bae10000000036030dbf,Tesla｜玉子（特专业版）,蕞高1w新购补贴✨,旧:曝1641/读255/进0/开0/留0,191,12,0,0,0,1.78,Δ曝-1450/Δ读-243/Δ进0/Δ开0/Δ留0,2026-09-24→2026-05-06,diff
69fc7937000000003502a7ec,77在特斯拉卖玩具车📔,Model Y最新落地核算，准备入可参考,旧:曝14926/读1696/进24/开18/留10,12128,1205,24,18,10,1868.48,Δ曝-2798/Δ读-491/Δ进0/Δ开0/Δ留0,2026-09-24→2026-07-20,diff
69fd99da000000002202b406,特斯拉邮递员子枫,5月政策确定啦，Model 3只要20+,旧:曝4401/读514/进1/开0/留1,1582,132,1,0,1,185.95,Δ曝-2819/Δ读-382/Δ进0/Δ开0/Δ留0,2026-09-24→2026-06-07,diff
69e1ffa5000000002003bbee,特斯拉MoMo,Model Y 五月购车📑建议收藏,旧:曝7783/读1193/进0/开0/留0,656,49,0,0,0,19.73,Δ曝-7127/Δ读-1144/Δ进0/Δ开0/Δ留0,2026-09-24→2026-05-12,diff
69fd99d0000000002202465e,特斯拉体验官Leo,5月Model 3超香价，20➕无痛开走,旧:曝11345/读1735/进3/开1/留1,2682,364,3,1,1,308.72,Δ曝-8663/Δ读-1371/Δ进0/Δ开0/Δ留0,2026-09-24→2026-06-07,diff
69fea85a0000000022026b32,特斯拉｜东东,起猛了？特斯拉Model Y：4.59w提车,旧:曝8050/读871/进12/开10/留6,6695,658,12,10,6,1244.63,Δ曝-1355/Δ读-213/Δ进0/Δ开0/Δ留0,2026-09-24→2026-07-17,diff
69fd7979000000002301fc23,特斯拉金华| 露娜,五月Model Y✨24万+无痛提车太香了,旧:曝40640/读5664/进29/开27/留22,20178,2516,30,28,23,3228.2,Δ曝-20462/Δ读-3148/Δ进1/Δ开1/Δ留1,2026-09-24→2026-09-28,diff
69feea98000000001b020c33,哈莉（特斯拉分身）,2026国补后，20.67w提走Model 3,旧:曝386723/读56460/进198/开172/留106,164262,23035,230,203,123,15491,Δ曝-222461/Δ读-33425/Δ进32/Δ开31/Δ留17,2026-09-24→2026-09-28,diff
69fef9e4000000003502b866,Haha同学在特斯拉,00后男生，4.59w无痛提走Model 3！！,旧:曝199591/读30536/进46/开37/留22,67148,11282,73,62,37,6165.09,Δ曝-132443/Δ读-19254/Δ进27/Δ开25/Δ留15,2026-09-24→2026-09-28,diff
69fed92b000000001a02cd3b,特斯拉邮递员子枫,黑标Model 3落地:20.75W，给你一个参考,旧:曝73369/读14855/进1/开1/留1,3173,455,1,1,1,379.49,Δ曝-70196/Δ读-14400/Δ进0/Δ开0/Δ留0,2026-09-24→2026-05-25,diff
69fed6220000000023006d59,特斯拉体验官Leo,快银Model Y，本月24.35w可提,旧:曝52205/读11040/进8/开7/留4,26242,6902,10,8,6,1298.47,Δ曝-25963/Δ读-4138/Δ进2/Δ开1/Δ留2,2026-09-24→2026-09-28,diff
69fdee6b0000000035031ec6,Model体验官一凡,兴奋了！！日供98拿下Model Y,旧:曝4858/读543/进2/开2/留1,1399,119,2,2,1,371.95,Δ曝-3459/Δ读-424/Δ进0/Δ开0/Δ留0,2026-09-24→2026-05-25,diff
69fdbc00000000001b022a42,特斯拉新疆-黄小豆bean,26年全新Model Y黑标，落地价：24W+！,旧:曝9050/读1327/进4/开3/留2,4717,643,4,3,2,557.65,Δ曝-4333/Δ读-684/Δ进0/Δ开0/Δ留0,2026-09-24→2026-05-19,diff
69fef59c0000000022026b6a,特斯拉茉茉美少女,2026国补后，20.67w提走Model 3,旧:曝1193955/读280356/进874/开797/留494,857785,184200,1027,936,579,72940.34,Δ曝-336170/Δ读-96156/Δ进153/Δ开139/Δ留85,2026-09-24→2026-09-28,diff
6a0008f8000000003502d7ac,Haha同学在特斯拉,Model Y落地价：23w+📝【提车攻略】,旧:曝35740/读6362/进28/开23/留16,19106,3468,28,23,16,1884.57,Δ曝-16634/Δ读-2894/Δ进0/Δ开0/Δ留0,2026-09-24→2026-07-23,diff
6a008a14000000003501e999,Haha同学在特斯拉,2026国补后，20.67w提走Model 3,旧:曝260423/读39574/进30/开28/留15,74428,12082,56,50,27,4635.75,Δ曝-185995/Δ读-27492/Δ进26/Δ开22/Δ留12,2026-09-24→2026-09-28,diff
69fc2a3e0000000037034d7a,Tesla_Selina,无副作用提车！Model Y：24.35w,旧:曝35512/读6743/进0/开0/留0,961,145,0,0,0,37.25,Δ曝-34551/Δ读-6598/Δ进0/Δ开0/Δ留0,2026-09-24→2026-05-14,diff
69fff409000000003803467a,Tesla_Selina,补补后Model Y：24.07w，教你拿！,旧:曝18918/读3200/进1/开1/留0,737,103,1,1,0,43.48,Δ曝-18181/Δ读-3097/Δ进0/Δ开0/Δ留0,2026-09-24→2026-06-07,diff
6a005ea3000000003703417d,特斯拉洋子（包全国）,5月好时机！Model 3提走了：20.47w,旧:曝7456/读1225/进2/开2/留2,1862,193,2,2,2,155.64,Δ曝-5594/Δ读-1032/Δ进0/Δ开0/Δ留0,2026-09-24→2026-08-23,diff
69ff24a0000000001f002f92,特斯拉洋子（包全国）,给老公提了辆他的理想 特斯拉Model Y,旧:曝4729/读928/进0/开0/留0,656,93,0,0,0,1.25,Δ曝-4073/Δ读-835/Δ进0/Δ开0/Δ留0,2026-09-24→2026-06-07,diff
69ff03f3000000003503b62e,77在特斯拉卖玩具车📔,Model 3最新落地核算，准备入可参考,旧:曝16318/读2879/进3/开2/留2,8357,1476,3,2,2,451.05,Δ曝-7961/Δ读-1403/Δ进0/Δ开0/Δ留0,2026-09-24→2026-06-08,diff
69ffe6b10000000008033150,特斯拉金华| 露娜,我不行了🥹，白色Model 3落地21w+,旧:曝50499/读7704/进5/开5/留1,1773,223,5,5,1,313.58,Δ曝-48726/Δ读-7481/Δ进0/Δ开0/Δ留0,2026-09-24→2026-05-11,diff
6a006063000000003803720d,特斯拉尼克,Model Y 2026提走：24.07w，稥到没边,旧:曝59898/读10333/进4/开3/留1,6385,1048,6,4,2,614.99,Δ曝-53513/Δ读-9285/Δ进2/Δ开1/Δ留1,2026-09-24→2026-09-14,diff
69fff614000000003701ff05,特斯拉尼克,价格曼妙，Model 3 20.47w提走,旧:曝61739/读10015/进5/开3/留2,5619,754,5,3,2,525.44,Δ曝-56120/Δ读-9261/Δ进0/Δ开0/Δ留0,2026-09-24→2026-09-28,diff
6a02ce530000000008033129,Tesla_Selina,补到大动脉！20.47W 提Model 3,旧:曝13896/读2489/进6/开6/留3,1250,131,6,6,3,102.44,Δ曝-12646/Δ读-2358/Δ进0/Δ开0/Δ留0,2026-09-24→2026-09-28,diff
6a029dda0000000008025942,TESLA 李嘉嘉,30+精致女生，25w内拿下Model Y,旧:曝2539/读391/进0/开0/留0,354,34,0,0,0,5.3,Δ曝-2185/Δ读-357/Δ进0/Δ开0/Δ留0,2026-09-24→2026-06-07,diff
69fd9c20000000003701c088,天津特斯拉-小颖,5月买特斯拉Model 3，大惊喜！,旧:曝4687/读665/进5/开4/留4,1827,217,5,4,4,305.89,Δ曝-2860/Δ读-448/Δ进0/Δ开0/Δ留0,2026-09-24→2026-06-08,diff
6a02ad800000000038035c09,天津特斯拉-小颖,6月Model Y提车！我等不了：24.35w,旧:曝9708/读1294/进13/开10/留7,6608,793,13,10,7,1079.98,Δ曝-3100/Δ读-501/Δ进0/Δ开0/Δ留0,2026-09-24→2026-06-11,diff
69ff4c50000000001e00c5c2,特斯拉晶晶✨,Model Y低首付，24.35w轻松拿下✨,旧:曝62683/读10655/进6/开4/留4,9882,1446,6,4,4,1046.82,Δ曝-52801/Δ读-9209/Δ进0/Δ开0/Δ留0,2026-09-24→2026-06-08,diff
69f32c6d0000000022027cda,特斯拉阿生（全国置换版,2026国补 | 不到25w拿下特斯拉,旧:曝3235/读558/进1/开0/留0,417,37,1,0,0,60.08,Δ曝-2818/Δ读-521/Δ进0/Δ开0/Δ留0,2026-09-24→2026-05-25,diff
6a02dc6d0000000007028a12,特斯拉邮递员子枫,2026国补后，24.35W提走Model Y,旧:曝342472/读94262/进43/开35/留26,111359,22199,61,50,34,6905.72,Δ曝-231113/Δ读-72063/Δ进18/Δ开15/Δ留8,2026-09-24→2026-09-28,diff
6a04135c000000000803fb61,特斯拉邮递员子枫,新政策来了，截止5月底，Model 3月还2193,旧:曝5266/读912/进0/开0/留0,608,42,0,0,0,37.25,Δ曝-4658/Δ读-870/Δ进0/Δ开0/Δ留0,2026-09-24→2026-06-14,diff
6a01b82000000000060344a2,特斯拉Yoki特努力,无痛提车！手付4.59W，提走Model Y,旧:曝16476/读4240/进11/开5/留5,10316,1969,11,5,5,799.7,Δ曝-6160/Δ读-2271/Δ进0/Δ开0/Δ留0,2026-09-24→2026-09-28,diff
69febe85000000002202bcd8,特斯拉Yoki特努力,快银Model 3提车落地，5月最新参考,旧:曝64423/读15024/进12/开9/留7,48210,11155,12,9,7,1246.74,Δ曝-16213/Δ读-3869/Δ进0/Δ开0/Δ留0,2026-09-24→2026-07-24,diff
69fb24330000000022025da4,特斯拉Yoki特努力,5月青岛，干到24w+，白色Model Y提车了,旧:曝14704/读3083/进0/开0/留0,709,70,0,0,0,52.47,Δ曝-13995/Δ读-3013/Δ进0/Δ开0/Δ留0,2026-09-24→2026-05-14,diff
69fdd7ad0000000022025ca3,特斯拉MoMo,🐮！国补后｜Model 3落地20个➕,旧:曝2961/读275/进1/开0/留0,807,57,1,0,0,99.72,Δ曝-2154/Δ读-218/Δ进0/Δ开0/Δ留0,2026-09-24→2026-05-25,diff
6a0047c20000000008002293,特斯拉MoMo,5月买车月！Model Y L月供2896 开走,旧:曝14255/读2414/进1/开1/留0,1023,88,1,1,0,77.17,Δ曝-13232/Δ读-2326/Δ进0/Δ开0/Δ留0,2026-09-24→2026-05-25,diff
6a02d8a400000000080034d5,特斯拉体验官Leo,2026国补后，黑标Model 3落地20.75w,旧:曝518326/读78366/进419/开345/留201,479530,65241,508,423,249,35707.64,Δ曝-38796/Δ读-13125/Δ进89/Δ开78/Δ留48,2026-09-24→2026-09-28,diff
6a0086b70000000036001ed2,Model体验官一凡,无痛提车！手付4.59W，提走Model Y,旧:曝44261/读6189/进54/开50/留30,31059,3989,54,50,30,3786.13,Δ曝-13202/Δ读-2200/Δ进0/Δ开0/Δ留0,2026-09-24→2026-09-28,diff
6a03e665000000000702beb0,特斯拉洋子（包全国）,五月白色Model Y：24.07w，提走了,旧:曝16925/读2298/进15/开15/留7,11801,1290,15,15,7,1361.62,Δ曝-5124/Δ读-1008/Δ进0/Δ开0/Δ留0,2026-09-24→2026-09-28,diff
6a02f7700000000007029b5e,特斯拉洋子（包全国）,首付2w开走Model Y，5月真心不错,旧:曝12152/读2059/进16/开15/留9,8390,1317,16,15,9,1279.15,Δ曝-3762/Δ读-742/Δ进0/Δ开0/Δ留0,2026-09-24→2026-08-28,diff
69ff508a000000003503bc4e,Model体验官一凡,2026国补后，20.67w提走Model 3,旧:曝104506/读15527/进169/开147/留102,90139,12625,170,148,103,15322.05,Δ曝-14367/Δ读-2902/Δ进1/Δ开1/Δ留1,2026-09-24→2026-09-28,diff
6a01bf4f000000003502f8cc,Model体验官一凡,Model 3太猛了！手付5w 月供2k起开走,旧:曝6387/读832/进5/开5/留4,1262,120,5,5,4,450.66,Δ曝-5125/Δ读-712/Δ进0/Δ开0/Δ留0,2026-09-24→2026-07-23,diff
6a0294930000000036032ea5,济南特斯拉主理人,济南东也能近距离看赛博越野旅行车了！,旧:曝1283/读159/进0/开0/留0,64,3,0,0,0,0.22,Δ曝-1219/Δ读-156/Δ进0/Δ开0/Δ留0,2026-09-24→2026-05-14,diff
6a04347200000000350217ed,励志卖十万台特斯拉的-盼盼🍞,全国可冲✨五月Model Y无痛提车｜补贴全攻略,旧:曝4530/读715/进1/开0/留0,674,65,1,0,0,24.55,Δ曝-3856/Δ读-650/Δ进0/Δ开0/Δ留0,2026-09-24→2026-06-07,diff
69fd7933000000003501d4f4,Hi 特斯拉的小鹿,2026年全新Model Y黑标，落地价：24W+！,旧:曝16092/读2985/进9/开6/留2,11457,2114,11,8,2,693.93,Δ曝-4635/Δ读-871/Δ进2/Δ开2/Δ留0,2026-09-24→2026-09-28,diff
6a000d6c0000000035029ac2,Hi 特斯拉的小鹿,Model 3最新落地，爱了,旧:曝4324/读744/进1/开1/留1,2080,266,1,1,1,55.63,Δ曝-2244/Δ读-478/Δ进0/Δ开0/Δ留0,2026-09-24→2026-09-28,diff
69ff4733000000001b020e9b,特斯拉Tesla-悠悠（全国可提）,谁懂！不到5w就能拿下Model 3的含金量,旧:曝1891/读185/进0/开0/留0,339,11,0,0,0,21.73,Δ曝-1552/Δ读-174/Δ进0/Δ开0/Δ留0,2026-09-24→2026-06-05,diff
69f9fb8f0000000023016560,特斯拉Tesla-悠悠（全国可提）,5月这个价？Model 3免息月供 2k+ 就能开走,旧:曝2933/读384/进0/开0/留0,455,33,0,0,0,42.84,Δ曝-2478/Δ读-351/Δ进0/Δ开0/Δ留0,2026-09-24→2026-06-06,diff
6a0292930000000007020c67,特斯拉Tesla-悠悠（全国可提）,哪里能买到不到25W的Model Y？就深圳！,旧:曝118357/读19647/进310/开296/留206,156621,25012,447,428,293,32490.24,Δ曝38264/Δ读5365/Δ进137/Δ开132/Δ留87,2026-09-24→2026-09-28,diff
6a00a1c8000000000702d54b,宁波特斯拉-海曙龙湖天街店,老板们冲❗公司户买特斯拉5000-7000💰,旧:曝4264/读579/进0/开0/留1,1176,147,0,0,1,69.96,Δ曝-3088/Δ读-432/Δ进0/Δ开0/Δ留0,2026-09-24→2026-06-07,diff
6a009614000000000803f9a6,宁波特斯拉-海曙龙湖天街店,谁懂啊😭特斯拉海洋蓝Model 3居然只要🩷‼️,旧:曝9282/读2024/进1/开1/留0,3586,878,1,1,0,169.88,Δ曝-5696/Δ读-1146/Δ进0/Δ开0/Δ留0,2026-09-24→2026-06-07,diff
6a01691f00000000070237a5,Tesla 鱼仔吖,5月Model 3落地，真的太香了,旧:曝8064/读2210/进3/开2/留0,1172,50,3,2,0,182.59,Δ曝-6892/Δ读-2160/Δ进0/Δ开0/Δ留0,2026-09-24→2026-06-07,diff
69fd7c7d00000000230161d7,特斯拉一鸣,沈阳日供82能冲Model 3 ？？,旧:曝2046/读257/进0/开0/留0,702,68,0,0,0,34.69,Δ曝-1344/Δ读-189/Δ进0/Δ开0/Δ留0,2026-09-24→2026-06-07,diff
6a03ef93000000000702aea0,特斯拉一鸣,月薪4k也敢冲特斯拉！🈷️供2千+真的没压力！,旧:曝1865/读234/进0/开0/留0,191,10,0,0,0,11.76,Δ曝-1674/Δ读-224/Δ进0/Δ开0/Δ留0,2026-09-24→2026-06-06,diff
6a042ac60000000006021544,特斯拉一鸣,东北5月特斯拉zui新攻略！1篇讲清楚,旧:曝2734/读471/进1/开0/留0,761,84,1,0,0,35.77,Δ曝-1973/Δ读-387/Δ进0/Δ开0/Δ留0,2026-09-24→2026-06-07,diff
69fdc24c0000000022026c54,Tesla特斯拉-毛豆,老天奶！手付4.59w拿下特斯拉Model 3了？,旧:曝1074/读99/进0/开0/留0,409,26,0,0,0,2.69,Δ曝-665/Δ读-73/Δ进0/Δ开0/Δ留0,2026-09-24→2026-06-06,diff
6a0432be0000000007020aa8,Tesla特斯拉-毛豆,Model Y L提车真实花销+补补全曝光！,旧:曝3490/读601/进0/开0/留0,150,13,0,0,0,3.78,Δ曝-3340/Δ读-588/Δ进0/Δ开0/Δ留0,2026-09-24→2026-06-04,diff
6a00560e000000003601dcc4,济南特斯拉主理人,手付不到8w拿下特斯拉Model Y了？！,旧:曝3179/读419/进0/开0/留0,863,76,0,0,0,23.83,Δ曝-2316/Δ读-343/Δ进0/Δ开0/Δ留0,2026-09-24→2026-06-07,diff
6a000097000000000803ea9f,Tesla 鱼仔吖,广东宝子看过来，不到25W拿下Model Y,旧:曝6103/读1177/进2/开2/留1,1965,256,2,2,1,157.47,Δ曝-4138/Δ读-921/Δ进0/Δ开0/Δ留0,2026-09-24→2026-09-28,diff
69ff365a000000002301480b,Tesla 鱼仔吖,2026全新Model Y黑标，落地24W+,旧:曝51712/读9541/进0/开0/留0,990,167,0,0,0,48.86,Δ曝-50722/Δ读-9374/Δ进0/Δ开0/Δ留0,2026-09-24→2026-05-14,diff
69ff19990000000035031afe,杭州萧山特斯拉中心,4.59w开走，全新黑标星钻黑Model Y,旧:曝12145/读3843/进16/开11/留1,2839,217,16,11,1,557.48,Δ曝-9306/Δ读-3626/Δ进0/Δ开0/Δ留0,2026-09-24→2026-06-07,diff
69fb0951000000003503a24e,杭州萧山特斯拉中心,偶遇谁得Model3，品味太好了！,旧:曝13168/读2491/进5/开5/留3,4201,832,5,5,3,220.39,Δ曝-8967/Δ读-1659/Δ进0/Δ开0/Δ留0,2026-09-24→2026-06-20,diff
6a01ded100000000360023a7,Tesla-晨璐（努力工作版）,8W拿下白色Model Y！后悔没早买😭,旧:曝9172/读1634/进0/开0/留0,626,80,0,0,0,73.7,Δ曝-8546/Δ读-1554/Δ进0/Δ开0/Δ留0,2026-09-24→2026-06-07,diff
6a03f3c40000000008003efe,Tesla_Selina,刚出！5月Model Y手付5w，2k+提走..,旧:曝4401/读705/进0/开0/留0,764,71,0,0,0,55.96,Δ曝-3637/Δ读-634/Δ进0/Δ开0/Δ留0,2026-09-24→2026-06-19,diff
6a04487c000000003600147a,Tesla-晨璐（努力工作版）,👋付5万多开特斯拉？🈷️供2千+，还拿2万国补！,旧:曝3305/读371/进6/开6/留5,2005,191,6,6,5,352.15,Δ曝-1300/Δ读-180/Δ进0/Δ开0/Δ留0,2026-09-24→2026-06-11,diff
69ff04ff000000002003b897,特斯拉阿生（全国置换版,20w🔥拿下26年黑标Model 3,旧:曝12199/读1675/进8/开7/留4,9708,1153,8,7,4,866.13,Δ曝-2491/Δ读-522/Δ进0/Δ开0/Δ留0,2026-09-24→2026-07-03,diff
6a032b8b0000000006031b75,特斯拉新疆-黄小豆bean,5 月新疆提Model Y，🈷️供3k+开走,旧:曝3427/读432/进5/开5/留4,1164,110,5,5,4,142.12,Δ曝-2263/Δ读-322/Δ进0/Δ开0/Δ留0,2026-09-24→2026-06-20,diff
6a0474d30000000007012aff,特斯拉晶晶✨,换车尽头是电车？Model Y月供2k+真香🔥,旧:曝2578/读339/进0/开0/留0,94,4,0,0,0,0.07,Δ曝-2484/Δ读-335/Δ进0/Δ开0/Δ留0,2026-09-24→2026-05-14,diff
6a046d7200000000060325c1,特斯拉新疆-黄小豆bean,六月，Model Y：手付4.59w提走了,旧:曝13983/读1678/进11/开6/留3,13014,1469,11,6,3,1524.72,Δ曝-969/Δ读-209/Δ进0/Δ开0/Δ留0,2026-09-24→2026-06-27,diff
6a0410610000000008003e63,Tesla特斯拉海岛日记,2026年买Model Y到底要花多少💰,旧:曝218915/读49375/进0/开0/留0,4199,865,0,0,0,19.61,Δ曝-214716/Δ读-48510/Δ进0/Δ开0/Δ留0,2026-09-24→2026-06-07,diff
6a042aee000000003803559f,常州特斯拉-小蒋,🚨六月底购车终极福利❗️Model Y底价,旧:曝10938/读1353/进28/开27/留20,8584,930,28,27,20,1887.12,Δ曝-2354/Δ读-423/Δ进0/Δ开0/Δ留0,2026-09-24→2026-08-18,diff
6a02d86e0000000006032b51,特斯拉尼克,白色Model 3提车了：20.67w,旧:曝68990/读10972/进1/开1/留1,13106,1757,7,7,5,1124.84,Δ曝-55884/Δ读-9215/Δ进6/Δ开6/Δ留4,2026-09-24→2026-09-28,diff
6a043d14000000000803166a,特斯拉百科全苏丨全国可订🚗,Model Y 蕞新买车攻略来啦！干到 24w+,旧:曝2019/读316/进0/开0/留0,374,39,0,0,0,4.55,Δ曝-1645/Δ读-277/Δ进0/Δ开0/Δ留0,2026-09-24→2026-06-08,diff
69f809880000000020039bc5,特斯拉百科全苏丨全国可订🚗,Model 3星钻黑 5️⃣月福力，好看又划算💰,旧:曝1886/读294/进1/开1/留1,756,107,1,1,1,35.13,Δ曝-1130/Δ读-187/Δ进0/Δ开0/Δ留0,2026-09-24→2026-06-08,diff
69fcb356000000003601ed17,常州特斯拉-小蒋,5月Model 3，价格直接干到20w出头,旧:曝8126/读1088/进9/开8/留5,6296,789,9,8,5,544.67,Δ曝-1830/Δ读-299/Δ进0/Δ开0/Δ留0,2026-09-24→2026-08-11,diff
6a03f89a0000000007029b56,特斯拉金华| 露娜,5月Model3活动太猛了!手付5w月供2k开走,旧:曝16127/读1818/进7/开4/留4,11191,1263,7,4,4,1434.4,Δ曝-4936/Δ读-555/Δ进0/Δ开0/Δ留0,2026-09-24→2026-06-27,diff
69fc0b80000000003700e19d,卖特斯拉的潮汕小妮（车主版）,黑标Model Y来啦！白外黑内，绝配🤍🖤,旧:曝13802/读3290/进2/开0/留0,1282,154,2,0,0,86.7,Δ曝-12520/Δ读-3136/Δ进0/Δ开0/Δ留0,2026-09-24→2026-05-23,diff
69f5ff780000000023014a2e,杭州特斯拉-卡戴珊,Model 3 海洋蓝，你们会选嘛？,旧:曝7540/读2023/进0/开0/留0,630,103,0,0,0,25.86,Δ曝-6910/Δ读-1920/Δ进0/Δ开0/Δ留0,2026-09-24→2026-05-23,diff
6a0290e6000000003502361c,特斯拉-伊林Elaine🎀,五月入手特斯拉OK吗？！！,旧:曝1850/读200/进1/开1/留0,877,82,1,1,0,161.12,Δ曝-973/Δ读-118/Δ进0/Δ开0/Δ留0,2026-09-24→2026-05-23,diff
69fdb967000000001a02f9e9,TESLA特斯拉-千赫（全国可提),珍珠白Model Y 26年真实落地价详细算✍️,旧:曝5866/读1174/进0/开0/留0,487,75,0,0,0,64.58,Δ曝-5379/Δ读-1099/Δ进0/Δ开0/Δ留0,2026-09-24→2026-05-23,diff
69fdda680000000035021335,特斯拉tesla星星,特斯拉36个冷知识，你都知道吗？不会=浪费❗️,旧:曝1837/读188/进0/开0/留0,209,35,0,0,0,1.55,Δ曝-1628/Δ读-153/Δ进0/Δ开0/Δ留0,2026-09-24→2026-05-23,diff
6a05c9e8000000003802263e,特斯拉顾问小美🚗,特斯拉Model Y七月23.47W直接提走😭,旧:曝76191/读10725/进183/开157/留104,70414,9406,184,158,105,11819.85,Δ曝-5777/Δ读-1319/Δ进1/Δ开1/Δ留1,2026-09-24→2026-08-22,diff
69f5d66a000000003700ed91,特斯拉顾问小美🚗,特斯拉新购补貼1万2🔥,旧:曝1598/读196/进0/开0/留0,562,37,0,0,0,42.22,Δ曝-1036/Δ读-159/Δ进0/Δ开0/Δ留0,2026-09-24→2026-05-21,diff
6a03ef540000000036019cc1,特斯拉CiCi在苏州,👋付5万多开特斯拉？🈷供2千出头！,旧:曝989/读77/进0/开0/留0,426,21,0,0,0,10.07,Δ曝-563/Δ读-56/Δ进0/Δ开0/Δ留0,2026-09-24→2026-05-23,diff
6a059c720000000037034c17,特斯拉Pupu,特斯拉五月政策来袭,旧:曝3471/读573/进2/开1/留0,905,80,2,1,0,42.56,Δ曝-2566/Δ读-493/Δ进0/Δ开0/Δ留0,2026-09-24→2026-05-27,diff
69f5d79100000000220240c5,Tesla-小韩今天又卖车了吗,别攒钱了！低首付拿下特斯拉Model Y,旧:曝15382/读3686/进1/开1/留1,618,53,1,1,1,118.73,Δ曝-14764/Δ读-3633/Δ进0/Δ开0/Δ留0,2026-09-24→2026-06-07,diff
6a006468000000003502e108,特斯拉苏州交付中心,🔥 特斯拉2026选车新思路！黑武士配色,旧:曝5735/读649/进0/开0/留0,345,40,0,0,0,1.9,Δ曝-5390/Δ读-609/Δ进0/Δ开0/Δ留0,2026-09-24→2026-05-23,diff
69f6aaa0000000003501c728,特斯拉-Cici（全国可提）,Model 3直接到20.5w+✨五一提车太香了,旧:曝4322/读614/进1/开1/留0,1588,148,1,1,0,183.89,Δ曝-2734/Δ读-466/Δ进0/Δ开0/Δ留0,2026-09-24→2026-05-21,diff
6a0570b70000000035039205,Haha同学在特斯拉,2026黑标Model Y落地价：24.27W,旧:曝356329/读61745/进77/开69/留29,89296,13329,104,93,42,7185.83,Δ曝-267033/Δ读-48416/Δ进27/Δ开24/Δ留13,2026-09-24→2026-09-28,diff
69fdf68d000000001f003b8b,Tesla-有问必答吴龟龟,月入6k打工人｜真实养Model3开销❗不装不吹,旧:曝2888/读445/进0/开0/留0,1437,226,0,0,0,37.2,Δ曝-1451/Δ读-219/Δ进0/Δ开0/Δ留0,2026-09-24→2026-06-07,diff
6a00ada00000000007010faf,特斯拉 Tesla_无敌沙拉,🚨五月新政！Model Y劲省3.5W+,旧:曝5846/读1030/进1/开1/留1,1251,173,1,1,1,317.69,Δ曝-4595/Δ读-857/Δ进0/Δ开0/Δ留0,2026-09-24→2026-06-07,diff
69f759d6000000003700ed14,特斯拉小齐在长春,5月还等啥，Model 3👋付5w拿下,旧:曝3127/读582/进0/开0/留0,743,83,0,0,0,56.85,Δ曝-2384/Δ读-499/Δ进0/Δ开0/Δ留0,2026-09-24→2026-05-23,diff
6a042bad000000003502f806,77在特斯拉卖玩具车📔,特斯拉新方案来袭👏👏轻松go,旧:曝4338/读588/进0/开0/留0,1903,177,0,0,0,188.46,Δ曝-2435/Δ读-411/Δ进0/Δ开0/Δ留0,2026-09-24→2026-05-16,diff
69fca6d4000000003700dc43,宁波鄞州特斯拉中心,特斯拉五月新政！Model Y蕞低24.35提走！,旧:曝7092/读1080/进1/开0/留0,2168,223,1,0,0,231.74,Δ曝-4924/Δ读-857/Δ进0/Δ开0/Δ留0,2026-09-24→2026-05-21,diff
6a056e63000000000803f8f9,TESLA 李嘉嘉,五月开心提车！Model Y : 24.35W🤫,旧:曝3158/读413/进0/开0/留0,580,34,0,0,0,20.91,Δ曝-2578/Δ读-379/Δ进0/Δ开0/Δ留0,2026-09-24→2026-06-07,diff
6a05436a0000000006035bad,特斯拉邮递员子枫,Model Y｜五月无痛落地24.35W（新方案）,旧:曝9964/读1591/进0/开0/留0,1767,213,0,0,0,119.71,Δ曝-8197/Δ读-1378/Δ进0/Δ开0/Δ留0,2026-09-24→2026-05-25,diff
6a057320000000000702f24c,特斯拉邮递员子枫,国补+新政，5w手付提走Model 3,旧:曝2972/读430/进0/开0/留0,314,16,0,0,0,4.81,Δ曝-2658/Δ读-414/Δ进0/Δ开0/Δ留0,2026-09-24→2026-05-25,diff
6a07f3180000000008025aa6,特斯拉茉茉美少女,看车半小时，4.59w提走Model Y L,旧:曝142215/读26659/进34/开26/留18,67227,12683,40,32,22,3678.59,Δ曝-74988/Δ读-13976/Δ进6/Δ开6/Δ留4,2026-09-24→2026-09-28,diff
6a07f6220000000007026367,哈莉（特斯拉分身）,Model 3和Model Y区别及费用一览,旧:曝59251/读8892/进3/开3/留1,1907,235,3,3,1,79.25,Δ曝-57344/Δ读-8657/Δ进0/Δ开0/Δ留0,2026-09-24→2026-06-20,diff
6a084600000000003501c9ad,Haha同学在特斯拉,赚翻了！手付5.59w开走Model 3,旧:曝245025/读34514/进26/开21/留12,26216,3264,26,21,12,2260.68,Δ曝-218809/Δ读-31250/Δ进0/Δ开0/Δ留0,2026-09-24→2026-07-28,diff
6a06ccbc000000003701c3e3,特斯拉邮递员子枫,5月轻松入，手付5w，月2k+提走Model Y,旧:曝2953/读387/进1/开1/留1,528,32,1,1,1,74.9,Δ曝-2425/Δ读-355/Δ进0/Δ开0/Δ留0,2026-09-24→2026-07-19,diff
6a06c263000000003502cf23,特斯拉体验官Leo,2026国补加持  Model 3到手只要20.67w,旧:曝12505/读1788/进7/开6/留4,6454,737,8,7,5,569.66,Δ曝-6051/Δ读-1051/Δ进1/Δ开1/Δ留1,2026-09-24→2026-09-25,diff
6a04657b00000000380378fa,临沂特斯拉的服务员🤖,✋付5万多，🈷️供2千多｜开走特斯拉超轻松！,旧:曝673/读74/进1/开1/留1,405,32,1,1,1,50.69,Δ曝-268/Δ读-42/Δ进0/Δ开0/Δ留0,2026-09-24→2026-06-08,diff
6a033461000000003601942e,临沂特斯拉的服务员🤖,20.67w提走Model 3！2026国补后真的香哭了😭,旧:曝1841/读161/进0/开0/留0,346,15,0,0,0,38.57,Δ曝-1495/Δ读-146/Δ进0/Δ开0/Δ留0,2026-09-24→2026-05-23,diff
6a097cde00000000380239f5,特斯拉尼克,7月又猛又兴奋！Model 3 20.67w,旧:曝608038/读88219/进325/开284/留169,336989,39011,346,296,178,26622.43,Δ曝-271049/Δ读-49208/Δ进21/Δ开12/Δ留9,2026-09-24→2026-09-28,diff
6a007ba60000000035038c0a,宁波特斯拉 (鄞州万达店),可以了，蓝色ModelY提车干到24w➕,旧:曝2638/读344/进0/开0/留0,599,68,0,0,0,37.35,Δ曝-2039/Δ读-276/Δ进0/Δ开0/Δ留0,2026-09-24→2026-05-24,diff
6a0473c4000000003501cd5c,宁波特斯拉 (鄞州万达店),5月宁波，干到24w➕，白色model y提车啦,旧:曝8601/读1679/进5/开5/留3,2207,251,5,5,3,441.01,Δ曝-6394/Δ读-1428/Δ进0/Δ开0/Δ留0,2026-09-24→2026-06-08,diff
6a06b4cb0000000035039fb0,宁波特斯拉 (鄞州万达店),2026国补后，20.67w提走model 3,旧:曝3095/读360/进2/开1/留0,1371,94,2,1,0,145.33,Δ曝-1724/Δ读-266/Δ进0/Δ开0/Δ留0,2026-09-24→2026-05-23,diff
6a098cf7000000000702ec74,特斯拉茉茉美少女,Model 3：手付4.59W，丝滑提车,旧:曝5808/读702/进1/开1/留0,1479,146,1,1,0,130.45,Δ曝-4329/Δ读-556/Δ进0/Δ开0/Δ留0,2026-09-24→2026-06-20,diff
6a05911a000000000702d09d,特斯拉新疆-黄小豆bean,Model 3日供：82，我忍不了了！！,旧:曝3167/读407/进1/开0/留0,928,63,1,0,0,46.55,Δ曝-2239/Δ读-344/Δ进0/Δ开0/Δ留0,2026-09-24→2026-06-19,diff
6a081c7b0000000006033457,特斯拉新疆-黄小豆bean,Model Y跟Model Y L区别及费用一览,旧:曝7076/读1289/进1/开0/留0,2580,402,1,0,0,133.6,Δ曝-4496/Δ读-887/Δ进0/Δ开0/Δ留0,2026-09-24→2026-06-27,diff
6a0a9cbf000000003700fbc2,嘉兴特斯拉中心🚗,2026国补后，2️⃣0️⃣.6️⃣7️⃣w开走Model 3 🚗✨,旧:曝8889/读1345/进0/开0/留0,950,87,0,0,0,84.15,Δ曝-7939/Δ读-1258/Δ进0/Δ开0/Δ留0,2026-09-24→2026-05-23,diff
6a0707780000000006034429,特斯拉金华| 露娜,5月还等啥，Model Y👋付5，24.35w+,旧:曝39060/读5849/进9/开7/留5,6612,797,9,7,5,657.97,Δ曝-32448/Δ读-5052/Δ进0/Δ开0/Δ留0,2026-09-24→2026-06-08,diff
6a067fc700000000060344f3,特斯拉｜东东,香炸💥Model Y 日供102 开走！,旧:曝5258/读684/进0/开0/留0,2187,172,0,0,0,196.18,Δ曝-3071/Δ读-512/Δ进0/Δ开0/Δ留0,2026-09-24→2026-05-25,diff
6a0c0696000000003501c89e,Tesla_Selina,5月又猛又兴奋！Model Y：24.27W,旧:曝161863/读28207/进169/开152/留94,118119,19210,170,153,94,10912.62,Δ曝-43744/Δ读-8997/Δ进1/Δ开1/Δ留0,2026-09-24→2026-09-27,diff
6a03d60e000000003502f6df,特斯拉-Cici（全国可提）,不再依赖特斯拉算长大嘛？弹性贷来了～,旧:曝1475/读268/进0/开0/留0,186,8,0,0,0,6.68,Δ曝-1289/Δ读-260/Δ进0/Δ开0/Δ留0,2026-09-24→2026-05-24,diff
6a052b820000000035031846,特斯拉-Cici（全国可提）,👋付5万就能开走特斯拉？🈷️供2k+还能叠补补,旧:曝589/读48/进0/开0/留0,185,11,0,0,0,18.59,Δ曝-404/Δ读-37/Δ进0/Δ开0/Δ留0,2026-09-24→2026-05-23,diff
6a092906000000003502b2fc,特斯拉-Cici（全国可提）,上海特斯拉试驾｜政ce补补 冲！,旧:曝895/读120/进2/开0/留0,404,53,2,0,0,102.18,Δ曝-491/Δ读-67/Δ进0/Δ开0/Δ留0,2026-09-24→2026-05-23,diff
6a0170650000000007026f5b,Tesla-小韩今天又卖车了吗,入手这个Model 3真的不亏！,旧:曝1807/读300/进0/开0/留0,133,9,0,0,0,29.45,Δ曝-1674/Δ读-291/Δ进0/Δ开0/Δ留0,2026-09-24→2026-05-23,diff
6a0b08c0000000000702a3f8,Tesla-小韩今天又卖车了吗,🔥5月特斯拉王炸｜Model Y首付5w多直接开走,旧:曝4148/读1426/进3/开3/留2,2238,98,3,3,2,462.19,Δ曝-1910/Δ读-1328/Δ进0/Δ开0/Δ留0,2026-09-24→2026-06-08,diff
6a03dccd0000000007024180,Tesla-有问必答吴龟龟,重磅！特斯拉「三低」王炸方案砂疯了🔥,旧:曝592/读69/进0/开0/留0,79,1,0,0,0,1.48,Δ曝-513/Δ读-68/Δ进0/Δ开0/Δ留0,2026-09-24→2026-05-23,diff
6a072bbe0000000007021457,Tesla-有问必答吴龟龟,不腿销，只帮你选对🚗,旧:曝730/读108/进0/开0/留0,164,19,0,0,0,22.99,Δ曝-566/Δ读-89/Δ进0/Δ开0/Δ留0,2026-09-24→2026-05-23,diff
6a046c340000000038035f8d,特斯拉Pupu,特斯拉捡漏了捡漏了,旧:曝6567/读1261/进0/开0/留0,1495,161,0,0,0,178.64,Δ曝-5072/Δ读-1100/Δ进0/Δ开0/Δ留0,2026-09-24→2026-05-25,diff
69e4d629000000001a026712,特斯拉Pupu,手付5w多开特斯拉？每月2k出头！,旧:曝3413/读472/进2/开2/留2,1973,174,2,2,2,211.56,Δ曝-1440/Δ读-298/Δ进0/Δ开0/Δ留0,2026-09-24→2026-05-27,diff
6a02b2b7000000000702d401,Tesla-有问必答吴龟龟,特斯拉袋款/全款怎么选💸最省方案,旧:曝5663/读1125/进1/开1/留1,471,77,1,1,1,71.91,Δ曝-5192/Δ读-1048/Δ进0/Δ开0/Δ留0,2026-09-24→2026-06-08,diff
6a0c0662000000003501c77d,特斯拉洋子（包全国）,有5万，入手Model 3也行了❓,旧:曝12096/读2453/进0/开0/留0,1176,136,0,0,0,148.03,Δ曝-10920/Δ读-2317/Δ进0/Δ开0/Δ留0,2026-09-24→2026-05-25,diff
6a0a8237000000003601c8b4,特斯拉洋子（包全国）,20.75w拿下：白色 Model 3,旧:曝15443/读2970/进3/开2/留1,3303,570,3,2,1,86.5,Δ曝-12140/Δ读-2400/Δ进0/Δ开0/Δ留0,2026-09-24→2026-06-20,diff
6a0d7179000000000803eb34,特斯拉体验官Leo,5.59w手付｜落地20.67w提走Model 3,旧:曝6556/读766/进4/开3/留2,2687,248,4,3,2,242.38,Δ曝-3869/Δ读-518/Δ进0/Δ开0/Δ留0,2026-09-24→2026-06-20,diff
6a0c0abf0000000007011e97,特斯拉体验官Leo,24.35w入Model Y，全国可提,旧:曝29237/读4523/进1/开1/留1,2626,312,1,1,1,265.73,Δ曝-26611/Δ读-4211/Δ进0/Δ开0/Δ留0,2026-09-24→2026-08-19,diff
6a06bc7a0000000007022c49,特斯拉阿生（全国置换版,犹豫半年💥Model Y：24.35w拿下,旧:曝5475/读893/进1/开1/留0,1425,186,1,1,0,146.76,Δ曝-4050/Δ读-707/Δ进0/Δ开0/Δ留0,2026-09-24→2026-05-27,diff
6a043a34000000000800146e,特斯拉阿生（全国置换版,怎么会有这么好价的特斯拉🤍,旧:曝5489/读944/进1/开0/留0,547,71,1,0,0,42.6,Δ曝-4942/Δ读-873/Δ进0/Δ开0/Δ留0,2026-09-24→2026-05-25,diff
6a058cab000000003701ff23,宁波鄞州特斯拉中心,特斯拉新购车政策🔥月供2100+闭眼冲,旧:曝1822/读200/进0/开0/留0,158,7,0,0,0,1.28,Δ曝-1664/Δ读-193/Δ进0/Δ开0/Δ留0,2026-09-24→2026-05-22,diff
6a09e2f000000000080304e6,特斯拉 Tesla_无敌沙拉,25w内，长期主义冲Model Y,旧:曝1670/读240/进0/开0/留0,161,12,0,0,0,11.43,Δ曝-1509/Δ读-228/Δ进0/Δ开0/Δ留0,2026-09-24→2026-05-23,diff
6a09e3330000000008001db7,特斯拉 Tesla_无敌沙拉,干到20.75w+，白色Model 3提车了,旧:曝6803/读879/进6/开5/留6,3482,364,6,5,6,798.3,Δ曝-3321/Δ读-515/Δ进0/Δ开0/Δ留0,2026-09-24→2026-06-11,diff
6a0adb0c0000000036018f13,宁波鄞州特斯拉中心,Model 3六色无滤镜实拍✨开走仅20.35❕,旧:曝23278/读6254/进0/开0/留0,192,26,0,0,0,4.56,Δ曝-23086/Δ读-6228/Δ进0/Δ开0/Δ留0,2026-09-24→2026-05-23,diff
6a0431d2000000003601e114,宁波鄞州特斯拉中心,【特斯拉轻松开回来 月供2K+】,旧:曝1443/读119/进0/开0/留0,337,21,0,0,0,13.55,Δ曝-1106/Δ读-98/Δ进0/Δ开0/Δ留0,2026-09-24→2026-05-23,diff
6a0312d50000000038023bc4,宁波鄞州特斯拉中心,是谁的梦中情车？是我的特斯拉！,旧:曝1416/读178/进0/开0/留0,19,2,0,0,0,0.71,Δ曝-1397/Δ读-176/Δ进0/Δ开0/Δ留0,2026-09-24→2026-05-21,diff
6a06d4b60000000007027fe5,特斯拉阿生（全国置换版,不等啦！20w提26年新款黑标特斯拉Model 3,旧:曝4928/读744/进0/开0/留0,1862,208,0,0,0,138.82,Δ曝-3066/Δ读-536/Δ进0/Δ开0/Δ留0,2026-09-24→2026-05-25,diff
6a0d6af50000000006022687,特斯拉邮递员子枫,Model Y：24.27w｜5w手付无痛提车,旧:曝1815/读213/进1/开1/留1,612,44,1,1,1,81.36,Δ曝-1203/Δ读-169/Δ进0/Δ开0/Δ留0,2026-09-24→2026-06-14,diff
6a0c069e0000000006020a3e,特斯拉邮递员子枫,它来了，5月Model 3大惊喜,旧:曝23766/读4209/进0/开0/留0,449,40,0,0,0,16.61,Δ曝-23317/Δ读-4169/Δ进0/Δ开0/Δ留0,2026-09-24→2026-05-25,diff
6a06c4590000000007021417,特斯拉阿生（全国置换版,预算25w+，只看特斯拉,旧:曝11855/读2370/进0/开0/留0,233,29,0,0,0,8.54,Δ曝-11622/Δ读-2341/Δ进0/Δ开0/Δ留0,2026-09-24→2026-05-25,diff
6a0311d00000000036018e37,特斯拉小齐在长春,2026国补后，20.75w拿下Model 3！是谁的梦中,旧:曝5623/读729/进4/开4/留3,3392,386,4,4,3,513.37,Δ曝-2231/Δ读-343/Δ进0/Δ开0/Δ留0,2026-09-24→2026-06-08,diff
6a04327c0000000038034273,特斯拉小齐在长春,太香了❗️手付5w多开特斯拉？每月2千出头！,旧:曝2173/读373/进1/开1/留1,1737,291,1,1,1,303.53,Δ曝-436/Δ读-82/Δ进0/Δ开0/Δ留0,2026-09-24→2026-05-28,diff
6a09a7790000000037036543,特斯拉小齐在长春,预算10万，特斯拉Model 3 vs Model Y怎么选,旧:曝3099/读561/进0/开0/留0,46,6,0,0,0,3.46,Δ曝-3053/Δ读-555/Δ进0/Δ开0/Δ留0,2026-09-24→2026-05-23,diff
6a0aa1d6000000003802321f,特斯拉小齐在长春,长春提Model Y L 落地价算明白了！省3W+,旧:曝9935/读1792/进4/开4/留4,860,147,4,4,4,269.91,Δ曝-9075/Δ读-1645/Δ进0/Δ开0/Δ留0,2026-09-24→2026-06-08,diff
6a071ebe000000003601f3e8,卖特斯拉的潮汕小妮（车主版）,25w预算的，Model Y直接闭眼冲,旧:曝4253/读671/进2/开2/留2,1995,269,2,2,2,263.14,Δ曝-2258/Δ读-402/Δ进0/Δ开0/Δ留0,2026-09-24→2026-06-22,diff
6a03e22a0000000006031d6f,TESLA特斯拉-千赫（全国可提),新活动！Model 3/Y 5W开走 每月2k轻松还🚀,旧:曝2110/读268/进0/开0/留0,541,63,0,0,0,78.55,Δ曝-1569/Δ读-205/Δ进0/Δ开0/Δ留0,2026-09-24→2026-05-23,diff
6a09dfc200000000080241d5,TESLA特斯拉-千赫（全国可提),新年新活动 5W开走YL的好机会🥳,旧:曝1540/读226/进1/开1/留0,124,9,1,1,0,13.83,Δ曝-1416/Δ读-217/Δ进0/Δ开0/Δ留0,2026-09-24→2026-05-23,diff
6a059a8c0000000035033055,特斯拉tesla星星,3️⃣种买车攻略，特斯拉低熄到底有多低？,旧:曝1585/读527/进0/开0/留0,225,7,0,0,0,24.86,Δ曝-1360/Δ读-520/Δ进0/Δ开0/Δ留0,2026-09-24→2026-05-23,diff
6a09a139000000003501eaa0,特斯拉tesla星星,有5万预算，要不要入Model 3？,旧:曝3415/读638/进0/开0/留0,143,11,0,0,0,16.11,Δ曝-3272/Δ读-627/Δ进0/Δ开0/Δ留0,2026-09-24→2026-05-23,diff
6a0300940000000035027f17,特斯拉tesla星星,5月买车月！Model Y L4.59W开走,旧:曝11799/读1828/进9/开8/留4,10571,1535,21,20,9,1395.75,Δ曝-1228/Δ读-293/Δ进12/Δ开12/Δ留5,2026-09-24→2026-09-28,diff
6a0c06b900000000360010c5,特斯拉尼克,Model Y L每月3736开走...5月有点说法,旧:曝138330/读27022/进72/开59/留33,84226,16488,78,64,36,5139.41,Δ曝-54104/Δ读-10534/Δ进6/Δ开5/Δ留3,2026-09-24→2026-09-28,diff
6a09a8cd000000003601fa5a,临沂特斯拉的服务员🤖,🚗💥真心安利！特斯拉，真的太适合女生开了！！,旧:曝761/读98/进0/开0/留0,53,9,0,0,0,0.53,Δ曝-708/Δ读-89/Δ进0/Δ开0/Δ留0,2026-09-24→2026-05-23,diff
6a0429240000000035032d46,特斯拉-伊林Elaine🎀,现在买特斯拉好轻松‼️‼️‼️,旧:曝801/读203/进0/开0/留0,60,6,0,0,0,12.22,Δ曝-741/Δ读-197/Δ进0/Δ开0/Δ留0,2026-09-24→2026-05-23,diff
6a0d406b00000000070222bf,杭州特斯拉-卡戴珊,每天花7⃣️9⃣️，白色Model 3带回家💥,旧:曝2613/读333/进0/开0/留0,758,60,0,0,0,41.6,Δ曝-1855/Δ读-273/Δ进0/Δ开0/Δ留0,2026-09-24→2026-05-23,diff
6a0d9783000000003701ef8a,特斯拉CiCi在苏州,苏州提特斯拉看这条！,旧:曝908/读355/进0/开0/留0,239,3,0,0,0,18.03,Δ曝-669/Δ读-352/Δ进0/Δ开0/Δ留0,2026-09-24→2026-05-21,diff
6a04356f0000000008026cee,特斯拉MoMo,有野心的冲Model Y L，月供2896,旧:曝11076/读1873/进0/开0/留0,360,31,0,0,0,11.25,Δ曝-10716/Δ读-1842/Δ进0/Δ开0/Δ留0,2026-09-24→2026-06-08,diff
6a0462f1000000000702c4cd,特斯拉Yoki特努力,5月，青岛提Model Y L最新落地，简直香迷糊了,旧:曝4847/读912/进4/开4/留2,1099,191,4,4,2,80.89,Δ曝-3748/Δ读-721/Δ进0/Δ开0/Δ留0,2026-09-24→2026-07-23,diff
6a07df130000000007021bf4,特斯拉Yoki特努力,预算10万，Model 3和Model Y该怎么选？,旧:曝61556/读12959/进2/开1/留1,13490,3413,2,1,1,768.55,Δ曝-48066/Δ读-9546/Δ进0/Δ开0/Δ留0,2026-09-24→2026-06-04,diff
6a0a81f20000000006034334,特斯拉Yoki特努力,"5月，提Model Y L太香了，首付5.59w,月供3k➕",旧:曝12796/读2214/进0/开0/留0,2660,492,0,0,0,135.27,Δ曝-10136/Δ读-1722/Δ进0/Δ开0/Δ留0,2026-09-24→2026-09-28,diff
6a0afbb000000000070128de,特斯拉Yoki特努力,5🈷️Model 3太香了！首付2w月供3k开走！,旧:曝4981/读632/进1/开1/留1,1250,122,1,1,1,78.05,Δ曝-3731/Δ读-510/Δ进0/Δ开0/Δ留0,2026-09-24→2026-09-28,diff
6a0e92970000000008001634,特斯拉Yoki特努力,这波真赚翻了！手付5.59w开走Model 3❗️,旧:曝5547/读788/进2/开1/留1,1902,239,2,1,1,67.72,Δ曝-3645/Δ读-549/Δ进0/Δ开0/Δ留0,2026-09-24→2026-07-23,diff
6a0ee8c900000000060310a6,特斯拉MoMo,分享！江苏Model 3 落地费用📄,旧:曝4820/读808/进0/开0/留0,173,20,0,0,0,12.95,Δ曝-4647/Δ读-788/Δ进0/Δ开0/Δ留0,2026-09-24→2026-06-08,diff
6a0595650000000007029a5a,特斯拉 Tesla_无敌沙拉,👋付5万多开特斯拉？🈷️供2千+，还有补贴！,旧:曝1692/读192/进0/开0/留0,123,9,0,0,0,3.92,Δ曝-1569/Δ读-183/Δ进0/Δ开0/Δ留0,2026-09-24→2026-06-07,diff
6a03e35b000000003601fc90,天津特斯拉-小颖,👋付五万多开特斯拉？🈷️供两千出头！,旧:曝2361/读223/进3/开2/留2,715,46,3,2,2,81.6,Δ曝-1646/Δ读-177/Δ进0/Δ开0/Δ留0,2026-09-24→2026-06-08,diff
6a0dbba700000000070247f4,特斯拉晶晶✨,520礼物天花板：一辆Model 3就够了💗,旧:曝777/读68/进0/开0/留0,57,2,0,0,0,0.16,Δ曝-720/Δ读-66/Δ进0/Δ开0/Δ留0,2026-09-24→2026-06-07,diff
6a0559b30000000008032188,特斯拉百科全苏丨全国可订🚗,特斯拉轻松贷封神‼️新出闭眼入的购车方案～,旧:曝1336/读206/进0/开0/留0,393,60,0,0,0,7.49,Δ曝-943/Δ读-146/Δ进0/Δ开0/Δ留0,2026-09-24→2026-06-08,diff
6a06f46a0000000008000bdd,Tesla｜小冯-全国可提车,成都特斯拉5月重磅福利👋付5w🌙供2k开走,旧:曝2003/读252/进2/开1/留1,395,44,2,1,1,22.63,Δ曝-1608/Δ读-208/Δ进0/Δ开0/Δ留0,2026-09-24→2026-06-08,diff
6a0f039d0000000006031f6e,Tesla｜小冯-全国可提车,5月莎疯了！！！👋付5w🌙供3k开走YL,旧:曝3070/读392/进2/开1/留0,553,40,2,1,0,17.39,Δ曝-2517/Δ读-352/Δ进0/Δ开0/Δ留0,2026-09-24→2026-06-08,diff
6a09b881000000000702d6eb,Tesla｜小冯-全国可提车,5月Model3活动太🐮了！手付3w月供2k开走,旧:曝4167/读545/进0/开0/留0,913,63,0,0,0,59.69,Δ曝-3254/Δ读-482/Δ进0/Δ开0/Δ留0,2026-09-24→2026-06-08,diff
6a0ab67d000000000702508e,特斯拉百科全苏丨全国可订🚗,被这车硬控了，珍珠白Model Y🚗落地价算清楚,旧:曝2323/读418/进0/开0/留0,314,58,0,0,0,5.8,Δ曝-2009/Δ读-360/Δ进0/Δ开0/Δ留0,2026-09-24→2026-06-08,diff
6a03dfea0000000035024c10,杭州萧山特斯拉中心,预算4.59w，男生女生都冲Model 3！,旧:曝124529/读17599/进178/开166/留98,200710,24372,278,253,156,18923.96,Δ曝76181/Δ读6773/Δ进100/Δ开87/Δ留58,2026-09-24→2026-09-28,diff
6a09be5e0000000036002081,杭州萧山特斯拉中心,6月买车月！Model Y L每月3985开走,旧:曝4868/读511/进1/开1/留0,531,47,1,1,0,24.31,Δ曝-4337/Δ读-464/Δ进0/Δ开0/Δ留0,2026-09-24→2026-06-20,diff
6a0ed8c600000000350237c7,杭州萧山特斯拉中心,国补后，Model Y落地：24.27W,旧:曝91798/读15311/进90/开84/留46,88316,11533,169,159,94,11589.7,Δ曝-3482/Δ读-3778/Δ进79/Δ开75/Δ留48,2026-09-24→2026-09-28,diff
6a0b2faf00000000070208e6,Tesla 鱼仔吖,Model 3 20w出头拿下,旧:曝4225/读575/进1/开1/留0,1482,167,1,1,0,58.44,Δ曝-2743/Δ读-408/Δ进0/Δ开0/Δ留0,2026-09-24→2026-06-08,diff
6a0bc1ab000000003700c1c2,特斯拉顾问小美🚗,浙江特斯拉价格又又下调了？Model3来到21w……,旧:曝14820/读1787/进19/开19/留16,11030,1148,19,19,16,1784.95,Δ曝-3790/Δ读-639/Δ进0/Δ开0/Δ留0,2026-09-24→2026-07-23,diff
6a0d61b50000000038021375,特斯拉顾问小美🚗,提车才知道：👋付5w+就可以提走Model3…,旧:曝4746/读535/进3/开3/留2,3292,359,3,3,2,202.67,Δ曝-1454/Δ读-176/Δ进0/Δ开0/Δ留0,2026-09-24→2026-09-25,diff
6a0f0f49000000003601d384,特斯拉顾问小美🚗,等等党胜利了✌️Model3手付5.59w能提车了…,旧:曝4005/读585/进3/开3/留2,1501,181,3,3,2,126.15,Δ曝-2504/Δ读-404/Δ进0/Δ开0/Δ留0,2026-09-24→2026-09-28,diff
6a0414360000000038020315,常州特斯拉-小蒋,🛑千万别凑全款！付5w💰教你“拿下”特斯拉,旧:曝1581/读220/进0/开0/留0,889,122,0,0,0,27.17,Δ曝-692/Δ读-98/Δ进0/Δ开0/Δ留0,2026-09-24→2026-06-08,diff
6a0c5ebb000000003502f0f4,Hi 特斯拉的小鹿,哪里能买到30w出头的Model Y L？,旧:曝3000/读536/进0/开0/留0,425,49,0,0,0,20.06,Δ曝-2575/Δ读-487/Δ进0/Δ开0/Δ留0,2026-09-24→2026-06-08,diff
6a0810b5000000003502bb5a,Hi 特斯拉的小鹿,2026国补，Model 3干到20w出头了,旧:曝15574/读2894/进0/开0/留0,1197,138,0,0,0,374.36,Δ曝-14377/Δ读-2756/Δ进0/Δ开0/Δ留0,2026-09-24→2026-05-26,diff
6a03e6b300000000350311b4,Hi 特斯拉的小鹿,谁看到特斯拉白内不得急头白脸自拍两张📸,旧:曝3431/读762/进1/开0/留0,2287,501,1,0,0,62.04,Δ曝-1144/Δ读-261/Δ进0/Δ开0/Δ留0,2026-09-24→2026-06-08,diff
6a033019000000003502e30a,Hi 特斯拉的小鹿,Model Y L试驾后…真实感受,旧:曝7351/读1607/进0/开0/留0,363,72,0,0,0,4.71,Δ曝-6988/Δ读-1535/Δ进0/Δ开0/Δ留0,2026-09-24→2026-06-08,diff
6a0db49d00000000070102b0,宁波特斯拉-海曙龙湖天街店,10w提走Model Y L，独享特斯拉六座,旧:曝18210/读3285/进1/开0/留0,1979,406,1,0,0,79.37,Δ曝-16231/Δ读-2879/Δ进0/Δ开0/Δ留0,2026-09-24→2026-05-26,diff
6a09ddba0000000007021ffa,宁波特斯拉-海曙龙湖天街店,8月特斯拉让我兴奋🫪Model Y 23.55w🫨,旧:曝81327/读14320/进94/开85/留44,84395,13603,149,139,83,9624.3,Δ曝3068/Δ读-717/Δ进55/Δ开54/Δ留39,2026-09-24→2026-09-28,diff
6a09da8a000000000803224f,宁波特斯拉-海曙龙湖天街店,宁波特斯拉补贴告急❗手慢无,旧:曝6627/读1085/进3/开3/留1,2940,330,3,3,1,200.83,Δ曝-3687/Δ读-755/Δ进0/Δ开0/Δ留0,2026-09-24→2026-05-28,diff
6a05316600000000060203fa,宁波特斯拉-海曙龙湖天街店,5月入Model 3，20.75w直接开走,旧:曝21442/读3611/进14/开11/留4,13477,2196,14,11,4,817.44,Δ曝-7965/Δ读-1415/Δ进0/Δ开0/Δ留0,2026-09-24→2026-06-20,diff
6a0c70850000000008031a9e,Tesla 鱼仔吖,每天花70左右，拿下Model 3太香啦,旧:曝5778/读1086/进0/开0/留0,222,20,0,0,0,4.02,Δ曝-5556/Δ读-1066/Δ进0/Δ开0/Δ留0,2026-09-24→2026-06-07,diff
6a06b1230000000007023573,特斯拉Tesla-悠悠（全国可提）,轻松贷！日均70+就能开上特斯拉🚗,旧:曝2517/读260/进1/开1/留0,627,50,1,1,0,17.6,Δ曝-1890/Δ读-210/Δ进0/Δ开0/Δ留0,2026-09-24→2026-06-08,diff
6a0be1d60000000006030f69,特斯拉Tesla-悠悠（全国可提）,5🈷️Model 3太香了！手付3w，月付2k！,旧:曝1621/读139/进1/开0/留0,428,38,1,0,0,37.93,Δ曝-1193/Δ读-101/Δ进0/Δ开0/Δ留0,2026-09-24→2026-06-08,diff
6a0567840000000006023b4a,特斯拉一鸣,5月提Model Y L｜辽宁这波福🌰直接拉满！！,旧:曝3443/读541/进0/开0/留0,899,111,0,0,0,71.07,Δ曝-2544/Δ读-430/Δ进0/Δ开0/Δ留0,2026-09-24→2026-06-20,diff
6a08b4440000000006031b2c,特斯拉一鸣,拒绝套路❗沈阳Model 3真实含禾兑落地价,旧:曝8112/读1337/进9/开7/留3,3354,421,18,15,9,768.14,Δ曝-4758/Δ读-916/Δ进9/Δ开8/Δ留6,2026-09-24→2026-09-28,diff
6a0d946a0000000006033e24,特斯拉Tesla-悠悠（全国可提）,5月政策，5w提Model Y超轻松！,旧:曝5015/读704/进4/开4/留2,2529,368,4,4,2,184.29,Δ曝-2486/Δ读-336/Δ进0/Δ开0/Δ留0,2026-09-24→2026-05-28,diff
6a0475800000000037036b75,济南特斯拉主理人,济南0️⃣压力提车攻略，5年低xi方案太绝了！,旧:曝1737/读268/进0/开0/留0,226,25,0,0,0,28.2,Δ曝-1511/Δ读-243/Δ进0/Δ开0/Δ留0,2026-09-24→2026-06-08,diff
6a0eab5b0000000036031907,卖特斯拉的潮汕小妮（车主版）,梅州model Y🚗｜家门口的试驾来了！🔥,旧:曝1114/读166/进2/开1/留1,147,15,2,1,1,10.24,Δ曝-967/Δ读-151/Δ进0/Δ开0/Δ留0,2026-09-24→2026-06-08,diff
6a0efd26000000003701f6a3,济南特斯拉主理人,5月济南Model Y：5w+提走，马上截止！,旧:曝6947/读1075/进8/开7/留6,3381,379,8,7,6,687.6,Δ曝-3566/Δ读-696/Δ进0/Δ开0/Δ留0,2026-09-24→2026-08-05,diff
6a086f890000000038037f6b,济南特斯拉主理人,五月无痛提车！Model Y：25W+,旧:曝3977/读645/进2/开2/留0,1009,126,2,2,0,103.39,Δ曝-2968/Δ读-519/Δ进0/Δ开0/Δ留0,2026-09-24→2026-06-08,diff
6a0d93460000000007026c52,Tesla 鱼仔吖,520取悦自己，喜提梦中情车Model 3✨,旧:曝4370/读812/进3/开1/留0,837,150,3,1,0,19.13,Δ曝-3533/Δ读-662/Δ进0/Δ开0/Δ留0,2026-09-24→2026-06-08,diff
6a0dbe7600000000080030ab,Tesla-小韩今天又卖车了吗,双胞胎Model Y星钻黑✨济宁落地价格,旧:曝1052/读168/进0/开0/留0,83,13,0,0,0,3.29,Δ曝-969/Δ读-155/Δ进0/Δ开0/Δ留0,2026-09-24→2026-06-08,diff
6a097c0a000000003701c1a8,Tesla_Selina,5月新！Model 3 落地价，20.75W了！,旧:曝34807/读6542/进13/开12/留10,23850,4269,13,12,10,1283.21,Δ曝-10957/Δ读-2273/Δ进0/Δ开0/Δ留0,2026-09-24→2026-09-24,diff
6a0469480000000038034edf,南昌王府井特斯拉销售阿超,无痛提车，10w预算也可以开Model Y L,旧:曝759/读118/进0/开0/留0,44,5,0,0,0,0.45,Δ曝-715/Δ读-113/Δ进0/Δ开0/Δ留0,2026-09-24→2026-06-08,diff
6a0b2cb6000000003601d85b,南昌王府井特斯拉销售阿超,预算3.59w起｜男女通吃，闭眼冲特斯拉Model3,旧:曝2155/读294/进0/开0/留0,349,32,0,0,0,19.5,Δ曝-1806/Δ读-262/Δ进0/Δ开0/Δ留0,2026-09-24→2026-06-08,diff
6a0fc51e000000000702fe86,特斯拉新疆-黄小豆bean,6月买特斯拉Model 3，手付4.59w！,旧:曝6252/读793/进1/开1/留0,3705,457,1,1,0,381.14,Δ曝-2547/Δ读-336/Δ进0/Δ开0/Δ留0,2026-09-24→2026-06-20,diff
6a0ec0d80000000035029918,77在特斯拉卖玩具车📔,27w内 长期用车首选Model Y,旧:曝5465/读1010/进1/开1/留1,859,79,1,1,1,87.27,Δ曝-4606/Δ读-931/Δ进0/Δ开0/Δ留0,2026-09-24→2026-07-20,diff
6a0bffeb0000000035030059,77在特斯拉卖玩具车📔,Model Y：手付4.59w开走！！,旧:曝3447/读446/进0/开0/留0,563,46,0,0,0,63.7,Δ曝-2884/Δ读-400/Δ进0/Δ开0/Δ留0,2026-09-24→2026-05-25,diff
6a0fd03b0000000006037906,特斯拉｜东东,被问了100遍的Model Y真实落地价！,旧:曝18427/读2771/进20/开18/留14,17404,2491,20,18,14,2192.44,Δ曝-1023/Δ读-280/Δ进0/Δ开0/Δ留0,2026-09-24→2026-07-23,diff
6a0efcd30000000006033b07,特斯拉｜东东,极简主义爱车：20w+提走Model 3,旧:曝5546/读913/进1/开1/留0,2133,316,1,1,0,47.87,Δ曝-3413/Δ读-597/Δ进0/Δ开0/Δ留0,2026-09-24→2026-06-20,diff
6a0d3cd50000000007010240,特斯拉金华| 露娜,520被男朋友送特斯拉后｜才敢说的真实到手价,旧:曝2030/读254/进0/开0/留0,333,34,0,0,0,61.04,Δ曝-1697/Δ读-220/Δ进0/Δ开0/Δ留0,2026-09-24→2026-05-25,diff
6a0e61d40000000008030be0,特斯拉金华| 露娜,5月，Model Y 24W+，还在犹豫啥？,旧:曝49084/读6447/进33/开33/留22,15748,2491,33,33,22,3003.89,Δ曝-33336/Δ读-3956/Δ进0/Δ开0/Δ留0,2026-09-24→2026-07-27,diff
6a0d1b840000000008032fb4,特斯拉尼克,4.59w手付开走Model Y！,旧:曝2829/读397/进0/开0/留0,371,37,0,0,0,30.93,Δ曝-2458/Δ读-360/Δ进0/Δ开0/Δ留0,2026-09-24→2026-05-25,diff
6a0d44160000000007029657,糖酸酸🍬开特斯拉,坐标重庆Model Y，24W轻松拿下✨,旧:曝4185/读810/进2/开2/留2,1127,105,2,2,2,78.04,Δ曝-3058/Δ读-705/Δ进0/Δ开0/Δ留0,2026-09-24→2026-06-08,diff
6a091d47000000003501fbfe,特斯拉 萱萱,还等啥，Model Y👋付5，24w+,旧:曝4758/读757/进0/开0/留0,1708,172,0,0,0,114.24,Δ曝-3050/Δ读-585/Δ进0/Δ开0/Δ留0,2026-09-24→2026-06-04,diff
6a127ac400000000060353c3,哈莉（特斯拉分身）,沉浸式提车｜特斯拉Model 3！（可参考！）,旧:曝555152/读73945/进5/开4/留0,6036,942,5,4,0,249.98,Δ曝-549116/Δ读-73003/Δ进0/Δ开0/Δ留0,2026-09-24→2026-06-20,diff
6a1277610000000007020ac2,特斯拉茉茉美少女,Model Y到底选白色还是黑色？！,旧:曝39373/读8267/进4/开4/留4,6957,1605,4,4,4,220.19,Δ曝-32416/Δ读-6662/Δ进0/Δ开0/Δ留0,2026-09-24→2026-07-23,diff
6a0197e10000000006035426,特斯拉杭州交付中心,买了Model 3，但第一年你养得起吗？,旧:曝146957/读26878/进1/开0/留0,2062,378,1,0,0,55.17,Δ曝-144895/Δ读-26500/Δ进0/Δ开0/Δ留0,2026-09-24→2026-06-04,diff
6a1276f7000000003501ebca,Haha同学在特斯拉,Model Y和Model Y L区别及费用一览,旧:曝1021611/读117851/进35/开28/留17,16153,1467,44,37,23,1159.84,Δ曝-1005458/Δ读-116384/Δ进9/Δ开9/Δ留6,2026-09-24→2026-09-28,diff
6a13f0fb0000000007021de2,特斯拉体验官Leo,白色Model 3 | 现在20.67w+就能提,旧:曝5701/读751/进2/开2/留1,1548,155,2,2,1,206.91,Δ曝-4153/Δ读-596/Δ进0/Δ开0/Δ留0,2026-09-24→2026-06-04,diff
6a13f6a300000000070248d3,特斯拉邮递员子枫,2026国补后，黑色Model 3落地20.67w,旧:曝169443/读44934/进11/开8/留5,30850,6782,11,8,5,1231.58,Δ曝-138593/Δ读-38152/Δ进0/Δ开0/Δ留0,2026-09-24→2026-09-28,diff
69fa0e50000000001a035063,特斯拉认证顾问湖北黄琳,2026年5月特斯拉Y优惠版本怎么选,旧:曝31791/读6386/进2/开1/留0,3015,222,2,1,0,263.18,Δ曝-28776/Δ读-6164/Δ进0/Δ开0/Δ留0,2026-09-24→2026-06-13,diff
6a16959700000000060306d1,特斯拉邮递员子枫,2026国补后，Model Y落地：24.27w,旧:曝9475/读1548/进1/开0/留0,1330,184,1,0,0,173.31,Δ曝-8145/Δ读-1364/Δ进0/Δ开0/Δ留0,2026-09-24→2026-06-27,diff
6a16aefe000000000702e4f5,特斯拉新疆-黄小豆bean,26黑标Model Y：24.27W，清清楚楚,旧:曝7828/读953/进2/开2/留1,6128,672,2,2,1,558.95,Δ曝-1700/Δ读-281/Δ进0/Δ开0/Δ留0,2026-09-24→2026-07-05,diff
6a12fe5400000000070254b5,特斯拉新疆-黄小豆bean,Model Y L：4.59w提走了👉买车思路,旧:曝4086/读609/进0/开0/留0,1552,196,0,0,0,149.62,Δ曝-2534/Δ读-413/Δ进0/Δ开0/Δ留0,2026-09-24→2026-07-06,diff
6a16ab04000000003502092d,77在特斯拉卖玩具车📔,首付5.59w ，🈷️供2193，提特斯拉M3,旧:曝3700/读508/进2/开2/留1,855,77,2,2,1,48.81,Δ曝-2845/Δ读-431/Δ进0/Δ开0/Δ留0,2026-09-24→2026-09-28,diff
6a1576f80000000035030fa8,77在特斯拉卖玩具车📔,特斯拉｜Model 3星钻黑,旧:曝11013/读3686/进7/开3/留1,1512,119,7,3,1,233.51,Δ曝-9501/Δ读-3567/Δ进0/Δ开0/Δ留0,2026-09-24→2026-07-20,diff
6a1697450000000035028f20,特斯拉体验官Leo,Model Y L最新落地，想入的可参考,旧:曝38483/读6992/进3/开2/留0,3192,529,3,2,0,242.78,Δ曝-35291/Δ读-6463/Δ进0/Δ开0/Δ留0,2026-09-24→2026-09-28,diff
6a15a5930000000036018102,济南特斯拉主理人,🔥Model 3太猛了！日供 82 直接提走！,旧:曝4653/读524/进3/开3/留2,2778,265,3,3,2,272.84,Δ曝-1875/Δ读-259/Δ进0/Δ开0/Δ留0,2026-09-24→2026-09-28,diff
6a1669ad0000000035023357,Tesla-晨璐（努力工作版）,北京指标上岸！别急着提车❌这3步走好才不亏✅,旧:曝7411/读863/进2/开2/留1,5887,633,2,2,1,199.52,Δ曝-1524/Δ读-230/Δ进0/Δ开0/Δ留0,2026-09-24→2026-09-28,diff
6a12fadc0000000035025b90,Tesla-晨璐（努力工作版）,赚翻了！👋付 5.59w 开走 Model Y 🚀,旧:曝8426/读1129/进13/开13/留8,6125,728,14,14,8,768.31,Δ曝-2301/Δ读-401/Δ进1/Δ开1/Δ留0,2026-09-24→2026-09-28,diff
6a0b073d0000000035028e0d,TESLA特斯拉_小魏,2026✨国补加持 Model 3到手只要20.67w,旧:曝2224/读284/进0/开0/留0,468,51,0,0,0,55.02,Δ曝-1756/Δ读-233/Δ进0/Δ开0/Δ留0,2026-09-24→2026-06-04,diff
6a181d930000000007022e90,特斯拉新疆-黄小豆bean,“2026国补”20.67w+提走Model 3,旧:曝4430/读488/进3/开2/留1,3186,304,3,2,1,392.92,Δ曝-1244/Δ读-184/Δ进0/Δ开0/Δ留0,2026-09-24→2026-07-05,diff
6a17d03e00000000080323a0,特斯拉认证顾问湖北黄琳,特斯拉2026年6月优惠讲解,旧:曝221761/读50154/进15/开7/留5,11024,1241,15,7,5,1062.46,Δ曝-210737/Δ读-48913/Δ进0/Δ开0/Δ留0,2026-09-24→2026-06-25,diff
6a15225e0000000036001927,Tesla未来销冠梦瑶,你敢信，20.67w就能提走一台Model 3？,旧:曝41335/读5127/进82/开80/留52,46252,5481,107,104,70,7485.19,Δ曝4917/Δ读354/Δ进25/Δ开24/Δ留18,2026-09-24→2026-09-28,diff
6a156f44000000003503be71,温州特斯拉中心｜千千,20.67w拿下特斯拉Model3📝清清楚楚,旧:曝6793/读1019/进4/开2/留3,3166,362,4,2,3,391.88,Δ曝-3627/Δ读-657/Δ进0/Δ开0/Δ留0,2026-09-24→2026-07-06,diff
6a0ab52b0000000007024a2e,TESLA 李嘉嘉,Model Y 全系已更新！24W+提走,旧:曝16536/读2719/进6/开3/留1,3990,476,6,3,1,409.38,Δ曝-12546/Δ读-2243/Δ进0/Δ开0/Δ留0,2026-09-24→2026-09-28,diff
6a0eb3b400000000060329de,Tesla特斯拉海岛日记,10w 预算去看油车，结果却提了一台特斯拉,旧:曝17130/读2984/进0/开0/留0,973,169,0,0,0,14.23,Δ曝-16157/Δ读-2815/Δ进0/Δ开0/Δ留0,2026-09-24→2026-06-04,diff
6a03f167000000003502b0cc,特斯拉长泰,👋付5万多开特斯拉？🈷供2千出头！,旧:曝2045/读213/进1/开1/留0,932,56,1,1,0,53.32,Δ曝-1113/Δ读-157/Δ进0/Δ开0/Δ留0,2026-09-24→2026-06-04,diff
6a17eba00000000006020ec6,特斯拉认证顾问湖北黄琳,特斯拉Model 3 6月份优惠以及配置讲解,旧:曝21865/读4505/进1/开0/留0,1567,91,1,0,0,135.76,Δ曝-20298/Δ读-4414/Δ进0/Δ开0/Δ留0,2026-09-24→2026-06-13,diff
6a112e00000000000803119c,特斯拉Yoki特努力,8月，青岛Model 3补补太香❗️落地20w+,旧:曝10627/读1321/进20/开17/留17,9192,1035,26,23,23,2528.81,Δ曝-1435/Δ读-286/Δ进6/Δ开6/Δ留6,2026-09-24→2026-09-28,diff
6a13db840000000007023cf6,特斯拉Yoki特努力,5月，青岛提Model Y，新出🉑叠加补补！！！,旧:曝27762/读3641/进33/开30/留24,26624,3014,40,37,26,3039.38,Δ曝-1138/Δ读-627/Δ进7/Δ开7/Δ留2,2026-09-24→2026-09-28,diff
6a17ecb50000000006021452,特斯拉Yoki特努力,7月真兴奋了，提Model Y，23.97w？？,旧:曝102720/读38013/进240/开170/留92,90281,8471,249,179,96,10815.03,Δ曝-12439/Δ读-29542/Δ进9/Δ开9/Δ留4,2026-09-24→2026-09-28,diff
6a157f5a0000000008000c1f,特斯拉Yoki特努力,想知道25w预算，Model Y还有对手吗？,旧:曝4549/读1844/进4/开4/留0,1440,21,5,5,0,242.07,Δ曝-3109/Δ读-1823/Δ进1/Δ开1/Δ留0,2026-09-24→2026-09-28,diff
6a14403b0000000007020340,特斯拉Yoki特努力,8月，青岛Model 3太猛了，20.45w拿下？？！！,旧:曝53505/读9069/进119/开114/留80,69753,10337,191,182,126,11853.72,Δ曝16248/Δ读1268/Δ进72/Δ开68/Δ留46,2026-09-24→2026-09-28,diff
6a1448320000000038020f3a,天津特斯拉-小颖,听劝！2026年5月买Model Y真的巨香🚗,旧:曝24869/读4871/进32/开32/留22,20335,3592,45,44,30,2781.71,Δ曝-4534/Δ读-1279/Δ进13/Δ开12/Δ留8,2026-09-24→2026-09-28,diff
6a150f8600000000080021fb,特斯拉百科全苏丨全国可订🚗,年中买车攻略来啦，挑战开走特斯拉蕞低价,旧:曝2219/读299/进3/开2/留2,1153,104,3,2,2,257.09,Δ曝-1066/Δ读-195/Δ进0/Δ开0/Δ留0,2026-09-24→2026-09-28,diff
6a1644d80000000008002994,烟台特斯拉种草站,20.67W拿下Model 3｜流程超清晰✨,旧:曝2214/读230/进0/开0/留0,763,53,0,0,0,31.38,Δ曝-1451/Δ读-177/Δ进0/Δ开0/Δ留0,2026-09-24→2026-06-04,diff
6a128ec60000000035031254,Hi 特斯拉的小鹿,Model 3 Performance⚡️是你的爱车吗,旧:曝8701/读1814/进0/开0/留0,2957,678,0,0,0,103.04,Δ曝-5744/Δ读-1136/Δ进0/Δ开0/Δ留0,2026-09-24→2026-06-28,diff
6a140d570000000007029652,特斯拉一鸣,沈阳特斯拉准车主必看✨2026政ce全梳理,旧:曝5157/读601/进6/开6/留5,3155,358,13,13,9,763.88,Δ曝-2002/Δ读-243/Δ进7/Δ开7/Δ留4,2026-09-24→2026-09-28,diff
6a1586da000000000803dfe5,特斯拉一鸣,东北买车必看🔥Model3本月省钱政ce！,旧:曝1543/读176/进0/开0/留0,416,29,0,0,0,42.2,Δ曝-1127/Δ读-147/Δ进0/Δ开0/Δ留0,2026-09-24→2026-09-26,diff
6a103db20000000007024b26,Tesla 鱼仔吖,爱你老己| 送自己一台心动Model 3✨,旧:曝18818/读3023/进18/开15/留8,15647,2366,18,15,8,1226.64,Δ曝-3171/Δ读-657/Δ进0/Δ开0/Δ留0,2026-09-24→2026-07-27,diff
6a179e7f0000000035022be9,特斯拉 萱萱,20w预算，冲Model 3 5️⃣个理由！,旧:曝1682/读239/进0/开0/留0,340,31,0,0,0,10.07,Δ曝-1342/Δ读-208/Δ进0/Δ开0/Δ留0,2026-09-24→2026-06-04,diff
6a16a5060000000035029df2,特斯拉 萱萱,Model Y和Model Y L区别及费用一览,旧:曝1370/读153/进1/开0/留0,123,18,1,0,0,3.12,Δ曝-1247/Δ读-135/Δ进0/Δ开0/Δ留0,2026-09-24→2026-06-04,diff
6a1042240000000008003ae8,特斯拉 萱萱,20.67w提走Model 3📝清清楚楚,旧:曝2692/读307/进0/开0/留0,1135,98,0,0,0,105.48,Δ曝-1557/Δ读-209/Δ进0/Δ开0/Δ留0,2026-09-24→2026-06-04,diff
6a152a00000000003601b963,常州特斯拉-小蒋,终究是20个w提了特斯拉❗️,旧:曝35035/读4862/进33/开31/留22,29863,2955,40,38,28,3073.67,Δ曝-5172/Δ读-1907/Δ进7/Δ开7/Δ留6,2026-09-24→2026-09-28,diff
6a119f5e000000003700d145,南昌王府井特斯拉销售阿超,手付5w月供2k，低压力开走Model 3,旧:曝2490/读424/进1/开1/留1,662,83,1,1,1,28.87,Δ曝-1828/Δ读-341/Δ进0/Δ开0/Δ留0,2026-09-24→2026-09-27,diff
6a1908760000000007020353,哈莉（特斯拉分身）,Model 3:手付4.59w，无痛提走！！,旧:曝5766/读644/进0/开0/留0,455,22,0,0,0,14.32,Δ曝-5311/Δ读-622/Δ进0/Δ开0/Δ留0,2026-09-24→2026-06-19,diff
6a1bd98d00000000070248b9,哈莉（特斯拉分身）,黑标Model Y：24.27w，别再观望了,旧:曝197866/读31683/进37/开34/留18,26566,4583,37,34,18,1871.23,Δ曝-171300/Δ读-27100/Δ进0/Δ开0/Δ留0,2026-09-24→2026-09-28,diff
6a1bdb3a000000003502f494,Haha同学在特斯拉,20.67w提走Model 3【提车攻略】,旧:曝30968/读5062/进2/开1/留1,1903,174,2,1,1,195.72,Δ曝-29065/Δ读-4888/Δ进0/Δ开0/Δ留0,2026-09-24→2026-09-28,diff
6a18fb9e000000003502b0a2,Haha同学在特斯拉,特斯拉放大招了！Model 3：4.59w提走了,旧:曝14646/读2225/进0/开0/留1,902,96,0,0,1,20.46,Δ曝-13744/Δ读-2129/Δ进0/Δ开0/Δ留0,2026-09-24→2026-07-23,diff
6a18f6570000000008032f27,特斯拉茉茉美少女,00后女生全款拿下🎀Model 3：20.47w,旧:曝12858/读1795/进21/开21/留11,6000,754,21,21,11,1107.8,Δ曝-6858/Δ读-1041/Δ进0/Δ开0/Δ留0,2026-09-24→2026-07-07,diff
6a126e55000000000702cd49,博文在特斯拉,2026年上海买Model 3到底要花多少钱？,旧:曝10109/读2315/进5/开3/留3,3284,521,5,3,3,566.18,Δ曝-6825/Δ读-1794/Δ进0/Δ开0/Δ留0,2026-09-24→2026-08-19,diff
6a193e95000000000800283e,特斯拉邮递员子枫,00后女生靠自己提了Model 3｜5w入手,旧:曝6473/读1113/进0/开0/留0,679,98,0,0,0,13.49,Δ曝-5794/Δ读-1015/Δ进0/Δ开0/Δ留0,2026-09-24→2026-08-10,diff
6a1939f70000000006030218,特斯拉体验官Leo,女生超爱的白色Model 3，落地20.67w提走,旧:曝7724/读1091/进1/开1/留1,1827,228,1,1,1,80.63,Δ曝-5897/Δ读-863/Δ进0/Δ开0/Δ留0,2026-09-24→2026-09-28,diff
6a1bdd48000000000702ae83,特斯拉茉茉美少女,价格曼妙，Model 3：20.37w提走,旧:曝16017/读2522/进28/开26/留15,9594,1326,30,28,15,1298.09,Δ曝-6423/Δ读-1196/Δ进2/Δ开2/Δ留0,2026-09-24→2026-09-28,diff
6a1c59e7000000000702bf79,特斯拉 Tesla_无敌沙拉,油车主换电车，Model Y家庭用车太绝了,旧:曝1318/读214/进0/开0/留0,298,59,0,0,0,2.21,Δ曝-1020/Δ读-155/Δ进0/Δ开0/Δ留0,2026-09-24→2026-07-05,diff
6a1e93d80000000021009ba7,特斯拉邮递员子枫,02年女生朋友终于靠自己拿下了Model Y,旧:曝9104/读1732/进0/开0/留0,1422,276,0,0,0,23.28,Δ曝-7682/Δ读-1456/Δ进0/Δ开0/Δ留0,2026-09-24→2026-07-06,diff
6a19722d0000000008033257,特斯拉Yoki特努力,2026年Model 3购车攻略，码住不亏,旧:曝5628/读772/进1/开1/留0,2692,419,1,1,0,166.63,Δ曝-2936/Δ读-353/Δ进0/Δ开0/Δ留0,2026-09-24→2026-09-28,diff
6a1bccf00000000006037441,特斯拉Yoki特努力,不纠结了！6月青岛提Model Y L，31.5w？？,旧:曝6308/读863/进6/开6/留4,2576,326,6,6,4,360.68,Δ曝-3732/Δ读-537/Δ进0/Δ开0/Δ留0,2026-09-24→2026-09-28,diff
6a1adee400000000360006d5,77在特斯拉卖玩具车📔,8月更新：首付5.59w ，🈷️供2691，提MY,旧:曝4770/读731/进0/开0/留0,447,46,0,0,0,22.58,Δ曝-4323/Δ读-685/Δ进0/Δ开0/Δ留0,2026-09-24→2026-07-05,diff
6a1cfe260000000007028c1e,特斯拉新疆-黄小豆bean,六一儿童节提车｜白月光Model Y太适合带娃啦,旧:曝1725/读228/进3/开3/留1,361,50,3,3,1,10.47,Δ曝-1364/Δ读-178/Δ进0/Δ开0/Δ留0,2026-09-24→2026-07-06,diff
6a1e8ec200000000060347ce,特斯拉体验官Leo,长期主义选车，落地24.27w拿下Model Y,旧:曝33200/读6453/进3/开2/留1,4110,788,3,2,1,158.55,Δ曝-29090/Δ读-5665/Δ进0/Δ开0/Δ留0,2026-09-24→2026-09-25,diff
6a1aeb7600000000070235be,特斯拉茉茉美少女,Model 3和Model Y的区别📝（熬夜整理版）,旧:曝535874/读70253/进6/开6/留0,2620,387,6,6,0,139.78,Δ曝-533254/Δ读-69866/Δ进0/Δ开0/Δ留0,2026-09-24→2026-08-06,diff
6a1021690000000008000153,特斯拉茉茉美少女,20.67w提走Model 3📝清清楚楚,旧:曝8082/读1336/进1/开1/留1,1217,128,1,1,1,98.12,Δ曝-6865/Δ读-1208/Δ进0/Δ开0/Δ留0,2026-09-24→2026-06-20,diff
6a1a3d19000000003703567f,天津特斯拉-小颖,六月和Model 3适配度直接拉满🌿,旧:曝6770/读788/进15/开14/留12,5267,527,18,17,14,1128.58,Δ曝-1503/Δ读-261/Δ进3/Δ开3/Δ留2,2026-09-24→2026-09-28,diff
6a18142c000000003502ff9c,特斯拉洋子（包全国）,大分享！Model 3 落地费用最新一览,旧:曝4215/读688/进0/开0/留0,442,43,0,0,0,22.52,Δ曝-3773/Δ读-645/Δ进0/Δ开0/Δ留0,2026-09-24→2026-07-06,diff
6a19436d000000003502b36c,特斯拉洋子（包全国）,门槛更低，手付4.59w开走Model Y L,旧:曝2149/读327/进0/开0/留0,237,46,0,0,0,3.54,Δ曝-1912/Δ读-281/Δ进0/Δ开0/Δ留0,2026-09-24→2026-07-05,diff
6a197266000000000701230e,特斯拉阿生（全国置换版,20w拿下Model 3🎀get经济上行的美,旧:曝4138/读573/进2/开1/留0,1860,250,2,1,0,108.56,Δ曝-2278/Δ读-323/Δ进0/Δ开0/Δ留0,2026-09-24→2026-08-10,diff
6a14073600000000060327aa,特斯拉阿生（全国置换版,4w+提走的Model Y L【🔥经验来咯】,旧:曝5195/读850/进0/开0/留0,261,19,0,0,0,8.64,Δ曝-4934/Δ读-831/Δ进0/Δ开0/Δ留0,2026-09-24→2026-06-20,diff
6a10320b00000000060319b0,特斯拉阿生（全国置换版,Model 3后轮驱动版🔥终于20w拿下！,旧:曝3487/读614/进4/开3/留1,2139,352,4,3,1,108.5,Δ曝-1348/Δ读-262/Δ进0/Δ开0/Δ留0,2026-09-24→2026-07-20,diff
6a1c27e6000000003502a305,Model体验官一凡,23.87w提走Model Y【提车攻略】,旧:曝315666/读48041/进488/开451/留244,285392,42085,521,480,265,32960.26,Δ曝-30274/Δ读-5956/Δ进33/Δ开29/Δ留21,2026-09-24→2026-09-28,diff
6a1c0fb20000000035021fab,Tesla未来销冠梦瑶,Model Y和Model Y L怎么选？💰方案大,旧:曝4072/读666/进1/开1/留1,1787,310,1,1,1,41.98,Δ曝-2285/Δ读-356/Δ进0/Δ开0/Δ留0,2026-09-24→2026-07-23,diff
6a10610400000000350309f6,Model体验官一凡,2026国补后，20.67w提走Model 3,旧:曝10201/读1537/进3/开3/留2,2158,243,3,3,2,142.2,Δ曝-8043/Δ读-1294/Δ进0/Δ开0/Δ留0,2026-09-24→2026-09-27,diff
6a12b19d0000000035031946,Model体验官一凡,26黑标Model Y落地价：23.47W,旧:曝81800/读13575/进131/开124/留76,82534,13207,169,156,94,11581.86,Δ曝734/Δ读-368/Δ进38/Δ开32/Δ留18,2026-09-24→2026-09-28,diff
6a1593f5000000003501cebe,Model体验官一凡,4.59w开走网红Model Y L，明细梳理,旧:曝6167/读892/进2/开2/留0,866,98,2,2,0,41.56,Δ曝-5301/Δ读-794/Δ进0/Δ开0/Δ留0,2026-09-24→2026-09-28,diff
6a199041000000003502eee3,Model体验官一凡,00后男生，4.59w无痛提走Model Y！!,旧:曝20724/读3267/进22/开21/留14,7373,1050,22,21,14,1026.38,Δ曝-13351/Δ读-2217/Δ进0/Δ开0/Δ留0,2026-09-24→2026-09-28,diff
6a1af2ca00000000350206c6,Model体验官一凡,Model 3：4.59w提走了，大惊喜！,旧:曝3729/读369/进1/开1/留0,1019,67,1,1,0,67.15,Δ曝-2710/Δ读-302/Δ进0/Δ开0/Δ留0,2026-09-24→2026-09-27,diff
6a15a063000000003501d831,Tesla未来销冠梦瑶,北京新能源指标来了！Model 3 5年O息太香了,旧:曝2627/读145/进0/开0/留0,1551,91,0,0,0,40.88,Δ曝-1076/Δ读-54/Δ进0/Δ开0/Δ留0,2026-09-24→2026-07-06,diff
6a1ad62c0000000007025346,特斯拉晶晶✨,24.35w拿下快银Y！打工人第一台车太酷了✨,旧:曝29459/读6057/进3/开2/留0,8537,2009,3,2,0,230.66,Δ曝-20922/Δ读-4048/Δ进0/Δ开0/Δ留0,2026-09-24→2026-09-28,diff
6a1c0d250000000037036d6c,特斯拉小齐在长春,2026国补后，黑色Model Y：24w➕,旧:曝9819/读1677/进14/开14/留8,6257,939,14,14,8,801.32,Δ曝-3562/Δ读-738/Δ进0/Δ开0/Δ留0,2026-09-24→2026-07-29,diff
6a157de60000000038034e6d,特斯拉小齐在长春,4.59w提走Model Y L 来看明细,旧:曝4520/读897/进0/开0/留0,239,27,0,0,0,28.27,Δ曝-4281/Δ读-870/Δ进0/Δ开0/Δ留0,2026-09-24→2026-07-05,diff
6a1814e1000000003502369e,特斯拉尼克,喜提爱车！Model 3 20.75w,旧:曝98365/读16544/进4/开4/留4,7656,1194,4,4,4,461.85,Δ曝-90709/Δ读-15350/Δ进0/Δ开0/Δ留0,2026-09-24→2026-09-26,diff
6a193f950000000035029bd1,特斯拉尼克,太给力了！月 3736 开走Model Y L,旧:曝27242/读5264/进1/开1/留1,978,118,2,2,2,227.79,Δ曝-26264/Δ读-5146/Δ进1/Δ开1/Δ留1,2026-09-24→2026-09-28,diff
6a1afc68000000003700da24,济南特斯拉主理人,这波真忍不了，月供3k提了Model Y！！,旧:曝4871/读783/进0/开0/留0,599,49,0,0,0,12.84,Δ曝-4272/Δ读-734/Δ进0/Δ开0/Δ留0,2026-09-24→2026-06-20,diff
6a1bd933000000003601b03e,济南特斯拉主理人,济南经十东烈焰红Model Y实拍,旧:曝6488/读1411/进0/开0/留0,1515,370,0,0,0,26.73,Δ曝-4973/Δ读-1041/Δ进0/Δ开0/Δ留0,2026-09-24→2026-06-20,diff
6a11e50500000000060366d1,特斯拉Tesla-悠悠（全国可提）,国补后20.67w 拿下Model 3！是谁还没冲？,旧:曝105989/读14504/进189/开171/留109,180409,22265,300,272,166,20024.11,Δ曝74420/Δ读7761/Δ进111/Δ开101/Δ留57,2026-09-24→2026-09-28,diff
6a1ae7cf000000000702216a,糖酸酸🍬开特斯拉,六月特斯拉Model 3落地价，全攻略,旧:曝2208/读333/进1/开1/留1,76,6,1,1,1,3.72,Δ曝-2132/Δ读-327/Δ进0/Δ开0/Δ留0,2026-09-24→2026-07-05,diff
6a1955ac000000000803d729,糖酸酸🍬开特斯拉,别再乱算钱！2026特斯拉真实花费全整理💰,旧:曝6307/读1094/进0/开0/留0,3250,607,0,0,0,53.46,Δ曝-3057/Δ读-487/Δ进0/Δ开0/Δ留0,2026-09-24→2026-07-06,diff
6a1bb105000000003601e78e,特斯拉顾问小美🚗,夯爆了！特斯拉Model Y 8月新策：23.87w提走…,旧:曝80342/读13450/进11/开10/留3,8467,1311,11,10,3,910.17,Δ曝-71875/Δ读-12139/Δ进0/Δ开0/Δ留0,2026-09-24→2026-07-27,diff
6a18ff21000000003701ece7,特斯拉顾问小美🚗,一分钟讲清Model Y和Model YL区别及费用…,旧:曝8032/读3183/进1/开0/留0,1426,205,1,0,0,61.8,Δ曝-6606/Δ读-2978/Δ进0/Δ开0/Δ留0,2026-09-24→2026-08-05,diff
6a13c5fa000000003601dd62,特斯拉顾问小美🚗,Model Y 5月价格表：👋付4.59w 23.87w落地,旧:曝5182/读687/进6/开5/留4,1902,141,6,5,4,461.56,Δ曝-3280/Δ读-546/Δ进0/Δ开0/Δ留0,2026-09-24→2026-09-28,diff
6a127c670000000038037002,特斯拉顾问小美🚗,00后女生第一辆车，5w存款提走Model 3…,旧:曝5573/读897/进0/开0/留0,337,29,0,0,0,25.58,Δ曝-5236/Δ读-868/Δ进0/Δ开0/Δ留0,2026-09-24→2026-08-02,diff
6a188231000000000702f880,特斯拉一鸣,辽宁宝子看这里！6月5.59w开走Model3🔥,旧:曝19448/读2889/进35/开33/留26,25125,3668,55,50,41,4696,Δ曝5677/Δ读779/Δ进20/Δ开17/Δ留15,2026-09-24→2026-09-28,diff
6a1ad2b2000000000803c1f4,特斯拉一鸣,沈阳特斯拉｜6月新政直接抄🔥,旧:曝6562/读1167/进4/开4/留4,1988,211,6,5,4,583.39,Δ曝-4574/Δ读-956/Δ进2/Δ开1/Δ留0,2026-09-24→2026-09-28,diff
6a1c4e8b000000003501c202,宁波特斯拉 (鄞州万达店),6️⃣月政策更新🆕Model 3太夯了！！！❤️,旧:曝2339/读361/进2/开0/留0,708,66,2,0,0,88.36,Δ曝-1631/Δ读-295/Δ进0/Δ开0/Δ留0,2026-09-24→2026-07-06,diff
6a1afa230000000035023264,宁波特斯拉 (鄞州万达店),10w提走model YL 6月必看,旧:曝1921/读268/进0/开0/留0,206,22,0,0,0,10.82,Δ曝-1715/Δ读-246/Δ进0/Δ开0/Δ留0,2026-09-24→2026-07-04,diff
6a142802000000003601a482,常州特斯拉-小蒋,👋付5.5💰❓开走特斯拉Model 3,旧:曝4098/读418/进9/开9/留6,3679,350,10,10,6,501.91,Δ曝-419/Δ读-68/Δ进1/Δ开1/Δ留0,2026-09-24→2026-09-28,diff
6a1b0a010000000007021205,特斯拉金华| 露娜,6月：浙江Model 3补补➕落地→清清楚楚,旧:曝5506/读672/进3/开3/留1,2937,302,3,3,1,328.58,Δ曝-2569/Δ读-370/Δ进0/Δ开0/Δ留0,2026-09-24→2026-07-23,diff
6a1998670000000035032a3c,特斯拉tesla星星,半小时速定Model Y L✨ 家庭刚需闭眼冲,旧:曝1728/读208/进0/开0/留0,108,18,0,0,0,9.74,Δ曝-1620/Δ读-190/Δ进0/Δ开0/Δ留0,2026-09-24→2026-07-04,diff
6a1b8c360000000035038b7c,杭州萧山特斯拉中心,Model Y 2026提走：23.97w，香惨了,旧:曝288866/读51763/进397/开363/留202,252872,45420,526,486,273,30695.09,Δ曝-35994/Δ读-6343/Δ进129/Δ开123/Δ留71,2026-09-24→2026-09-28,diff
6a16d083000000003502a6df,杭州萧山特斯拉中心,4.59w提走网红Model Y L，明细一览,旧:曝11058/读1535/进2/开2/留1,2590,320,2,2,1,400.29,Δ曝-8468/Δ读-1215/Δ进0/Δ开0/Δ留0,2026-09-24→2026-09-28,diff
6a1679b30000000035027227,杭州萧山特斯拉中心,8月又猛又兴奋！Model 3：20.67w,旧:曝789917/读119779/进1248/开1153/留675,904920,127128,1509,1386,819,90018.69,Δ曝115003/Δ读7349/Δ进261/Δ开233/Δ留144,2026-09-24→2026-09-28,diff
6a13c633000000003502e7cb,杭州萧山特斯拉中心,沉浸式提车｜特斯拉Model 3！（可参考！）,旧:曝214559/读39585/进70/开60/留34,33129,3251,115,99,56,4155.57,Δ曝-181430/Δ读-36334/Δ进45/Δ开39/Δ留22,2026-09-24→2026-09-28,diff
6a11074c0000000035039df9,杭州萧山特斯拉中心,Model 3提车，国补后：20w+,旧:曝111472/读18800/进160/开146/留101,134894,21760,240,220,145,15690.24,Δ曝23422/Δ读2960/Δ进80/Δ开74/Δ留44,2026-09-24→2026-09-28,diff
6a16b23c0000000035030e11,特斯拉tesla星星,女生梦中情车Model 3，20.67w拿下❗,旧:曝2641/读377/进0/开0/留0,613,98,0,0,0,14.18,Δ曝-2028/Δ读-279/Δ进0/Δ开0/Δ留0,2026-09-24→2026-07-06,diff
6a1a5eb10000000007012291,Tesla 鱼仔吖,6月Model 3太香啦！20.67W直接落地,旧:曝26018/读3757/进40/开39/留26,29095,4129,52,49,33,4269.85,Δ曝3077/Δ读372/Δ进12/Δ开10/Δ留7,2026-09-24→2026-09-28,diff
6a17d3700000000007011dc7,Tesla 鱼仔吖,真的顶，🈷️供2k开走特斯拉Model 3,旧:曝2161/读306/进0/开0/留0,123,7,0,0,0,1.07,Δ曝-2038/Δ读-299/Δ进0/Δ开0/Δ留0,2026-09-24→2026-07-02,diff
6a04652f00000000360307ff,特斯拉Jojo超级辣,什么叫🖐️付5w开走特斯拉？,旧:曝2028/读589/进0/开0/留0,210,5,0,0,0,16.24,Δ曝-1818/Δ读-584/Δ进0/Δ开0/Δ留0,2026-09-24→2026-06-08,diff
6a1ad4d9000000000702ea12,宁波特斯拉-海曙龙湖天街店,2026国补后，Model 3：20.35w入,旧:曝29242/读4849/进29/开28/留15,12910,1598,29,28,15,1527.4,Δ曝-16332/Δ读-3251/Δ进0/Δ开0/Δ留0,2026-09-24→2026-09-28,diff
6a1c10a3000000000802738c,宁波特斯拉-海曙龙湖天街店,挖到宝🚙Model Y现在价格太香了 23.65w,旧:曝5807/读882/进2/开2/留0,1505,155,2,2,0,180.78,Δ曝-4302/Δ读-727/Δ进0/Δ开0/Δ留0,2026-09-24→2026-07-06,diff
6a199b7f000000003503a3da,Tesla-晨璐（努力工作版）,🤫偷偷算了一笔账：现在入手特斯拉，真的比想,旧:曝2270/读274/进6/开5/留2,1182,117,6,5,2,218.73,Δ曝-1088/Δ读-157/Δ进0/Δ开0/Δ留0,2026-09-24→2026-09-28,diff
6a16df8b0000000007023b82,Tesla-小韩今天又卖车了吗,为什么5月一定要买Model 3🌟最低至20.45w！,旧:曝1233/读491/进0/开0/留0,272,10,0,0,0,16.49,Δ曝-961/Δ读-481/Δ进0/Δ开0/Δ留0,2026-09-24→2026-07-05,diff
6a1c4b8b0000000007010c44,Tesla-小韩今天又卖车了吗,✨喜欢Model Y L看过来 现在buff叠满！,旧:曝964/读401/进0/开0/留0,241,7,0,0,0,29.78,Δ曝-723/Δ读-394/Δ进0/Δ开0/Δ留0,2026-09-24→2026-07-05,diff
6a193d4100000000350215da,Tesla_Selina,Model 3实锤了❗00后女生通勤神器+1,旧:曝3243/读440/进0/开0/留0,1178,153,0,0,0,31.4,Δ曝-2065/Δ读-287/Δ进0/Δ开0/Δ留0,2026-09-24→2026-09-28,diff
6a19751c000000003700c4b5,南昌王府井特斯拉销售阿超,6月特斯拉Model3/Y政策速看🔥简单直白版,旧:曝2646/读649/进1/开1/留0,392,10,1,1,0,14.94,Δ曝-2254/Δ读-639/Δ进0/Δ开0/Δ留0,2026-09-24→2026-09-28,diff
6a101dfa000000000702aa46,哈莉（特斯拉分身）,4.59w提走网红Model Y L，明细一览,旧:曝174353/读26755/进31/开29/留12,19072,3520,39,36,16,2046.37,Δ曝-155281/Δ读-23235/Δ进8/Δ开7/Δ留4,2026-09-24→2026-09-28,diff
6a166c7f0000000006022a76,Tesla-有问必答吴龟龟,什么？特斯拉现在直⬇️3w？？？？？,旧:曝736/读100/进0/开0/留0,180,19,0,0,0,12.41,Δ曝-556/Δ读-81/Δ进0/Δ开0/Δ留0,2026-09-24→2026-07-06,diff
6a13d92a0000000008033f43,Tesla-有问必答吴龟龟,一年中什么时候买🚗最划算？,旧:曝1452/读202/进0/开0/留0,138,19,0,0,0,8.32,Δ曝-1314/Δ读-183/Δ进0/Δ开0/Δ留0,2026-09-24→2026-07-05,diff
6a17e8ff000000003502f869,Tesla_Selina,6月又猛又兴奋！Model Y 24.35w,旧:曝98396/读18369/进25/开24/留16,33322,5681,26,25,16,2102.48,Δ曝-65074/Δ读-12688/Δ进1/Δ开1/Δ留0,2026-09-24→2026-09-28,diff
6a155c8b000000000701168b,Tesla｜小冯-全国可提车,特斯拉你还有多少惊喜是朕不知道的！！,旧:曝7338/读1406/进0/开0/留0,3888,829,0,0,0,62.56,Δ曝-3450/Δ读-577/Δ进0/Δ开0/Δ留0,2026-09-24→2026-07-06,diff
6a1ab63e00000000360317bf,小林的特斯拉日记,价格曼妙，Model 3：20.47w提走,旧:曝3081/读445/进0/开0/留0,504,46,0,0,0,19.42,Δ曝-2577/Δ读-399/Δ进0/Δ开0/Δ留0,2026-09-24→2026-06-13,diff
6a2107e0000000003501cc35,杭州萧山特斯拉中心,上班暂停🎀提特斯拉Model Y：手付4.59w,旧:曝404107/读82351/进121/开115/留81,215832,45086,176,163,111,14260.4,Δ曝-188275/Δ读-37265/Δ进55/Δ开48/Δ留30,2026-09-24→2026-09-28,diff
6a1468760000000038020472,叻仔关关在特斯拉,来，看23w➕的特斯拉Model Y！👀,旧:曝5760/读688/进4/开3/留3,3546,394,4,3,3,478.44,Δ曝-2214/Δ读-294/Δ进0/Δ开0/Δ留0,2026-09-24→2026-08-22,diff
6a1cff5100000000350318cd,励志卖十万台特斯拉的-盼盼🍞,特斯拉六座Model YL｜👋付 4.59 真香,旧:曝5083/读828/进1/开1/留0,1264,192,1,1,0,42.95,Δ曝-3819/Δ读-636/Δ进0/Δ开0/Δ留0,2026-09-24→2026-06-11,diff
6a179fac0000000007024538,特斯拉- CJ日记,山东提走Model 3这一篇帮你算清落地价,旧:曝3480/读675/进1/开1/留1,496,28,1,1,1,36.61,Δ曝-2984/Δ读-647/Δ进0/Δ开0/Δ留0,2026-09-24→2026-06-11,diff
6a1a47b8000000003503bd97,Tesla 特斯拉丨佳佳⚡,刚提完5台特斯拉！费用明细分享给大家💰,旧:曝23841/读4534/进27/开24/留12,13057,2276,28,25,12,1361.15,Δ曝-10784/Δ读-2258/Δ进1/Δ开1/Δ留0,2026-09-24→2026-09-28,diff
6a1c5ae30000000038020b93,Tesla｜玉子（特专业版）,我等不了了！！Model Y L:👋🏼付4.59w,旧:曝13026/读2194/进10/开9/留3,12289,2093,12,11,5,1033.96,Δ曝-737/Δ读-101/Δ进2/Δ开2/Δ留2,2026-09-24→2026-09-28,diff
6a21457b000000003503072c,济南特斯拉分享官,(库中无此笔记→将新建),,819,69,1,1,0,68.79,2026-06-04,2026-06-13,new
6a1ffce3000000002003af3b,特斯拉冰姐（全国可提）,毕业选车🚗20.47w+搞定model 3不亏,旧:曝3088/读461/进1/开1/留0,700,65,1,1,0,28.25,Δ曝-2388/Δ读-396/Δ进0/Δ开0/Δ留0,2026-09-24→2026-06-13,diff
6a19872e0000000036032174,特斯拉Tesla｜江江,6月有点说法‼️Model Y L🈷️3736直接开走,旧:曝3125/读375/进0/开0/留0,1398,162,0,0,0,105.12,Δ曝-1727/Δ读-213/Δ进0/Δ开0/Δ留0,2026-09-24→2026-06-13,diff
6a1eceb4000000000802700d,特斯拉 开开,8🈷️Model 3新购能拿1.2w太夯了💰,旧:曝20497/读3435/进48/开45/留33,16132,2300,52,49,36,3816.91,Δ曝-4365/Δ读-1135/Δ进4/Δ开4/Δ留3,2026-09-24→2026-09-28,diff
6a1fe485000000002202d08d,特斯拉宇佳美少女,🔥20.75万提 Model 3！6 月补贴蕞后一波,旧:曝12826/读1882/进15/开15/留11,9192,1152,15,15,11,1211.23,Δ曝-3634/Δ读-730/Δ进0/Δ开0/Δ留0,2026-09-24→2026-06-11,diff
6a1ea36d000000003502088d,特斯拉周周打工日记,黑武士Model Y｜黑武士的魅力24w提走,旧:曝4946/读769/进0/开0/留0,1060,122,0,0,0,17.14,Δ曝-3886/Δ读-647/Δ进0/Δ开0/Δ留0,2026-09-24→2026-06-13,diff
6a1c19e90000000006023997,嘉兴桐乡特斯拉中心,6️⃣月新政策❗️Model Y国补后23.95W,旧:曝2179/读279/进0/开0/留0,731,78,0,0,0,50.19,Δ曝-1448/Δ读-201/Δ进0/Δ开0/Δ留0,2026-09-24→2026-06-13,diff
6a1eaf6e00000000080017f1,特斯拉 Tesla阿正,Model 3 20万直接拿下！,旧:曝8077/读1521/进0/开0/留0,1044,152,0,0,0,48.82,Δ曝-7033/Δ读-1369/Δ进0/Δ开0/Δ留0,2026-09-24→2026-06-13,diff
6a22c0460000000035022cf6,Haha同学在特斯拉,00后上升期的男生👦🏻手付4.59w提走Model 3,旧:曝10288/读1557/进0/开0/留0,798,87,0,0,0,16.65,Δ曝-9490/Δ读-1470/Δ进0/Δ开0/Δ留0,2026-09-24→2026-07-06,diff
6a226a5d000000002202adf0,Tesla未来销冠梦瑶,Model Y三个版本怎么选？,旧:曝42394/读8374/进2/开2/留1,3712,696,2,2,1,230.12,Δ曝-38682/Δ读-7678/Δ进0/Δ开0/Δ留0,2026-09-24→2026-07-20,diff
6a21539b0000000021023595,特斯拉新疆-黄小豆bean,00女生，4.59w开走🎀Model 3轿跑,旧:曝1694/读229/进0/开0/留0,112,5,0,0,0,0.09,Δ曝-1582/Δ读-224/Δ进0/Δ开0/Δ留0,2026-09-24→2026-07-06,diff
6a2398e500000000210095a9,特斯拉新疆-黄小豆bean,26黑标Model Y：24.27W！太香了,旧:曝4240/读693/进0/开0/留0,133,12,0,0,0,2.79,Δ曝-4107/Δ读-681/Δ进0/Δ开0/Δ留0,2026-09-24→2026-07-05,diff
6a1f7cac0000000038023007,爱分享de小蔡（Tesla打工版）,6️⃣月入手Model Y！性价比封👑🔥,旧:曝2251/读888/进2/开1/留0,706,11,2,1,0,72.93,Δ曝-1545/Δ读-877/Δ进0/Δ开0/Δ留0,2026-09-24→2026-06-13,diff
6a147a45000000000702fc7e,特斯拉的羊毛,Model Y后备箱｜你不知道的小技巧,旧:曝57546/读9608/进0/开0/留0,1160,60,0,0,0,26.63,Δ曝-56386/Δ读-9548/Δ进0/Δ开0/Δ留0,2026-09-24→2026-06-13,diff
6a1e88dc000000002103f1c4,特斯拉Yoki特努力,6🈷️青岛提Model 3，给我大惊喜！4.59w提走,旧:曝5280/读627/进4/开3/留1,1596,169,4,3,1,153.45,Δ曝-3684/Δ读-458/Δ进0/Δ开0/Δ留0,2026-09-24→2026-08-19,diff
6a216af4000000002101a561,特斯拉Yoki特努力,9🈷️，青岛提Model Y，简直香迷糊了！,旧:曝15139/读2169/进26/开24/留18,19269,2357,72,65,46,4545.09,Δ曝4130/Δ读188/Δ进46/Δ开41/Δ留28,2026-09-24→2026-09-28,diff
6a226f0f0000000007011ed2,特斯拉Yoki特努力,Model 3限时浮力（青岛特别版）,旧:曝7543/读1455/进0/开0/留0,633,35,0,0,0,26.58,Δ曝-6910/Δ读-1420/Δ进0/Δ开0/Δ留0,2026-09-24→2026-08-05,diff
6a1e5f710000000036018c49,天津特斯拉-小颖,6月适合入手特斯拉吗？,旧:曝2237/读368/进0/开0/留0,638,50,0,0,0,35.71,Δ曝-1599/Δ读-318/Δ进0/Δ开0/Δ留0,2026-09-24→2026-06-11,diff
6a2291a400000000380223d3,天津特斯拉-小颖,入职1年｜我送给自己一台特斯拉Model 3,旧:曝4724/读836/进0/开0/留0,976,197,0,0,0,52.24,Δ曝-3748/Δ读-639/Δ进0/Δ开0/Δ留0,2026-09-24→2026-06-11,diff
6a240a99000000001c02653a,天津特斯拉-小颖,4w+手付提走Model Y L【换车必看🔥】,旧:曝3572/读409/进1/开1/留0,1197,136,1,1,0,147.8,Δ曝-2375/Δ读-273/Δ进0/Δ开0/Δ留0,2026-09-24→2026-06-29,diff
6a23b46c000000000702d922,特斯拉茉茉美少女,00后女生🎀靠自己是最大的底气,旧:曝67426/读11824/进75/开60/留37,67445,11386,84,68,42,6238.64,Δ曝19/Δ读-438/Δ进9/Δ开8/Δ留5,2026-09-24→2026-09-28,diff
6a213e080000000006032fe4,特斯拉阿生（全国置换版,怎么不早说！特斯拉6月太惊喜,旧:曝2853/读480/进0/开0/留0,715,80,0,0,0,28.16,Δ曝-2138/Δ读-400/Δ进0/Δ开0/Δ留0,2026-09-24→2026-07-20,diff
6a2142e20000000008032532,特斯拉阿生（全国置换版,2026国补赢麻了，特斯拉明细都在这儿了,旧:曝2827/读397/进0/开0/留0,817,108,0,0,0,68.46,Δ曝-2010/Δ读-289/Δ进0/Δ开0/Δ留0,2026-09-24→2026-07-06,diff
6a24fe220000000007012c70,特斯拉晶晶✨,为什么年轻人的第一台车选择特斯拉？,旧:曝1580/读292/进4/开1/留0,787,102,4,1,0,30.65,Δ曝-793/Δ读-190/Δ进0/Δ开0/Δ留0,2026-09-24→2026-06-15,diff
6a2281b10000000008027cf3,特斯拉邮递员子枫,6月入手Model Y L，全新落地价参考,旧:曝96858/读31385/进8/开5/留3,20582,4961,8,5,3,547.89,Δ曝-76276/Δ读-26424/Δ进0/Δ开0/Δ留0,2026-09-24→2026-08-27,diff
6a23ea5b000000001702e688,特斯拉小齐在长春,刚提回来就被邻居围观是什么感觉,旧:曝3339/读630/进0/开0/留0,307,52,0,0,0,14.1,Δ曝-3032/Δ读-578/Δ进0/Δ开0/Δ留0,2026-09-24→2026-07-27,diff
6a25348d0000000035027579,Model体验官一凡,一分钟了解Model 3费用一览,旧:曝20647/读2638/进0/开0/留0,175,7,0,0,0,7.57,Δ曝-20472/Δ读-2631/Δ进0/Δ开0/Δ留0,2026-09-24→2026-08-06,diff
6a2580f20000000036001e09,Model体验官一凡,02年男生👨4.59W无痛开走Model 3,旧:曝9306/读1340/进3/开3/留3,875,94,3,3,3,125.25,Δ曝-8431/Δ读-1246/Δ进0/Δ开0/Δ留0,2026-09-24→2026-08-26,diff
6a2555c5000000001503f575,特斯拉小齐在长春,什么 Model 3直接20.67w就能提车！,旧:曝1229/读177/进0/开0/留0,204,15,0,0,0,13.66,Δ曝-1025/Δ读-162/Δ进0/Δ开0/Δ留0,2026-09-24→2026-07-29,diff
6a211ff8000000003601ac2b,特斯拉小齐在长春,🔥纠结Model Y的别再观望！黑标款落地24.27w,旧:曝1873/读352/进0/开0/留0,150,21,0,0,0,11.89,Δ曝-1723/Δ读-331/Δ进0/Δ开0/Δ留0,2026-09-24→2026-07-27,diff
6a1e531c0000000036003d37,77在特斯拉卖玩具车📔,特斯拉销冠｜每天都在领 1.5w+、2w+补补攻略,旧:曝12561/读2164/进18/开7/留6,11029,1775,18,7,6,1053.45,Δ曝-1532/Δ读-389/Δ进0/Δ开0/Δ留0,2026-09-24→2026-08-27,diff
6a21152b0000000035027b47,77在特斯拉卖玩具车📔,🚗Model 3 后驱标续 官网价 23.55w,旧:曝9824/读6522/进31/开22/留9,7191,230,31,22,9,1749.72,Δ曝-2633/Δ读-6292/Δ进0/Δ开0/Δ留0,2026-09-24→2026-09-09,diff
6a227da50000000021022d8f,特斯拉体验官Leo,交付中心Model 3快银｜落地20.67w,旧:曝75409/读16217/进15/开9/留6,35266,7334,15,9,6,1303.29,Δ曝-40143/Δ读-8883/Δ进0/Δ开0/Δ留0,2026-09-24→2026-08-31,diff
6a266fc70000000006033a03,特斯拉体验官Leo,国补后20.67w落地｜Model 3六月大惊喜,旧:曝28594/读4618/进12/开11/留7,16780,2753,17,15,11,1413.18,Δ曝-11814/Δ读-1865/Δ进5/Δ开4/Δ留4,2026-09-24→2026-09-27,diff
6a1f98140000000007020d8f,特斯拉 Tesla_无敌沙拉,20.75 万提 Model 3！我真的激动到睡不着,旧:曝2427/读383/进0/开0/留0,179,16,0,0,0,1.45,Δ曝-2248/Δ读-367/Δ进0/Δ开0/Δ留0,2026-09-24→2026-06-11,diff
6a2373140000000007029a63,特斯拉 Tesla_无敌沙拉,六月提 Model Y 居然能省这么多？,旧:曝6334/读961/进3/开2/留1,2219,248,3,2,1,363.24,Δ曝-4115/Δ读-713/Δ进0/Δ开0/Δ留0,2026-09-24→2026-06-20,diff
6a182f36000000000802680e,特斯拉南京交付中心,8月Model Y购车政ce，给你算好了❗️,旧:曝14191/读1633/进26/开22/留15,7968,829,26,22,15,1409.59,Δ曝-6223/Δ读-804/Δ进0/Δ开0/Δ留0,2026-09-24→2026-08-26,diff
6a2294d9000000003503952a,特斯拉洋子（包全国）,每🈷️2k+提Model Y，教程来啦,旧:曝3215/读509/进0/开0/留0,297,19,0,0,0,2.84,Δ曝-2918/Δ读-490/Δ进0/Δ开0/Δ留0,2026-09-24→2026-07-05,diff
6a2174e7000000000702f335,特斯拉｜东东,每🈷️2193提Model 3：6月真有点东西,旧:曝2756/读374/进0/开0/留0,514,38,0,0,0,10.87,Δ曝-2242/Δ读-336/Δ进0/Δ开0/Δ留0,2026-09-24→2026-07-06,diff
6a21100d0000000008002c81,特斯拉Tesla-悠悠（全国可提）,9月无痛提车，Model Y落地24w+,旧:曝101870/读22615/进119/开108/留72,110855,24120,143,130,87,10915.7,Δ曝8985/Δ读1505/Δ进24/Δ开22/Δ留15,2026-09-24→2026-09-28,diff
6a16ac8f00000000080332e7,特斯拉长沙向姐🌸,特斯拉购车蕞高补27800!,旧:曝15567/读1958/进33/开30/留17,24810,2823,60,57,41,5373.89,Δ曝9243/Δ读865/Δ进27/Δ开27/Δ留24,2026-09-24→2026-09-28,diff
6a256bc40000000008026d47,Tesla 鱼仔吖,通勤买了Model 3，现在越开越喜欢！,旧:曝4263/读864/进1/开1/留0,1657,394,1,1,0,20.39,Δ曝-2606/Δ读-470/Δ进0/Δ开0/Δ留0,2026-09-24→2026-07-06,diff
6a1ee64b000000000702d4a6,特斯拉一鸣,沈阳每日支出70+ 轻松拿下Model 3,旧:曝1384/读164/进0/开0/留0,318,35,0,0,0,26.83,Δ曝-1066/Δ读-129/Δ进0/Δ开0/Δ留0,2026-09-24→2026-07-06,diff
6a23d6fb0000000007026a63,特斯拉一鸣,Model YL购车补补全汇总！一篇给你讲清楚,旧:曝3012/读484/进1/开0/留0,394,38,1,0,0,26.1,Δ曝-2618/Δ读-446/Δ进0/Δ开0/Δ留0,2026-09-24→2026-07-06,diff
6a2184a40000000006022105,Tesla 鱼仔吖,O息买Model Y，我等不了了...,旧:曝6488/读995/进6/开6/留4,2874,398,6,6,4,297.09,Δ曝-3614/Δ读-597/Δ进0/Δ开0/Δ留0,2026-09-24→2026-07-26,diff
6a229b3900000000220191ef,特斯拉尼克,6月：4.59w提走网红Model Y L（含明细）,旧:曝10411/读1754/进1/开1/留0,945,110,1,1,0,18.67,Δ曝-9466/Δ读-1644/Δ进0/Δ开0/Δ留0,2026-09-24→2026-09-28,diff
6a2298c80000000035032c59,特斯拉尼克,我等不了了，6月提Model 3：20w+,旧:曝4210/读683/进0/开0/留0,637,111,0,0,0,20.62,Δ曝-3573/Δ读-572/Δ进0/Δ开0/Δ留0,2026-09-24→2026-09-28,diff
6a2640db000000000603375d,宁波特斯拉-海曙龙湖天街店,宁波新购至高8000❗️企业购车同步可享🔥,旧:曝8182/读1018/进17/开14/留2,6870,765,17,14,2,638.56,Δ曝-1312/Δ读-253/Δ进0/Δ开0/Δ留0,2026-09-24→2026-07-27,diff
6a1d83680000000036032772,特斯拉顾问小美🚗,浙江6月Model 3新策新价！20.27w就能开走,旧:曝16862/读2877/进3/开3/留2,5176,757,4,4,3,257.85,Δ曝-11686/Δ读-2120/Δ进1/Δ开1/Δ留1,2026-09-24→2026-09-28,diff
6a2001cd0000000038035901,特斯拉顾问小美🚗,浙江8月Model YL新落地价！想入的可以参考👉,旧:曝17929/读3240/进9/开8/留7,8140,1471,10,9,7,943.58,Δ曝-9789/Δ读-1769/Δ进1/Δ开1/Δ留0,2026-09-24→2026-09-28,diff
6a25561300000000210220a3,宁波特斯拉-海曙龙湖天街店,算完 ModelY 这笔账让你直接心动,旧:曝2243/读298/进2/开1/留1,442,30,2,1,1,33.34,Δ曝-1801/Δ读-268/Δ进0/Δ开0/Δ留0,2026-09-24→2026-08-15,diff
6a24d26d000000000803394a,宁波特斯拉-海曙龙湖天街店,特斯拉7月金融方案别搞混❗,旧:曝3972/读609/进2/开2/留2,1501,164,2,2,2,71.2,Δ曝-2471/Δ读-445/Δ进0/Δ开0/Δ留0,2026-09-24→2026-08-27,diff
6a2423e70000000022023c13,特斯拉tesla星星,西安的宝 补补又升级啦！！！,旧:曝147901/读29881/进326/开294/留168,204499,8294,429,387,214,24140.87,Δ曝56598/Δ读-21587/Δ进103/Δ开93/Δ留46,2026-09-24→2026-09-28,diff
6a201313000000003503806c,特斯拉tesla星星,20w+预算女生买车，最终选了 Model 3,旧:曝2474/读332/进0/开0/留0,668,93,0,0,0,28.08,Δ曝-1806/Δ读-239/Δ进0/Δ开0/Δ留0,2026-09-24→2026-06-23,diff
6a2786a6000000001700b4af,常州特斯拉-小蒋,👋付5w💰开走Model 3❓限时方案来啦❗️,旧:曝3709/读355/进2/开1/留3,2388,199,2,1,3,274.72,Δ曝-1321/Δ读-156/Δ进0/Δ开0/Δ留0,2026-09-24→2026-08-12,diff
6a24d5710000000008001d99,特斯拉金华| 露娜,Model Y 6月提走：24w+香到没边,旧:曝5372/读656/进0/开0/留0,711,66,0,0,0,27.35,Δ曝-4661/Δ读-590/Δ进0/Δ开0/Δ留0,2026-09-24→2026-09-28,diff
6a1e93ab000000002200a955,特斯拉金华| 露娜,6月真别等了：手付4.59w提走Model Y L,旧:曝2917/读324/进0/开0/留0,65,7,0,0,0,2.12,Δ曝-2852/Δ读-317/Δ进0/Δ开0/Δ留0,2026-09-24→2026-07-05,diff
6a1ff2e70000000022023df8,杭州萧山特斯拉中心,4.59w开走，全新黑标星钻黑Model Y L,旧:曝9113/读1600/进1/开1/留0,578,73,1,1,0,37.17,Δ曝-8535/Δ读-1527/Δ进0/Δ开0/Δ留0,2026-09-24→2026-07-06,diff
6a1ef16f000000003701f5b3,济南特斯拉主理人,济南毕业就提 Model 3，真的太香了,旧:曝12333/读2174/进34/开33/留29,16755,2771,48,47,43,2910.23,Δ曝4422/Δ读597/Δ进14/Δ开14/Δ留14,2026-09-24→2026-09-28,diff
6a22c75b00000000220261c9,杭州萧山特斯拉中心,99年打工人🌷4.59w拿下的Dream Car🚗,旧:曝5805/读1035/进0/开0/留0,433,25,0,0,0,5.24,Δ曝-5372/Δ读-1010/Δ进0/Δ开0/Δ留0,2026-09-24→2026-07-06,diff
6a24e0cd000000003503b2ae,Tesla-晨璐（努力工作版）,Model Y落地24.27w？这费用可太香了！,旧:曝6546/读840/进2/开2/留1,4533,527,2,2,1,669.49,Δ曝-2013/Δ读-313/Δ进0/Δ开0/Δ留0,2026-09-24→2026-06-13,diff
6a229a3f0000000036033a59,Tesla_Selina,6月无痛提车：Model Y手付4.59w,旧:曝2788/读331/进0/开0/留0,411,22,0,0,0,5.19,Δ曝-2377/Δ读-309/Δ进0/Δ开0/Δ留0,2026-09-24→2026-09-28,diff
6a1a3ca50000000008030f27,特斯拉-小锦✨,特斯拉Model Y白外浅灰内｜颜值天花板✨,旧:曝5149/读848/进0/开0/留0,1177,160,0,0,0,25.84,Δ曝-3972/Δ读-688/Δ进0/Δ开0/Δ留0,2026-09-24→2026-06-13,diff
6a23a9f700000000060235ba,哈莉（特斯拉分身）,哈莉想要 哈莉得到（24.27w拿下Model Y）,旧:曝167526/读34190/进46/开37/留22,102698,19346,61,52,32,4214.83,Δ曝-64828/Δ读-14844/Δ进15/Δ开15/Δ留10,2026-09-24→2026-09-28,diff
6a22c4b00000000006037d81,哈莉（特斯拉分身）,00年女生开特斯拉Model 3一年要花费多少？,旧:曝186444/读24291/进3/开3/留2,3700,467,3,3,2,115.11,Δ曝-182744/Δ读-23824/Δ进0/Δ开0/Δ留0,2026-09-24→2026-08-06,diff
6a2526460000000006030bc9,哈莉（特斯拉分身）,特斯拉官宣了！！Model Y L:手付4.59w提走,旧:曝44325/读6675/进1/开1/留1,1425,178,1,1,1,86.93,Δ曝-42900/Δ读-6497/Δ进0/Δ开0/Δ留0,2026-09-24→2026-08-06,diff
6a2528bb000000003501c3d2,Haha同学在特斯拉,00后男生沉浸式开特斯拉，太有氛围感了！,旧:曝6766/读1278/进0/开0/留0,64,10,0,0,0,1.71,Δ曝-6702/Δ读-1268/Δ进0/Δ开0/Δ留0,2026-09-24→2026-06-08,diff
6a1d7d1600000000070257ca,Tesla-小韩今天又卖车了吗,六一宠粉🎈Model Y 26.05万开回家！,旧:曝1014/读256/进0/开0/留0,67,9,0,0,0,9.57,Δ曝-947/Δ读-247/Δ进0/Δ开0/Δ留0,2026-09-24→2026-07-05,diff
6a266a700000000021022412,特斯拉邮递员子枫,大惊喜｜20.67w落地拿下绝美Model 3,旧:曝8359/读1312/进5/开3/留2,3710,575,5,3,2,233.15,Δ曝-4649/Δ读-737/Δ进0/Δ开0/Δ留0,2026-09-24→2026-07-23,diff
6a277fd700000000220140fa,博文在特斯拉,存款5w我提了特斯拉Model 3！！,旧:曝10722/读1447/进2/开2/留2,3254,336,2,2,2,263.94,Δ曝-7468/Δ读-1111/Δ进0/Δ开0/Δ留0,2026-09-24→2026-08-17,diff
6a26c2d2000000000702a465,博文在特斯拉,2026年买Model 3到底要花多少💰？,旧:曝11871/读1854/进3/开2/留1,4470,713,3,2,1,280.03,Δ曝-7401/Δ读-1141/Δ进0/Δ开0/Δ留0,2026-09-24→2026-07-20,diff
6a25593400000000070106f1,博文在特斯拉,4.59W！！提走特斯拉Model Y,旧:曝11686/读1380/进17/开16/留8,8875,970,17,16,8,1764.64,Δ曝-2811/Δ读-410/Δ进0/Δ开0/Δ留0,2026-09-24→2026-09-28,diff
6a24f7850000000036003345,励志卖十万台特斯拉的-盼盼🍞,9月入手Model Y L，全新落地价参考,旧:曝301220/读56674/进59/开50/留40,115152,25302,79,66,53,7988.43,Δ曝-186068/Δ读-31372/Δ进20/Δ开16/Δ留13,2026-09-24→2026-09-28,diff
6a23cd0b000000003502a3f5,励志卖十万台特斯拉的-盼盼🍞,选星钻黑真的不后悔！Model 3日供60拿下,旧:曝13531/读2746/进4/开2/留1,11756,2381,4,2,1,323.99,Δ曝-1775/Δ读-365/Δ进0/Δ开0/Δ留0,2026-09-24→2026-09-28,diff
6a22a617000000002100a4a5,特斯拉长沙向姐🌸,特斯拉新鲜出炉10780的新购补补！！！,旧:曝19683/读1753/进36/开32/留19,18036,1480,36,32,19,2272.5,Δ曝-1647/Δ读-273/Δ进0/Δ开0/Δ留0,2026-09-24→2026-07-28,diff
6a218ee8000000002003bf42,特斯拉- CJ日记,二十岁提Model 3很难吗？,旧:曝8273/读1553/进0/开0/留0,4966,1156,0,0,0,323.74,Δ曝-3307/Δ读-397/Δ进0/Δ开0/Δ留0,2026-09-24→2026-06-12,diff
6a22a6a70000000015026e47,Tesla | 吴正豪,6月无痛提车！Model Y：24.35W  🔥,旧:曝47576/读5549/进43/开35/留20,38752,4384,43,35,20,4160.4,Δ曝-8824/Δ读-1165/Δ进0/Δ开0/Δ留0,2026-09-24→2026-09-28,diff
6a202365000000003703721a,叻仔关关在特斯拉,毕业第1️⃣台车｜特斯拉购车方案不要太友好🥳,旧:曝8900/读1296/进6/开3/留1,5046,715,6,3,1,414.96,Δ曝-3854/Δ读-581/Δ进0/Δ开0/Δ留0,2026-09-24→2026-08-27,diff
6a2a1a750000000006031f52,特斯拉-小锦✨,【Model 3】立减16000，速速拿下✨,旧:曝3581/读430/进0/开0/留0,1182,78,0,0,0,80.4,Δ曝-2399/Δ读-352/Δ进0/Δ开0/Δ留0,2026-09-24→2026-06-13,diff
6a2375170000000008024a30,特斯拉-小锦✨,无套路🫡简简单单提走Model 3,旧:曝3118/读303/进0/开0/留0,1156,77,0,0,0,57.87,Δ曝-1962/Δ读-226/Δ进0/Δ开0/Δ留0,2026-09-24→2026-06-13,diff
6a22863c0000000008000fc8,特斯拉冰姐（全国可提）,谁懂啊！Model 3 海洋蓝实车美到犯规💙,旧:曝10754/读2583/进1/开0/留0,981,31,1,0,0,90.08,Δ曝-9773/Δ读-2552/Δ进0/Δ开0/Δ留0,2026-09-24→2026-06-13,diff
6a23acee000000001503d58a,特斯拉Tesla｜江江,2026国补后 Model 3落地20.75w,旧:曝3236/读368/进0/开0/留0,1359,109,0,0,0,102.93,Δ曝-1877/Δ读-259/Δ进0/Δ开0/Δ留0,2026-09-24→2026-06-13,diff
6a22c69c0000000022028965,TESLA特斯拉_小魏,天津6月提Model 3，4.59w直接开走‼️,旧:曝3260/读433/进1/开1/留1,779,61,1,1,1,65.63,Δ曝-2481/Δ读-372/Δ进0/Δ开0/Δ留0,2026-09-24→2026-06-17,diff
6a2a822c000000001503f52a,Tesla｜玉子（特专业版）,国补后，星钻黑Model Y：23.17w,旧:曝28034/读4106/进12/开12/留3,16231,2181,13,13,4,1571.82,Δ曝-11803/Δ读-1925/Δ进1/Δ开1/Δ留1,2026-09-24→2026-09-28,diff
6a2978a90000000016025220,Tesla｜玉子（特专业版）,6月又猛又兴奋！Model 3：19.57w,旧:曝4771/读673/进2/开1/留0,2637,347,2,1,0,234.68,Δ曝-2134/Δ读-326/Δ进0/Δ开0/Δ留0,2026-09-24→2026-07-02,diff
6a218203000000003601c5f2,Tesla｜玉子（特专业版）,沉浸式体验Model Y✨新手也能秒上手,旧:曝2227/读318/进0/开0/留0,538,52,0,0,0,56.3,Δ曝-1689/Δ读-266/Δ进0/Δ开0/Δ留0,2026-09-24→2026-07-02,diff
6a2947b3000000000702f3ff,特斯拉冰姐（全国可提）,25w预算闭👀入！6月Model Y 长期主义👋选,旧:曝6183/读1023/进0/开0/留0,814,97,0,0,0,39.71,Δ曝-5369/Δ读-926/Δ进0/Δ开0/Δ留0,2026-09-24→2026-06-13,diff
6a295ff300000000210145ee,特斯拉 Tesla_无敌沙拉,手付4.59W开Model Y？真的可以？,旧:曝2910/读252/进0/开0/留0,1427,97,0,0,0,96.44,Δ曝-1483/Δ读-155/Δ进0/Δ开0/Δ留0,2026-09-24→2026-06-25,diff
6a2919ca0000000016024d30,天津特斯拉-小颖,2026黑标Model 3-20.67w，方案直接给,旧:曝264946/读30689/进327/开297/留198,274249,29909,382,344,232,26479.71,Δ曝9303/Δ读-780/Δ进55/Δ开47/Δ留34,2026-09-24→2026-09-28,diff
6a27fc15000000000702ae16,特斯拉 Tesla_无敌沙拉,6月提Model 3居然少花这么多,旧:曝12909/读2065/进1/开1/留0,2075,223,1,1,0,216.72,Δ曝-10834/Δ读-1842/Δ进0/Δ开0/Δ留0,2026-09-24→2026-06-19,diff
6a293332000000000602210f,特斯拉南京交付中心,属于父亲的第1️⃣台车Model YL，全家都超满意,旧:曝5971/读814/进1/开0/留0,1116,139,1,0,0,29.02,Δ曝-4855/Δ读-675/Δ进0/Δ开0/Δ留0,2026-09-24→2026-07-06,diff
6a28d6a500000000060351eb,博文在特斯拉,保姆级攻略，Model Y省下3w+💰,旧:曝2589/读302/进0/开0/留0,1122,90,0,0,0,93.44,Δ曝-1467/Δ读-212/Δ进0/Δ开0/Δ留0,2026-09-24→2026-06-17,diff
6a22f99000000000070289a3,特斯拉 开开,天塌了❗️西安买Model YL新购🉑减1oooo❓,旧:曝4334/读488/进12/开12/留6,2806,232,13,13,6,784.64,Δ曝-1528/Δ读-256/Δ进1/Δ开1/Δ留0,2026-09-24→2026-09-28,diff
6a2844e20000000007013d48,特斯拉 开开,6🈷️特斯拉Model Y L新购能拿10700❓夯爆了,旧:曝16032/读2577/进2/开2/留0,901,89,2,2,0,91.35,Δ曝-15131/Δ读-2488/Δ进0/Δ开0/Δ留0,2026-09-24→2026-09-28,diff
6a29516800000000210156f6,特斯拉 开开,6🈷️Model Y真的香迷糊了💰置换能拿22000❗️,旧:曝2531/读813/进0/开0/留0,1109,41,0,0,0,77.13,Δ曝-1422/Δ读-772/Δ进0/Δ开0/Δ留0,2026-09-24→2026-09-22,diff
6a20e98d0000000038023bd6,爱分享de小蔡（Tesla打工版）,特斯拉Model 3 6️⃣月抄底攻略🔥,旧:曝2751/读395/进0/开0/留0,394,20,0,0,0,7.21,Δ曝-2357/Δ读-375/Δ进0/Δ开0/Δ留0,2026-09-24→2026-06-13,diff
6a283976000000001502512d,爱分享de小蔡（Tesla打工版）,特斯拉Model 3｜2026闭👀入的宝藏电车💥,旧:曝1278/读679/进1/开0/留0,462,16,1,0,0,45.1,Δ曝-816/Δ读-663/Δ进0/Δ开0/Δ留0,2026-09-24→2026-06-13,diff
6a243f040000000006030dd8,特斯拉认证顾问湖北黄琳,特斯拉2026年6月落地价格怎么算,旧:曝20153/读7850/进5/开1/留0,4266,416,5,1,0,408.11,Δ曝-15887/Δ读-7434/Δ进0/Δ开0/Δ留0,2026-09-24→2026-06-25,diff
6a2997740000000007010d8a,特斯拉认证顾问湖北黄琳,特斯拉Model YL落地价格详细讲解,旧:曝65221/读11932/进0/开0/留1,2850,369,0,0,1,195.12,Δ曝-62371/Δ读-11563/Δ进0/Δ开0/Δ留0,2026-09-24→2026-07-23,diff
6a21308e0000000006030409,嘉兴桐乡特斯拉中心,6️⃣月政ce 🚗 喜提Model 3 20.75w,旧:曝1886/读186/进0/开0/留0,929,60,0,0,0,46.79,Δ曝-957/Δ读-126/Δ进0/Δ开0/Δ留0,2026-09-24→2026-06-13,diff
6a28f564000000002103eaf1,嘉兴桐乡特斯拉中心,为什么我放弃Model 3，选择了ModelY 🤔,旧:曝2026/读341/进0/开0/留0,640,124,0,0,0,19.66,Δ曝-1386/Δ读-217/Δ进0/Δ开0/Δ留0,2026-09-24→2026-06-13,diff
6a28d2820000000035023fd9,特斯拉宇佳美少女,✋️把手教你买Model 3，如何省下3w+,旧:曝7467/读929/进4/开4/留0,5767,626,4,4,0,533.39,Δ曝-1700/Δ读-303/Δ进0/Δ开0/Δ留0,2026-09-24→2026-06-13,diff
6a2b75310000000022008ef1,特斯拉邮递员子枫,2026黑标Model 3｜落地20.67w提走,旧:曝36956/读6293/进16/开14/留10,28987,4755,18,15,11,2059.17,Δ曝-7969/Δ读-1538/Δ进2/Δ开1/Δ留1,2026-09-24→2026-09-28,diff
6a293be10000000008031223,特斯拉小朱｜全国可提🚗,放大招啦🚗 Model 3  4.59w即可入手,旧:曝5599/读601/进9/开7/留6,4039,363,9,7,6,701.55,Δ曝-1560/Δ读-238/Δ进0/Δ开0/Δ留0,2026-09-24→2026-08-09,diff
6a2803f30000000021019439,特斯拉小朱｜全国可提🚗,黑标Model Y落地24.27w💥纠结买车别再观望,旧:曝6625/读902/进6/开6/留6,3309,279,6,6,6,560.49,Δ曝-3316/Δ读-623/Δ进0/Δ开0/Δ留0,2026-09-24→2026-08-27,diff
6a2b6fe6000000002200be12,特斯拉体验官Leo,起猛了！20.67w无障碍提Model 3,旧:曝6626/读850/进6/开6/留5,3278,381,6,6,5,703.03,Δ曝-3348/Δ读-469/Δ进0/Δ开0/Δ留0,2026-09-24→2026-09-28,diff
6a182c0500000000060228e6,特斯拉MoMo,听劝！6月想提Model 3的，这波羊毛必须薅🐑,旧:曝4856/读539/进3/开2/留1,2562,211,3,2,1,212.5,Δ曝-2294/Δ读-328/Δ进0/Δ开0/Δ留0,2026-09-24→2026-09-27,diff
6a1d4ca10000000008033611,特斯拉MoMo,24万买的特斯拉，这一刻值23万,旧:曝14417/读3141/进3/开3/留2,11674,2624,3,3,2,802.89,Δ曝-2743/Δ读-517/Δ进0/Δ开0/Δ留0,2026-09-24→2026-09-28,diff
6a26298f0000000021014fcd,特斯拉小朱｜全国可提🚗,【黑标ModelY24.27w✨现在入手太值】,旧:曝24317/读3682/进19/开18/留8,8900,921,19,18,8,1039.57,Δ曝-15417/Δ读-2761/Δ进0/Δ开0/Δ留0,2026-09-24→2026-09-28,diff
6a2a45620000000008025e8a,特斯拉MoMo,8月更新后，Model Y L落地明细,旧:曝25889/读4189/进10/开6/留5,9423,1359,10,6,5,865.95,Δ曝-16466/Δ读-2830/Δ进0/Δ开0/Δ留0,2026-09-24→2026-09-28,diff
6a2bc17e0000000008024125,特斯拉茉茉美少女,大惊喜！特斯拉Model 3：20.07w起,旧:曝390066/读62901/进379/开335/留174,327294,51338,388,340,176,21373.94,Δ曝-62772/Δ读-11563/Δ进9/Δ开5/Δ留2,2026-09-24→2026-09-28,diff
6a280c200000000006030885,特斯拉Tesla-悠悠（全国可提）,20.67w拿下Model 3，你来我就帮你算,旧:曝3349/读325/进1/开1/留1,1870,136,1,1,1,157.17,Δ曝-1479/Δ读-189/Δ进0/Δ开0/Δ留0,2026-09-24→2026-07-23,diff
6a277a1e000000000702d60b,老表在特斯拉,什么？①天86就能开走Model Y ，忍不了！,旧:曝1914/读256/进0/开0/留0,557,29,0,0,0,13.6,Δ曝-1357/Δ读-227/Δ进0/Δ开0/Δ留0,2026-09-24→2026-06-20,diff
6a1ced0000000000080265df,老表在特斯拉,黑标Model Y：24.27w，别再观望了,旧:曝4393/读722/进1/开1/留1,531,44,1,1,1,31.15,Δ曝-3862/Δ读-678/Δ进0/Δ开0/Δ留0,2026-09-24→2026-06-20,diff
6a1f98380000000038023314,卖特斯拉的潮汕小妮（车主版）,2026国补，Model Y落地24.27w‼️,旧:曝8256/读1949/进0/开0/留0,942,104,0,0,0,86.05,Δ曝-7314/Δ读-1845/Δ进0/Δ开0/Δ留0,2026-09-24→2026-06-13,diff
6a1ff233000000002201abae,特斯拉-伊林Elaine🎀,Model 3，20w出头拿下～,旧:曝1452/读122/进0/开0/留0,505,29,0,0,0,14.44,Δ曝-947/Δ读-93/Δ进0/Δ开0/Δ留0,2026-09-24→2026-06-20,diff
6a27655e000000001603e50c,特斯拉顾问小美🚗,浙江新策😭6月特斯拉Model 3提走20.27w…,旧:曝8606/读1009/进18/开14/留9,6133,613,18,14,9,864.45,Δ曝-2473/Δ读-396/Δ进0/Δ开0/Δ留0,2026-09-24→2026-07-23,diff
6a1843210000000035023f47,特斯拉-伊林Elaine🎀,Model Y L六月🉑入手吗🧐,旧:曝1744/读195/进0/开0/留0,411,29,0,0,0,4.67,Δ曝-1333/Δ读-166/Δ进0/Δ开0/Δ留0,2026-09-24→2026-06-20,diff
6a266fd80000000035024e89,特斯拉-伊林Elaine🎀,谁说特斯拉Model3没有好价？,旧:曝1886/读213/进1/开1/留1,1039,102,1,1,1,139,Δ曝-847/Δ读-111/Δ进0/Δ开0/Δ留0,2026-09-24→2026-06-20,diff
6a2548b7000000003503254c,温州特斯拉-Tesla小凯,Model Y L 最新方案，一分钟带你了解透彻👉,旧:曝3243/读568/进2/开1/留1,637,80,2,1,1,44.84,Δ曝-2606/Δ读-488/Δ进0/Δ开0/Δ留0,2026-09-24→2026-07-05,diff
6a241d200000000036002610,温州特斯拉-Tesla小凯,毕业提Model 3，真香还是后悔？真的合适吗🤨,旧:曝8350/读1605/进0/开0/留0,920,121,0,0,0,12.63,Δ曝-7430/Δ读-1484/Δ进0/Δ开0/Δ留0,2026-09-24→2026-06-20,diff
6a2aa92100000000350322a5,Tesla 特斯拉丨佳佳⚡,2026年Model Y | 首付2w+月供2k开走?,旧:曝2274/读210/进1/开1/留0,1229,96,1,1,0,218.41,Δ曝-1045/Δ读-114/Δ进0/Δ开0/Δ留0,2026-09-24→2026-09-17,diff
6a22962a0000000007022952,Tesla雅婷（包全国）,东北特斯拉｜Model Y｜6月新政直接抄🔥,旧:曝2687/读394/进0/开0/留0,649,57,0,0,0,29.98,Δ曝-2038/Δ读-337/Δ进0/Δ开0/Δ留0,2026-09-24→2026-06-20,diff
6a2a2d4100000000070134f1,Tesla雅婷（包全国）,6月20.67w提走Model 3，我是怎么做到的？,旧:曝17756/读2513/进14/开14/留8,12571,1660,14,14,8,1431.88,Δ曝-5185/Δ读-853/Δ进0/Δ开0/Δ留0,2026-09-24→2026-06-21,diff
6a2b68b4000000002201b241,济南特斯拉分享官,(库中无此笔记→将新建),,536,29,0,0,0,15.77,2026-06-11,2026-06-13,new
6a2bc32a00000000060362b9,哈莉（特斯拉分身）,国补后，黑标Model Y：23.57w起,旧:曝678804/读114129/进753/开667/留326,648657,107256,900,798,388,47923.84,Δ曝-30147/Δ读-6873/Δ进147/Δ开131/Δ留62,2026-09-24→2026-09-28,diff
6a1e97c5000000002101a7bc,特斯拉合肥交付中心,真心建议：女生第①台车选Model 3,旧:曝7269/读990/进3/开2/留1,2731,360,3,2,1,85.62,Δ曝-4538/Δ读-630/Δ进0/Δ开0/Δ留0,2026-09-24→2026-09-28,diff
6a295fef0000000022009aba,特斯拉合肥交付中心,高考结束，人生第①辆车选了毛豆3,旧:曝28500/读4488/进29/开27/留16,33156,5267,43,41,26,2752.24,Δ曝4656/Δ读779/Δ进14/Δ开14/Δ留10,2026-09-24→2026-09-28,diff
6a2bbf1f00000000350383f6,Haha同学在特斯拉,黑标Model Y：23.57w，等等党速进！,旧:曝220475/读32683/进248/开220/留115,177372,25282,270,238,120,15206.64,Δ曝-43103/Δ读-7401/Δ进22/Δ开18/Δ留5,2026-09-24→2026-09-28,diff
6a2cf56500000000210211ee,特斯拉茉茉美少女,2026国补后，Model Y：23.57W起,旧:曝405642/读64198/进215/开194/留103,161536,28068,222,200,107,14227.61,Δ曝-244106/Δ读-36130/Δ进7/Δ开6/Δ留4,2026-09-24→2026-09-28,diff
6a27af46000000001702c75a,特斯拉小齐在长春,珍珠白Model 3｜不靠别人 开回家那天哭了,旧:曝7089/读1241/进0/开0/留0,621,70,0,0,0,20.25,Δ曝-6468/Δ读-1171/Δ进0/Δ开0/Δ留0,2026-09-24→2026-06-20,diff
6a2d37c90000000022024f96,Tesla未来销冠梦瑶,太夯了！Model Y：月2691开走了,旧:曝17886/读2520/进26/开25/留14,10936,1302,26,25,14,2178.77,Δ曝-6950/Δ读-1218/Δ进0/Δ开0/Δ留0,2026-09-24→2026-09-28,diff
6a2befd8000000002202fda1,Tesla未来销冠梦瑶,开特斯拉Model 3一年要花费多少？,旧:曝62749/读7881/进1/开0/留0,1284,68,1,0,0,106.1,Δ曝-61465/Δ读-7813/Δ进0/Δ开0/Δ留0,2026-09-24→2026-06-19,diff
6a2a647e00000000360004b5,Tesla未来销冠梦瑶,打工人全款拿下！Model 3：20.27w,旧:曝34728/读5679/进18/开16/留9,16689,2588,18,16,9,1558.76,Δ曝-18039/Δ读-3091/Δ进0/Δ开0/Δ留0,2026-09-24→2026-09-28,diff
6a1b9d680000000036032070,卖特斯拉的吴百万,毛豆3六月落地价格,旧:曝3369/读569/进0/开0/留0,1147,132,0,0,0,82.5,Δ曝-2222/Δ读-437/Δ进0/Δ开0/Δ留0,2026-09-24→2026-06-20,diff
6a28d6ea000000001702cf13,Tesla | 吴正豪,🚨Model Y补补蕞后一波！速冲  🔥,旧:曝3273/读423/进0/开0/留0,736,65,0,0,0,58.43,Δ曝-2537/Δ读-358/Δ进0/Δ开0/Δ留0,2026-09-24→2026-06-24,diff
6a2bc3510000000008000720,老表在特斯拉,2026年Model Y | 首付2w+ 月供2k开走？,旧:曝1586/读183/进0/开0/留0,623,52,0,0,0,21.92,Δ曝-963/Δ读-131/Δ进0/Δ开0/Δ留0,2026-09-24→2026-06-20,diff
6a258e910000000006031697,老表在特斯拉,🎓毕业季｜Model 3才是本命车,旧:曝1906/读352/进0/开0/留0,92,5,0,0,0,0.55,Δ曝-1814/Δ读-347/Δ进0/Δ开0/Δ留0,2026-09-24→2026-06-20,diff
6a17a09b000000000800232a,老表在特斯拉,6月买特斯拉闭眼冲🙈,旧:曝1671/读254/进1/开0/留0,594,46,1,0,0,42,Δ曝-1077/Δ读-208/Δ进0/Δ开0/Δ留0,2026-09-24→2026-06-20,diff
6a2b711d000000002202a366,宁波特斯拉 (鄞州万达店),新购 公户补贴至高8k🔥手慢无,旧:曝867/读82/进2/开0/留0,707,58,2,0,0,60.18,Δ曝-160/Δ读-24/Δ进0/Δ开0/Δ留0,2026-09-24→2026-06-20,diff
6a1e9590000000003502869a,宁波特斯拉 (鄞州万达店),赚翻了！🔥Model 3干到20w提走了！！,旧:曝2210/读235/进1/开0/留0,1128,80,1,0,0,93.15,Δ曝-1082/Δ读-155/Δ进0/Δ开0/Δ留0,2026-09-24→2026-06-20,diff
6a2bd8f00000000022021aad,励志卖十万台特斯拉的-盼盼🍞,2026全新Model Y，国补后24w+提走！,旧:曝44184/读7008/进28/开22/留9,30073,4555,28,22,9,2539.08,Δ曝-14111/Δ读-2453/Δ进0/Δ开0/Δ留0,2026-09-24→2026-09-28,diff
6a2bcc16000000003503b7fc,Haha同学在特斯拉,9月购车明细📑Model 3：19.47w起,旧:曝752100/读142422/进718/开654/留378,621308,116687,810,742,428,60738.72,Δ曝-130792/Δ读-25735/Δ进92/Δ开88/Δ留50,2026-09-24→2026-09-28,diff
6a2935fe000000001503d149,Tesla_Selina,别观望了：黑标Model Y 24.27w,旧:曝4840/读909/进0/开0/留0,209,17,0,0,0,6.44,Δ曝-4631/Δ读-892/Δ进0/Δ开0/Δ留0,2026-09-24→2026-09-26,diff
6a2bd96100000000080018d6,Tesla_Selina,更新了！特斯拉Model Y L六月落地政策！,旧:曝44435/读7948/进0/开0/留0,398,62,0,0,0,19.5,Δ曝-44037/Δ读-7886/Δ进0/Δ开0/Δ留0,2026-09-24→2026-09-25,diff
6a2938c5000000003502263c,特斯拉洋子（包全国）,起猛了：特斯拉Model 3手付是4.59w,旧:曝2483/读337/进0/开0/留0,482,39,0,0,0,18.39,Δ曝-2001/Δ读-298/Δ进0/Δ开0/Δ留0,2026-09-24→2026-07-05,diff
6a22983a0000000037037db6,特斯拉洋子（包全国）,安静看车｜Model 3真的美到心巴上,旧:曝23976/读4467/进1/开1/留0,1104,212,1,1,0,27.28,Δ曝-22872/Δ读-4255/Δ进0/Δ开0/Δ留0,2026-09-24→2026-07-06,diff
6a2e1a030000000022023c36,Model体验官一凡,赚翻了！国补后，Model 3：19.97w,旧:曝53915/读8436/进35/开33/留18,21878,3484,35,33,18,2702.91,Δ曝-32037/Δ读-4952/Δ进0/Δ开0/Δ留0,2026-09-24→2026-09-20,diff
6a2ed3bb000000002103f8cb,特斯拉认证顾问湖北黄琳,特斯拉Model Y后轮长续航落地价格,旧:曝22541/读4812/进2/开1/留0,587,39,2,1,0,58.14,Δ曝-21954/Δ读-4773/Δ进0/Δ开0/Δ留0,2026-09-24→2026-07-06,diff
6a2bb1ae0000000006030e4c,特斯拉阿生（全国置换版,毕业季信息差，Model 3：20.37w提走,旧:曝2086/读279/进0/开0/留0,655,61,0,0,0,46.28,Δ曝-1431/Δ读-218/Δ进0/Δ开0/Δ留0,2026-09-24→2026-07-05,diff
6a2910f60000000008025fd6,特斯拉体验官Leo,家用选车，30出头提六座Model Y L,旧:曝13762/读2519/进0/开0/留0,5125,821,0,0,0,88.88,Δ曝-8637/Δ读-1698/Δ进0/Δ开0/Δ留0,2026-09-24→2026-09-28,diff
6a30eb8d00000000210192ed,特斯拉体验官Leo,交付中心提车｜Model Y国补后24.27w,旧:曝36458/读7201/进11/开8/留1,10946,1917,11,8,1,910.34,Δ曝-25512/Δ读-5284/Δ进0/Δ开0/Δ留0,2026-09-24→2026-08-19,diff
6a2e7eff00000000060223ce,特斯拉MoMo,真怕你错过浮力，Model 3 20w+就提,旧:曝2235/读298/进0/开0/留0,119,3,0,0,0,1.23,Δ曝-2116/Δ读-295/Δ进0/Δ开0/Δ留0,2026-09-24→2026-06-27,diff
6a2cc11a0000000007022151,特斯拉新疆-黄小豆bean,Model Y L每月3736开走...6月有点说法,旧:曝2512/读449/进0/开0/留0,125,10,0,0,0,1.42,Δ曝-2387/Δ读-439/Δ进0/Δ开0/Δ留0,2026-09-24→2026-07-05,diff
6a2e0f10000000000802776a,特斯拉新疆-黄小豆bean,国补后Model Y：23.57w，教你拿！,旧:曝1643/读206/进0/开0/留0,115,6,0,0,0,1.88,Δ曝-1528/Δ读-200/Δ进0/Δ开0/Δ留0,2026-09-24→2026-07-03,diff
6a30eba300000000070263c7,特斯拉邮递员子枫,黑标快银Model 3｜落地20.67可提,旧:曝13741/读2719/进0/开0/留0,2495,441,0,0,0,58.09,Δ曝-11246/Δ读-2278/Δ进0/Δ开0/Δ留0,2026-09-24→2026-08-19,diff
6a29217d0000000008025567,特斯拉邮递员子枫,选Model Y的三大理由，24.27w就能拥有,旧:曝21653/读4490/进2/开1/留1,15127,3073,2,1,1,299.87,Δ曝-6526/Δ读-1417/Δ进0/Δ开0/Δ留0,2026-09-24→2026-08-19,diff
6a264f2600000000080019bf,特斯拉Yoki特努力,刚毕业女生靠自己，每月2k + ，提走Model 3,旧:曝7504/读1402/进3/开2/留2,4169,932,3,2,2,223.66,Δ曝-3335/Δ读-470/Δ进0/Δ开0/Δ留0,2026-09-24→2026-08-06,diff
6a269c290000000008000dc2,特斯拉Yoki特努力,6🈷️青岛提车，Model Y 真香迷糊了！23.97w?,旧:曝16648/读7283/进27/开22/留13,11777,1179,38,28,17,1519.43,Δ曝-4871/Δ读-6104/Δ进11/Δ开6/Δ留4,2026-09-24→2026-09-28,diff
6a2bd1fd000000000603593c,特斯拉Yoki特努力,6月：Model Y L不到32w，青岛提车！毫不费力！,旧:曝6738/读1130/进0/开0/留0,812,92,0,0,0,74.68,Δ曝-5926/Δ读-1038/Δ进0/Δ开0/Δ留0,2026-09-24→2026-08-06,diff
6a2d303d00000000080306ba,特斯拉Yoki特努力,9🈷️，在青岛，23.97w怎么提走Model Y？,旧:曝14858/读2223/进26/开23/留20,16140,2276,44,38,30,3201.76,Δ曝1282/Δ读53/Δ进18/Δ开15/Δ留10,2026-09-24→2026-09-28,diff
6a291ecf000000003502ae43,77在特斯拉卖玩具车📔,刚提！8月蕞新特斯拉Model 3费用明细,旧:曝6036/读1130/进0/开0/留0,496,74,1,1,0,66.26,Δ曝-5540/Δ读-1056/Δ进1/Δ开1/Δ留0,2026-09-24→2026-09-28,diff
6a2cbb15000000002202eaa9,77在特斯拉卖玩具车📔,特斯拉｜Model YL落地明细34w,旧:曝35859/读7212/进1/开1/留0,2866,564,1,1,0,96.32,Δ曝-32993/Δ读-6648/Δ进0/Δ开0/Δ留0,2026-09-24→2026-09-22,diff
6a2e35390000000022021b08,77在特斯拉卖玩具车📔,Model Y每月2691开走..6、7月有点说法,旧:曝3554/读526/进1/开1/留0,385,22,1,1,0,4.26,Δ曝-3169/Δ读-504/Δ进0/Δ开0/Δ留0,2026-09-24→2026-07-06,diff
6a2c01c8000000002202b7a8,杭州萧山特斯拉中心,黑标Model Y：23.17w，纠结党速进！,旧:曝141094/读19548/进129/开120/留63,84946,10548,138,129,66,7677.17,Δ曝-56148/Δ读-9000/Δ进9/Δ开9/Δ留3,2026-09-24→2026-09-28,diff
6a2d384a0000000036002d92,杭州萧山特斯拉中心,Model Y和Model Y L区别及费用一览,旧:曝281689/读44434/进72/开64/留41,14248,889,76,67,42,2554.5,Δ曝-267441/Δ读-43545/Δ进4/Δ开3/Δ留1,2026-09-24→2026-09-28,diff
6a2c1ca000000000150252a5,济南特斯拉主理人,同样是Model YL，换个颜色感觉像两台车！,旧:曝25552/读5420/进3/开3/留1,3565,702,3,3,1,115.29,Δ曝-21987/Δ读-4718/Δ进0/Δ开0/Δ留0,2026-09-24→2026-09-28,diff
6a2aadb0000000002200a0f1,特斯拉｜东东,00后男生用4.59w提走Model 3,旧:曝1545/读197/进0/开0/留0,153,12,0,0,0,7.16,Δ曝-1392/Δ读-185/Δ进0/Δ开0/Δ留0,2026-09-24→2026-07-05,diff
6a28072f000000001702f7c3,Tesla | 吴正豪,不敢信！5w存款提走Model 3 👨🏻‍💻,旧:曝3167/读314/进0/开0/留0,1234,83,0,0,0,83.24,Δ曝-1933/Δ读-231/Δ进0/Δ开0/Δ留0,2026-09-24→2026-06-24,diff
6a2e12b2000000002100a8fd,Tesla 鱼仔吖,毕业季冲Model 3的看过来！,旧:曝3458/读490/进0/开0/留0,471,36,0,0,0,9.21,Δ曝-2987/Δ读-454/Δ进0/Δ开0/Δ留0,2026-09-24→2026-07-05,diff
6a2a50f80000000007021ffc,Tesla 鱼仔吖,补补拉满，30w出头就可以提Model Y L,旧:曝2244/读239/进0/开0/留0,479,40,0,0,0,18.01,Δ曝-1765/Δ读-199/Δ进0/Δ开0/Δ留0,2026-09-24→2026-07-04,diff
6a293b5400000000210096f2,Tesla 鱼仔吖,广东提车太香了！20w+拿下Model 3！,旧:曝3900/读532/进0/开0/留0,144,12,0,0,0,5.92,Δ曝-3756/Δ读-520/Δ进0/Δ开0/Δ留0,2026-09-24→2026-07-06,diff
6a2ea557000000000803cdfe,特斯拉- CJ日记,6月还等啥？高颜值Model Y手付不到5个！,旧:曝1400/读142/进0/开0/留0,64,7,0,0,0,1.16,Δ曝-1336/Δ读-135/Δ进0/Δ开0/Δ留0,2026-09-24→2026-07-06,diff
6a2d5bd7000000000803f52f,特斯拉- CJ日记,工作一年就拿下Model Y！其实很轻松,旧:曝2100/读327/进0/开0/留0,219,18,0,0,0,3.5,Δ曝-1881/Δ读-309/Δ进0/Δ开0/Δ留0,2026-09-24→2026-07-05,diff
6a2f51ec000000001700bf0e,卖特斯拉的吴百万,谁懂啊！6月白色Model Y 24W+直接提走🚗,旧:曝2832/读341/进0/开0/留0,1481,157,0,0,0,147.53,Δ曝-1351/Δ读-184/Δ进0/Δ开0/Δ留0,2026-09-24→2026-06-20,diff
6a2cad800000000016027082,卖特斯拉的吴百万,杭州特斯拉Model 3杀疯了！20w出头直接提走,旧:曝1051/读77/进0/开0/留0,394,12,0,0,0,3.62,Δ曝-657/Δ读-65/Δ进0/Δ开0/Δ留0,2026-09-24→2026-06-20,diff
6a2a8456000000002003b02d,特斯拉金华| 露娜,6月特斯拉Model Y值得买吗？,旧:曝2065/读269/进0/开0/留0,295,26,0,0,0,10.39,Δ曝-1770/Δ读-243/Δ进0/Δ开0/Δ留0,2026-09-24→2026-09-28,diff
6a2ebc0d00000000220093cc,特斯拉一鸣,东北24.35搞定Model Y 无痛提车攻略码住！,旧:曝2657/读380/进1/开1/留0,921,93,1,1,0,70.13,Δ曝-1736/Δ读-287/Δ进0/Δ开0/Δ留0,2026-09-24→2026-07-06,diff
6a283148000000002201708b,特斯拉一鸣,👋付5w💰开走Model 3❓限时方案来啦❗️,旧:曝1143/读124/进0/开0/留0,262,17,0,0,0,22.42,Δ曝-881/Δ读-107/Δ进0/Δ开0/Δ留0,2026-09-24→2026-07-06,diff
6a2ad129000000001702ed6b,常州特斯拉-小蒋,特斯拉MY 最新落地参考🚗 全家出行无压力,旧:曝2015/读228/进0/开0/留0,738,68,0,0,0,24.11,Δ曝-1277/Δ读-160/Δ进0/Δ开0/Δ留0,2026-09-24→2026-07-06,diff
6a2bdc1300000000170087cd,特斯拉尼克,工薪家庭，买Model Y有压力吗？,旧:曝64799/读12741/进0/开0/留0,1848,362,0,0,0,86.3,Δ曝-62951/Δ读-12379/Δ进0/Δ开0/Δ留0,2026-09-24→2026-09-28,diff
6a29372c000000001c0272ae,特斯拉尼克,Model 3丝滑提车：20.67w,旧:曝2231/读334/进0/开0/留0,333,22,0,0,0,6.43,Δ曝-1898/Δ读-312/Δ进0/Δ开0/Δ留0,2026-09-24→2026-09-25,diff
6a2fcc7d0000000011005e88,温州特斯拉-Tesla小凯,家庭六座手选✨Model Y L零利息，月供3985👇,旧:曝1983/读188/进0/开0/留0,324,11,0,0,0,4.02,Δ曝-1659/Δ读-177/Δ进0/Δ开0/Δ留0,2026-09-24→2026-06-19,diff
6a28cc67000000001c024c90,济南特斯拉主理人,年轻人第1️⃣台ModelY | 24W+就能拥有,旧:曝3133/读476/进0/开0/留0,834,91,0,0,0,72.24,Δ曝-2299/Δ读-385/Δ进0/Δ开0/Δ留0,2026-09-24→2026-07-05,diff
6a2bb9e300000000080267b2,特斯拉Tesla-悠悠（全国可提）,23.87w拿下Model Y🔥,旧:曝6660/读855/进9/开8/留6,3179,304,9,8,6,490.99,Δ曝-3481/Δ读-551/Δ进0/Δ开0/Δ留0,2026-09-24→2026-09-19,diff
6a2ecc370000000007027ea8,宁波特斯拉-海曙龙湖天街店,🏵️ 提特斯拉Model3 补帖 暴击震撼来袭🙀,旧:曝3957/读629/进1/开1/留0,2029,273,1,1,0,148.93,Δ曝-1928/Δ读-356/Δ进0/Δ开0/Δ留0,2026-09-24→2026-08-09,diff
6a2e98670000000021014611,宁波特斯拉-海曙龙湖天街店,6月国补后的Model Y L，30出头拿下了 🤗,旧:曝2009/读244/进0/开0/留0,529,50,0,0,0,25.79,Δ曝-1480/Δ读-194/Δ进0/Δ开0/Δ留0,2026-09-24→2026-07-29,diff
6a2b7ffb00000000170099cc,小林的特斯拉日记,2026国补后，黑标Model Y：23.57w,旧:曝7114/读770/进7/开6/留4,5159,504,7,6,4,633.1,Δ曝-1955/Δ读-266/Δ进0/Δ开0/Δ留0,2026-09-24→2026-09-28,diff
6a2e10b0000000003503b06b,特斯拉tesla星星,🔥6月底截止！Model Y这波福利真的杀疯了,旧:曝16609/读1817/进25/开21/留13,14633,1442,25,21,13,2044.09,Δ曝-1976/Δ读-375/Δ进0/Δ开0/Δ留0,2026-09-24→2026-09-28,diff
6a2b99f0000000001c025836,小林的特斯拉日记,喜提爱车！Model 3：19.97w,旧:曝28058/读5348/进3/开1/留0,11770,2381,3,1,0,309.56,Δ曝-16288/Δ读-2967/Δ进0/Δ开0/Δ留0,2026-09-24→2026-08-07,diff
6a2d577700000000160261b5,小林的特斯拉日记,沉浸式🎀00后女生的梦中情车Model 3,旧:曝1977/读270/进0/开0/留0,478,25,0,0,0,19.52,Δ曝-1499/Δ读-245/Δ进0/Δ开0/Δ留0,2026-09-24→2026-09-28,diff
6a3234b0000000001603f043,小林的特斯拉日记,黑标Model Y：23.57w，纠结党速进！！,旧:曝180257/读28872/进33/开25/留14,42026,7152,34,25,14,3090.96,Δ曝-138231/Δ读-21720/Δ进1/Δ开0/Δ留0,2026-09-24→2026-09-28,diff
6a2bcd61000000003501e076,特斯拉tesla星星,家庭用车 | 6月Model Y L 入手什么价？,旧:曝24960/读2221/进39/开34/留25,25170,2139,41,36,27,3251.77,Δ曝210/Δ读-82/Δ进2/Δ开2/Δ留2,2026-09-24→2026-09-28,diff
6a3241c40000000015024421,Tesla｜玉子（特专业版）,太绝了，Model 3 Performance⚡,旧:曝62020/读11732/进8/开5/留5,18747,3910,8,5,5,787.34,Δ曝-43273/Δ读-7822/Δ进0/Δ开0/Δ留0,2026-09-24→2026-09-28,diff
6a312193000000001503dd55,Tesla｜玉子（特专业版）,看车半小时，4.59W提走Model Y L,旧:曝29160/读4238/进2/开0/留0,2669,334,2,0,0,294.46,Δ曝-26491/Δ读-3904/Δ进0/Δ开0/Δ留0,2026-09-24→2026-07-23,diff
6a2c0fa8000000001603ce68,Tesla｜玉子（特专业版）,6月Model Y L：每月3985开走...,旧:曝5971/读848/进0/开0/留0,900,98,0,0,0,87.34,Δ曝-5071/Δ读-750/Δ进0/Δ开0/Δ留0,2026-09-24→2026-07-01,diff
6a31350d000000002103c068,特斯拉合肥交付中心,25w预算，Model Y直接拿下！,旧:曝4260/读338/进1/开0/留0,873,59,1,0,0,65.1,Δ曝-3387/Δ读-279/Δ进0/Δ开0/Δ留0,2026-09-24→2026-06-20,diff
6a321a89000000002100a2b9,特斯拉小朱｜全国可提🚗,【黑标Model Y】| 国补后竟然24.27w！,旧:曝2659/读325/进0/开0/留0,919,86,0,0,0,114.08,Δ曝-1740/Δ读-239/Δ进0/Δ开0/Δ留0,2026-09-24→2026-08-04,diff
6a2eb1780000000020038704,特斯拉小朱｜全国可提🚗,国补后黑标Model Y直接卷到：23.57w起！,旧:曝15380/读2414/进10/开9/留4,6687,862,10,9,4,974.97,Δ曝-8693/Δ读-1552/Δ进0/Δ开0/Δ留0,2026-09-24→2026-07-20,diff
6a22a88400000000070229e9,特斯拉小朱｜全国可提🚗,黑标ModelY落地24.277w✨,旧:曝3138/读467/进2/开2/留2,691,51,2,2,2,103.21,Δ曝-2447/Δ读-416/Δ进0/Δ开0/Δ留0,2026-09-24→2026-08-01,diff
6a23bf0f000000000800228a,特斯拉小朱｜全国可提🚗,Model 3：首付4.59w开走‼️,旧:曝3208/读379/进0/开0/留0,1490,126,0,0,0,247.92,Δ曝-1718/Δ读-253/Δ进0/Δ开0/Δ留0,2026-09-24→2026-08-04,diff
6a243ae600000000080324ff,特斯拉小朱｜全国可提🚗,黑标Model Y：24.27w，别再观望了,旧:曝4232/读548/进2/开2/留0,1320,76,2,2,0,167.24,Δ曝-2912/Δ读-472/Δ进0/Δ开0/Δ留0,2026-09-24→2026-08-06,diff
6a313dcb000000002101a416,特斯拉 Tesla_无敌沙拉,特斯拉Model 3：19.97w起！简直太香了！,旧:曝417710/读54519/进428/开375/留229,390986,49494,436,383,233,30365.22,Δ曝-26724/Δ读-5025/Δ进8/Δ开8/Δ留4,2026-09-24→2026-09-28,diff
6a3364340000000007027392,特斯拉体验官Leo,Mode 3提车攻略｜落地20.67w,旧:曝11329/读1728/进3/开3/留2,5054,791,3,3,2,345.65,Δ曝-6275/Δ读-937/Δ进0/Δ开0/Δ留0,2026-09-24→2026-09-28,diff
6a31180e0000000007011c31,博文在特斯拉,✋付4.59w提Model 3？女生轻松拥有的代步车,旧:曝8360/读993/进4/开4/留3,3146,317,4,4,3,405.98,Δ曝-5214/Δ读-676/Δ进0/Δ开0/Δ留0,2026-09-24→2026-09-28,diff
6a3366950000000021023f04,特斯拉邮递员子枫,2026黑色Model Y｜落地24.27w,旧:曝187905/读38317/进2/开2/留1,36013,7365,3,3,2,1014.65,Δ曝-151892/Δ读-30952/Δ进1/Δ开1/Δ留1,2026-09-24→2026-09-28,diff
6a3107a200000000160263a1,天津特斯拉-小颖,6月真心动了！Model 3手付4.59w拿下✨,旧:曝5334/读557/进1/开1/留0,2990,293,1,1,0,384.15,Δ曝-2344/Δ读-264/Δ进0/Δ开0/Δ留0,2026-09-24→2026-09-27,diff
6a33adc00000000021017c5f,特斯拉茉茉美少女,Model Y L:月供3736，无痛提车！！,旧:曝95253/读15301/进5/开4/留2,5489,929,5,4,2,592.2,Δ曝-89764/Δ读-14372/Δ进0/Δ开0/Δ留0,2026-09-24→2026-09-28,diff
6a2bf0b3000000002100927e,特斯拉宇佳美少女,✋付4.59w提Model 3？补补大全,旧:曝11741/读2387/进4/开4/留2,6997,1466,4,4,2,404.77,Δ曝-4744/Δ读-921/Δ进0/Δ开0/Δ留0,2026-09-24→2026-07-23,diff
6a3136d4000000000f01f85b,特斯拉宇佳美少女,😭谁懂啊！手付 4.59w 我终于提了 Model 3,旧:曝3361/读373/进0/开0/留0,1457,127,0,0,0,75.92,Δ曝-1904/Δ读-246/Δ进0/Δ开0/Δ留0,2026-09-24→2026-06-19,diff
6a3140aa000000001c026e33,Tesla | 吴正豪,特斯拉这波太狠了！Model 3直接杀到19.97w,旧:曝83343/读11250/进65/开56/留23,52888,6813,65,56,23,4784.97,Δ曝-30455/Δ读-4437/Δ进0/Δ开0/Δ留0,2026-09-24→2026-09-28,diff
6a2a7fdb0000000022019af4,Tesla-晨璐（努力工作版）,国补后，20.27w拿下Model 3,旧:曝4732/读602/进4/开3/留0,2734,285,4,3,0,147.35,Δ曝-1998/Δ读-317/Δ进0/Δ开0/Δ留0,2026-09-24→2026-06-20,diff
6a2d5f7c000000003501fac3,Tesla-晨璐（努力工作版）,特斯拉Model 3｜20.75w提走，太香了！,旧:曝6901/读1164/进1/开1/留1,2133,314,1,1,1,200.73,Δ曝-4768/Δ读-850/Δ进0/Δ开0/Δ留0,2026-09-24→2026-06-20,diff
6a33af63000000000f0302c3,Haha同学在特斯拉,4.59w提走网红Model Y L，明细一览,旧:曝205512/读29490/进29/开24/留15,32914,6874,32,27,16,1758.49,Δ曝-172598/Δ读-22616/Δ进3/Δ开3/Δ留1,2026-09-24→2026-09-28,diff
6a33aaf0000000000702f2ce,哈莉（特斯拉分身）,00后女生，4.59w无痛提走Model 3！！,旧:曝640389/读98479/进70/开60/留44,140957,27742,75,65,47,5942.28,Δ曝-499432/Δ读-70737/Δ进5/Δ开5/Δ留3,2026-09-24→2026-09-28,diff
6a2ec151000000000802720a,特斯拉晶晶✨,家庭第二台车怎么选？Model Y算完账真香,旧:曝3129/读404/进0/开0/留0,456,20,0,0,0,4.62,Δ曝-2673/Δ读-384/Δ进0/Δ开0/Δ留0,2026-09-24→2026-06-22,diff
6a1ef17b00000000210083ae,特斯拉认证顾问湖北黄琳,特斯拉Model Y 6月优惠配置分析,旧:曝5535/读636/进0/开0/留0,648,37,0,0,0,17.27,Δ曝-4887/Δ读-599/Δ进0/Δ开0/Δ留0,2026-09-24→2026-06-25,diff
6a2400cd000000001702f502,宁波鄞州特斯拉中心,毕业季 45900拿下Model 3 价格20.75起,旧:曝2528/读431/进0/开0/留0,467,26,0,0,0,11.37,Δ曝-2061/Δ读-405/Δ进0/Δ开0/Δ留0,2026-09-24→2026-06-25,diff
6a2a9b1f000000001c026bff,宁波鄞州特斯拉中心,宁波特斯拉车主狂喜🔥蕞高能省2万+补贴汇总,旧:曝29470/读2966/进61/开54/留36,27628,2602,61,54,36,4079.96,Δ曝-1842/Δ读-364/Δ进0/Δ开0/Δ留0,2026-09-24→2026-08-02,diff
6a2c168a0000000021021b44,TESLA特斯拉 雅雅,TESLA 烈焰红Model Y不会只有我一个喜欢吧？,旧:曝1587/读187/进0/开0/留0,461,21,0,0,0,10.56,Δ曝-1126/Δ读-166/Δ进0/Δ开0/Δ留0,2026-09-24→2026-06-22,diff
6a2d3849000000000603033a,TESLA特斯拉 雅雅,珍珠白Model 3和🆚Model Y纠结怎么选？,旧:曝1086/读139/进0/开0/留0,399,15,0,0,0,8.84,Δ曝-687/Δ读-124/Δ进0/Δ开0/Δ留0,2026-09-24→2026-06-22,diff
6a27c275000000001603d98d,嘉兴特斯拉中心🚗,🖤90后该拥有的“黑武士”长什么样👀,旧:曝3728/读588/进0/开0/留0,758,73,0,0,0,11.72,Δ曝-2970/Δ读-515/Δ进0/Δ开0/Δ留0,2026-09-24→2026-06-25,diff
6a30dc94000000001700a1cc,嘉兴特斯拉中心🚗,毕业喜提特斯拉｜5️⃣.5️⃣9️⃣w拥有💰开上路⚡,旧:曝5007/读566/进2/开2/留1,4291,463,2,2,1,231.06,Δ曝-716/Δ读-103/Δ进0/Δ开0/Δ留0,2026-09-24→2026-09-28,diff
6a3265c2000000000803dc55,杭州特斯拉-卡戴珊,🈷️供2691，提走Model Y🚗,旧:曝4389/读429/进3/开2/留1,2765,216,3,2,1,321.26,Δ曝-1624/Δ读-213/Δ进0/Δ开0/Δ留0,2026-09-24→2026-07-22,diff
6a2eb4fa000000002101ace3,杭州特斯拉-卡戴珊,要不要选银色？好纠结🚗,旧:曝2025/读226/进0/开0/留0,948,77,0,0,0,22.52,Δ曝-1077/Δ读-149/Δ进0/Δ开0/Δ留0,2026-09-24→2026-07-23,diff
6a3556eb000000000f02bdbd,Tesla-晨璐（努力工作版）,太香了！黑标Model Y：23.57w,旧:曝49194/读6776/进24/开22/留10,19753,2043,24,22,10,1800.9,Δ曝-29441/Δ读-4733/Δ进0/Δ开0/Δ留0,2026-09-24→2026-09-28,diff
6a33ca2e0000000007012570,博文在特斯拉,🔈6月Model Y 23.97w起！补补详细教程,旧:曝10222/读1132/进25/开21/留18,7931,871,25,21,18,2305.08,Δ曝-2291/Δ读-261/Δ进0/Δ开0/Δ留0,2026-09-24→2026-09-28,diff
6a33cac0000000000f02b056,特斯拉宇佳美少女,国补后，黑标Model Y：23.57w起,旧:曝15011/读1730/进11/开9/留9,12094,1247,11,9,9,1392.95,Δ曝-2917/Δ读-483/Δ进0/Δ开0/Δ留0,2026-09-24→2026-07-22,diff
6a3528e2000000001700ad81,宁波鄞州特斯拉中心,珍珠白黑标 Model Y 夯爆了 24.35起！,旧:曝7141/读945/进5/开4/留2,4370,542,5,4,2,350.24,Δ曝-2771/Δ读-403/Δ进0/Δ开0/Δ留0,2026-09-24→2026-07-29,diff
6a35b900000000001503dea7,天津特斯拉-小颖,2026国补后🔥Model Y：23.97w起，真等不了了,旧:曝22364/读3138/进11/开10/留10,9065,969,11,10,10,1051.84,Δ曝-13299/Δ读-2169/Δ进0/Δ开0/Δ留0,2026-09-24→2026-09-28,diff
6a33fc96000000002200a891,特斯拉晶晶✨,8月国补后4.59w提走黑标Y，我真等不了了！,旧:曝25346/读2933/进13/开9/留3,13943,1396,13,9,3,1406.22,Δ曝-11403/Δ读-1537/Δ进0/Δ开0/Δ留0,2026-09-24→2026-09-28,diff
6a35444a00000000060321fc,特斯拉 Tesla_无敌沙拉,特斯拉Model Y：24.27w，别再观望了,旧:曝7041/读967/进2/开1/留0,2468,293,2,1,0,239.19,Δ曝-4573/Δ读-674/Δ进0/Δ开0/Δ留0,2026-09-24→2026-06-24,diff
6a2e89c6000000001c02483c,特斯拉Jojo超级辣,为什么说换车尽头是电车？一篇告诉你,旧:曝1622/读180/进0/开0/留0,473,28,0,0,0,1.62,Δ曝-1149/Δ读-152/Δ进0/Δ开0/Δ留0,2026-09-24→2026-06-27,diff
6a23ce6d000000000702eb8a,TESLA特斯拉 雅雅,快银Model 3提车落地，9️⃣🈷️最🆕政策来袭！,旧:曝10018/读2029/进3/开2/留1,3306,381,3,2,1,337.37,Δ曝-6712/Δ读-1648/Δ进0/Δ开0/Δ留0,2026-09-24→2026-06-23,diff
6a255207000000002101bf40,TESLA特斯拉 雅雅,Model Y🆚Model YL到底该怎么选？,旧:曝2728/读501/进0/开0/留0,431,30,0,0,0,8.09,Δ曝-2297/Δ读-471/Δ进0/Δ开0/Δ留0,2026-09-24→2026-06-22,diff
6a1af3f70000000007011ab6,杭州特斯拉-卡戴珊,Model Y 六月政策🚗,旧:曝4685/读481/进6/开5/留3,2941,235,6,5,3,489.33,Δ曝-1744/Δ读-246/Δ进0/Δ开0/Δ留0,2026-09-24→2026-06-27,diff
6a2030c0000000002200b31f,杭州特斯拉-卡戴珊,Model Y L 落地🚗,旧:曝4520/读719/进2/开2/留1,2429,343,2,2,1,257.44,Δ曝-2091/Δ读-376/Δ进0/Δ开0/Δ留0,2026-09-24→2026-06-25,diff
6a33c6010000000008000152,TESLA特斯拉 雅雅,六月Model 3广东购车攻略｜🈷️供2193拿下！,旧:曝1404/读145/进0/开0/留0,522,29,0,0,0,19.59,Δ曝-882/Δ读-116/Δ进0/Δ开0/Δ留0,2026-09-24→2026-06-22,diff
6a33b4eb00000000210232bd,励志卖十万台特斯拉的-盼盼🍞,6月Model Y L：手付4.59w，轻松开走！,旧:曝7421/读1026/进9/开7/留7,5398,722,9,7,7,749.63,Δ曝-2023/Δ读-304/Δ进0/Δ开0/Δ留0,2026-09-24→2026-09-28,diff
6a33b57e0000000021015865,励志卖十万台特斯拉的-盼盼🍞,入手Model 3，来算算一年花了多少？,旧:曝40566/读7895/进8/开3/留2,6501,781,8,3,2,402.62,Δ曝-34065/Δ读-7114/Δ进0/Δ开0/Δ留0,2026-09-24→2026-09-28,diff
6a323cfe000000000803d5d9,特斯拉一鸣,❗️❗️辽宁2026国补后Model Y 23.17W起,旧:曝9180/读1732/进1/开1/留0,1055,82,1,1,0,70.03,Δ曝-8125/Δ读-1650/Δ进0/Δ开0/Δ留0,2026-09-24→2026-06-25,diff
6a1d4a2c00000000360189aa,嘉兴特斯拉中心🚗,六月的Model3还不心动？！2O.67w拥有开走💗,旧:曝11079/读2072/进16/开14/留9,10534,1881,19,17,11,1008.28,Δ曝-545/Δ读-191/Δ进3/Δ开3/Δ留2,2026-09-24→2026-09-28,diff
6a33ea01000000001c024990,嘉兴特斯拉中心🚗,二胎家庭bi眼入！月共3️⃣7️⃣3️⃣6️⃣我拥有它,旧:曝2302/读248/进0/开0/留0,467,21,0,0,0,10.49,Δ曝-1835/Δ读-227/Δ进0/Δ开0/Δ留0,2026-09-24→2026-07-22,diff
6a375d12000000001003c7a0,特斯拉tesla星星,这个价还不冲？24w+开走Model Y,旧:曝20952/读2383/进32/开26/留17,20363,2233,39,33,21,3996.21,Δ曝-589/Δ读-150/Δ进7/Δ开7/Δ留4,2026-09-24→2026-09-28,diff
6a325f86000000000f02b84a,特斯拉tesla星星,6月买Model YL别乱花钱！攻略收好📷,旧:曝3162/读449/进0/开0/留0,815,60,0,0,0,57.74,Δ曝-2347/Δ读-389/Δ进0/Δ开0/Δ留0,2026-09-24→2026-07-22,diff
6a33cbfa000000001700ab6b,Tesla | 吴正豪,🔈入手Model Y，现在就是最好的时机！,旧:曝4901/读628/进0/开0/留0,558,25,0,0,0,11.75,Δ曝-4343/Δ读-603/Δ进0/Δ开0/Δ留0,2026-09-24→2026-06-23,diff
6a38e2b90000000006036d13,特斯拉邮递员子枫,手付4.59w｜落地20.67w，轻松提Model 3,旧:曝40083/读5876/进5/开5/留5,4262,529,5,5,5,890.2,Δ曝-35821/Δ读-5347/Δ进0/Δ开0/Δ留0,2026-09-24→2026-09-28,diff
6a38dd7c000000000603014b,特斯拉体验官Leo,政策确定，Model Y L：手付4.59w开走,旧:曝13453/读1998/进2/开1/留1,2317,321,2,1,1,93.89,Δ曝-11136/Δ读-1677/Δ进0/Δ开0/Δ留0,2026-09-24→2026-09-28,diff
6a39f70d00000000200391dc,特斯拉Yoki特努力,有主见的女生，请冲Model 3！！,旧:曝792700/读131877/进3/开2/留2,39805,9872,7,4,3,849.11,Δ曝-752895/Δ读-122005/Δ进4/Δ开2/Δ留1,2026-09-24→2026-09-28,diff
6a36870a0000000015027505,特斯拉Jojo超级辣,别再等了！6月Model Y手付不到5个真能拿下,旧:曝2864/读262/进2/开2/留0,1310,85,2,2,0,94.78,Δ曝-1554/Δ读-177/Δ进0/Δ开0/Δ留0,2026-09-24→2026-06-25,diff
6a3b712e000000001003eb4a,杭州萧山特斯拉中心,国补后，黑标Model Y：22.57w起,旧:曝276360/读38962/进182/开163/留81,107336,12874,189,168,84,11161.93,Δ曝-169024/Δ读-26088/Δ进7/Δ开5/Δ留3,2026-09-24→2026-09-28,diff
6a3a82d300000000150262fe,嘉兴特斯拉中心🚗,月新6️⃣k也能拿下Model3，月共算给你看,旧:曝62203/读11267/进31/开26/留17,52968,9798,38,33,22,4122.75,Δ曝-9235/Δ读-1469/Δ进7/Δ开7/Δ留5,2026-09-24→2026-09-28,diff
6a2bcc29000000002202473b,Haha同学在特斯拉,2026国补后，Model Y全新黑标：23.67w,旧:曝19462/读2993/进20/开19/留13,13237,1939,20,19,13,1387.26,Δ曝-6225/Δ读-1054/Δ进0/Δ开0/Δ留0,2026-09-24→2026-09-28,diff
6a3b8361000000002100b3e7,特斯拉邮递员子枫,6月国补后｜黑色Model Y落地24.27w,旧:曝61612/读10461/进1/开1/留0,12221,2250,1,1,0,529.48,Δ曝-49391/Δ读-8211/Δ进0/Δ开0/Δ留0,2026-09-24→2026-08-12,diff
6a3b80130000000006020680,特斯拉体验官Leo,6月大惊喜｜手付4.59w提Model 3,旧:曝5095/读603/进0/开0/留0,1651,147,0,0,0,96.28,Δ曝-3444/Δ读-456/Δ进0/Δ开0/Δ留0,2026-09-24→2026-09-24,diff
6a2eaf2c0000000006020137,TESLA特斯拉-千赫（全国可提),坐标四川 26W开走梦中情车Model Y🔥,旧:曝5342/读908/进9/开8/留5,3368,363,9,8,5,726.08,Δ曝-1974/Δ读-545/Δ进0/Δ开0/Δ留0,2026-09-24→2026-09-28,diff
6a317bd8000000002200ad4e,TESLA特斯拉-千赫（全国可提),烈焰红Model 3 现在21W美美开走💥,旧:曝14636/读3271/进16/开15/留11,8674,1781,17,15,11,1099.37,Δ曝-5962/Δ读-1490/Δ进1/Δ开0/Δ留0,2026-09-24→2026-09-28,diff
6a351f43000000001003efc7,Hi 特斯拉的小鹿,0个人可以拒绝这个大屁屁｜Model Y,旧:曝7593/读1216/进0/开0/留0,496,40,0,0,0,22.74,Δ曝-7097/Δ读-1176/Δ进0/Δ开0/Δ留0,2026-09-24→2026-06-27,diff
6a3b9918000000000f0061e0,Hi 特斯拉的小鹿,国补后提Model 3，只要20.67w,旧:曝17078/读2415/进1/开1/留0,2579,281,1,1,0,273.76,Δ曝-14499/Δ读-2134/Δ进0/Δ开0/Δ留0,2026-09-24→2026-06-27,diff
6a3baa2e000000000f030dcb,Hi 特斯拉的小鹿,Model Y L目前30出头就能提，速度来！,旧:曝3284/读374/进1/开1/留0,588,34,1,1,0,21.72,Δ曝-2696/Δ读-340/Δ进0/Δ开0/Δ留0,2026-09-24→2026-06-27,diff
6a47315a0000000006020363,Tesla 鱼仔吖,7月无痛提车，黑标Model Y落地价23.47w,旧:曝176679/读71644/进241/开107/留38,57082,1809,245,108,39,6093.83,Δ曝-119597/Δ读-69835/Δ进4/Δ开1/Δ留1,2026-09-24→2026-09-28,diff
6a3cd49c000000001702c7b3,常州特斯拉-小蒋,Model Y 开学季 新活动❗️,旧:曝126878/读25115/进74/开60/留39,51794,6068,74,60,39,5462.81,Δ曝-75084/Δ读-19047/Δ进0/Δ开0/Δ留0,2026-09-24→2026-09-28,diff
6a3a1e2f000000001503de37,常州特斯拉-小蒋,谁懂啊❗️00后真能4.59w提走Model 3❗️,旧:曝4807/读372/进4/开4/留2,2641,196,4,4,2,231.29,Δ曝-2166/Δ读-176/Δ进0/Δ开0/Δ留0,2026-09-24→2026-08-12,diff
6a3cc1420000000011004cb0,Tesla未来销冠梦瑶,📣2026国补后，黑标Model Y：23.67w,旧:曝20555/读2962/进22/开19/留5,13148,1757,22,19,5,1490.79,Δ曝-7407/Δ读-1205/Δ进0/Δ开0/Δ留0,2026-09-24→2026-09-28,diff
6a3b30f6000000002103f657,博文在特斯拉,00后男生，4.59w无痛提走Model 3！！,旧:曝16091/读1996/进12/开10/留6,12036,1446,13,11,6,1086.01,Δ曝-4055/Δ读-550/Δ进1/Δ开1/Δ留0,2026-09-24→2026-09-28,diff
6a3c8ccd00000000210217f6,Tesla特斯拉海岛日记,五年O息！Model 3 无压力上车攻略,旧:曝5833/读745/进2/开2/留1,2992,332,2,2,1,277.12,Δ曝-2841/Δ读-413/Δ进0/Δ开0/Δ留0,2026-09-24→2026-08-24,diff
6a3e27dd000000000f004703,Haha同学在特斯拉,9月又猛又兴奋！Model 3：20.02w,旧:曝806689/读112500/进9/开9/留3,12496,2348,9,9,3,502.02,Δ曝-794193/Δ读-110152/Δ进0/Δ开0/Δ留0,2026-09-24→2026-07-06,diff
6a3e1e180000000006037371,哈莉（特斯拉分身）,2026全新黑标Model Y：22.57w,旧:曝428642/读75343/进153/开142/留74,170622,33008,166,155,81,10534.71,Δ曝-258020/Δ读-42335/Δ进13/Δ开13/Δ留7,2026-09-24→2026-09-28,diff
6a2d6c2e000000002201a551,温州特斯拉中心｜千千,25万预算电车手选｜Model Y落地仅24.27w,旧:曝2105/读287/进0/开0/留0,820,74,0,0,0,44.86,Δ曝-1285/Δ读-213/Δ进0/Δ开0/Δ留0,2026-09-24→2026-08-06,diff
6a3405ad000000000f031154,温州特斯拉中心｜千千,终于提车了，23w+特斯拉Model Y！,旧:曝6203/读776/进3/开2/留1,3605,414,3,2,1,267.78,Δ曝-2598/Δ读-362/Δ进0/Δ开0/Δ留0,2026-09-24→2026-07-23,diff
6a3e23080000000022015cca,特斯拉茉茉美少女,Model 3：手付5.59w，日供73开走,旧:曝8441/读1086/进2/开1/留0,1514,169,2,1,0,133.07,Δ曝-6927/Δ读-917/Δ进0/Δ开0/Δ留0,2026-09-24→2026-07-23,diff
6a3a7e31000000002201642c,常州特斯拉-欣子,终究是20个w提了特斯拉❗️,旧:曝4893/读548/进2/开2/留1,1671,130,2,2,1,197.43,Δ曝-3222/Δ读-418/Δ进0/Δ开0/Δ留0,2026-09-24→2026-07-06,diff
6a3de5a2000000002003b8e4,特斯拉邮递员子枫,30w出头的Model Y L｜该选什么颜色❓,旧:曝35811/读8472/进0/开0/留0,2120,392,0,0,0,23.79,Δ曝-33691/Δ读-8080/Δ进0/Δ开0/Δ留0,2026-09-24→2026-08-19,diff
6a3dec190000000008003d23,特斯拉Yoki特努力,太夯了！！销冠Model Y：23.67w,旧:曝50447/读7741/进0/开0/留0,2389,334,0,0,0,85.87,Δ曝-48058/Δ读-7407/Δ进0/Δ开0/Δ留0,2026-09-24→2026-08-06,diff
6a3de3830000000007013845,特斯拉体验官Leo,2026国补后，Model Y低至23.97w起,旧:曝64185/读10675/进49/开34/留15,40316,6109,49,34,15,3893.57,Δ曝-23869/Δ读-4566/Δ进0/Δ开0/Δ留0,2026-09-24→2026-09-28,diff
6a3d0799000000000f0070c3,特斯拉尼克,7月马上到，准备好提Model 3了吗,旧:曝3355/读460/进0/开0/留0,772,77,0,0,0,27.84,Δ曝-2583/Δ读-383/Δ进0/Δ开0/Δ留0,2026-09-24→2026-09-25,diff
6a3d06e00000000011017481,特斯拉尼克,预算十万：选Model 3还是Model Y,旧:曝4054/读594/进1/开1/留0,1439,250,1,1,0,35.46,Δ曝-2615/Δ读-344/Δ进0/Δ开0/Δ留0,2026-09-24→2026-09-28,diff
6a34dd2e0000000006022c47,特斯拉百科全苏丨全国可订🚗,心动电车✨特斯拉Model Y&Model YL太香了～,旧:曝2888/读383/进2/开2/留1,1053,99,2,2,1,252.27,Δ曝-1835/Δ读-284/Δ进0/Δ开0/Δ留0,2026-09-24→2026-09-28,diff
6a3b7c940000000006023bce,特斯拉百科全苏丨全国可订🚗,⚡特斯拉Model 3 王炸政策！月供2193 拿下🔥,旧:曝4333/读474/进2/开2/留2,2853,256,2,2,2,491.64,Δ曝-1480/Δ读-218/Δ进0/Δ开0/Δ留0,2026-09-24→2026-07-12,diff
6a3f36120000000008002156,哈莉（特斯拉分身）,购车攻略📑Model 3：20.07w提走,旧:曝5852/读748/进0/开0/留0,928,80,0,0,0,55.02,Δ曝-4924/Δ读-668/Δ进0/Δ开0/Δ留0,2026-09-24→2026-07-23,diff
6a3f34ef000000001102fab4,Haha同学在特斯拉,“2026国补”后，Model Y落地明细📃,旧:曝90851/读13782/进4/开4/留3,4052,621,4,4,3,178.12,Δ曝-86799/Δ读-13161/Δ进0/Δ开0/Δ留0,2026-09-24→2026-09-28,diff
6a3cffee0000000011015a9b,Tesla_Selina,特斯拉六座Model Y L，新婚建议冲吗？,旧:曝2502/读183/进0/开0/留0,384,15,0,0,0,3.78,Δ曝-2118/Δ读-168/Δ进0/Δ开0/Δ留0,2026-09-24→2026-09-25,diff
6a41c52a000000002200928d,特斯拉阿生（全国置换版,刚毕业20w预算，还得是Model 3,旧:曝5496/读796/进0/开0/留0,1453,188,0,0,0,50.46,Δ曝-4043/Δ读-608/Δ进0/Δ开0/Δ留0,2026-09-24→2026-07-06,diff
6a41c4cf000000002101b3e7,特斯拉阿生（全国置换版,2026国补后，Model 3补补明细,旧:曝32333/读5069/进20/开17/留8,17961,2351,20,17,8,1434.51,Δ曝-14372/Δ读-2718/Δ进0/Δ开0/Δ留0,2026-09-24→2026-08-26,diff
6a3f341d0000000007025a2b,特斯拉茉茉美少女,上班暂停🎀手付4.59w提走Model Y,旧:曝5108/读607/进0/开0/留0,469,26,0,0,0,9.04,Δ曝-4639/Δ读-581/Δ进0/Δ开0/Δ留0,2026-09-24→2026-07-20,diff
6a35edbe0000000022016dca,Tesla特斯拉海岛日记,6月兴奋了，Model Y落地可达24.27w,旧:曝55077/读8566/进15/开11/留9,24088,3082,19,11,10,1879.86,Δ曝-30989/Δ读-5484/Δ进4/Δ开0/Δ留1,2026-09-24→2026-09-28,diff
6a3cf168000000002100876e,特斯拉洋子（包全国）,一周卖10多辆，23w+的Model Y也太帅了,旧:曝50246/读8946/进8/开7/留3,10961,2162,8,7,3,622.81,Δ曝-39285/Δ读-6784/Δ进0/Δ开0/Δ留0,2026-09-24→2026-09-28,diff
6a3cf3980000000021008f59,特斯拉洋子（包全国）,还有机会：Model 3手付4.59w,旧:曝4410/读584/进0/开0/留0,1133,86,0,0,0,50.06,Δ曝-3277/Δ读-498/Δ进0/Δ开0/Δ留0,2026-09-24→2026-07-23,diff
6a3cf5040000000007020e06,特斯拉洋子（包全国）,23.87w怎么提走Model Y？补补拿好！,旧:曝19353/读2892/进9/开3/留4,4659,615,9,3,4,503.36,Δ曝-14694/Δ读-2277/Δ进0/Δ开0/Δ留0,2026-09-24→2026-08-27,diff
6a413c2f000000000f0155e1,Model体验官一凡,2026黑标Model Y ：23.67w，香惨了,旧:曝168691/读23595/进113/开103/留56,78328,10387,113,103,56,6672.26,Δ曝-90363/Δ读-13208/Δ进0/Δ开0/Δ留0,2026-09-24→2026-09-28,diff
6a3fa975000000000f006c51,Model体验官一凡,Model 3：手付5.59w月供2.1k开走,旧:曝6462/读930/进1/开1/留0,854,78,1,1,0,37.99,Δ曝-5608/Δ读-852/Δ进0/Δ开0/Δ留0,2026-09-24→2026-08-18,diff
6a37e34d000000000f0174cd,Model体验官一凡,02年男生开特斯拉Model Y一年要花多少？,旧:曝76755/读13906/进15/开12/留10,3982,225,16,13,10,720.58,Δ曝-72773/Δ读-13681/Δ进1/Δ开1/Δ留0,2026-09-24→2026-09-28,diff
6a37ac96000000002201a4bd,Model体验官一凡,00后男生，20.67w提走Model 3,旧:曝261895/读41859/进13/开10/留8,26941,4713,13,10,8,1225.96,Δ曝-234954/Δ读-37146/Δ进0/Δ开0/Δ留0,2026-09-24→2026-09-28,diff
6a41216a000000000f032ec1,温州特斯拉中心｜千千,黑标Model Y｜23.57w真香！纠结党直接抄作业✨,旧:曝2447/读240/进1/开1/留1,463,32,1,1,1,18.11,Δ曝-1984/Δ读-208/Δ进0/Δ开0/Δ留0,2026-09-24→2026-07-23,diff
6a40ecee0000000007023c35,特斯拉MoMo,我的梦中情车：Model 3 手付4.59w,旧:曝2570/读191/进0/开0/留0,455,12,0,0,0,8.41,Δ曝-2115/Δ读-179/Δ进0/Δ开0/Δ留0,2026-09-24→2026-07-22,diff
6a34eabd0000000008032afc,特斯拉阿生（全国置换版,2026国补太爽了，20w+提Model 3,旧:曝7779/读1254/进0/开0/留0,1316,132,0,0,0,74.39,Δ曝-6463/Δ读-1122/Δ进0/Δ开0/Δ留0,2026-09-24→2026-07-22,diff
6a3a857a000000000702268e,常州特斯拉-欣子,20w级高颜值电车，Model 3太懂女生了❗️,旧:曝2290/读191/进4/开4/留3,870,59,4,4,3,224.11,Δ曝-1420/Δ读-132/Δ进0/Δ开0/Δ留0,2026-09-24→2026-07-29,diff
6a422c20000000000702d7d6,常州特斯拉-欣子,00后女生，4.59w无痛提走Model 3！！,旧:曝4705/读458/进4/开2/留1,3247,290,4,2,1,299.14,Δ曝-1458/Δ读-168/Δ进0/Δ开0/Δ留0,2026-09-24→2026-07-09,diff
6a422c50000000002100a007,常州特斯拉-欣子,特斯拉7月最新政策！23.97w提走Model Y,旧:曝8211/读840/进7/开6/留3,6874,640,7,6,3,885.94,Δ曝-1337/Δ读-200/Δ进0/Δ开0/Δ留0,2026-09-24→2026-07-13,diff
6a37ab290000000017029143,特斯拉 力川,8w级拿下！奶白SUV才是颜值天花板✨,旧:曝1705/读187/进0/开0/留0,424,27,0,0,0,0.89,Δ曝-1281/Δ读-160/Δ进0/Δ开0/Δ留0,2026-09-24→2026-07-23,diff
6a3df470000000001503cbf2,特斯拉 力川,月薪8K就能拿下Model 3！保姆级购车指南,旧:曝1850/读195/进0/开0/留0,398,18,0,0,0,2.11,Δ曝-1452/Δ读-177/Δ进0/Δ开0/Δ留0,2026-09-24→2026-07-17,diff
6a3df05d0000000011015317,Tesla未来销冠梦瑶,Model Y L：🈷️供3736，家用代步无压力！,旧:曝22666/读2990/进20/开18/留7,18688,2330,20,18,7,1829.42,Δ曝-3978/Δ读-660/Δ进0/Δ开0/Δ留0,2026-09-24→2026-09-28,diff
6a32411b0000000021008fd9,特斯拉MoMo,来不及了：Model 3真劝你别等了,旧:曝4690/读710/进0/开0/留0,374,10,0,0,0,2.04,Δ曝-4316/Δ读-700/Δ进0/Δ开0/Δ留0,2026-09-24→2026-07-23,diff
6a3b6de00000000020039899,特斯拉MoMo,4.59w开走高颜值纯电SUV,旧:曝3201/读409/进0/开0/留0,346,10,0,0,0,0.58,Δ曝-2855/Δ读-399/Δ进0/Δ开0/Δ留0,2026-09-24→2026-07-22,diff
6a3fa9e7000000000603222a,特斯拉Yoki特努力,三排六座Model Y L，家庭用车请放心冲！！,旧:曝20980/读3435/进0/开0/留0,1019,111,0,0,0,9.13,Δ曝-19961/Δ读-3324/Δ进0/Δ开0/Δ留0,2026-09-24→2026-07-23,diff
6a3bb3fb000000001603dc3b,宁波鄞州特斯拉中心,倒计时6天！特斯拉6月政ce窗口期全攻略,旧:曝1472/读125/进0/开0/留0,419,15,0,0,0,21.81,Δ曝-1053/Δ读-110/Δ进0/Δ开0/Δ留0,2026-09-24→2026-07-21,diff
6a3d1bd3000000001503e287,宁波鄞州特斯拉中心,毕业生专属福利🎓，2200无痛提走黑标Model3！,旧:曝2622/读404/进1/开1/留0,468,24,1,1,0,14.42,Δ曝-2154/Δ读-380/Δ进0/Δ开0/Δ留0,2026-09-24→2026-07-23,diff
6a339b730000000021021a93,特斯拉小朱｜全国可提🚗,特斯拉Model 3直接杀疯🔥19.97w落地谁懂啊,旧:曝49555/读8184/进2/开1/留0,1786,174,2,1,0,75.01,Δ曝-47769/Δ读-8010/Δ进0/Δ开0/Δ留0,2026-09-24→2026-09-28,diff
6a3541b90000000006037601,特斯拉小朱｜全国可提🚗,特斯拉ModelyL：30.91w起！真是杀疯啦！,旧:曝14289/读2544/进0/开0/留0,1082,103,0,0,0,47.16,Δ曝-13207/Δ读-2441/Δ进0/Δ开0/Δ留0,2026-09-24→2026-07-23,diff
6a3681d900000000060334c7,特斯拉小朱｜全国可提🚗,黑标Model Y：23.97w，纠结党速进！！,旧:曝8161/读1259/进0/开0/留0,441,19,0,0,0,12.68,Δ曝-7720/Δ读-1240/Δ进0/Δ开0/Δ留0,2026-09-24→2026-07-21,diff
6a3c18a1000000000702dfde,特斯拉小朱｜全国可提🚗,6月大惊喜 | 手付4.59w提Model 3,旧:曝2397/读263/进0/开0/留0,431,15,0,0,0,3.31,Δ曝-1966/Δ读-248/Δ进0/Δ开0/Δ留0,2026-09-24→2026-07-19,diff
6a3d0cbf0000000007027523,特斯拉小朱｜全国可提🚗,Model 3落地20.67w|六月最后一周,旧:曝3204/读359/进0/开0/留0,574,39,0,0,0,18.76,Δ曝-2630/Δ读-320/Δ进0/Δ开0/Δ留0,2026-09-24→2026-07-22,diff
6a3f567300000000060212fd,特斯拉小朱｜全国可提🚗,手把手教你 23.67w拿下Model Y,旧:曝2393/读254/进0/开0/留0,494,33,0,0,0,7.31,Δ曝-1899/Δ读-221/Δ进0/Δ开0/Δ留0,2026-09-24→2026-07-20,diff
6a41029b000000002101847d,特斯拉小朱｜全国可提🚗,2026国补后，冰河蓝Model Y：23.97W起,旧:曝7899/读1770/进0/开0/留0,3812,999,0,0,0,83.46,Δ曝-4087/Δ读-771/Δ进0/Δ开0/Δ留0,2026-09-24→2026-08-06,diff
6a428e590000000007028fd8,特斯拉小朱｜全国可提🚗,【黑标Model Y】| 国补后竟然24.27w！,旧:曝2368/读248/进0/开0/留0,530,29,0,0,0,22.15,Δ曝-1838/Δ读-219/Δ进0/Δ开0/Δ留0,2026-09-24→2026-08-02,diff
6a4121650000000007011b91,特斯拉晶晶✨,🎀00后女生存5w提Model 3成功上岸！,旧:曝25544/读4383/进3/开3/留1,10518,1954,3,3,1,312.37,Δ曝-15026/Δ读-2429/Δ进0/Δ开0/Δ留0,2026-09-24→2026-08-06,diff
6a33a5be000000001702dc6f,特斯拉洋子（包全国）,大分享！Model Y 落地费用最新一览,旧:曝2750/读341/进0/开0/留0,363,22,0,0,0,4.15,Δ曝-2387/Δ读-319/Δ进0/Δ开0/Δ留0,2026-09-24→2026-07-23,diff
6a33a48e000000001c024645,特斯拉洋子（包全国）,是谁提了辆Model Y L送老爸?是我！,旧:曝2879/读400/进0/开0/留0,390,21,0,0,0,3.25,Δ曝-2489/Δ读-379/Δ进0/Δ开0/Δ留0,2026-09-24→2026-07-23,diff
6a43310b000000001702b2d4,天津特斯拉-小颖,7月真兴奋了！特斯拉Model 3: 20.67w起,旧:曝15310/读1846/进22/开21/留13,12275,1432,22,21,13,1257.9,Δ曝-3035/Δ读-414/Δ进0/Δ开0/Δ留0,2026-09-24→2026-09-28,diff
6a3cd1b6000000000f02b7cb,77在特斯拉卖玩具车📔,8月购车明细📑Model YL：31.9w起,旧:曝15906/读3106/进0/开0/留0,2966,539,0,0,0,151.84,Δ曝-12940/Δ读-2567/Δ进0/Δ开0/Δ留0,2026-09-24→2026-09-10,diff
6a3cd09e000000000f014236,77在特斯拉卖玩具车📔,7月购车明细📑Model Y：24.35w起,旧:曝7432/读1225/进0/开0/留0,809,58,0,0,0,46.36,Δ曝-6623/Δ读-1167/Δ进0/Δ开0/Δ留0,2026-09-24→2026-07-23,diff
6a3b6a5b000000000f01ce6e,77在特斯拉卖玩具车📔,8月购车明细📑Model 3：20.75w起,旧:曝12553/读2036/进2/开2/留1,3415,440,2,2,1,281.24,Δ曝-9138/Δ读-1596/Δ进0/Δ开0/Δ留0,2026-09-24→2026-09-10,diff
6a34fb9b000000000f02b2f7,77在特斯拉卖玩具车📔,试完Model Y，我原谅了所有早晚高峰…,旧:曝1725/读190/进0/开0/留0,772,119,0,0,0,10.43,Δ曝-953/Δ读-71/Δ进0/Δ开0/Δ留0,2026-09-24→2026-07-23,diff
6a3bca95000000001702a664,天津特斯拉-小颖,7月黑标Model Y：23.57w开走🔥纠结党速进！,旧:曝43401/读6233/进44/开38/留24,29569,3730,44,38,24,2920.5,Δ曝-13832/Δ读-2503/Δ进0/Δ开0/Δ留0,2026-09-24→2026-09-28,diff
6a32655e0000000021017596,特斯拉Yoki特努力,更新了！特斯拉Model Y L六月落地政策！,旧:曝3321/读665/进0/开0/留0,544,16,0,0,0,13.78,Δ曝-2777/Δ读-649/Δ进0/Δ开0/Δ留0,2026-09-24→2026-07-22,diff
6a33bcaf000000002101739c,特斯拉Yoki特努力,大惊喜！6🈷️，星钻黑Model 3，19.97w起,旧:曝4177/读512/进0/开0/留0,462,16,0,0,0,1.8,Δ曝-3715/Δ读-496/Δ进0/Δ开0/Δ留0,2026-09-24→2026-07-23,diff
6a3f3f8c0000000020038eb4,特斯拉Yoki特努力,还没看过Model Y 的尾灯？那真的太遗憾了！！！,旧:曝11110/读2268/进0/开0/留0,462,22,0,0,0,7.59,Δ曝-10648/Δ读-2246/Δ进0/Δ开0/Δ留0,2026-09-24→2026-07-22,diff
6a4249e400000000080020ac,特斯拉Yoki特努力,7🈷️，4.59w提走网红Model Y L，明细一览,旧:曝15774/读2570/进0/开0/留0,620,41,0,0,0,20.06,Δ曝-15154/Δ读-2529/Δ进0/Δ开0/Δ留0,2026-09-24→2026-07-23,diff
6a377d7200000000210159cc,特斯拉茉茉美少女,00后女生，开特斯拉Model 3一年花费明细,旧:曝97455/读13071/进5/开3/留2,3219,289,5,3,2,304.87,Δ曝-94236/Δ读-12782/Δ进0/Δ开0/Δ留0,2026-09-24→2026-07-23,diff
6a36358400000000220176e9,特斯拉茉茉美少女,黑标Model Y：23.97w，纠结党速进！！,旧:曝13155/读1867/进0/开0/留0,851,59,0,0,0,20.1,Δ曝-12304/Δ读-1808/Δ进0/Δ开0/Δ留0,2026-09-24→2026-08-18,diff
6a3766d70000000008000194,特斯拉 开开,4.59w提走“网红车”Model Y L，明细一览🧮,旧:曝3069/读354/进1/开1/留0,679,45,1,1,0,19.42,Δ曝-2390/Δ读-309/Δ进0/Δ开0/Δ留0,2026-09-24→2026-09-28,diff
6a3e371b000000002201a3c1,特斯拉宇佳美少女,太夯了，手付4.59w起拿下Model Y,旧:曝2933/读322/进0/开0/留0,947,83,0,0,0,59.19,Δ曝-1986/Δ读-239/Δ进0/Δ开0/Δ留0,2026-09-24→2026-07-28,diff
6a3b29b1000000000f03141e,特斯拉宇佳美少女,00后女生，4.59w无痛提走Model 3,旧:曝5293/读867/进0/开0/留0,3062,520,0,0,0,140.49,Δ曝-2231/Δ读-347/Δ进0/Δ开0/Δ留0,2026-09-24→2026-07-29,diff
6a4109340000000008003423,特斯拉 开开,太夯了！！销冠Model Y新购能拿10000💰,旧:曝2933/读385/进1/开1/留0,1767,212,1,1,0,275.42,Δ曝-1166/Δ读-173/Δ进0/Δ开0/Δ留0,2026-09-24→2026-08-05,diff
6a3a79ef0000000006037a50,特斯拉 开开,23.85w提走Model Y？🚘「提车攻略」一笔算清楚,旧:曝2624/读309/进0/开0/留0,471,13,0,0,0,7.57,Δ曝-2153/Δ读-296/Δ进0/Δ开0/Δ留0,2026-09-24→2026-09-28,diff
6a3172910000000007025458,特斯拉 开开,Model Y开3年5wkm | 油电车🆚真实成本对比,旧:曝5405/读1058/进0/开0/留0,593,61,0,0,0,9.16,Δ曝-4812/Δ读-997/Δ进0/Δ开0/Δ留0,2026-09-24→2026-09-22,diff
6a3f2d3b0000000007022b42,博文在特斯拉,✋️把✋️教你 23.67w拿下Model Y,旧:曝155371/读28017/进189/开171/留108,144302,25149,192,174,108,17115.49,Δ曝-11069/Δ读-2868/Δ进3/Δ开3/Δ留0,2026-09-24→2026-09-28,diff
6a37f21d00000000060204f8,特斯拉新疆-黄小豆bean,Model Y L月供：3736，我忍不了了！！,旧:曝22732/读3579/进3/开2/留0,717,43,3,2,0,26.03,Δ曝-22015/Δ读-3536/Δ进0/Δ开0/Δ留0,2026-09-24→2026-07-23,diff
6a3d46280000000006020049,特斯拉新疆-黄小豆bean,6月黑标Model Y 24w+，别观望了,旧:曝6519/读923/进0/开0/留0,387,16,0,0,0,4.65,Δ曝-6132/Δ读-907/Δ进0/Δ开0/Δ留0,2026-09-24→2026-07-22,diff
6a4230ee00000000080254c2,特斯拉金华| 露娜,毕业生砖属补补！月2193拿下特斯拉,旧:曝4457/读825/进0/开0/留0,647,25,0,0,0,15.13,Δ曝-3810/Δ读-800/Δ进0/Δ开0/Δ留0,2026-09-24→2026-09-28,diff
6a3feecb000000002102392c,特斯拉金华| 露娜,价格曼妙：Model 3 20w+谁要,旧:曝3096/读295/进1/开1/留1,769,43,1,1,1,67.83,Δ曝-2327/Δ读-252/Δ进0/Δ开0/Δ留0,2026-09-24→2026-09-28,diff
6a3d10280000000007024035,特斯拉金华| 露娜,太猛了：月2.6k提了Model Y,旧:曝6581/读943/进0/开0/留0,1027,92,0,0,0,71.51,Δ曝-5554/Δ读-851/Δ进0/Δ开0/Δ留0,2026-09-24→2026-07-23,diff
6a3733bb0000000006020870,特斯拉金华| 露娜,Model Y L蕞新落地，给大家一个参考,旧:曝3367/读417/进0/开0/留0,411,13,0,0,0,0.99,Δ曝-2956/Δ读-404/Δ进0/Δ开0/Δ留0,2026-09-24→2026-09-28,diff
6a33bf8d0000000021021b84,特斯拉金华| 露娜,小两口自驾神车Model Y，手付4.59w,旧:曝11255/读1938/进0/开0/留0,926,105,0,0,0,28,Δ曝-10329/Δ读-1833/Δ进0/Δ开0/Δ留0,2026-09-24→2026-09-28,diff
6a36b55e000000001702c40c,常州特斯拉-小蒋,Model Y饱满大屁股｜黑标太戳人,旧:曝2670/读371/进1/开1/留0,540,38,1,1,0,32.88,Δ曝-2130/Δ读-333/Δ进0/Δ开0/Δ留0,2026-09-24→2026-07-23,diff
6a33dd790000000007022e68,特斯拉Tesla-悠悠（全国可提）,2026抄底指南｜23w+喜提毛豆Y🚨,旧:曝2705/读281/进0/开0/留0,468,19,0,0,0,23,Δ曝-2237/Δ读-262/Δ进0/Δ开0/Δ留0,2026-09-24→2026-07-21,diff
6a328abb00000000210210ca,特斯拉｜东东,7月特斯拉Model Y，落地价已算好！,旧:曝5374/读941/进0/开0/留0,1467,153,0,0,0,85.66,Δ曝-3907/Δ读-788/Δ进0/Δ开0/Δ留0,2026-09-24→2026-09-19,diff
6a3dd2a50000000007027040,特斯拉｜东东,交付中心刚提！7月Model Y L落地参考,旧:曝1275/读123/进1/开0/留0,588,55,1,0,0,13.84,Δ曝-687/Δ读-68/Δ进0/Δ开0/Δ留0,2026-09-24→2026-07-22,diff
6a40fe7800000000220156ec,特斯拉｜东东,长期主义的选择，24w+ Model Y适配度MAX,旧:曝3097/读465/进0/开0/留0,375,15,0,0,0,7.88,Δ曝-2722/Δ读-450/Δ进0/Δ开0/Δ留0,2026-09-24→2026-07-23,diff
6a412faa0000000015025cd9,嘉兴特斯拉中心🚗,这是什么神仙颜色！4.59w直接开走星光金YL💛,旧:曝2197/读256/进0/开0/留0,325,22,0,0,0,2.25,Δ曝-1872/Δ读-234/Δ进0/Δ开0/Δ留0,2026-09-24→2026-07-23,diff
6a427d300000000008033139,特斯拉Tesla-悠悠（全国可提）,Model3 7月政策一览，落地明细,旧:曝10242/读1341/进2/开0/留0,1383,135,2,0,0,76.88,Δ曝-8859/Δ读-1206/Δ进0/Δ开0/Δ留0,2026-09-24→2026-08-17,diff
6a3bb4700000000021014a29,特斯拉Tesla-悠悠（全国可提）,24.27w入Model Y，6月趁还有赶快,旧:曝8997/读1376/进2/开2/留0,1002,90,2,2,0,70.06,Δ曝-7995/Δ读-1286/Δ进0/Δ开0/Δ留0,2026-09-24→2026-07-23,diff
6a30c7550000000008032da2,特斯拉Tesla-悠悠（全国可提）,30w左右预算，必拿六座Model Y L,旧:曝56992/读10341/进74/开62/留41,53558,9563,75,63,41,4651.48,Δ曝-3434/Δ读-778/Δ进1/Δ开1/Δ留0,2026-09-24→2026-09-27,diff
6a4141fd000000002200a77c,宁波特斯拉-海曙龙湖天街店,算完落地价‼️ Model3现在买真的香哭了🫵,旧:曝2835/读340/进0/开0/留0,546,20,0,0,0,3.27,Δ曝-2289/Δ读-320/Δ进0/Δ开0/Δ留0,2026-09-24→2026-07-20,diff
6a41400400000000060341ed,宁波特斯拉-海曙龙湖天街店,6月底的modelY怎么买🤗,旧:曝2530/读271/进0/开0/留0,521,24,0,0,0,9.64,Δ曝-2009/Δ读-247/Δ进0/Δ开0/Δ留0,2026-09-24→2026-07-23,diff
6a407a560000000006020ff6,宁波特斯拉-海曙龙湖天街店,买Model Y之前，我都在想什么？ 补补,旧:曝2865/读393/进0/开0/留0,672,48,0,0,0,16.58,Δ曝-2193/Δ读-345/Δ进0/Δ开0/Δ留0,2026-09-24→2026-07-22,diff
6a3ce11b000000000803dba5,宁波特斯拉-海曙龙湖天街店,$noteTitle,旧:曝3455/读473/进2/开1/留1,1342,119,2,1,1,102.56,Δ曝-2113/Δ读-354/Δ进0/Δ开0/Δ留0,2026-09-24→2026-07-23,diff
6a38018b0000000021017eb3,宁波特斯拉-海曙龙湖天街店,疯狂之7月份23.17💰开走焕新款ModelY,旧:曝11567/读1652/进4/开4/留2,4658,483,5,5,2,533.6,Δ曝-6909/Δ读-1169/Δ进1/Δ开1/Δ留0,2026-09-24→2026-09-28,diff
6a3fd385000000002103c56c,Tesla｜小冯-全国可提车,26岁人生第1台车，23.85万拿下焕新Y！,旧:曝4691/读866/进0/开0/留0,1198,185,0,0,0,47.97,Δ曝-3493/Δ读-681/Δ进0/Δ开0/Δ留0,2026-09-24→2026-07-29,diff
6a2fdb28000000000602301e,Tesla｜小冯-全国可提车,model YL年度抄底机会来了！！,旧:曝3028/读501/进0/开0/留0,588,45,0,0,0,22.16,Δ曝-2440/Δ读-456/Δ进0/Δ开0/Δ留0,2026-09-24→2026-07-29,diff
6a3b7130000000000f0333a5,特斯拉tesla星星,西安的要买车的朋友注意啦❗,旧:曝2688/读280/进3/开3/留0,1295,102,3,3,0,196.49,Δ曝-1393/Δ读-178/Δ进0/Δ开0/Δ留0,2026-09-24→2026-07-23,diff
6a4089390000000011005aea,特斯拉tesla星星,第一台车选择特斯拉可以吗？,旧:曝183636/读25039/进255/开235/留122,184902,9760,267,246,126,16073.3,Δ曝1266/Δ读-15279/Δ进12/Δ开11/Δ留4,2026-09-24→2026-09-28,diff
6a3932f200000000210083e1,特斯拉百科全苏丨全国可订🚗,💰特斯拉中年买车思路，官方政策+政府补贴,旧:曝2865/读959/进4/开2/留2,2123,116,4,2,2,281.15,Δ曝-742/Δ读-843/Δ进0/Δ开0/Δ留0,2026-09-24→2026-09-22,diff
6a32b1d80000000008001bce,宁波特斯拉-海曙龙湖天街店,综合实力无敌，Model Y居然24.27w提走 🫪,旧:曝4679/读764/进0/开0/留0,839,62,0,0,0,18.96,Δ曝-3840/Δ读-702/Δ进0/Δ开0/Δ留0,2026-09-24→2026-07-23,diff
6a37ff89000000002101825a,宁波特斯拉-海曙龙湖天街店,特斯拉Model3补贴清单｜国补置换双重羊毛,旧:曝2841/读318/进0/开0/留0,508,29,0,0,0,46.29,Δ曝-2333/Δ读-289/Δ进0/Δ开0/Δ留0,2026-09-24→2026-07-23,diff
6a412a37000000001702899e,特斯拉顾问小美🚗,太夸张了😭打工人月💰2.6k提走Model Y,旧:曝15497/读1928/进23/开19/留15,11572,1335,23,19,15,2668.17,Δ曝-3925/Δ读-593/Δ进0/Δ开0/Δ留0,2026-09-24→2026-09-26,diff
6a3bf05c000000001503d01d,特斯拉顾问小美🚗,Model 3国补后价格！真的香晕了！！😭,旧:曝2712/读234/进0/开0/留0,375,11,0,0,0,2.1,Δ曝-2337/Δ读-223/Δ进0/Δ开0/Δ留0,2026-09-24→2026-07-17,diff
6a3a0a08000000001503f9ed,特斯拉顾问小美🚗,🔥终于赶上国补了｜Model Y L手付4.59w提走！,旧:曝3705/读476/进0/开0/留0,842,73,0,0,0,59.94,Δ曝-2863/Δ读-403/Δ进0/Δ开0/Δ留0,2026-09-24→2026-07-23,diff
6a37d4a7000000001603c0a1,特斯拉顾问小美🚗,00后女生提车一周年，Model Y能有多省心！,旧:曝2282/读270/进0/开0/留0,634,34,0,0,0,21.21,Δ曝-1648/Δ读-236/Δ进0/Δ开0/Δ留0,2026-09-24→2026-07-22,diff
6a368dd7000000001c024b95,特斯拉顾问小美🚗,实拍live图｜6月Model 3限时补补8000💥,旧:曝3502/读403/进0/开0/留0,439,20,0,0,0,2.33,Δ曝-3063/Δ读-383/Δ进0/Δ开0/Δ留0,2026-09-24→2026-07-20,diff
6a32a8cf000000001702fa0e,特斯拉顾问小美🚗,别盲目订车！六月浙江Model Y补补抢先看！,旧:曝4724/读812/进0/开0/留0,625,37,0,0,0,39.68,Δ曝-4099/Δ读-775/Δ进0/Δ开0/Δ留0,2026-09-24→2026-07-22,diff
6a2f7e28000000001702a6fa,特斯拉顾问小美🚗,特斯拉Model Y｜从试驾到订车第1️⃣视角,旧:曝99717/读16782/进1/开1/留1,1749,94,1,1,1,160.11,Δ曝-97968/Δ读-16688/Δ进0/Δ开0/Δ留0,2026-09-24→2026-08-12,diff
6a3a58280000000015025e3f,济南特斯拉主理人,6 月买Model 3！政ce全捋清楚了,旧:曝4060/读537/进3/开3/留3,1908,186,3,3,3,163.54,Δ曝-2152/Δ读-351/Δ进0/Δ开0/Δ留0,2026-09-24→2026-08-27,diff
6a3225f9000000001700b19a,常州特斯拉-小蒋,🚨6月特斯拉购车指南❗️这波“反向操作”,旧:曝2241/读209/进2/开1/留1,1450,120,2,1,1,62.98,Δ曝-791/Δ读-89/Δ进0/Δ开0/Δ留0,2026-09-24→2026-08-12,diff
6a33a252000000001503e55b,特斯拉尼克,浮力告急：20w+的Model 3谁要？,旧:曝2923/读405/进0/开0/留0,416,33,0,0,0,14.45,Δ曝-2507/Δ读-372/Δ进0/Δ开0/Δ留0,2026-09-24→2026-09-25,diff
6a33a20c000000001702c59f,特斯拉尼克,哪里能买到24W+的Model Y？就这儿！,旧:曝1968/读279/进0/开0/留0,441,22,0,0,0,10.49,Δ曝-1527/Δ读-257/Δ进0/Δ开0/Δ留0,2026-09-24→2026-09-28,diff
6a3f30ae0000000007012648,Tesla 鱼仔吖,24.27w入Model Y，7 月趁还有赶快,旧:曝47052/读18102/进39/开21/留12,13116,226,39,21,12,1707.86,Δ曝-33936/Δ读-17876/Δ进0/Δ开0/Δ留0,2026-09-24→2026-09-28,diff
6a3a2cb400000000110141a9,励志卖十万台特斯拉的-盼盼🍞,超清晰购车明细，想提Model Y L的看过来,旧:曝6255/读1037/进0/开0/留0,516,34,0,0,0,7.81,Δ曝-5739/Δ读-1003/Δ进0/Δ开0/Δ留0,2026-09-24→2026-09-28,diff
6a3f30fe000000000702f307,Tesla 鱼仔吖,家庭用车来，如何30w+提六座Model Y L,旧:曝10796/读1708/进0/开0/留0,549,45,0,0,0,4.83,Δ曝-10247/Δ读-1663/Δ进0/Δ开0/Δ留0,2026-09-24→2026-08-04,diff
6a3f1fe30000000008027511,Tesla 鱼仔吖,五年O息！Model 3无压力上车攻略,旧:曝7875/读1342/进0/开0/留0,622,47,0,0,0,9.82,Δ曝-7253/Δ读-1295/Δ进0/Δ开0/Δ留0,2026-09-24→2026-07-23,diff
6a3d26bc000000000702349a,Tesla 鱼仔吖,广东国补后提Model 3，只要20.67w,旧:曝10218/读1702/进6/开3/留2,3624,432,6,3,2,259.3,Δ曝-6594/Δ读-1270/Δ进0/Δ开0/Δ留0,2026-09-24→2026-08-27,diff
6a377e5c0000000007011e88,Tesla 鱼仔吖,26年全新黑标珍珠白Model Y，实车太绝了！,旧:曝13243/读3147/进5/开3/留0,1420,77,5,3,0,95.8,Δ曝-11823/Δ读-3070/Δ进0/Δ开0/Δ留0,2026-09-24→2026-07-23,diff
6a3400ce0000000020038d06,Tesla 鱼仔吖,model 3快银也太高级了！,旧:曝13190/读2617/进2/开2/留0,880,83,2,2,0,40.72,Δ曝-12310/Δ读-2534/Δ进0/Δ开0/Δ留0,2026-09-24→2026-07-23,diff
6a3d2bcd00000000060341ed,杭州特斯拉-卡戴珊,4.59w提走Model 3🚗🚗,旧:曝1858/读189/进0/开0/留0,406,16,0,0,0,6.81,Δ曝-1452/Δ读-173/Δ进0/Δ开0/Δ留0,2026-09-24→2026-07-20,diff
6a41294b00000000220163ff,杭州特斯拉-卡戴珊,黑标，心动了吗🚗,旧:曝1212/读125/进0/开0/留0,306,6,0,0,0,2.53,Δ曝-906/Δ读-119/Δ进0/Δ开0/Δ留0,2026-09-24→2026-07-18,diff
6a4120e40000000015024368,小林的特斯拉日记,沉浸式体验2026年，黑标Model Y,旧:曝90230/读20644/进84/开75/留47,85486,19899,84,75,47,7525.94,Δ曝-4744/Δ读-745/Δ进0/Δ开0/Δ留0,2026-09-24→2026-09-28,diff
6a41111d000000001702e12b,小林的特斯拉日记,夯夯夯！Model 3：月2.1k开走,旧:曝2545/读286/进0/开0/留0,529,12,0,0,0,2.53,Δ曝-2016/Δ读-274/Δ进0/Δ开0/Δ留0,2026-09-24→2026-09-28,diff
6a2e64a6000000001603f4ec,小林的特斯拉日记,Model 3和Model Y区别及费用一览,旧:曝342465/读35161/进0/开0/留0,903,95,0,0,0,13.84,Δ曝-341562/Δ读-35066/Δ进0/Δ开0/Δ留0,2026-09-24→2026-07-23,diff
6a3267de0000000016027e23,济南特斯拉主理人,Model YL星光金，回头率真的有这么高吗？,旧:曝11257/读2691/进1/开1/留0,2712,611,1,1,0,71.71,Δ曝-8545/Δ读-2080/Δ进0/Δ开0/Δ留0,2026-09-24→2026-07-23,diff
6a3fe9060000000016024a17,济南特斯拉主理人,在济南买车！6月看Model Y就对了！,旧:曝23895/读3412/进38/开33/留21,19307,2372,38,33,21,2905.67,Δ曝-4588/Δ读-1040/Δ进0/Δ开0/Δ留0,2026-09-24→2026-08-20,diff
6a338b27000000001101f4c2,杭州萧山特斯拉中心,00后女生开特斯拉Model 3一年花费明细,旧:曝69905/读17017/进52/开46/留28,15807,1105,53,47,27,2024.92,Δ曝-54098/Δ读-15912/Δ进1/Δ开1/Δ留-1,2026-09-24→2026-09-28,diff
6a3742e80000000011018b49,杭州萧山特斯拉中心,国补来袭！6月高颜值特斯拉Model 3拿下！,旧:曝6942/读720/进1/开1/留0,1152,87,1,1,0,52.7,Δ曝-5790/Δ读-633/Δ进0/Δ开0/Δ留0,2026-09-24→2026-07-23,diff
6a3a6fea00000000110127fd,杭州萧山特斯拉中心,4.59w拿下我的Dream Car！Model 3🚗,旧:曝7513/读817/进2/开2/留0,1746,168,2,2,0,122.25,Δ曝-5767/Δ读-649/Δ进0/Δ开0/Δ留0,2026-09-24→2026-07-23,diff
6a33a05600000000150240d0,Tesla_Selina,Model Y 优点接龙：一人说一条,旧:曝3218/读410/进0/开0/留0,621,50,0,0,0,5.97,Δ曝-2597/Δ读-360/Δ进0/Δ开0/Δ留0,2026-09-24→2026-09-25,diff
6a339ff40000000016024d77,Tesla_Selina,来不及了：Model 3 20.67w快上车！,旧:曝2350/读234/进0/开0/留0,450,10,0,0,0,5.8,Δ曝-1900/Δ读-224/Δ进0/Δ开0/Δ留0,2026-09-24→2026-09-25,diff
6a3cb735000000001702e523,Tesla｜玉子（特专业版）,有补补！现在入Model 3要多少钱？,旧:曝4887/读803/进0/开0/留0,356,10,0,0,0,1.64,Δ曝-4531/Δ读-793/Δ进0/Δ开0/Δ留0,2026-09-24→2026-07-21,diff
6a3e67f6000000001c026444,Tesla｜玉子（特专业版）,👋付4.59w 起，直接提走Model Y,旧:曝2390/读272/进0/开0/留0,430,10,0,0,0,37.31,Δ曝-1960/Δ读-262/Δ进0/Δ开0/Δ留0,2026-09-24→2026-07-24,diff
6a41172300000000150246d3,Tesla｜玉子（特专业版）,9月国补后｜Model 3：19w+,旧:曝310681/读46280/进352/开322/留169,302236,43318,365,335,181,29007.51,Δ曝-8445/Δ读-2962/Δ进13/Δ开13/Δ留12,2026-09-24→2026-09-28,diff
6a3a47ff000000001102d971,Tesla-晨璐（努力工作版）,沉浸式体验Model Y L!建议调大音量,旧:曝382551/读48693/进28/开23/留5,10053,1339,28,23,5,909.92,Δ曝-372498/Δ读-47354/Δ进0/Δ开0/Δ留0,2026-09-24→2026-09-19,diff
6a37904a000000001702b11d,Tesla｜玉子（特专业版）,“2026国补”后，Model Y落地明细,旧:曝6874/读1027/进0/开0/留0,510,29,0,0,0,13.53,Δ曝-6364/Δ读-998/Δ进0/Δ开0/Δ留0,2026-09-24→2026-07-25,diff
6a38e108000000001603ddfa,Tesla｜玉子（特专业版）,6月冲Model Y L！叠加补补省2w+🔥,旧:曝2214/读247/进0/开0/留0,394,14,0,0,0,1.4,Δ曝-1820/Δ读-233/Δ进0/Δ开0/Δ留0,2026-09-24→2026-07-22,diff
6a3a5000000000001502681e,Tesla｜玉子（特专业版）,Model 3：手付5w，月供2k开走🔥,旧:曝1311/读121/进0/开0/留0,339,8,0,0,0,1.49,Δ曝-972/Δ读-113/Δ进0/Δ开0/Δ留0,2026-09-24→2026-07-20,diff
6a3c97ee0000000011010561,Tesla-晨璐（努力工作版）,国补后，黑标Model Y ： 23.62w,旧:曝416452/读58877/进412/开368/留195,323133,43506,412,368,195,30860.64,Δ曝-93319/Δ读-15371/Δ进0/Δ开0/Δ留0,2026-09-24→2026-09-28,diff
6a3beb9b000000002003b77f,特斯拉 Tesla_无敌沙拉,爽了！4.59w手付提走Model 3,旧:曝5411/读659/进2/开2/留1,1133,91,2,2,1,43.97,Δ曝-4278/Δ读-568/Δ进0/Δ开0/Δ留0,2026-09-24→2026-08-11,diff
6a3ff1be000000002003971e,特斯拉 Tesla_无敌沙拉,黑标 Model Y：23.67w，别再犹豫,旧:曝4485/读538/进1/开1/留1,1312,103,1,1,1,84.94,Δ曝-3173/Δ读-435/Δ进0/Δ开0/Δ留0,2026-09-24→2026-08-12,diff
6a3bb7670000000008032384,特斯拉阿生（全国置换版,预算20w，Model 3没有对手啊,旧:曝3196/读413/进0/开0/留0,1330,136,0,0,0,21.62,Δ曝-1866/Δ读-277/Δ进0/Δ开0/Δ留0,2026-09-24→2026-07-20,diff
6a34ec1f000000002103e4d9,特斯拉阿生（全国置换版,98年男生开特斯拉Model 3💰算完账沉默了,旧:曝42160/读8066/进0/开0/留0,15070,3112,0,0,0,621.41,Δ曝-27090/Δ读-4954/Δ进0/Δ开0/Δ留0,2026-09-24→2026-07-05,diff
6a34eb8200000000070121dd,特斯拉阿生（全国置换版,国补！6月高颜值特斯拉Model 3拿下！,旧:曝5093/读847/进0/开0/留0,1001,91,0,0,0,45.06,Δ曝-4092/Δ读-756/Δ进0/Δ开0/Δ留0,2026-09-24→2026-07-06,diff
6a45e5530000000021020941,特斯拉Yoki特努力,爱出片的女生，20.67w提Model 3到底有多幸福,旧:曝12520/读2024/进0/开0/留0,892,74,0,0,0,29.06,Δ曝-11628/Δ读-1950/Δ进0/Δ开0/Δ留0,2026-09-24→2026-07-23,diff
6a460288000000000702c3d9,特斯拉体验官Leo,8月国补后 | 黑色Model Y：24.27w,旧:曝679449/读112935/进71/开56/留19,110417,19583,71,56,18,6080.62,Δ曝-569032/Δ读-93352/Δ进0/Δ开0/Δ留-1,2026-09-24→2026-09-28,diff
6a436d260000000007013bef,特斯拉体验官Leo,02年女生无痛提车，Model 3落地20.67w,旧:曝62526/读12089/进30/开23/留14,41994,8294,31,23,14,2360.88,Δ曝-20532/Δ读-3795/Δ进1/Δ开0/Δ留0,2026-09-24→2026-09-28,diff
6a436f8d0000000021018ca1,特斯拉邮递员子枫,颜控女生进｜黑标Model 3最新落地,旧:曝5708/读877/进0/开0/留0,506,27,0,0,0,4.64,Δ曝-5202/Δ读-850/Δ进0/Δ开0/Δ留0,2026-09-24→2026-07-22,diff
6a4609060000000007027bd3,特斯拉邮递员子枫,Model Y：落地24.27w，8月2691无痛提车,旧:曝357663/读59183/进103/开79/留52,151003,25078,106,82,52,10800,Δ曝-206660/Δ读-34105/Δ进3/Δ开3/Δ留0,2026-09-24→2026-09-28,diff
6a4767400000000007013184,特斯拉茉茉美少女,大补！特斯拉Model 3：20.67w起,旧:曝11326/读1625/进2/开1/留0,1493,143,2,1,0,136.65,Δ曝-9833/Δ读-1482/Δ进0/Δ开0/Δ留0,2026-09-24→2026-08-19,diff
6a2bce10000000002003bb3a,Tesla特斯拉-毛豆,熬夜整理｜6月入手Model Y到底多少💰,旧:曝3043/读554/进0/开0/留0,712,53,0,0,0,36.36,Δ曝-2331/Δ读-501/Δ进0/Δ开0/Δ留0,2026-09-24→2026-07-06,diff
6a44dbb7000000002201781f,Tesla特斯拉-毛豆,7月来啦，来看特斯拉25w⬇️怎么拿,旧:曝3371/读394/进0/开0/留0,1280,105,0,0,0,49.34,Δ曝-2091/Δ读-289/Δ进0/Δ开0/Δ留0,2026-09-24→2026-07-22,diff
6a465b8e0000000011011ced,杭州萧山特斯拉中心,有主见的女生，冲Model 3：20.67w起,旧:曝31703/读4843/进14/开14/留6,12047,1855,15,15,6,1182.39,Δ曝-19656/Δ读-2988/Δ进1/Δ开1/Δ留0,2026-09-24→2026-09-28,diff
6a2d74970000000035028fd8,TESLA特斯拉_小魏,00后上升期女生👧手付4.59w开走Model 3,旧:曝1785/读162/进0/开0/留0,504,24,0,0,0,10.1,Δ曝-1281/Δ读-138/Δ进0/Δ开0/Δ留0,2026-09-24→2026-07-03,diff
6a47656c000000002101af47,哈莉（特斯拉分身）,预算20w+的女生，冲Model 3！！,旧:曝218775/读33134/进11/开11/留9,53126,9382,11,11,9,1402.42,Δ曝-165649/Δ读-23752/Δ进0/Δ开0/Δ留0,2026-09-24→2026-09-28,diff
6a37e726000000000f033e45,TESLA特斯拉_小魏,23.57w提走Model Y？【附提车攻略】🔥,旧:曝4466/读470/进1/开1/留1,2258,229,1,1,1,216.47,Δ曝-2208/Δ读-241/Δ进0/Δ开0/Δ留0,2026-09-24→2026-07-04,diff
6a3fc8eb0000000011016a39,TESLA特斯拉_小魏,7月惊喜🔥特斯拉Model 3: 20.67w起,旧:曝4474/读710/进1/开0/留0,1044,101,1,0,0,78.55,Δ曝-3430/Δ读-609/Δ进0/Δ开0/Δ留0,2026-09-24→2026-07-04,diff
6a476a0e000000001003deaa,Haha同学在特斯拉,00后男生，存款5w提走Model 3,旧:曝13626/读1755/进0/开0/留0,860,59,0,0,0,26.13,Δ曝-12766/Δ读-1696/Δ进0/Δ开0/Δ留0,2026-09-24→2026-08-17,diff
6a3a1d7400000000210220c8,Tesla小许同学,Model Y L展车全新到店！👋付4.59w直接开走,旧:曝6471/读971/进5/开4/留4,2637,346,5,4,4,261.74,Δ曝-3834/Δ读-625/Δ进0/Δ开0/Δ留0,2026-09-24→2026-07-23,diff
6a34dd69000000000803d911,Tesla小许同学,新能源下乡！20.67w起开走Model 3！,旧:曝77935/读12652/进6/开4/留1,3947,518,6,4,1,315.35,Δ曝-73988/Δ读-12134/Δ进0/Δ开0/Δ留0,2026-09-24→2026-07-15,diff
6a3e4659000000000f029c08,特斯拉-伊林Elaine🎀,Model 3什么时候定？,旧:曝5370/读823/进6/开4/留1,3564,404,6,4,1,283.35,Δ曝-1806/Δ读-419/Δ进0/Δ开0/Δ留0,2026-09-24→2026-07-29,diff
6a3b9026000000000f029b6b,特斯拉-伊林Elaine🎀,23.57w😧😧Model Y开走,旧:曝2353/读395/进0/开0/留0,492,29,0,0,0,6.87,Δ曝-1861/Δ读-366/Δ进0/Δ开0/Δ留0,2026-09-24→2026-07-12,diff
6a44aabc00000000060372a9,特斯拉冰姐（全国可提）,Model3八月政策解读【超详细建议收藏】,旧:曝14580/读2856/进2/开2/留0,948,43,2,2,0,42.31,Δ曝-13632/Δ读-2813/Δ进0/Δ开0/Δ留0,2026-09-24→2026-09-21,diff
6a4337b80000000008033102,特斯拉冰姐（全国可提）,谁！特斯拉8月改ce上线了！,旧:曝32306/读9201/进0/开0/留0,4126,186,0,0,0,210.08,Δ曝-28180/Δ读-9015/Δ进0/Δ开0/Δ留0,2026-09-24→2026-09-10,diff
6a4125e8000000001702e290,南昌王府井特斯拉销售阿超,25w内预算，现在可以冲Model Y了,旧:曝1949/读213/进1/开0/留0,478,25,1,0,0,53.51,Δ曝-1471/Δ读-188/Δ进0/Δ开0/Δ留0,2026-09-24→2026-07-26,diff
6a3b9d2e000000001102ec53,Tesla 特斯拉丨佳佳⚡,爽了！4.59w手付提走Model 3,旧:曝4575/读497/进4/开3/留2,2875,302,4,3,2,254.7,Δ曝-1700/Δ读-195/Δ进0/Δ开0/Δ留0,2026-09-24→2026-07-23,diff
6a45b6ea000000001700a671,南昌王府井特斯拉销售阿超,特斯拉六座Model Y L半年用车感受【客观版】,旧:曝3913/读575/进0/开0/留0,687,63,0,0,0,9.69,Δ曝-3226/Δ读-512/Δ进0/Δ开0/Δ留0,2026-09-24→2026-07-28,diff
6a43561300000000080305fd,特斯拉认证顾问湖北黄琳,特斯拉Model 3 七月优惠 配置选择讲解,旧:曝44361/读7896/进2/开1/留0,1968,106,2,1,0,96.58,Δ曝-42393/Δ读-7790/Δ进0/Δ开0/Δ留0,2026-09-24→2026-07-29,diff
6a44faee000000000702b415,特斯拉 开开,星钻黑or珍珠白❓哪个颜色才是Model Y的本命,旧:曝5222/读805/进0/开0/留0,1477,191,0,0,0,40.09,Δ曝-3745/Δ读-614/Δ进0/Δ开0/Δ留0,2026-09-24→2026-09-28,diff
6a47499e000000000f0051b2,Tesla 特斯拉丨佳佳⚡,7月补补拉满，月3736提走Model Y L,旧:曝2482/读264/进0/开0/留0,546,24,0,0,0,15.98,Δ曝-1936/Δ读-240/Δ进0/Δ开0/Δ留0,2026-09-24→2026-07-27,diff
6a44c0e900000000110171ff,Tesla 特斯拉丨佳佳⚡,日供80左右拿下Model 3，选5年0西！,旧:曝3742/读391/进0/开0/留0,1075,73,0,0,0,65.12,Δ曝-2667/Δ读-318/Δ进0/Δ开0/Δ留0,2026-09-24→2026-07-29,diff
6a4790640000000015025b84,Tesla｜玉子（特专业版）,7月提六座Model Y L，每月3736就搞定！,旧:曝2656/读287/进0/开0/留0,845,99,0,0,0,35.26,Δ曝-1811/Δ读-188/Δ进0/Δ开0/Δ留0,2026-09-24→2026-07-25,diff
6a460de4000000001702ecb6,Tesla｜玉子（特专业版）,夯爆了！00后女生，20.67w提走Model 3,旧:曝4202/读518/进0/开0/留0,806,42,0,0,0,23.07,Δ曝-3396/Δ读-476/Δ进0/Δ开0/Δ留0,2026-09-24→2026-07-25,diff
6a48ffc7000000001503fa5c,Tesla｜玉子（特专业版）,2026黑标Model Y：24.27W起,旧:曝6216/读823/进0/开0/留0,503,16,0,0,0,18.83,Δ曝-5713/Δ读-807/Δ进0/Δ开0/Δ留0,2026-09-24→2026-07-24,diff
6a4a53130000000015024170,Tesla｜玉子（特专业版）,夯爆了！00后女生，20.67w提走Model 3,旧:曝19381/读2896/进18/开18/留14,17445,2558,19,18,14,1883.67,Δ曝-1936/Δ读-338/Δ进1/Δ开0/Δ留0,2026-09-24→2026-09-28,diff
6a4a585f000000001700b025,南昌王府井特斯拉销售阿超,政策已定，Model 3只要20.67w就能开走,旧:曝2610/读234/进1/开1/留0,856,51,1,1,0,57.79,Δ曝-1754/Δ读-183/Δ进0/Δ开0/Δ留0,2026-09-24→2026-07-28,diff
6a4623c7000000001003e26e,特斯拉-伊林Elaine🎀,特斯拉浙江省内可叠加补贴来了！,旧:曝2610/读383/进0/开0/留0,1096,101,0,0,0,112.97,Δ曝-1514/Δ读-282/Δ进0/Δ开0/Δ留0,2026-09-24→2026-07-06,diff
6a44fc5a000000000f004cd1,特斯拉-伊林Elaine🎀,来了！特斯拉7️⃣月政策🚗,旧:曝2296/读217/进0/开0/留0,597,37,0,0,0,15.86,Δ曝-1699/Δ读-180/Δ进0/Δ开0/Δ留0,2026-09-24→2026-07-29,diff
6a49107c000000002103e68b,Tesla小许同学,7月到了，你准备好提特斯拉了吗？,旧:曝4021/读675/进1/开0/留0,1808,265,1,0,0,130.29,Δ曝-2213/Δ读-410/Δ进0/Δ开0/Δ留0,2026-09-24→2026-07-08,diff
6a4bb4aa000000001101ac37,温州特斯拉-Tesla小凯,🚨7月买特斯拉赢麻了！ Model 3 ：20.45w,旧:曝6029/读860/进0/开0/留0,10,0,0,0,0,0,Δ曝-6019/Δ读-860/Δ进0/Δ开0/Δ留0,2026-09-24→2026-07-06,diff
6a48b7fd000000000702c0f5,Tesla 鱼仔吖,2026黑标Model Y落地价：24.27w直接提走,旧:曝11961/读1608/进1/开1/留1,729,47,1,1,1,34.55,Δ曝-11232/Δ读-1561/Δ进0/Δ开0/Δ留0,2026-09-24→2026-08-18,diff
6a47cba50000000007011032,Tesla 鱼仔吖,Model 3 海洋蓝也太高级了！,旧:曝8608/读2890/进7/开5/留2,3135,326,7,5,2,217.78,Δ曝-5473/Δ读-2564/Δ进0/Δ开0/Δ留0,2026-09-24→2026-09-28,diff
6a472c84000000002201679d,Tesla 鱼仔吖,9月政策更新，20.67w提Model 3,旧:曝87346/读69692/进276/开157/留65,74586,2692,279,160,66,8628,Δ曝-12760/Δ读-67000/Δ进3/Δ开3/Δ留1,2026-09-24→2026-09-28,diff
6a4e19c2000000000f029fa4,杭州萧山特斯拉中心,好喜欢我的粉色特斯拉🎀,旧:曝35732/读5610/进2/开1/留0,12979,2343,2,1,0,335.94,Δ曝-22753/Δ读-3267/Δ进0/Δ开0/Δ留0,2026-09-24→2026-08-19,diff
6a4a1c8c000000000f00790e,Haha同学在特斯拉,2026国补后，Model Y：24.27W起,旧:曝13808/读1803/进0/开0/留0,543,33,0,0,0,6.85,Δ曝-13265/Δ读-1770/Δ进0/Δ开0/Δ留0,2026-09-24→2026-08-08,diff
6a4a1a430000000021023a4b,哈莉（特斯拉分身）,等等党胜利啦！！Model Y：24.27w起,旧:曝93460/读13282/进104/开98/留49,76687,10299,104,98,49,8719.66,Δ曝-16773/Δ读-2983/Δ进0/Δ开0/Δ留0,2026-09-24→2026-09-28,diff
6a4e037b0000000008000bfe,特斯拉邮递员子枫,家用六座Model Y L｜7月最新落地来啦,旧:曝15286/读2735/进1/开1/留1,1566,186,1,1,1,74.58,Δ曝-13720/Δ读-2549/Δ进0/Δ开0/Δ留0,2026-09-24→2026-08-27,diff
6a4c8f310000000007023e1a,特斯拉Yoki特努力,8🈷️，又猛又兴奋！Model 3：20.37w,旧:曝99234/读14157/进6/开6/留6,6896,1082,6,6,6,692.84,Δ曝-92338/Δ读-13075/Δ进0/Δ开0/Δ留0,2026-09-24→2026-08-31,diff
6a4a1f6a0000000006037b0f,特斯拉茉茉美少女,国补后，黑标Model Y：24.27w起,旧:曝13964/读2184/进0/开0/留0,1176,116,0,0,0,46.83,Δ曝-12788/Δ读-2068/Δ进0/Δ开0/Δ留0,2026-09-24→2026-08-12,diff
6a4dfe3200000000220178d4,特斯拉体验官Leo,00后女生，存款5w拿下Model 3,旧:曝11631/读1917/进2/开1/留0,4787,734,2,1,0,472.74,Δ曝-6844/Δ读-1183/Δ进0/Δ开0/Δ留0,2026-09-24→2026-08-06,diff
6a4641a4000000000603610c,特斯拉 Tesla_无敌沙拉,7月重磅｜日供80提走Model 3🚗,旧:曝4020/读525/进0/开0/留0,488,21,0,0,0,16.56,Δ曝-3532/Δ读-504/Δ进0/Δ开0/Δ留0,2026-09-24→2026-07-22,diff
6a44adb20000000007026633,TESLA 李嘉嘉,9月入Model 3时机刚好！别错过！,旧:曝4437/读463/进2/开2/留2,2532,204,2,2,2,332.6,Δ曝-1905/Δ读-259/Δ进0/Δ开0/Δ留0,2026-09-24→2026-09-28,diff
6a435e6a0000000006035769,TESLA 李嘉嘉,特斯拉八月活动提前出台！补补叠加！,旧:曝8354/读1400/进0/开0/留0,2254,201,0,0,0,151.27,Δ曝-6100/Δ读-1199/Δ进0/Δ开0/Δ留0,2026-09-24→2026-09-10,diff
6a4cf2740000000006032b40,特斯拉 开开,8🈷️新购Model 3太夯了💙立省2w➕,旧:曝4432/读485/进3/开3/留1,2394,198,3,3,1,237.89,Δ曝-2038/Δ读-287/Δ进0/Δ开0/Δ留0,2026-09-24→2026-09-21,diff
6a46a2c60000000006030439,特斯拉 开开,8月Model Y落地23.85w♥️也是被我享受到了,旧:曝5521/读2919/进15/开6/留0,2850,59,15,6,0,402.88,Δ曝-2671/Δ读-2860/Δ进0/Δ开0/Δ留0,2026-09-24→2026-09-10,diff
6a4924fc0000000022014b37,特斯拉 Tesla_无敌沙拉,7月国补后Model Y：23.97W起,旧:曝3942/读420/进0/开0/留0,899,71,0,0,0,120.49,Δ曝-3043/Δ读-349/Δ进0/Δ开0/Δ留0,2026-09-24→2026-09-28,diff
6a4b2b080000000021008e15,特斯拉Yoki特努力,2026国补后，Model Y：24.27W起,旧:曝8014/读1191/进0/开0/留0,2098,340,0,0,0,112.13,Δ曝-5916/Δ读-851/Δ进0/Δ开0/Δ留0,2026-09-24→2026-07-26,diff
6a4dc6f20000000007029d08,特斯拉 Tesla_无敌沙拉,7月买电车，白色Model Y，23.47w提,旧:曝2961/读387/进0/开0/留0,522,15,0,0,0,10.5,Δ曝-2439/Δ读-372/Δ进0/Δ开0/Δ留0,2026-09-24→2026-09-27,diff
6a47a5d70000000008000145,特斯拉阿生（全国置换版,26版黑标Model Y🎀7月太顶了！！,旧:曝6199/读714/进4/开1/留0,4166,434,4,1,0,496.05,Δ曝-2033/Δ读-280/Δ进0/Δ开0/Δ留0,2026-09-24→2026-08-11,diff
6a463c1d00000000210092af,特斯拉MoMo,Model Y国补后落地价,旧:曝3086/读408/进0/开0/留0,431,13,0,0,0,0.74,Δ曝-2655/Δ读-395/Δ进0/Δ开0/Δ留0,2026-09-24→2026-08-09,diff
6a47a33f00000000200389f5,TESLA 李嘉嘉,4.59w提走Model Y L，怎么做到的？,旧:曝3464/读398/进0/开0/留0,498,26,1,0,0,27.25,Δ曝-2966/Δ读-372/Δ进1/Δ开0/Δ留0,2026-09-24→2026-09-28,diff
6a4738ae000000002103e9cb,特斯拉晶晶✨,7月23.67w提走黑标Model Y，你等的来了‼️,旧:曝13592/读2227/进6/开5/留4,5701,835,6,5,4,522.09,Δ曝-7891/Δ读-1392/Δ进0/Δ开0/Δ留0,2026-09-24→2026-09-21,diff
6a4ef8c000000000080034fd,Tesla特斯拉海岛日记,7月又猛又兴奋！Model 3：20.07w,旧:曝16225/读2995/进0/开0/留0,1040,87,0,0,0,50.64,Δ曝-15185/Δ读-2908/Δ进0/Δ开0/Δ留0,2026-09-24→2026-09-28,diff
6a492b8f0000000008002260,TESLA 李嘉嘉,Model Y黑标23w+！上班族泪目了😭,旧:曝5124/读550/进2/开1/留0,1600,124,2,1,0,285.13,Δ曝-3524/Δ读-426/Δ进0/Δ开0/Δ留0,2026-09-24→2026-07-23,diff
6a453f77000000000702da5d,TESLA 李嘉嘉,8🈷️大惊喜！😨黑标Model Y：23.97W！,旧:曝4461/读569/进0/开0/留0,493,14,0,0,0,12.17,Δ曝-3968/Δ读-555/Δ进0/Δ开0/Δ留0,2026-09-24→2026-09-24,diff
6a4db1040000000020039335,Tesla特斯拉海岛日记,落地24.27w拿下Model Y【长期主义选车】,旧:曝184597/读23262/进0/开0/留0,899,117,0,0,0,25.97,Δ曝-183698/Δ读-23145/Δ进0/Δ开0/Δ留0,2026-09-24→2026-09-28,diff
6a4c8bec000000002101667c,Tesla特斯拉海岛日记,Model YL： 月供3736 有娃家庭闭眼入🚗,旧:曝12123/读1852/进0/开0/留0,605,43,0,0,0,19.66,Δ曝-11518/Δ读-1809/Δ进0/Δ开0/Δ留0,2026-09-24→2026-09-28,diff
6a47276f00000000070128dc,Tesla特斯拉海岛日记,9 月无痛提车，黑标Model Y落地价23.47w,旧:曝207519/读37040/进0/开0/留0,5054,1258,0,0,0,99.54,Δ曝-202465/Δ读-35782/Δ进0/Δ开0/Δ留0,2026-09-24→2026-07-23,diff
6a4495430000000008033ff8,Tesla特斯拉海岛日记,补补来了，00后真的能拿下Model 3！!,旧:曝5716/读781/进2/开2/留2,1746,209,2,2,2,151.1,Δ曝-3970/Δ读-572/Δ进0/Δ开0/Δ留0,2026-09-24→2026-09-28,diff
6a43919300000000220166f3,Tesla特斯拉海岛日记,7月无痛提车，黑标Model Y落地价23.47w,旧:曝8059/读1068/进0/开0/留0,483,25,0,0,0,58.28,Δ曝-7576/Δ读-1043/Δ进0/Δ开0/Δ留0,2026-09-24→2026-09-28,diff
6a44b7ff000000002103da9f,特斯拉小朱｜全国可提🚗,7月重磅｜日供80提走Model 3🚗,旧:曝2464/读291/进0/开0/留0,757,61,0,0,0,56.31,Δ曝-1707/Δ读-230/Δ进0/Δ开0/Δ留0,2026-09-24→2026-07-23,diff
6a47878b00000000220156ef,特斯拉小朱｜全国可提🚗,7月买Model Y L，手付低至4.59w,旧:曝2052/读238/进0/开0/留0,440,33,0,0,0,13.63,Δ曝-1612/Δ读-205/Δ进0/Δ开0/Δ留0,2026-09-24→2026-07-22,diff
6a4b8081000000000702279e,特斯拉小朱｜全国可提🚗,Model Y：落地24.27w，月2691无痛提车,旧:曝3196/读385/进0/开0/留0,470,7,0,0,0,0.7,Δ曝-2726/Δ读-378/Δ进0/Δ开0/Δ留0,2026-09-24→2026-07-20,diff
6a4cea140000000007022fb3,特斯拉小朱｜全国可提🚗,黑标Model 3最新落地，有需要的参考,旧:曝4690/读686/进0/开0/留0,472,20,0,0,0,6.26,Δ曝-4218/Δ读-666/Δ进0/Δ开0/Δ留0,2026-09-24→2026-07-21,diff
6a48f366000000000f017b54,Tesla未来销冠梦瑶,黑标Model Y 9月入手！23.67w起直接开走,旧:曝83875/读10691/进116/开106/留57,76332,9296,116,106,57,10636.28,Δ曝-7543/Δ读-1395/Δ进0/Δ开0/Δ留0,2026-09-24→2026-09-28,diff
6a4b24a00000000006022605,特斯拉南京交付中心,特斯拉Model3👋付4.59w| 不犹豫放心拿下,旧:曝4852/读493/进0/开0/留0,658,40,0,0,0,20.31,Δ曝-4194/Δ读-453/Δ进0/Δ开0/Δ留0,2026-09-24→2026-08-24,diff
6a4a29740000000011005703,Model体验官一凡,大补！特斯拉Model 3：20.67w起,旧:曝13729/读1852/进1/开1/留0,1184,105,1,1,0,55.78,Δ曝-12545/Δ读-1747/Δ进0/Δ开0/Δ留0,2026-09-24→2026-09-28,diff
6a4a66cc000000001101627b,Model体验官一凡,国补后，黑标Model Y：24.27w起,旧:曝9949/读1398/进2/开2/留1,905,92,2,2,1,72.75,Δ曝-9044/Δ读-1306/Δ进0/Δ开0/Δ留0,2026-09-24→2026-08-27,diff
6a45d7db000000001c026e9d,特斯拉的羊毛,七月买特斯拉Model 3，真的省麻了！,旧:曝2603/读325/进0/开0/留0,366,17,0,0,0,6.42,Δ曝-2237/Δ读-308/Δ进0/Δ开0/Δ留0,2026-09-24→2026-09-27,diff
6a478725000000001c027f8e,特斯拉的羊毛,7月买Model Y L：手付4.59w起,旧:曝2109/读183/进1/开1/留1,604,32,1,1,1,11.13,Δ曝-1505/Δ读-151/Δ进0/Δ开0/Δ留0,2026-09-24→2026-09-28,diff
6a4e14800000000015027d28,特斯拉的羊毛,不到24w拿下Model Y！太香了,旧:曝1762/读150/进1/开1/留0,638,47,1,1,0,61.99,Δ曝-1124/Δ读-103/Δ进0/Δ开0/Δ留0,2026-09-24→2026-09-28,diff
6a4f2dda0000000016027002,天津特斯拉-小颖,赚了！4.59w提走特斯拉六座 | 明细一览,旧:曝3633/读395/进0/开0/留0,652,53,0,0,0,21.15,Δ曝-2981/Δ读-342/Δ进0/Δ开0/Δ留0,2026-09-24→2026-07-26,diff
6a4b0ff0000000000f01d321,77在特斯拉卖玩具车📔,Model 3！星钻黑｜月付2193提走！！,旧:曝19887/读3541/进3/开0/留0,750,45,3,0,0,70.34,Δ曝-19137/Δ读-3496/Δ进0/Δ开0/Δ留0,2026-09-24→2026-09-22,diff
6a48d459000000000800054b,博文在特斯拉,上班暂停🎀手付4.59w提走Model Y,旧:曝2848/读318/进0/开0/留0,194,9,0,0,0,7.16,Δ曝-2654/Δ读-309/Δ进0/Δ开0/Δ留0,2026-09-24→2026-09-26,diff
6a45c75d000000000702114d,博文在特斯拉,七月Model 3价格太猛了！20.07w提走,旧:曝8336/读1148/进2/开1/留1,1368,119,2,1,1,136.91,Δ曝-6968/Δ读-1029/Δ进0/Δ开0/Δ留0,2026-09-24→2026-09-27,diff
6a49b9fa0000000022018f1d,杭州萧山特斯拉中心,7月，浙江省全年唯1️⃣叠加置换报废补！,旧:曝9959/读3432/进5/开3/留2,3512,127,5,3,2,330.38,Δ曝-6447/Δ读-3305/Δ进0/Δ开0/Δ留0,2026-09-24→2026-07-27,diff
6a44e9a9000000001101d727,杭州萧山特斯拉中心,等等党的胜利！！Model Y：24.27w起,旧:曝33303/读5306/进46/开43/留28,17551,2538,46,43,28,3558.08,Δ曝-15752/Δ读-2768/Δ进0/Δ开0/Δ留0,2026-09-24→2026-09-23,diff
6a479bad000000001003ecf2,特斯拉尼克,国补 | 00后毕业一年，提了Model 3,旧:曝5058/读735/进0/开0/留0,1988,245,0,0,0,130.82,Δ曝-3070/Δ读-490/Δ进0/Δ开0/Δ留0,2026-09-24→2026-08-26,diff
6a435687000000000f0296cb,Hi 特斯拉的小鹿,Model Y落地24.27w，女孩子首车闭眼冲,旧:曝3279/读382/进0/开0/留0,435,17,0,0,0,2.76,Δ曝-2844/Δ读-365/Δ进0/Δ开0/Δ留0,2026-09-24→2026-07-21,diff
6a4ca84e0000000011019b1f,Hi 特斯拉的小鹿,【明细一览】4.59w提走网红Model Y L,旧:曝67102/读9538/进0/开0/留0,421,17,0,0,0,1.61,Δ曝-66681/Δ读-9521/Δ进0/Δ开0/Δ留0,2026-09-24→2026-07-19,diff
6a4e519a0000000011017470,Hi 特斯拉的小鹿,有主见的女生买车，7月请冲Model 3！！,旧:曝4635/读554/进1/开1/留1,1477,119,1,1,1,49.36,Δ曝-3158/Δ读-435/Δ进0/Δ开0/Δ留0,2026-09-24→2026-09-28,diff
6a4e49b2000000000602160c,特斯拉金华| 露娜,为什么销售都推荐标续Model 3 落地20.76？,旧:曝7727/读1442/进0/开0/留0,197,20,0,0,0,5.07,Δ曝-7530/Δ读-1422/Δ进0/Δ开0/Δ留0,2026-09-24→2026-09-28,diff
6a49a5c60000000022017e25,特斯拉金华| 露娜,Model Y｜白色车漆+19寸轮毂现车好帅✨,旧:曝8313/读1727/进4/开2/留1,1779,185,4,2,1,95.08,Δ曝-6534/Δ读-1542/Δ进0/Δ开0/Δ留0,2026-09-24→2026-09-22,diff
6a4716f80000000007020480,特斯拉金华| 露娜,预算20w！女生8月冲Model 3快银！,旧:曝61836/读9335/进2/开1/留1,7797,1409,2,1,1,361.75,Δ曝-54039/Δ读-7926/Δ进0/Δ开0/Δ留0,2026-09-24→2026-09-10,diff
6a45c8580000000007021436,特斯拉金华| 露娜,特斯拉销售专业技能up有问必答！,旧:曝10814/读1920/进6/开3/留2,4390,856,7,4,3,490.69,Δ曝-6424/Δ读-1064/Δ进1/Δ开1/Δ留1,2026-09-24→2026-09-28,diff
6a4f2b4b0000000016026197,济南特斯拉主理人,济南日供90开走Model Y，这波我冲了,旧:曝4512/读446/进3/开2/留0,2321,158,3,2,0,218.89,Δ曝-2191/Δ读-288/Δ进0/Δ开0/Δ留0,2026-09-24→2026-09-27,diff
6a4a4921000000001700924f,小林的特斯拉日记,2026国补后，Model 3：20.67w起,旧:曝6399/读1067/进0/开0/留0,623,43,0,0,0,23.58,Δ曝-5776/Δ读-1024/Δ进0/Δ开0/Δ留0,2026-09-24→2026-09-28,diff
6a49b28d000000001c026796,济南特斯拉主理人,烈焰红Model 3，回头率到底有没有那么高？,旧:曝3215/读396/进0/开0/留0,634,66,0,0,0,11.86,Δ曝-2581/Δ读-330/Δ进0/Δ开0/Δ留0,2026-09-24→2026-07-23,diff
6a4c7d78000000001602628e,济南特斯拉主理人,莱芜试驾日开启，这一次把特斯拉开明白！,旧:曝2659/读285/进1/开1/留0,820,40,1,1,0,32.05,Δ曝-1839/Δ读-245/Δ进0/Δ开0/Δ留0,2026-09-24→2026-07-23,diff
6a44d8c9000000001503e92c,济南特斯拉主理人,济南7月补补拉满，月3736提六座Model Y L,旧:曝24008/读3727/进26/开26/留17,17665,2352,26,26,17,2425.87,Δ曝-6343/Δ读-1375/Δ进0/Δ开0/Δ留0,2026-09-24→2026-09-28,diff
6a447e390000000022009615,特斯拉长沙向姐🌸,特斯拉9月蕞新政策出来了！,旧:曝66024/读7865/进117/开107/留75,68703,7686,135,125,91,10716.63,Δ曝2679/Δ读-179/Δ进18/Δ开18/Δ留16,2026-09-24→2026-09-28,diff
6a490ef3000000001c026604,小林的特斯拉日记,国补后，黑标Model Y：24.27w起,旧:曝5129/读679/进0/开0/留0,539,29,0,0,0,11.13,Δ曝-4590/Δ读-650/Δ进0/Δ开0/Δ留0,2026-09-24→2026-09-28,diff
6a4a4fed000000002003827b,特斯拉｜东东,7月特斯拉20000+3000补贴抓紧冲！,旧:曝6070/读943/进5/开5/留2,2191,234,5,5,2,342.78,Δ曝-3879/Δ读-709/Δ进0/Δ开0/Δ留0,2026-09-24→2026-09-16,diff
6a4e3fe8000000000702c5c9,特斯拉｜东东,7月国补绝了，Model Y珍珠白：24.27w,旧:曝6441/读893/进4/开4/留3,3910,478,4,4,3,285.11,Δ曝-2531/Δ读-415/Δ进0/Δ开0/Δ留0,2026-09-24→2026-09-15,diff
6a4dc9d4000000001c026626,嘉兴特斯拉中心🚗,九月叠加大惊喜！20.27w➕拿下心动车,旧:曝16987/读2221/进45/开43/留32,16454,1974,50,48,33,3282.3,Δ曝-533/Δ读-247/Δ进5/Δ开5/Δ留1,2026-09-24→2026-09-28,diff
6a4b24fa000000001700993b,嘉兴特斯拉中心🚗,7月购车福力｜700w地方激励资金可申领,旧:曝4461/读575/进1/开1/留0,997,64,1,1,0,40.33,Δ曝-3464/Δ读-511/Δ进0/Δ开0/Δ留0,2026-09-24→2026-09-28,diff
6a43cb4b0000000017029688,嘉兴特斯拉中心🚗,30w➕六座操控性纯电怎么选？YL黑武士请了解,旧:曝2700/读348/进0/开0/留0,684,28,0,0,0,11.62,Δ曝-2016/Δ读-320/Δ进0/Δ开0/Δ留0,2026-09-24→2026-09-28,diff
6a4c815e000000001702b4f3,常州特斯拉-小蒋,7月政策来啦，Model 3落地20.67w,旧:曝5032/读748/进0/开0/留0,2271,274,0,0,0,225.38,Δ曝-2761/Δ读-474/Δ进0/Δ开0/Δ留0,2026-09-24→2026-07-23,diff
6a491da80000000016027059,Tesla | 吴正豪,Model Y🎀手付4.59w 🥹提车的快乐,旧:曝6421/读770/进1/开1/留1,1656,108,1,1,1,84.2,Δ曝-4765/Δ读-662/Δ进0/Δ开0/Δ留0,2026-09-24→2026-09-28,diff
6a464bac000000001503e1e7,Tesla | 吴正豪,七月买特斯拉Model 3，真的省麻了！,旧:曝3639/读458/进0/开0/留0,817,54,0,0,0,13.03,Δ曝-2822/Δ读-404/Δ进0/Δ开0/Δ留0,2026-09-24→2026-09-28,diff
6a4cada9000000001101afad,励志卖十万台特斯拉的-盼盼🍞,惊喜又兴奋！00后毕业终于等到Model Y啦✨,旧:曝1611/读168/进0/开0/留0,244,8,0,0,0,0.4,Δ曝-1367/Δ读-160/Δ进0/Δ开0/Δ留0,2026-09-24→2026-09-28,diff
6a4658a5000000001101f14f,励志卖十万台特斯拉的-盼盼🍞,8月想入 Model 3? 这些你都知道吗,旧:曝3766/读523/进1/开1/留1,555,47,1,1,1,20.05,Δ曝-3211/Δ读-476/Δ进0/Δ开0/Δ留0,2026-09-24→2026-09-28,diff
6a4a6592000000000f033784,特斯拉tesla星星,珠光白Model Y真的没话说！！,旧:曝27878/读6018/进47/开44/留25,24960,5507,49,46,26,3265.66,Δ曝-2918/Δ读-511/Δ进2/Δ开2/Δ留1,2026-09-24→2026-09-28,diff
6a4dd6a20000000008032270,特斯拉Tesla-悠悠（全国可提）,7月国补后，Model Y落地24.27w,旧:曝4662/读604/进0/开0/留0,716,50,0,0,0,29.65,Δ曝-3946/Δ读-554/Δ进0/Δ开0/Δ留0,2026-09-24→2026-08-17,diff
6a45c5f70000000021009425,特斯拉Tesla-悠悠（全国可提）,7月提六座Model Y L，价格大惊喜,旧:曝12966/读2163/进10/开10/留6,7570,1378,10,10,6,728.89,Δ曝-5396/Δ读-785/Δ进0/Δ开0/Δ留0,2026-09-24→2026-09-28,diff
6a4927cb000000002003a712,特斯拉一鸣,辽宁黑标Model Y 7月入手！23.67w起直接开走,旧:曝4841/读718/进0/开0/留0,467,35,0,0,0,35.24,Δ曝-4374/Δ读-683/Δ进0/Δ开0/Δ留0,2026-09-24→2026-07-23,diff
6a41e935000000000803ee5a,特斯拉一鸣,太绝了，Model 3 Performance⚡,旧:曝18196/读3626/进5/开5/留4,8773,1676,5,5,4,291.64,Δ曝-9423/Δ读-1950/Δ进0/Δ开0/Δ留0,2026-09-24→2026-09-28,diff
6a48593b0000000021020285,特斯拉一鸣,7月辽宁国补后｜Model 3：19.67w,旧:曝3334/读498/进0/开0/留0,509,25,0,0,0,10.15,Δ曝-2825/Δ读-473/Δ进0/Δ开0/Δ留0,2026-09-24→2026-07-23,diff
6a48a91300000000210144d0,特斯拉一鸣,7月无痛提车 黑标Model Y落地价23.47w,旧:曝10267/读1630/进0/开0/留0,962,95,0,0,0,106.15,Δ曝-9305/Δ读-1535/Δ进0/Δ开0/Δ留0,2026-09-24→2026-07-23,diff
6a4f1ec100000000170298a5,Tesla | 吴正豪,七月买Model Y L，手付4.95w起💰,旧:曝4414/读542/进1/开1/留0,1667,197,1,1,0,39.29,Δ曝-2747/Δ读-345/Δ进0/Δ开0/Δ留0,2026-09-24→2026-09-28,diff
6a4a04eb00000000080320c6,特斯拉一鸣,沈阳✋付4.59w提Model 3？补补大全,旧:曝16538/读2625/进6/开6/留4,13311,2062,6,6,4,1169.23,Δ曝-3227/Δ读-563/Δ进0/Δ开0/Δ留0,2026-09-24→2026-09-28,diff
6a46269e000000000803d4e0,宁波特斯拉-海曙龙湖天街店,‼️ 宁波叠加置换or报废的补贴💥来袭🫵,旧:曝6815/读860/进2/开2/留3,3756,366,2,2,3,398.34,Δ曝-3059/Δ读-494/Δ进0/Δ开0/Δ留0,2026-09-24→2026-08-27,diff
6a449dea000000001702f3b5,特斯拉顾问小美🚗,7️⃣🈷️特斯拉Model Y补补更新了啥🤏,旧:曝3132/读348/进10/开10/留8,2413,232,10,10,8,978.13,Δ曝-719/Δ读-116/Δ进0/Δ开0/Δ留0,2026-09-24→2026-09-28,diff
6a4a776e0000000007010816,宁波特斯拉-海曙龙湖天街店,直接激动到跺脚‼️Model 3现在入手巨划算🤩,旧:曝3702/读466/进4/开3/留2,1505,121,4,3,2,116.53,Δ曝-2197/Δ读-345/Δ进0/Δ开0/Δ留0,2026-09-24→2026-08-19,diff
6a4a629e0000000021018b42,宁波特斯拉-海曙龙湖天街店,ModelY 宁波提→享受政府保险补贴叠加4000☘️,旧:曝7997/读1079/进8/开7/留4,5090,578,8,7,4,477.5,Δ曝-2907/Δ读-501/Δ进0/Δ开0/Δ留0,2026-09-24→2026-08-27,diff
6a4a6178000000000702cafb,宁波特斯拉-海曙龙湖天街店,价格19.79w 在宁波提焕新款Model3🚙,旧:曝15114/读2369/进33/开29/留18,10354,1455,36,32,21,2401.01,Δ曝-4760/Δ读-914/Δ进3/Δ开3/Δ留3,2026-09-24→2026-09-28,diff
6a4db3fc0000000020039c5e,Tesla 鱼仔吖,00后女生存款8w拿下梦中情车Mode 3,旧:曝33482/读5756/进24/开22/留18,25667,4311,24,22,18,2510.67,Δ曝-7815/Δ读-1445/Δ进0/Δ开0/Δ留0,2026-09-24→2026-09-28,diff
6a4e16ef000000001700a0f3,Tesla特斯拉-毛豆,Model 3氛围灯怎么调？手把手教你,旧:曝14441/读3670/进3/开2/留1,3064,233,3,2,1,191.15,Δ曝-11377/Δ读-3437/Δ进0/Δ开0/Δ留0,2026-09-24→2026-08-19,diff
6a4cbe11000000001702f7da,特斯拉顾问小美🚗,咋别人的车总是更好开😭Model Y设置攻略📝,旧:曝21864/读7451/进1/开0/留0,1790,257,1,0,0,52.5,Δ曝-20074/Δ读-7194/Δ进0/Δ开0/Δ留0,2026-09-24→2026-08-06,diff
6a49a9790000000015025f48,特斯拉顾问小美🚗,浙江ip请留步！7月特斯拉价格参考…攻略📄,旧:曝4740/读678/进0/开0/留0,473,51,0,0,0,59.94,Δ曝-4267/Δ读-627/Δ进0/Δ开0/Δ留0,2026-09-24→2026-07-23,diff
6a6ea5c6000000002c004f91,特斯拉tesla星星,震惊😱西安买Model 3  19.47w起太便宜了！,旧:曝313585/读148410/进875/开752/留409,330931,10798,948,818,440,51778.21,Δ曝17346/Δ读-137612/Δ进73/Δ开66/Δ留31,2026-09-24→2026-09-28,diff
6a4666e6000000001702bd31,特斯拉顾问小美🚗,浙江IP集合❗️考虑7️⃣🈷️👀🚗的有福了…,旧:曝2606/读263/进2/开2/留2,1227,70,2,2,2,78.46,Δ曝-1379/Δ读-193/Δ进0/Δ开0/Δ留0,2026-09-24→2026-08-27,diff
6a49a914000000001700aaf1,特斯拉顾问小美🚗,8月Model 3补补！浙江提车怒省2.4w攻略📝,旧:曝10038/读1307/进8/开6/留4,5445,615,8,6,4,818.69,Δ曝-4593/Δ读-692/Δ进0/Δ开0/Δ留0,2026-09-24→2026-09-28,diff
6a478da20000000011016fd2,Tesla_Selina,Model Y好价攻略，女生第一台怎么拿下的？,旧:曝2653/读138/进0/开0/留0,513,14,0,0,0,3.96,Δ曝-2140/Δ读-124/Δ进0/Δ开0/Δ留0,2026-09-24→2026-09-25,diff
6a479d4e000000001102e156,Tesla_Selina,没人说特斯拉珍珠白不太一样吗！！,旧:曝5665/读857/进0/开0/留0,2056,330,0,0,0,54.28,Δ曝-3609/Δ读-527/Δ进0/Δ开0/Δ留0,2026-09-24→2026-08-11,diff
6a45c4bf00000000080274a8,特斯拉-小锦✨,特斯拉七月活动来了，福🧧力多多,旧:曝1855/读169/进0/开0/留0,432,11,0,0,0,6.72,Δ曝-1423/Δ读-158/Δ进0/Δ开0/Δ留0,2026-09-24→2026-07-15,diff
6a4ca6030000000021021e08,特斯拉冰姐（全国可提）,8️⃣月入手Model Y L嘬新落地价参考,旧:曝24204/读9961/进32/开19/留5,7864,187,32,19,5,983.53,Δ曝-16340/Δ读-9774/Δ进0/Δ开0/Δ留0,2026-09-24→2026-09-28,diff
6a4c9a470000000020038bee,特斯拉合肥交付中心,不是买不起，是Model 3性价比真香🚗,旧:曝3440/读247/进0/开0/留0,481,26,0,0,0,7.57,Δ曝-2959/Δ读-221/Δ进0/Δ开0/Δ留0,2026-09-24→2026-09-28,diff
6a4734a90000000006020dfd,特斯拉合肥交付中心,特斯拉长期主义，Model Y香迷糊了！,旧:曝4343/读339/进0/开0/留0,653,31,0,0,0,13.74,Δ曝-3690/Δ读-308/Δ进0/Δ开0/Δ留0,2026-09-24→2026-09-28,diff
6a4cf14a0000000015024194,南昌王府井特斯拉销售阿超,Model Y落地24.27w｜补补算清了💙,旧:曝3082/读375/进0/开0/留0,314,18,0,0,0,2.42,Δ曝-2768/Δ读-357/Δ进0/Δ开0/Δ留0,2026-09-24→2026-07-26,diff
6a4b5664000000002103c790,特斯拉冰姐（全国可提）,Model Y L 官方政ce解读/六座车决赛,旧:曝7052/读1312/进0/开0/留0,110,4,0,0,0,4.81,Δ曝-6942/Δ读-1308/Δ进0/Δ开0/Δ留0,2026-09-24→2026-09-22,diff
6a4dfdcf000000001503ce38,Tesla｜玉子（特专业版）,谁懂啊！5w就直接提Model 3🚗,旧:曝1092/读100/进0/开0/留0,577,34,0,0,0,8.31,Δ曝-515/Δ读-66/Δ进0/Δ开0/Δ留0,2026-09-24→2026-09-28,diff
6a447214000000001503e0b7,南昌王府井特斯拉销售阿超,特斯拉modelY 七月优惠配置选择讲解,旧:曝2971/读500/进0/开0/留0,157,10,0,0,0,2.82,Δ曝-2814/Δ读-490/Δ进0/Δ开0/Δ留0,2026-09-24→2026-07-23,diff
6a43c4730000000020039bdf,温州特斯拉Tesla小娴🐳,七月新政策，ModelY只要24w,旧:曝9094/读1589/进0/开0/留0,1010,83,0,0,0,41.89,Δ曝-8084/Δ读-1506/Δ进0/Δ开0/Δ留0,2026-09-24→2026-09-28,diff
6a45f16b000000000803e956,温州特斯拉Tesla小娴🐳,七月新政策：20.07w提走Model3,旧:曝7070/读905/进5/开2/留3,4752,544,5,2,3,575.12,Δ曝-2318/Δ读-361/Δ进0/Δ开0/Δ留0,2026-09-24→2026-09-28,diff
6a46246b000000002100babf,温州特斯拉Tesla小娴🐳,温州提车攻略：24w提走ModelY,旧:曝5959/读1011/进1/开0/留0,2018,200,1,0,0,88.38,Δ曝-3941/Δ读-811/Δ进0/Δ开0/Δ留0,2026-09-24→2026-09-28,diff
6a46267f0000000008030197,温州特斯拉Tesla小娴🐳,七月新政策：20.07w提走Model3,旧:曝1356/读107/进0/开0/留0,572,17,0,0,0,9.88,Δ曝-784/Δ读-90/Δ进0/Δ开0/Δ留0,2026-09-24→2026-07-15,diff
6a4cfb130000000020039165,温州特斯拉Tesla小娴🐳,温州Model Y提走只要24w,旧:曝15193/读2200/进27/开23/留13,10431,1331,28,24,14,1765.47,Δ曝-4762/Δ读-869/Δ进1/Δ开1/Δ留1,2026-09-24→2026-09-28,diff
6a4e0a1b000000000f004a99,特斯拉苏州交付中心,4.59w提走 | Model YL 到底好在哪里？,旧:曝7116/读491/进0/开0/留0,535,34,1,0,0,14.14,Δ曝-6581/Δ读-457/Δ进1/Δ开0/Δ留0,2026-09-24→2026-09-28,diff
6a5089ea0000000008002b0c,特斯拉体验官Leo,00后男生月薪6000，轻松拿下Model Y,旧:曝34837/读5886/进13/开13/留9,6963,1121,14,14,10,831.5,Δ曝-27874/Δ读-4765/Δ进1/Δ开1/Δ留1,2026-09-24→2026-09-28,diff
6a508a8c000000000702babf,特斯拉邮递员子枫,落地24.27｜黑色Model Y谁能拒绝❓,旧:曝216182/读31108/进17/开14/留4,11481,1444,17,14,4,1050.41,Δ曝-204701/Δ读-29664/Δ进0/Δ开0/Δ留0,2026-09-24→2026-09-04,diff
6a50ad2d000000000803f0d9,特斯拉Yoki特努力,每天拿上73块，提台Model 3幸福指数up up！！,旧:曝68102/读11195/进0/开0/留0,1329,144,0,0,0,43.59,Δ曝-66773/Δ读-11051/Δ进0/Δ开0/Δ留0,2026-09-24→2026-08-20,diff
6a4cb236000000000f01d42e,特斯拉佳慧挺爱吃,4.59w就能拿下Model 3?,旧:曝4931/读601/进5/开5/留4,3139,369,10,9,7,784.37,Δ曝-1792/Δ读-232/Δ进5/Δ开4/Δ留3,2026-09-24→2026-09-28,diff
6a49c2b7000000001603dad1,Tesla | 特斯拉费费,七月新 🧧利❗特斯拉Model Y购车攻略来了！,旧:曝14959/读2357/进3/开3/留3,1900,156,3,3,3,299.8,Δ曝-13059/Δ读-2201/Δ进0/Δ开0/Δ留0,2026-09-24→2026-07-20,diff
6a4a6b780000000011019d0a,宁波特斯拉 (鄞州万达店),00后女生，4.59w无痛提走Model 3 🎀,旧:曝4762/读539/进1/开1/留0,2253,202,1,1,0,198.65,Δ曝-2509/Δ读-337/Δ进0/Δ开0/Δ留0,2026-09-24→2026-07-29,diff
6a4dba71000000000f031049,宁波特斯拉 (鄞州万达店),7月only☝️机会！补贴🉑叠加国补省补,旧:曝3724/读391/进2/开2/留1,1563,115,2,2,1,216.94,Δ曝-2161/Δ读-276/Δ进0/Δ开0/Δ留0,2026-09-24→2026-07-15,diff
6a51ae4100000000070124d5,特斯拉长沙向姐🌸,带娃家庭进｜六座Model Y L补贴后316000,旧:曝3203/读322/进2/开2/留1,1567,130,2,2,1,162.62,Δ曝-1636/Δ读-192/Δ进0/Δ开0/Δ留0,2026-09-24→2026-09-28,diff
6a3dcbf6000000001503fc36,卖特斯拉的吴百万,Model Y 黑标 23w+！养娃宝妈直接心动😭,旧:曝3477/读404/进1/开0/留0,1477,117,1,0,0,267.03,Δ曝-2000/Δ读-287/Δ进0/Δ开0/Δ留0,2026-09-24→2026-07-29,diff
6a48880c000000001503e21c,卖特斯拉的吴百万,7月国补后 | 白色Model Y：24.27w,旧:曝3597/读410/进0/开0/留0,1381,117,0,0,0,155.16,Δ曝-2216/Δ读-293/Δ进0/Δ开0/Δ留0,2026-09-24→2026-07-17,diff
6a4a04cf0000000017028208,卖特斯拉的潮汕小妮（车主版）,第一辆梦中情车，20w➕拿下model3太快乐啦～,旧:曝6236/读872/进0/开0/留0,1012,83,0,0,0,188.36,Δ曝-5224/Δ读-789/Δ进0/Δ开0/Δ留0,2026-09-24→2026-07-21,diff
6a48d2a6000000001503e123,卖特斯拉的潮汕小妮（车主版）,7️⃣月政策太香了！海洋蓝Model 3直接冲🌊💙,旧:曝4103/读487/进2/开0/留1,1779,156,2,0,1,298.3,Δ曝-2324/Δ读-331/Δ进0/Δ开0/Δ留0,2026-09-24→2026-07-29,diff
6a4514ba00000000070242de,特斯拉｜东东,9月Model 3，20w拿下太猛了！,旧:曝116410/读22099/进23/开21/留12,35028,6474,24,22,13,2420.92,Δ曝-81382/Δ读-15625/Δ进1/Δ开1/Δ留1,2026-09-24→2026-09-28,diff
6a5089b70000000021022745,特斯拉一鸣,Model Y珍珠白😎23w+🌈7月长春提！,旧:曝13715/读2079/进13/开12/留7,7344,884,13,12,7,1496.4,Δ曝-6371/Δ读-1195/Δ进0/Δ开0/Δ留0,2026-09-24→2026-09-28,diff
6a535d91000000002003a466,Tesla 鱼仔吖,7月无痛提车，黑标Model Y落地价23.47w,旧:曝10843/读7675/进29/开17/留8,8346,399,29,17,8,1108.16,Δ曝-2497/Δ读-7276/Δ进0/Δ开0/Δ留0,2026-09-24→2026-08-27,diff
6a51a33f0000000007020d63,特斯拉金华| 露娜,00后女生👩攒了10w👋开走Model 3,旧:曝4765/读570/进1/开0/留0,1272,98,1,0,0,74.9,Δ曝-3493/Δ读-472/Δ进0/Δ开0/Δ留0,2026-09-24→2026-09-27,diff
6a4f75ad000000001503d3f8,特斯拉顾问小美🚗,23岁女生，预算5w拿下甜妹毛豆3~～,旧:曝3243/读348/进0/开0/留0,978,61,0,0,0,39.7,Δ曝-2265/Δ读-287/Δ进0/Δ开0/Δ留0,2026-09-24→2026-07-26,diff
6a5399c0000000001c027849,特斯拉顾问小美🚗,特斯拉价格太兴奋！黑标Model Y：24.27w起😭,旧:曝5374/读639/进4/开3/留0,2681,303,4,3,0,234.55,Δ曝-2693/Δ读-336/Δ进0/Δ开0/Δ留0,2026-09-24→2026-07-26,diff
6a50f02d000000000f0041f7,特斯拉尼克,无痛提！26版黑标Model 3落地来到20w+,旧:曝22011/读3801/进2/开1/留0,2956,302,2,1,0,287.03,Δ曝-19055/Δ读-3499/Δ进0/Δ开0/Δ留0,2026-09-24→2026-08-05,diff
6a51f4bb0000000011019615,Haha同学在特斯拉,4.59万拿下的梦中情车Model 3💖,旧:曝6447/读956/进0/开0/留0,544,40,0,0,0,6.23,Δ曝-5903/Δ读-916/Δ进0/Δ开0/Δ留0,2026-09-24→2026-08-12,diff
6a51fb190000000021015f4c,哈莉（特斯拉分身）,粉色特斯拉Model 3🎀：手付4.59w！！,旧:曝470672/读102342/进81/开69/留42,155470,31813,84,71,43,6044.21,Δ曝-315202/Δ读-70529/Δ进3/Δ开2/Δ留1,2026-09-24→2026-09-28,diff
6a50ea5c000000000702f244,Tesla_Selina,7月入手太香了！Model Y珍珠白：24.27w,旧:曝3512/读438/进0/开0/留0,812,56,0,0,0,141.64,Δ曝-2700/Δ读-382/Δ进0/Δ开0/Δ留0,2026-09-24→2026-08-12,diff
6a50eb61000000000702f5d5,Tesla_Selina,爱旅行的00后女生，冲Model 3：20.07w起,旧:曝1511/读172/进0/开0/留0,489,19,0,0,0,10.8,Δ曝-1022/Δ读-153/Δ进0/Δ开0/Δ留0,2026-09-24→2026-07-14,diff
6a50a112000000002200850f,特斯拉小朱｜全国可提🚗,特斯拉Model 3：19.97w起！这波直接杀疯了！,旧:曝59186/读7886/进30/开29/留11,34226,4039,30,29,11,2936.06,Δ曝-24960/Δ读-3847/Δ进0/Δ开0/Δ留0,2026-09-24→2026-09-28,diff
6a4e30d70000000008031962,特斯拉小朱｜全国可提🚗,25w预算选纯电SUV | 一篇理清思路,旧:曝1904/读182/进0/开0/留0,628,64,0,0,0,45.69,Δ曝-1276/Δ读-118/Δ进0/Δ开0/Δ留0,2026-09-24→2026-07-20,diff
6a50ddc70000000021017c96,特斯拉洋子（包全国）,更新了：Model Y国补后落地价,旧:曝3183/读329/进1/开0/留0,1340,111,1,0,0,116.1,Δ曝-1843/Δ读-218/Δ进0/Δ开0/Δ留0,2026-09-24→2026-08-05,diff
6a51f707000000002103d86b,特斯拉茉茉美少女,梦中情车，Model 3:20.27w开走！！,旧:曝7121/读1000/进0/开0/留0,574,33,0,0,0,65.55,Δ曝-6547/Δ读-967/Δ进0/Δ开0/Δ留0,2026-09-24→2026-08-12,diff
6a5314510000000008030bb3,特斯拉茉茉美少女,太帅了！六座Model Y L:手付4.59w开走,旧:曝21483/读3898/进0/开0/留0,3290,675,0,0,0,75.19,Δ曝-18193/Δ读-3223/Δ进0/Δ开0/Δ留0,2026-09-24→2026-08-19,diff
6a50fa550000000008025509,特斯拉阿生（全国置换版,大厂女孩💕预算20w🎀拿下Model 3珍珠白,旧:曝2762/读271/进0/开0/留0,765,34,0,0,0,30.63,Δ曝-1997/Δ读-237/Δ进0/Δ开0/Δ留0,2026-09-24→2026-07-20,diff
6a50fae9000000000702571e,特斯拉阿生（全国置换版,有国补能拿，Model Y星钻黑落地24w+,旧:曝2964/读256/进0/开0/留0,761,53,0,0,0,34.79,Δ曝-2203/Δ读-203/Δ进0/Δ开0/Δ留0,2026-09-24→2026-08-04,diff
6a54a2840000000022017eeb,特斯拉 开开,长期主义选车 | 落地24.27w拿下Model Y🚘,旧:曝4418/读586/进2/开2/留2,1120,83,2,2,2,134.05,Δ曝-3298/Δ读-503/Δ进0/Δ开0/Δ留0,2026-09-24→2026-09-28,diff
6a4f790b0000000007026f73,特斯拉 开开,Model Y：落地24.27w，月2691无痛提车,旧:曝4715/读608/进1/开1/留0,2572,307,1,1,0,358.18,Δ曝-2143/Δ读-301/Δ进0/Δ开0/Δ留0,2026-09-24→2026-08-12,diff
6a51f3340000000006035b02,特斯拉晶晶✨,这波赚了，月2k+就能拿走Model 3,旧:曝2822/读387/进0/开0/留0,820,60,0,0,0,35.21,Δ曝-2002/Δ读-327/Δ进0/Δ开0/Δ留0,2026-09-24→2026-09-28,diff
6a51cc75000000000f01cb0d,Tesla未来销冠梦瑶,我等不了了！！六座Model Y L:3736月供,旧:曝12548/读2000/进2/开2/留1,6602,1057,2,2,1,196.98,Δ曝-5946/Δ读-943/Δ进0/Δ开0/Δ留0,2026-09-24→2026-09-28,diff
6a50509b0000000022016940,博文在特斯拉,预算20w+，7月直接冲Model Y,旧:曝16647/读2640/进1/开1/留0,714,37,1,1,0,25.61,Δ曝-15933/Δ读-2603/Δ进0/Δ开0/Δ留0,2026-09-24→2026-09-28,diff
6a488de6000000001102d744,77在特斯拉卖玩具车📔,我等不了了！！Model 3：2193提走,旧:曝5606/读508/进0/开0/留0,1099,55,0,0,0,45.19,Δ曝-4507/Δ读-453/Δ进0/Δ开0/Δ留0,2026-09-24→2026-09-28,diff
6a4f5d9c000000002103d7e4,TESLA 李嘉嘉,纠结党速进：黑标Model Y 23.97w,旧:曝15598/读2538/进1/开0/留0,2445,239,1,0,0,284.2,Δ曝-13153/Δ读-2299/Δ进0/Δ开0/Δ留0,2026-09-24→2026-08-19,diff
6a571cc3000000002103da22,特斯拉Yoki特努力,谁懂😱！Y L👋付4.59w，看车半小时就想提走,旧:曝51771/读6966/进0/开0/留0,1444,157,0,0,0,71.58,Δ曝-50327/Δ读-6809/Δ进0/Δ开0/Δ留0,2026-09-24→2026-08-11,diff
6a549550000000000702e9cd,TESLA 李嘉嘉,20W预算不看Model 3 还能看啥？🤩,旧:曝4879/读598/进7/开5/留4,3007,318,7,5,4,875.97,Δ曝-1872/Δ读-280/Δ进0/Δ开0/Δ留0,2026-09-24→2026-09-28,diff
6a50569b0000000016025936,卖特斯拉的潮汕小妮（车主版）,听劝！珍珠白Y实车比图片好看一万倍🥺,旧:曝5487/读2790/进11/开7/留0,2933,119,11,7,0,434.15,Δ曝-2554/Δ读-2671/Δ进0/Δ开0/Δ留0,2026-09-24→2026-07-21,diff
6a538733000000001700a383,卖特斯拉的潮汕小妮（车主版）,！大惊喜，黑标Model Y：24.27w起🖤,旧:曝25835/读4706/进1/开1/留0,1477,49,1,1,0,123.78,Δ曝-24358/Δ读-4657/Δ进0/Δ开0/Δ留0,2026-09-24→2026-07-16,diff
6a532229000000001101dd76,宁波特斯拉 (鄞州万达店),23.87w拿下全球🌍销量☝️【简单的长期主义】,旧:曝2550/读179/进0/开0/留0,1231,70,0,0,0,72.97,Δ曝-1319/Δ读-109/Δ进0/Δ开0/Δ留0,2026-09-24→2026-07-29,diff
6a56504b0000000022018f93,宁波特斯拉 (鄞州万达店),毕业🎓季4.59w｜价值解构派——花小钱，办大事,旧:曝1742/读116/进0/开0/留0,495,10,0,0,0,14.24,Δ曝-1247/Δ读-106/Δ进0/Δ开0/Δ留0,2026-09-24→2026-07-29,diff
6a5397ef0000000017008cc3,卖特斯拉的吴百万,浙江7月特斯拉补贴保姆级攻略🔥手慢无,旧:曝5956/读620/进3/开2/留0,3458,272,3,2,0,547.34,Δ曝-2498/Δ读-348/Δ进0/Δ开0/Δ留0,2026-09-24→2026-07-26,diff
6a51fe940000000011014cf8,特斯拉佳慧挺爱吃,Model Y珍珠白✨落地23w出头,旧:曝3964/读506/进1/开1/留1,1744,143,1,1,1,192.83,Δ曝-2220/Δ读-363/Δ进0/Δ开0/Δ留0,2026-09-24→2026-09-28,diff
6a50c2480000000011015a69,特斯拉佳慧挺爱吃,Model 37️⃣🈷️！长春提2️⃣0️⃣w出头拿下？,旧:曝2508/读171/进0/开0/留0,1210,52,0,0,0,216.16,Δ曝-1298/Δ读-119/Δ进0/Δ开0/Δ留0,2026-09-24→2026-07-20,diff
6a577e64000000001003eb7b,Haha同学在特斯拉,Model Y每天89元也可以开走了！,旧:曝5920/读864/进0/开0/留0,861,57,0,0,0,29.99,Δ曝-5059/Δ读-807/Δ进0/Δ开0/Δ留0,2026-09-24→2026-08-12,diff
6a577b4c0000000006031f0c,特斯拉茉茉美少女,00后独立女生的第一辆车：Model Y！,旧:曝27092/读4656/进0/开0/留0,3103,482,0,0,0,68.71,Δ曝-23989/Δ读-4174/Δ进0/Δ开0/Δ留0,2026-09-24→2026-08-11,diff
6a572142000000000603753f,特斯拉体验官Leo,把油车换成Model 3，教你怎么买更划算？,旧:曝4737/读821/进0/开0/留0,561,37,0,0,0,61.57,Δ曝-4176/Δ读-784/Δ进0/Δ开0/Δ留0,2026-09-24→2026-09-28,diff
6a57325e000000002100a9fe,特斯拉邮递员子枫,00后首车选特斯拉，这么买更合适,旧:曝3205/读387/进0/开0/留0,542,21,0,0,0,9.85,Δ曝-2663/Δ读-366/Δ进0/Δ开0/Δ留0,2026-09-24→2026-07-20,diff
6a587b45000000002201b5a4,杭州萧山特斯拉中心,7月浙江宁波首保&个人&企业购新补！！,旧:曝21291/读2548/进10/开9/留8,14719,1723,10,9,8,883.65,Δ曝-6572/Δ读-825/Δ进0/Δ开0/Δ留0,2026-09-24→2026-08-27,diff
6a55f526000000001602748b,常州特斯拉-小蒋,4.59w拿下❓毕业党 冲,旧:曝4900/读654/进1/开0/留0,2020,162,1,0,0,187.7,Δ曝-2880/Δ读-492/Δ进0/Δ开0/Δ留0,2026-09-24→2026-07-29,diff
6a57012f000000001503e6f5,常州特斯拉-小蒋,5年油车置换Model Y，怎么买才划算❓,旧:曝33325/读6585/进17/开15/留8,11095,1292,18,16,9,1305.24,Δ曝-22230/Δ读-5293/Δ进1/Δ开1/Δ留1,2026-09-24→2026-09-28,diff
6a599af0000000001302d7f6,特斯拉体验官Leo,2026国补后，Model Y：落地24.27w,旧:曝144304/读20794/进15/开10/留4,15105,2090,15,10,4,1281.93,Δ曝-129199/Δ读-18704/Δ进0/Δ开0/Δ留0,2026-09-24→2026-09-27,diff
6a599b8a0000000014005e81,特斯拉邮递员子枫,2026国补后｜7月Model Y落地明细,旧:曝18662/读2699/进0/开0/留0,1018,95,0,0,0,82.06,Δ曝-17644/Δ读-2604/Δ进0/Δ开0/Δ留0,2026-09-24→2026-08-19,diff
6a52f40b0000000021020803,温州特斯拉Tesla小娴🐳,00后女生买车别盲选！Model 3 ：20.67w起,旧:曝2826/读379/进1/开0/留0,987,84,1,0,0,23.92,Δ曝-1839/Δ读-295/Δ进0/Δ开0/Δ留0,2026-09-24→2026-09-28,diff
6a4b68ad0000000016027401,特斯拉Pupu,国补后，黑标Model Y ： 23.27w,旧:曝29412/读4493/进4/开4/留3,4919,634,4,4,3,553.57,Δ曝-24493/Δ读-3859/Δ进0/Δ开0/Δ留0,2026-09-24→2026-09-28,diff
6a56e632000000000f01f4e7,特斯拉Tesla Cassie,7月国补后 Model Y 23W+可拿下！,旧:曝7453/读1041/进4/开4/留0,3196,379,4,4,0,442.39,Δ曝-4257/Δ读-662/Δ进0/Δ开0/Δ留0,2026-09-24→2026-07-21,diff
6a4f906b000000001702ce7c,特斯拉小齐在长春,7月入手白色Model Y｜24w+直接提走,旧:曝3083/读416/进0/开0/留0,717,27,0,0,0,24.82,Δ曝-2366/Δ读-389/Δ进0/Δ开0/Δ留0,2026-09-24→2026-07-29,diff
6a40c2ad000000001603daf0,特斯拉小高特热情,国补后，黑标ModelY：23.57w起,旧:曝8618/读1180/进4/开4/留3,2547,270,4,4,3,379.15,Δ曝-6071/Δ读-910/Δ进0/Δ开0/Δ留0,2026-09-24→2026-07-29,diff
6a3a508a000000001c026329,特斯拉小高特热情,谁懂啊❗️00后真能4.59w提走Model3❗️,旧:曝5108/读813/进1/开0/留0,504,13,1,0,0,56.21,Δ曝-4604/Δ读-800/Δ进0/Δ开0/Δ留0,2026-09-24→2026-07-28,diff
6a51b9f3000000002103cf79,Tesla特斯拉海岛日记,Model Y 还是 Model YL 家庭用户看过来👀,旧:曝35633/读7272/进3/开2/留0,2050,79,3,2,0,205.86,Δ曝-33583/Δ读-7193/Δ进0/Δ开0/Δ留0,2026-09-24→2026-08-19,diff
6a51f95a00000000070296e9,特斯拉南京交付中心,别犹豫了！八月换Model 3直接省下2w+,旧:曝11296/读1274/进13/开11/留5,7012,764,13,11,5,945.39,Δ曝-4284/Δ读-510/Δ进0/Δ开0/Δ留0,2026-09-24→2026-08-23,diff
6a509c0e0000000006032dd1,特斯拉南京交付中心,谁还不知道特斯拉悄悄出了一款真6座SUV？,旧:曝4896/读416/进2/开2/留2,1334,123,2,2,2,65.22,Δ曝-3562/Δ读-293/Δ进0/Δ开0/Δ留0,2026-09-24→2026-08-25,diff
6a50a7ee000000000702f822,特斯拉Tesla-悠悠（全国可提）,7🈷️Model3😭 这价格真的杀疯了,旧:曝5777/读730/进6/开6/留2,2342,242,6,6,2,321.36,Δ曝-3435/Δ读-488/Δ进0/Δ开0/Δ留0,2026-09-24→2026-08-19,diff
6a56e93a000000002003a51c,特斯拉Tesla-悠悠（全国可提）,ModeI Y到手仅24.27W？手把手教你算！,旧:曝24607/读2814/进50/开49/留27,22619,2546,50,49,27,2966.17,Δ曝-1988/Δ读-268/Δ进0/Δ开0/Δ留0,2026-09-24→2026-09-28,diff
6a4f83ff000000001702aa25,嘉兴特斯拉中心🚗,家用选车｜🈷供3736，轻松提六座Model Y L‼️,旧:曝2119/读237/进0/开0/留0,473,13,0,0,0,3.24,Δ曝-1646/Δ读-224/Δ进0/Δ开0/Δ留0,2026-09-24→2026-09-27,diff
6a54e2d9000000001503cae8,嘉兴特斯拉中心🚗,00后女生存款6️⃣w，可以买特斯拉Model3吗？,旧:曝3014/读343/进0/开0/留0,1083,72,0,0,0,47.08,Δ曝-1931/Δ读-271/Δ进0/Δ开0/Δ留0,2026-09-24→2026-09-18,diff
6a54a7e2000000001c024528,特斯拉校草,用车两年，我的 Model 3 使用成本❤️,旧:曝8257/读1314/进3/开2/留3,6242,972,3,2,3,455.63,Δ曝-2015/Δ读-342/Δ进0/Δ开0/Δ留0,2026-09-24→2026-09-28,diff
6a4cc3540000000015025da7,特斯拉校草,8月 黑色 Model Y｜现在落地23.55w🖤,旧:曝21758/读2868/进13/开10/留3,16363,2013,13,10,3,1152.76,Δ曝-5395/Δ读-855/Δ进0/Δ开0/Δ留0,2026-09-24→2026-09-10,diff
6a5db771000000001102e23f,杭州萧山特斯拉中心,报废后，Model 3：19.95w起,旧:曝19390/读3013/进3/开3/留3,3297,511,3,3,3,165.71,Δ曝-16093/Δ读-2502/Δ进0/Δ开0/Δ留0,2026-09-24→2026-08-27,diff
6a5a1cb9000000000c0159c3,哈莉（特斯拉分身）,Model 3：19.95w起【报废换车攻略】,旧:曝17572/读2666/进2/开1/留1,2631,307,2,1,1,127.54,Δ曝-14941/Δ读-2359/Δ进0/Δ开0/Δ留0,2026-09-24→2026-08-27,diff
6a5b92ad000000000f016a1f,Haha同学在特斯拉,2026国补后，Model Y：23.67w起,旧:曝58737/读9022/进2/开2/留2,1684,184,2,2,2,229.47,Δ曝-57053/Δ读-8838/Δ进0/Δ开0/Δ留0,2026-09-24→2026-08-27,diff
6a5a101f000000001f01e63b,特斯拉茉茉美少女,偶遇Model 3好帅啊！！每天73开走～,旧:曝16638/读6568/进54/开50/留28,9012,1029,55,50,28,1817.21,Δ曝-7626/Δ读-5539/Δ进1/Δ开0/Δ留0,2026-09-24→2026-09-28,diff
6a5da562000000001d02009c,特斯拉Yoki特努力,没招了，每天89元开走Model Y，幸福感up up!,旧:曝8823/读1385/进0/开0/留0,800,56,0,0,0,38.69,Δ曝-8023/Δ读-1329/Δ进0/Δ开0/Δ留0,2026-09-24→2026-08-11,diff
6a563b4a0000000007013e0d,特斯拉晶晶✨,7月国补，24.27w轻松拿下Model Y,旧:曝6272/读810/进3/开3/留3,3007,270,3,3,3,273.97,Δ曝-3265/Δ读-540/Δ进0/Δ开0/Δ留0,2026-09-24→2026-09-28,diff
6a5df79e000000000f0282a1,杭州萧山特斯拉中心,粉色特斯拉Model 3🎀：19.87w提走,旧:曝15497/读1810/进3/开2/留0,1530,125,3,2,0,250.26,Δ曝-13967/Δ读-1685/Δ进0/Δ开0/Δ留0,2026-09-24→2026-08-18,diff
6a5f4246000000000f011128,哈莉（特斯拉分身）,国补后，Model 3：19.87w起,旧:曝137052/读30613/进12/开11/留6,21526,3745,12,11,6,1001.18,Δ曝-115526/Δ读-26868/Δ进0/Δ开0/Δ留0,2026-09-24→2026-09-28,diff
6a525444000000001101e2c8,Model体验官一凡,看车半小时，4.59w提走Model Y L,旧:曝63100/读11247/进0/开0/留0,591,33,0,0,0,11.09,Δ曝-62509/Δ读-11214/Δ进0/Δ开0/Δ留0,2026-09-24→2026-08-12,diff
6a58cf56000000001303de90,宁波特斯拉-海曙龙湖天街店,宁波保显补贴来啦‼️ 你的ModelY可享受叠补,旧:曝3010/读380/进0/开0/留0,789,40,0,0,0,32.49,Δ曝-2221/Δ读-340/Δ进0/Δ开0/Δ留0,2026-09-24→2026-08-12,diff
6a5afb2f000000000c017100,特斯拉一鸣,沈阳7月🌈Model YL星光金+这波政ce真香👋,旧:曝1131/读145/进0/开0/留0,565,53,0,0,0,8.49,Δ曝-566/Δ读-92/Δ进0/Δ开0/Δ留0,2026-09-24→2026-08-13,diff
6a5f54eb000000000101e6c0,济南特斯拉主理人,4.59w 开走，Model Y 太适合家用啦～,旧:曝3919/读488/进1/开1/留1,1412,111,1,1,1,70.54,Δ曝-2507/Δ读-377/Δ进0/Δ开0/Δ留0,2026-09-24→2026-08-19,diff
6a5c3651000000000301ddd7,济南特斯拉主理人,7🈷️济南特斯拉交付盛况！！,旧:曝6014/读951/进4/开4/留2,2246,253,4,4,2,154.86,Δ曝-3768/Δ读-698/Δ进0/Δ开0/Δ留0,2026-09-24→2026-08-27,diff
6a50d3500000000015027a1b,小林的特斯拉日记,长期主义进‼️8月Model Y：24.27w,旧:曝4361/读537/进1/开1/留1,784,35,1,1,1,21.86,Δ曝-3577/Δ读-502/Δ进0/Δ开0/Δ留0,2026-09-24→2026-09-28,diff
6a6044fb000000000503874e,小林的特斯拉日记,油车置换特斯拉Model Y，这样算才真的省！,旧:曝4038/读551/进0/开0/留0,969,78,0,0,0,25.78,Δ曝-3069/Δ读-473/Δ进0/Δ开0/Δ留0,2026-09-24→2026-09-28,diff
6a5f3ea1000000000a03a327,特斯拉金华| 露娜,23岁女生20w+🎀拿下毛豆3咯,旧:曝7159/读985/进5/开4/留4,3038,381,5,4,4,400.45,Δ曝-4121/Δ读-604/Δ进0/Δ开0/Δ留0,2026-09-24→2026-09-28,diff
6a5cdbb6000000001d0227a7,特斯拉金华| 露娜,国补后，20w+提走Model 3,旧:曝3361/读364/进0/开0/留0,521,19,0,0,0,6.86,Δ曝-2840/Δ读-345/Δ进0/Δ开0/Δ留0,2026-09-24→2026-09-27,diff
6a5c3a82000000000e0355af,特斯拉金华| 露娜,2026Model Y🈷️供2691🌟这性价比！,旧:曝3192/读359/进1/开0/留0,536,17,1,0,0,16.9,Δ曝-2656/Δ读-342/Δ进0/Δ开0/Δ留0,2026-09-24→2026-09-28,diff
6a586961000000001002a2bc,特斯拉金华| 露娜,特斯拉叠加补终于来了！蕞高28000！,旧:曝3233/读356/进3/开3/留1,986,71,3,3,1,191.34,Δ曝-2247/Δ读-285/Δ进0/Δ开0/Δ留0,2026-09-24→2026-09-28,diff
6a58ec40000000000e034fab,TESLA 李嘉嘉,终于等到！特斯拉Model 3：20.67w起,旧:曝4246/读624/进0/开0/留0,587,27,0,0,0,10.51,Δ曝-3659/Δ读-597/Δ进0/Δ开0/Δ留0,2026-09-24→2026-09-26,diff
6a51b0170000000006022324,宁波特斯拉-海曙龙湖天街店,黑色Model 3 | 车价19.79全款拿下,旧:曝3904/读621/进0/开0/留0,624,28,0,0,0,14.32,Δ曝-3280/Δ读-593/Δ进0/Δ开0/Δ留0,2026-09-24→2026-08-17,diff
6a53ac16000000000803dcca,宁波特斯拉-海曙龙湖天街店,🚙特斯拉ModelY 宁波政府保险补贴来袭4k💰,旧:曝20351/读2631/进48/开45/留21,16440,1988,48,45,21,2569.38,Δ曝-3911/Δ读-643/Δ进0/Δ开0/Δ留0,2026-09-24→2026-09-28,diff
6a53aed500000000210226c8,宁波特斯拉-海曙龙湖天街店,在宁波如何买到19.79w的焕新款Model3❓,旧:曝5001/读573/进1/开1/留0,2033,134,1,1,0,176.74,Δ曝-2968/Δ读-439/Δ进0/Δ开0/Δ留0,2026-09-24→2026-09-28,diff
6a57282f000000002100858b,宁波特斯拉-海曙龙湖天街店,二胎家庭换车，30w出头置换六座Model YL,旧:曝2423/读301/进0/开0/留0,357,16,0,0,0,0.98,Δ曝-2066/Δ读-285/Δ进0/Δ开0/Δ留0,2026-09-24→2026-08-12,diff
6a601e43000000000f00bf17,特斯拉Tesla-悠悠（全国可提）,9月兴奋了，Model Y落地可达24.27w,旧:曝169925/读25006/进137/开126/留76,91963,14544,139,128,76,11241.69,Δ曝-77962/Δ读-10462/Δ进2/Δ开2/Δ留0,2026-09-24→2026-09-27,diff
6a5f64ff000000000301cc57,嘉兴特斯拉中心🚗,政ce确定｜Model 3 20.67w直接开走,旧:曝9779/读1575/进0/开0/留0,2532,286,0,0,0,87.66,Δ曝-7247/Δ读-1289/Δ进0/Δ开0/Δ留0,2026-09-24→2026-09-28,diff
6a5b3001000000000100d489,嘉兴特斯拉中心🚗,八月终于等到你！黑标Model Y落地价24.27w➕,旧:曝42477/读6791/进4/开3/留1,7823,1303,4,3,1,356.81,Δ曝-34654/Δ读-5488/Δ进0/Δ开0/Δ留0,2026-09-24→2026-09-28,diff
6a58807f0000000004028bd8,嘉兴特斯拉中心🚗,Model Y L实打实开了半年，用了多少钱？,旧:曝8635/读1531/进0/开0/留0,193,17,0,0,0,1.47,Δ曝-8442/Δ读-1514/Δ进0/Δ开0/Δ留0,2026-09-24→2026-09-28,diff
6a50c509000000000f01e604,Hi 特斯拉的小鹿,4.59w开走上班族梦中情车✨Model Y 真的绝了,旧:曝2594/读972/进1/开0/留0,855,13,1,0,0,18.54,Δ曝-1739/Δ读-959/Δ进0/Δ开0/Δ留0,2026-09-24→2026-08-11,diff
6a58af39000000001003e041,Hi 特斯拉的小鹿,刚毕业轻松买！Model 3🈷️供 2193 起,旧:曝1701/读94/进0/开0/留0,910,32,0,0,0,19.06,Δ曝-791/Δ读-62/Δ进0/Δ开0/Δ留0,2026-09-24→2026-09-28,diff
6a58d041000000000f01d18a,Hi 特斯拉的小鹿,好闺闺才会推荐的车，21w落地Model 3太香啦,旧:曝4806/读669/进2/开1/留0,2537,303,2,1,0,28.93,Δ曝-2269/Δ读-366/Δ进0/Δ开0/Δ留0,2026-09-24→2026-09-28,diff
6a5cd679000000000f032d14,Hi 特斯拉的小鹿,2026 Model Y L买车思路，清晰得可怕！,旧:曝28980/读4148/进0/开0/留0,1623,160,0,0,0,40.98,Δ曝-27357/Δ读-3988/Δ进0/Δ开0/Δ留0,2026-09-24→2026-09-27,diff
6a605108000000001102eb6c,Hi 特斯拉的小鹿,8月终于等到你！黑标Model Y 24.27w起,旧:曝5554/读767/进0/开0/留0,1101,84,0,0,0,11.37,Δ曝-4453/Δ读-683/Δ进0/Δ开0/Δ留0,2026-09-24→2026-09-26,diff
6a522a1f0000000006020519,特斯拉｜东东,00后男生月薪8500，靠自己拿下Dream Car,旧:曝1002/读106/进1/开1/留1,501,30,1,1,1,77.77,Δ曝-501/Δ读-76/Δ进0/Δ开0/Δ留0,2026-09-24→2026-08-12,diff
6a5a0150000000000f0116b0,特斯拉｜东东,果断换车！4.59w 拿下 Model Y L 六座,旧:曝4925/读618/进1/开1/留0,1165,109,1,1,0,50.41,Δ曝-3760/Δ读-509/Δ进0/Δ开0/Δ留0,2026-09-24→2026-07-27,diff
6a5ed95f000000000401e453,常州特斯拉-小蒋,特斯拉Model YL到底是谁在买❓,旧:曝2978/读436/进0/开0/留0,783,52,0,0,0,36.95,Δ曝-2195/Δ读-384/Δ进0/Δ开0/Δ留0,2026-09-24→2026-08-18,diff
6a5a0ab1000000001c00e7c1,Tesla特斯拉-毛豆,理性购车指南：Model Y 为什么值得选,旧:曝1850/读196/进0/开0/留0,292,4,0,0,0,0.48,Δ曝-1558/Δ读-192/Δ进0/Δ开0/Δ留0,2026-09-24→2026-08-10,diff
6a5f0112000000000a038141,Tesla特斯拉-毛豆,00后的第1️⃣台车｜Model 3 买得明智,旧:曝3235/读438/进0/开0/留0,675,36,0,0,0,4.31,Δ曝-2560/Δ读-402/Δ进0/Δ开0/Δ留0,2026-09-24→2026-08-19,diff
6a5f232b000000001303f473,Tesla特斯拉-毛豆,油车换Model 3？别只盯着车价，这么算真香！,旧:曝2220/读304/进0/开0/留0,89,9,0,0,0,0.17,Δ曝-2131/Δ读-295/Δ进0/Δ开0/Δ留0,2026-09-24→2026-08-17,diff
6a587178000000000101d7de,特斯拉顾问小美🚗,浙江必看🚗8月购车叠加补补返场！立省2.4w🔎,旧:曝58661/读8310/进55/开53/留27,51046,6701,55,53,27,5178.88,Δ曝-7615/Δ读-1609/Δ进0/Δ开0/Δ留0,2026-09-24→2026-08-26,diff
6a59f151000000001101ae8a,杭州萧山特斯拉中心,Model Y怎么日供89元开走？【攻略篇】,旧:曝5407/读509/进1/开1/留1,545,21,1,1,1,8.65,Δ曝-4862/Δ读-488/Δ进0/Δ开0/Δ留0,2026-09-24→2026-08-12,diff
6a5a06e40000000011010d13,励志卖十万台特斯拉的-盼盼🍞,独立女生的底气，从一台Model 3开始,旧:曝3957/读591/进0/开0/留0,316,14,0,0,0,4.59,Δ曝-3641/Δ读-577/Δ进0/Δ开0/Δ留0,2026-09-24→2026-09-28,diff
6a58664f000000000503a848,励志卖十万台特斯拉的-盼盼🍞,快银Model 3｜刚毕业女生的梦中情车,旧:曝34611/读6088/进3/开2/留1,1808,269,3,2,1,93.27,Δ曝-32803/Δ读-5819/Δ进0/Δ开0/Δ留0,2026-09-24→2026-09-28,diff
6a55ef680000000022018376,励志卖十万台特斯拉的-盼盼🍞,00后第一台车｜女生审美Model 3选哪个颜色,旧:曝6990/读1506/进0/开0/留0,3279,795,0,0,0,46.51,Δ曝-3711/Δ读-711/Δ进0/Δ开0/Δ留0,2026-09-24→2026-08-12,diff
6a50c37d000000000f01751f,励志卖十万台特斯拉的-盼盼🍞,25w预算闭眼入！落地24.27w➕的Model Y,旧:曝2028/读249/进0/开0/留0,449,16,0,0,0,42.39,Δ曝-1579/Δ读-233/Δ进0/Δ开0/Δ留0,2026-09-24→2026-09-28,diff
6a4f9406000000000f02bf6f,励志卖十万台特斯拉的-盼盼🍞,别再观望了！Model Y 24.27w起，手慢无,旧:曝3065/读385/进0/开0/留0,429,12,0,0,0,0.5,Δ曝-2636/Δ读-373/Δ进0/Δ开0/Δ留0,2026-09-24→2026-09-27,diff
6a572002000000001702f19b,特斯拉顾问小美🚗,无痛提走Model Y：24.55w | 油车置换的来,旧:曝4789/读596/进1/开1/留0,712,55,1,1,0,46.51,Δ曝-4077/Δ读-541/Δ进0/Δ开0/Δ留0,2026-09-24→2026-07-26,diff
6a5a06fa000000001003f1c5,特斯拉尼克,六座家用车🔥特斯拉Model Y L给到夯,旧:曝2795/读343/进0/开0/留0,564,40,0,0,0,58.3,Δ曝-2231/Δ读-303/Δ进0/Δ开0/Δ留0,2026-09-24→2026-09-28,diff
6a50ed1b000000001003d079,特斯拉尼克,Model Y不愧是大厂员工的生产力搭子,旧:曝2620/读283/进0/开0/留0,497,17,0,0,0,2.95,Δ曝-2123/Δ读-266/Δ进0/Δ开0/Δ留0,2026-09-24→2026-09-25,diff
6a60253e000000000f0133ce,特斯拉一鸣,女生通勤座驾，怎么不能是Model 3！🚗,旧:曝2231/读303/进0/开0/留0,109,6,0,0,0,0.06,Δ曝-2122/Δ读-297/Δ进0/Δ开0/Δ留0,2026-09-24→2026-08-18,diff
6a5abcab00000000130257a0,特斯拉一鸣,Model 3浅色内饰氛围感太好了吧！,旧:曝2494/读285/进0/开0/留0,672,73,0,0,0,6.27,Δ曝-1822/Δ读-212/Δ进0/Δ开0/Δ留0,2026-09-24→2026-08-12,diff
6a58afe2000000001003e312,特斯拉tesla星星,🎀00后女生的第一辆车，我会选Model Y！,旧:曝3622/读384/进0/开0/留0,1289,157,0,0,0,23.18,Δ曝-2333/Δ读-227/Δ进0/Δ开0/Δ留0,2026-09-24→2026-09-28,diff
6a562ad4000000001101fa23,特斯拉tesla星星,预算20w+的女生，快冲Model 3✨,旧:曝6879/读871/进3/开3/留2,4089,461,3,3,2,207.96,Δ曝-2790/Δ读-410/Δ进0/Δ开0/Δ留0,2026-09-24→2026-09-28,diff
6a533a73000000001101f4d4,特斯拉tesla星星,简直无痛提车！Model Y：24.27W,旧:曝3510/读443/进0/开0/留0,467,18,0,0,0,5.82,Δ曝-3043/Δ读-425/Δ进0/Δ开0/Δ留0,2026-09-24→2026-08-12,diff
6a57048e0000000007021699,Tesla 鱼仔吖,手付4.59w提，这样的Model Y谁能拒绝？,旧:曝2974/读321/进0/开0/留0,434,9,0,0,0,0.75,Δ曝-2540/Δ读-312/Δ进0/Δ开0/Δ留0,2026-09-24→2026-08-10,diff
6a5cf42c000000000e037480,Tesla 鱼仔吖,通勤买了Model 3，现在越开越喜欢！,旧:曝2302/读329/进0/开0/留0,461,19,0,0,0,0.75,Δ曝-1841/Δ读-310/Δ进0/Δ开0/Δ留0,2026-09-24→2026-08-12,diff
6a5cf448000000001303ec47,Tesla 鱼仔吖,7 月提六座Model Y L，价格大惊喜,旧:曝3700/读1874/进7/开3/留1,1358,14,7,3,1,98.2,Δ曝-2342/Δ读-1860/Δ进0/Δ开0/Δ留0,2026-09-24→2026-08-27,diff
6a5f552e000000001c013dbf,Tesla 鱼仔吖,油车置换六座Model Y L❓直接看这篇,旧:曝3435/读529/进0/开0/留0,302,23,0,0,0,2.24,Δ曝-3133/Δ读-506/Δ进0/Δ开0/Δ留0,2026-09-24→2026-08-13,diff
6a5da227000000001c00c0ab,TESLA 李嘉嘉,00后普通女生提Model 3半年分享🤩,旧:曝32046/读5547/进35/开23/留9,25526,4059,35,23,9,2331.84,Δ曝-6520/Δ读-1488/Δ进0/Δ开0/Δ留0,2026-09-24→2026-09-28,diff
6a578c070000000006021fdc,特斯拉长沙向姐🌸,Model Y 手付4.59w提走，暑假带全家旅行,旧:曝13387/读1849/进8/开5/留3,11173,1577,8,5,3,712.82,Δ曝-2214/Δ读-272/Δ进0/Δ开0/Δ留0,2026-09-24→2026-09-28,diff
6a5a2392000000001b01d899,特斯拉长沙向姐🌸,Model Y怎么日供89元开走？【攻略篇】,旧:曝2248/读163/进0/开0/留0,643,32,0,0,1,102.74,Δ曝-1605/Δ读-131/Δ进0/Δ开0/Δ留1,2026-09-24→2026-09-28,diff
6a5e138d0000000014006715,特斯拉长沙向姐🌸,特斯拉Model 3补贴后19.97万！,旧:曝4281/读397/进4/开3/留3,2471,162,4,3,3,167.18,Δ曝-1810/Δ读-235/Δ进0/Δ开0/Δ留0,2026-09-24→2026-09-28,diff
6a5397950000000017008aaa,嘉兴特斯拉中心🚗,通勤带娃两不误！低月共拿下喜欢的Model Y,旧:曝3091/读337/进0/开0/留0,123,7,0,0,0,0.94,Δ曝-2968/Δ读-330/Δ进0/Δ开0/Δ留0,2026-09-24→2026-09-18,diff
6a5decea000000000101ec4d,南昌王府井特斯拉销售阿超,月2691的特斯拉ModelY太香了,旧:曝2120/读219/进0/开0/留0,611,28,0,0,0,6.01,Δ曝-1509/Δ读-191/Δ进0/Δ开0/Δ留0,2026-09-24→2026-09-02,diff
6a53af4c000000001503f39e,南昌王府井特斯拉销售阿超,243500开走Model Y🚗家用代步太香了,旧:曝1509/读134/进0/开0/留0,413,12,0,0,0,1.93,Δ曝-1096/Δ读-122/Δ进0/Δ开0/Δ留0,2026-09-24→2026-07-28,diff
6a5354bc000000001101d70f,Tesla-晨璐（努力工作版）,7月六座Model Y L，全新落地价参考,旧:曝15618/读2612/进1/开1/留1,3361,522,1,1,1,293.62,Δ曝-12257/Δ读-2090/Δ进0/Δ开0/Δ留0,2026-09-24→2026-08-18,diff
6a5af1fa000000002201ae66,Tesla-晨璐（努力工作版）,第一辆车被Model 3拿捏了😭,旧:曝5112/读616/进0/开0/留0,654,48,0,0,0,22.07,Δ曝-4458/Δ读-568/Δ进0/Δ开0/Δ留0,2026-09-24→2026-07-27,diff
6a4f7e63000000001700b651,Tesla｜玉子（特专业版）,3w+！黑标Model Y补补拉满,旧:曝2852/读318/进0/开0/留0,313,7,0,0,0,12.31,Δ曝-2539/Δ读-311/Δ进0/Δ开0/Δ留0,2026-09-24→2026-08-08,diff
6a520e1c000000001702f217,Tesla｜玉子（特专业版）,4w+开走Model YL｜干货明细进来看看,旧:曝2487/读282/进0/开0/留0,231,10,0,0,0,6.52,Δ曝-2256/Δ读-272/Δ进0/Δ开0/Δ留0,2026-09-24→2026-09-28,diff
6a59df19000000000101f4c6,Tesla｜玉子（特专业版）,爱你老己！20.67w拿下Model 3,旧:曝6943/读1000/进2/开2/留1,1184,63,2,2,1,135.88,Δ曝-5759/Δ读-937/Δ进0/Δ开0/Δ留0,2026-09-24→2026-09-28,diff
6a5c6c20000000000f0147fd,Tesla_Selina,Model Y 月供 2691，日常代步无压力,旧:曝95103/读16072/进3/开3/留1,4197,756,3,3,1,276.12,Δ曝-90906/Δ读-15316/Δ进0/Δ开0/Δ留0,2026-09-24→2026-09-28,diff
6a5cc24c000000001003c418,Tesla_Selina,油费抵🈷️供｜置换入手Model Y太香了,旧:曝2790/读280/进0/开0/留0,500,26,0,0,0,2.73,Δ曝-2290/Δ读-254/Δ进0/Δ开0/Δ留0,2026-09-24→2026-09-28,diff
6a5a06af000000001c00d902,温州特斯拉Tesla小娴🐳,预算20W+的女生，Model 3直接拿下❗,旧:曝23434/读3607/进2/开2/留2,5165,870,2,2,2,124.74,Δ曝-18269/Δ读-2737/Δ进0/Δ开0/Δ留0,2026-09-24→2026-09-28,diff
6a51016e00000000080305bc,特斯拉冰姐（全国可提）,7️⃣月如何24.27w开走Model Y❓,旧:曝1344/读146/进0/开0/留0,241,6,0,0,0,1.68,Δ曝-1103/Δ读-140/Δ进0/Δ开0/Δ留0,2026-09-24→2026-09-26,diff
6a54c07900000000060335a8,特斯拉冰姐（全国可提）,Model Y/Model Y L到底怎么选？【全程0废话版,旧:曝52321/读12545/进1/开1/留0,644,23,1,1,0,20.71,Δ曝-51677/Δ读-12522/Δ进0/Δ开0/Δ留0,2026-09-24→2026-09-22,diff
6a59cfcb0000000006010d12,特斯拉冰姐（全国可提）,8月真香｜4.59w拿下Model Y谁懂啊😭,旧:曝6599/读3941/进16/开7/留6,4235,146,16,7,6,593.93,Δ曝-2364/Δ读-3795/Δ进0/Δ开0/Δ留0,2026-09-24→2026-09-28,diff
6a59d445000000000f01f9c2,特斯拉苏州交付中心,谁懂苏州交付中心全是白Y的救赎感❓,旧:曝15421/读2112/进29/开27/留21,5905,798,35,32,25,2645.75,Δ曝-9516/Δ读-1314/Δ进6/Δ开5/Δ留4,2026-09-24→2026-09-28,diff
6a508e64000000001101fa26,特斯拉苏州交付中心,毕业攒了5w提走Model 3，特斯拉是真0套路啊,旧:曝3738/读214/进0/开0/留0,543,22,0,0,0,6.76,Δ曝-3195/Δ读-192/Δ进0/Δ开0/Δ留0,2026-09-24→2026-09-28,diff
6a560bf5000000000f006fe7,特斯拉苏州交付中心,2026买Model 3能省多少？算完惊了,旧:曝7946/读1087/进0/开0/留0,730,37,0,0,0,15.35,Δ曝-7216/Δ读-1050/Δ进0/Δ开0/Δ留0,2026-09-24→2026-09-28,diff
6a5f433e0000000010026ca7,特斯拉小朱｜全国可提🚗,2026国补后，Model Y落地参考,旧:曝2606/读379/进0/开0/留0,437,15,0,0,0,2.65,Δ曝-2169/Δ读-364/Δ进0/Δ开0/Δ留0,2026-09-24→2026-08-29,diff
6a560ce5000000002103dd72,特斯拉小朱｜全国可提🚗,【黑标ModelY24.27w✨现在入手太值】,旧:曝3421/读415/进1/开1/留0,496,15,1,1,0,6.42,Δ曝-2925/Δ读-400/Δ进0/Δ开0/Δ留0,2026-09-24→2026-07-25,diff
6a58c6d90000000004028280,特斯拉的羊毛,爽了！每天80块拿下Model 3,旧:曝2143/读134/进0/开0/留0,534,19,0,0,0,3.23,Δ曝-1609/Δ读-115/Δ进0/Δ开0/Δ留0,2026-09-24→2026-09-27,diff
6a6062ce0000000010025311,特斯拉邮递员子枫,入手Model Y，选全款还是五年免西？,旧:曝119881/读19539/进0/开0/留0,3595,557,0,0,0,109.37,Δ曝-116286/Δ读-18982/Δ进0/Δ开0/Δ留0,2026-09-24→2026-08-19,diff
6a5728be0000000011017ac5,77在特斯拉卖玩具车📔,太夯了！20w预算稳稳拿下Model 3,旧:曝11806/读1808/进3/开3/留2,2699,349,4,4,3,200.31,Δ曝-9107/Δ读-1459/Δ进1/Δ开1/Δ留1,2026-09-24→2026-09-28,diff
6a5899330000000010029110,博文在特斯拉,月薪6000也能轻松开上Model 3,旧:曝4973/读693/进0/开0/留0,457,15,0,0,0,7.16,Δ曝-4516/Δ读-678/Δ进0/Δ开0/Δ留0,2026-09-24→2026-08-11,diff
6a5f3da70000000009035cde,博文在特斯拉,高颜值SUV，10w预算拿下Model Y,旧:曝3596/读505/进1/开1/留1,652,60,1,1,1,57.28,Δ曝-2944/Δ读-445/Δ进0/Δ开0/Δ留0,2026-09-24→2026-09-18,diff
6a59adc2000000001d00d222,Tesla特斯拉海岛日记,2026 Model Y L买车思路，清晰得可怕！,旧:曝22546/读3564/进0/开0/留0,200,15,0,0,0,2.27,Δ曝-22346/Δ读-3549/Δ进0/Δ开0/Δ留0,2026-09-24→2026-09-28,diff
6a5f3b3d000000000a039531,Tesla特斯拉海岛日记,长期主义冲Model Y！手付4.59W开走,旧:曝3066/读320/进0/开0/留0,1325,139,0,0,0,24.28,Δ曝-1741/Δ读-181/Δ进0/Δ开0/Δ留0,2026-09-24→2026-09-28,diff
6a574e75000000001702f2b3,天津特斯拉-小颖,长期主义选车 落地24.27w拿下Model Y,旧:曝3581/读382/进0/开0/留0,497,14,0,0,0,12.75,Δ曝-3084/Δ读-368/Δ进0/Δ开0/Δ留0,2026-09-24→2026-09-18,diff
6a5f4516000000000301fb28,天津特斯拉-小颖,你的特斯拉是全款还是零西🤔,旧:曝4903/读658/进1/开1/留1,544,25,1,1,1,11.29,Δ曝-4359/Δ读-633/Δ进0/Δ开0/Δ留0,2026-09-24→2026-08-18,diff
6a5a6815000000001d023a0a,特斯拉阿生（全国置换版,选特斯拉Model 3，是懂性价比的！,旧:曝1824/读199/进0/开0/留0,490,20,0,0,0,1.75,Δ曝-1334/Δ读-179/Δ进0/Δ开0/Δ留0,2026-09-24→2026-08-06,diff
6a5f3a5f0000000009034ef1,特斯拉洋子（包全国）,一篇看懂❗ Model Y购车方案怎么选❓,旧:曝1884/读198/进0/开0/留0,483,16,0,0,0,5.63,Δ曝-1401/Δ读-182/Δ进0/Δ开0/Δ留0,2026-09-24→2026-08-05,diff
6a5b80d3000000000e0344ef,特斯拉洋子（包全国）,🈷供 2k+开 Model 3，油换电太值了❗,旧:曝2243/读247/进0/开0/留0,549,19,0,0,0,10.01,Δ曝-1694/Δ读-228/Δ进0/Δ开0/Δ留0,2026-09-24→2026-08-18,diff
6a5b586f0000000014005052,特斯拉洋子（包全国）,2026申领国补｜Model Y24.27w提,旧:曝6801/读939/进0/开0/留0,690,49,0,0,0,27.2,Δ曝-6111/Δ读-890/Δ进0/Δ开0/Δ留0,2026-09-24→2026-08-06,diff
6a57afa9000000002100a989,特斯拉 开开,新购Model Y | 西安落地立省1w✨真的假的,旧:曝4865/读921/进0/开0/留0,801,29,0,0,0,42.89,Δ曝-4064/Δ读-892/Δ进0/Δ开0/Δ留0,2026-09-24→2026-08-12,diff
6a58aa580000000014007e07,特斯拉 开开,Model Y黑武士，真的谁都逃不过🖤👋付5w拿下,旧:曝3615/读472/进0/开0/留0,808,82,0,0,0,23.42,Δ曝-2807/Δ读-390/Δ进0/Δ开0/Δ留0,2026-09-24→2026-09-28,diff
6a5ae163000000000e0367b3,特斯拉 开开,⁉️为什么Model Y一直销量TOP1？创一代多牛,旧:曝11120/读1801/进5/开5/留4,8755,1394,7,7,5,549.48,Δ曝-2365/Δ读-407/Δ进2/Δ开2/Δ留1,2026-09-24→2026-09-28,diff
6a61b0b20000000006011d5e,特斯拉茉茉美少女,9月又猛又兴奋！Model 3：19.55w起,旧:曝769281/读126754/进341/开305/留172,365236,56401,352,314,176,26443.31,Δ曝-404045/Δ读-70353/Δ进11/Δ开9/Δ留4,2026-09-24→2026-09-28,diff
6a5f115d000000001c013d1e,特斯拉Yoki特努力,7月，白色Model Y，24W+提走了,旧:曝8780/读1309/进0/开0/留0,1643,238,0,0,0,113.36,Δ曝-7137/Δ读-1071/Δ进0/Δ开0/Δ留0,2026-09-24→2026-07-26,diff
6a578c5a0000000011015ee6,Tesla未来销冠梦瑶,你开着你的特斯拉去哪玩了啊？,旧:曝2204/读282/进0/开0/留0,541,41,0,0,0,10.74,Δ曝-1663/Δ读-241/Δ进0/Δ开0/Δ留0,2026-09-24→2026-08-12,diff
6a6185df000000000c0177ba,特斯拉Yoki特努力,2026国补后，Model Y：落地24.27w,旧:曝32366/读4644/进0/开0/留0,2024,268,0,0,0,145.77,Δ曝-30342/Δ读-4376/Δ进0/Δ开0/Δ留0,2026-09-24→2026-08-18,diff
6a603f75000000000e037653,特斯拉Yoki特努力,ip青岛！Model Y L:月供3736，无痛提车！！,旧:曝7567/读3063/进5/开4/留0,2790,83,5,4,0,283.7,Δ曝-4777/Δ读-2980/Δ进0/Δ开0/Δ留0,2026-09-24→2026-08-19,diff
6a5c42610000000010025dfc,特斯拉Yoki特努力,国补后，黑标Model Y：24.27w起,旧:曝7742/读1929/进4/开2/留0,1294,57,4,2,0,184.32,Δ曝-6448/Δ读-1872/Δ进0/Δ开0/Δ留0,2026-09-24→2026-08-10,diff
6a5afbf7000000001c00c084,特斯拉Yoki特努力,清醒又独立的女生请冲Model 3！！,旧:曝6901/读1059/进2/开2/留1,1540,197,2,2,1,33.54,Δ曝-5361/Δ读-862/Δ进0/Δ开0/Δ留0,2026-09-24→2026-08-19,diff
6a5c32b0000000001003f897,Tesla未来销冠梦瑶,特斯拉Model 3🎀：手付4.59w开走,旧:曝3887/读458/进1/开1/留1,889,66,1,1,1,82.39,Δ曝-2998/Δ读-392/Δ进0/Δ开0/Δ留0,2026-09-24→2026-09-18,diff
6a505d6c000000002103f05e,特斯拉杭州交付中心,Model Y：24.27w起，赶紧码住！！,旧:曝5618/读695/进0/开0/留0,647,40,0,0,0,35.27,Δ曝-4971/Δ读-655/Δ进0/Δ开0/Δ留0,2026-09-24→2026-08-24,diff
6a574865000000002100be97,特斯拉MoMo,油换电👋付不花一分钱？因为我选了特斯拉！,旧:曝1982/读157/进0/开0/留0,401,17,0,0,0,3.97,Δ曝-1581/Δ读-140/Δ进0/Δ开0/Δ留0,2026-09-24→2026-08-24,diff
6a599edd000000001d00de01,特斯拉杭州交付中心,特斯拉车主｜总结五个用车好习惯🚗,旧:曝7280/读2183/进1/开0/留0,202,14,1,0,0,2.5,Δ曝-7078/Δ读-2169/Δ进0/Δ开0/Δ留0,2026-09-24→2026-08-12,diff
6a5b248f000000000e037f30,特斯拉南京交付中心,Model Y落地24.27w，🚗 黑武士谁能不心动❓,旧:曝7885/读811/进0/开0/留0,1252,86,0,0,0,14.21,Δ曝-6633/Δ读-725/Δ进0/Δ开0/Δ留0,2026-09-24→2026-08-25,diff
6a59bc8b0000000014004ea1,特斯拉南京交付中心,🖤星钻黑Model Y四驱长续航｜试驾真香实录✨,旧:曝20954/读4684/进1/开1/留0,802,49,1,1,0,22.85,Δ曝-20152/Δ读-4635/Δ进0/Δ开0/Δ留0,2026-09-24→2026-08-12,diff
6a573cee000000002200b862,特斯拉 Tesla_无敌沙拉,Model 3 | 00后女生的梦中情车🌸,旧:曝4837/读726/进2/开2/留0,525,32,2,2,0,15.01,Δ曝-4312/Δ读-694/Δ进0/Δ开0/Δ留0,2026-09-24→2026-08-12,diff
6a58b7e200000000090345a4,特斯拉 Tesla_无敌沙拉,7月政ce！六座Model Y L赢麻了啊,旧:曝2305/读291/进0/开0/留0,426,33,0,0,0,3.16,Δ曝-1879/Δ读-258/Δ进0/Δ开0/Δ留0,2026-09-24→2026-07-31,diff
6a602ea9000000001d023823,特斯拉 Tesla_无敌沙拉,上海宝子必看！Model 3 置换补930结束！,旧:曝3962/读584/进0/开0/留0,1225,137,0,0,0,46.08,Δ曝-2737/Δ读-447/Δ进0/Δ开0/Δ留0,2026-09-24→2026-08-19,diff
6a6061d0000000001c00e842,特斯拉体验官Leo,有报废车怎么买Model Y，一篇讲清楚,旧:曝29666/读4838/进0/开0/留0,1228,196,0,0,0,59.47,Δ曝-28438/Δ读-4642/Δ进0/Δ开0/Δ留0,2026-09-24→2026-09-28,diff
6a5f53aa000000000f007170,Model体验官一凡,特斯拉开10年vs油车谁更划算？,旧:曝76938/读13430/进2/开2/留0,4415,1046,2,2,0,168.14,Δ曝-72523/Δ读-12384/Δ进0/Δ开0/Δ留0,2026-09-24→2026-07-28,diff
6a5a0d89000000001003cbfa,Model体验官一凡,国补后，20.35w提走Model 3,旧:曝5562/读897/进0/开0/留0,459,20,0,0,0,3.13,Δ曝-5103/Δ读-877/Δ进0/Δ开0/Δ留0,2026-09-24→2026-08-12,diff
6a58aca0000000001101b83b,Model体验官一凡,02年男生，为什么 第一台车选了六座？,旧:曝25867/读6577/进8/开7/留6,19905,5412,8,7,6,759.57,Δ曝-5962/Δ读-1165/Δ进0/Δ开0/Δ留0,2026-09-24→2026-09-19,diff
6a62d52d000000001f01e341,特斯拉邮递员子枫,国补后，Model 3落地一览（海洋蓝）,旧:曝30308/读6009/进7/开5/留2,10365,1812,7,5,2,637.46,Δ曝-19943/Δ读-4197/Δ进0/Δ开0/Δ留0,2026-09-24→2026-09-14,diff
6a1fbab30000000022024fd6,博文在特斯拉,🚨20.75w 提 Model3！6 月蕞新补贴手慢无,旧:曝9529/读1503/进21/开21/留16,7174,1073,25,25,19,1485.3,Δ曝-2355/Δ读-430/Δ进4/Δ开4/Δ留3,2026-09-24→2026-09-28,diff
6a62c81a0000000010027f4f,特斯拉体验官Leo,黑标Model 3国补后 | 落地20.67w,旧:曝5917/读805/进5/开4/留4,2295,213,5,4,4,357.29,Δ曝-3622/Δ读-592/Δ进0/Δ开0/Δ留0,2026-09-24→2026-09-26,diff
6a62df90000000000e03612d,特斯拉Yoki特努力,26年，提Model 3，有报废车的19.87w，无痛提车,旧:曝12306/读1649/进1/开1/留1,1649,205,1,1,1,86.78,Δ曝-10657/Δ读-1444/Δ进0/Δ开0/Δ留0,2026-09-24→2026-08-27,diff
6a62f28a000000001102f376,Tesla未来销冠梦瑶,🎀特斯拉Model 3：20.02w提走,旧:曝47722/读6898/进3/开2/留2,7261,1095,3,2,2,364.39,Δ曝-40461/Δ读-5803/Δ进0/Δ开0/Δ留0,2026-09-24→2026-09-28,diff
6a312e72000000001101b758,杭州萧山特斯拉中心,23.97w提走Model Y【提车攻略】,旧:曝194237/读29143/进37/开36/留16,32926,4934,44,43,19,2603.17,Δ曝-161311/Δ读-24209/Δ进7/Δ开7/Δ留3,2026-09-24→2026-09-28,diff
6a61aabe0000000011016da0,杭州萧山特斯拉中心,交付中心提车｜Model Y国补后23.97w,旧:曝30594/读4360/进16/开13/留7,10482,1406,17,14,7,1350.72,Δ曝-20112/Δ读-2954/Δ进1/Δ开1/Δ留0,2026-09-24→2026-09-28,diff
6a6305c5000000001102fd3c,杭州萧山特斯拉中心,⚡太帅了，Model 3 Performance,旧:曝10480/读1618/进1/开1/留1,3560,628,1,1,1,117.45,Δ曝-6920/Δ读-990/Δ进0/Δ开0/Δ留0,2026-09-24→2026-08-27,diff
6a49157c0000000006031a9b,特斯拉Tesla-悠悠（全国可提）,2026年Model Y落地明细，超详细版,旧:曝12861/读1657/进12/开11/留6,5635,684,13,12,6,873.8,Δ曝-7226/Δ读-973/Δ进1/Δ开1/Δ留0,2026-09-24→2026-09-28,diff
6a3f2b0400000000080328dd,特斯拉Tesla-悠悠（全国可提）,手付5w买的Model 3，会后悔吗？,旧:曝3419/读428/进0/开0/留0,427,19,0,0,0,4.94,Δ曝-2992/Δ读-409/Δ进0/Δ开0/Δ留0,2026-09-24→2026-08-18,diff
6a61bdda000000001d02386e,Tesla 鱼仔吖,超适合女生的Model 3 | 4.59w就能拿下,旧:曝7608/读1107/进0/开0/留0,535,27,0,0,0,2.56,Δ曝-7073/Δ读-1080/Δ进0/Δ开0/Δ留0,2026-09-24→2026-08-18,diff
6a6095550000000011012dab,Tesla_Selina,00后女生提Model 3 | 选O息还是低息,旧:曝4035/读533/进1/开1/留0,1669,199,1,1,0,112.63,Δ曝-2366/Δ读-334/Δ进0/Δ开0/Δ留0,2026-09-24→2026-09-28,diff
6a61dac3000000001101c362,桃桃在特斯拉🍑,银色Model Y真绝了！！（24.35W拿下）,旧:曝66236/读11263/进11/开9/留5,18752,3391,12,10,5,1029.49,Δ曝-47484/Δ读-7872/Δ进1/Δ开1/Δ留0,2026-09-24→2026-09-28,diff
6a520a100000000007024ac7,杭州特斯拉Tesla（嘉里中心体验店）,Model YL月供：3985 ？我忍不了了！！！,旧:曝3771/读560/进0/开0/留0,776,37,0,0,0,62.46,Δ曝-2995/Δ读-523/Δ进0/Δ开0/Δ留0,2026-09-24→2026-09-28,diff
6a5cb3a2000000001c00e452,杭州特斯拉Tesla（嘉里中心体验店）,00后男生月薪6000，轻松拿下Model Y,旧:曝3595/读561/进0/开0/留0,770,58,0,0,0,12.18,Δ曝-2825/Δ读-503/Δ进0/Δ开0/Δ留0,2026-09-24→2026-09-28,diff
6a645732000000000e034f49,特斯拉茉茉美少女,黑色Model Y：23.47w，谁能拒绝❓,旧:曝49477/读7670/进6/开5/留4,4859,774,6,5,4,431.6,Δ曝-44618/Δ读-6896/Δ进0/Δ开0/Δ留0,2026-09-24→2026-09-28,diff
6a632967000000001b01c36a,特斯拉邮递员子枫,黑标Model 3｜国补后落地19.87w起,旧:曝50441/读9619/进1/开0/留0,8059,1284,1,0,0,264.53,Δ曝-42382/Δ读-8335/Δ进0/Δ开0/Δ留0,2026-09-24→2026-08-19,diff
6a67220d000000000f01db1b,杭州萧山特斯拉中心,9月，Model 3：19.47w,旧:曝593689/读97283/进414/开392/留243,317858,58861,532,498,296,41664.08,Δ曝-275831/Δ读-38422/Δ进118/Δ开106/Δ留53,2026-09-24→2026-09-28,diff
6a6445c400000000110139a7,Haha同学在特斯拉,2026国补后，Model Y：23.47w,旧:曝56760/读9073/进24/开19/留10,23577,3670,26,21,12,2093.73,Δ曝-33183/Δ读-5403/Δ进2/Δ开2/Δ留2,2026-09-24→2026-09-28,diff
6a6352c9000000001003d461,Haha同学在特斯拉,上升期男生，偶遇Model 3想努力了！,旧:曝23702/读4425/进0/开0/留0,753,85,0,0,0,45.32,Δ曝-22949/Δ读-4340/Δ进0/Δ开0/Δ留0,2026-09-24→2026-08-20,diff
6a645936000000001302da4f,哈莉（特斯拉分身）,太飒了！Model Y黑武士：23.55w,旧:曝25458/读4528/进5/开5/留3,13319,2536,5,5,3,428.82,Δ曝-12139/Δ读-1992/Δ进0/Δ开0/Δ留0,2026-09-24→2026-09-28,diff
6a67320d000000000f01e481,Haha同学在特斯拉,⏰8月，Model 3：19.87w起,旧:曝9629/读1285/进0/开0/留0,871,64,0,0,0,35.13,Δ曝-8758/Δ读-1221/Δ进0/Δ开0/Δ留0,2026-09-24→2026-08-19,diff
6a5cef93000000000401ecd2,叻仔关关在特斯拉,特斯拉7月新政新鲜出炉啦✨,旧:曝2376/读224/进0/开0/留0,419,9,0,0,0,1.09,Δ曝-1957/Δ读-215/Δ进0/Δ开0/Δ留0,2026-09-24→2026-07-29,diff
6a61fba9000000001d00c258,特斯拉长沙向姐🌸,🌟Model Y｜家用纯电 SUV 优选,旧:曝2715/读312/进0/开0/留0,704,29,0,0,0,53.89,Δ曝-2011/Δ读-283/Δ进0/Δ开0/Δ留0,2026-09-24→2026-09-28,diff
6a658414000000000f0094f7,TESLA 李嘉嘉,国补方案🤩Model 3 : 19.95w起,旧:曝2916/读437/进5/开4/留5,1275,129,6,5,6,211.39,Δ曝-1641/Δ读-308/Δ进1/Δ开1/Δ留1,2026-09-24→2026-09-28,diff
6a5cf4490000000013026906,Tesla 鱼仔吖,见到珍珠白Model 3的瞬间，直接心动了,旧:曝7098/读1140/进2/开1/留0,2662,538,2,1,0,221,Δ曝-4436/Δ读-602/Δ进0/Δ开0/Δ留0,2026-09-24→2026-08-05,diff
6a685f5f0000000005039b43,嘉兴特斯拉中心🚗,看车半小时拿下❗️Model Y L 有什么魅力,旧:曝6163/读983/进2/开2/留0,1659,194,2,2,0,53.89,Δ曝-4504/Δ读-789/Δ进0/Δ开0/Δ留0,2026-09-24→2026-09-28,diff
6a61e396000000000601278b,Tesla特斯拉-毛豆,兄弟们别冲动！Model Y两个版本一篇讲透,旧:曝9982/读2036/进0/开0/留0,4721,1044,0,0,0,121.96,Δ曝-5261/Δ读-992/Δ进0/Δ开0/Δ留0,2026-09-24→2026-09-03,diff
6a6307ee000000000c015ae3,Tesla特斯拉-毛豆,8🈷️来了！Model Y这波补补别错过,旧:曝3631/读556/进0/开0/留0,1242,105,0,0,0,54.08,Δ曝-2389/Δ读-451/Δ进0/Δ开0/Δ留0,2026-09-24→2026-09-03,diff
6a609ce300000000050395f9,Tesla | 吴正豪,油车换特斯拉Model Y太香了🔥,旧:曝3357/读422/进0/开0/留0,909,36,0,0,0,9.81,Δ曝-2448/Δ读-386/Δ进0/Δ开0/Δ留0,2026-09-24→2026-09-26,diff
6a686fc60000000001033756,济南特斯拉主理人,济南选家用车，六座Model Y L月3736提走,旧:曝8873/读1617/进2/开2/留1,2698,458,2,2,1,173.51,Δ曝-6175/Δ读-1159/Δ进0/Δ开0/Δ留0,2026-09-24→2026-08-27,diff
6a685eca000000000101cd0f,特斯拉顾问小美🚗,2026入手Model Y：落地24.27w,旧:曝9471/读1296/进2/开2/留2,2845,224,2,2,2,287.76,Δ曝-6626/Δ读-1072/Δ进0/Δ开0/Δ留0,2026-09-24→2026-09-18,diff
6a643343000000000503b973,特斯拉顾问小美🚗,Model Y快银室外实拍｜预算5w，日供89📃,旧:曝5285/读762/进0/开0/留0,826,83,0,0,0,72.68,Δ曝-4459/Δ读-679/Δ进0/Δ开0/Δ留0,2026-09-24→2026-08-18,diff
6a61a6ac000000000f033d05,特斯拉尼克,特斯拉Model 3，你选全款还是零息❓,旧:曝2696/读305/进0/开0/留0,495,29,0,0,0,3.64,Δ曝-2201/Δ读-276/Δ进0/Δ开0/Δ留0,2026-09-24→2026-09-25,diff
6a61a6360000000011015d85,特斯拉尼克,99年女生，存款10w冲Model 3漂亮车💖,旧:曝3376/读336/进1/开1/留1,972,82,1,1,1,16.23,Δ曝-2404/Δ读-254/Δ进0/Δ开0/Δ留0,2026-09-24→2026-09-28,diff
6a61bb090000000005039553,特斯拉顾问小美🚗,黑标Model 3 | 国补后20.27w可提,旧:曝3511/读573/进0/开0/留0,498,14,0,0,0,1.76,Δ曝-3013/Δ读-559/Δ进0/Δ开0/Δ留0,2026-09-24→2026-08-18,diff
6a6968bb000000000c01744c,宁波特斯拉-海曙龙湖天街店,油车置换买六座Model Y L，月供3736,旧:曝5226/读763/进0/开0/留0,563,23,0,0,0,9.76,Δ曝-4663/Δ读-740/Δ进0/Δ开0/Δ留0,2026-09-24→2026-08-17,diff
6a6627e7000000001c013c89,宁波特斯拉-海曙龙湖天街店,烈焰红Model3：19.79w提走🚗,旧:曝5302/读684/进3/开2/留2,2700,301,3,2,2,159.18,Δ曝-2602/Δ读-383/Δ进0/Δ开0/Δ留0,2026-09-24→2026-08-27,diff
6a603b6e0000000010029c18,宁波特斯拉-海曙龙湖天街店,5万提特斯拉Model 3，看我给你算,旧:曝2735/读373/进0/开0/留0,611,19,0,0,0,11.93,Δ曝-2124/Δ读-354/Δ进0/Δ开0/Δ留0,2026-09-24→2026-08-17,diff
6a1f9d21000000003501c972,Tesla | 吴正豪,喜提爱车！Model 3 20.75w,旧:曝12302/读2367/进3/开2/留1,8739,1529,3,2,1,261.02,Δ曝-3563/Δ读-838/Δ进0/Δ开0/Δ留0,2026-09-24→2026-09-28,diff
6a685d54000000000401e4dc,常州特斯拉-小蒋,Model Y L月供3736，真六座太香了！,旧:曝20240/读2573/进0/开0/留0,1264,136,0,0,0,77.61,Δ曝-18976/Δ读-2437/Δ进0/Δ开0/Δ留0,2026-09-24→2026-09-19,diff
6a62dac900000000010305d8,常州特斯拉-小蒋,江苏油车置换Model Y怎么蕞划算？攻略来啦！,旧:曝4037/读545/进1/开1/留0,1344,128,1,1,0,70.68,Δ曝-2693/Δ读-417/Δ进0/Δ开0/Δ留0,2026-09-24→2026-08-19,diff
6a607c79000000000503a54f,常州特斯拉-小蒋,00后女生喜提特斯拉❗️星钻黑Model 3💅,旧:曝7565/读1759/进0/开0/留0,1507,247,0,0,0,30.08,Δ曝-6058/Δ读-1512/Δ进0/Δ开0/Δ留0,2026-09-24→2026-08-19,diff
6a3e3c2f000000001c0241de,Tesla | 吴正豪,黑标 Model Y：23.67w，别再犹豫,旧:曝21584/读3243/进0/开0/留0,2181,151,0,0,0,96.22,Δ曝-19403/Δ读-3092/Δ进0/Δ开0/Δ留0,2026-09-24→2026-09-28,diff
6a62f4aa000000000503bbf8,小林的特斯拉日记,年轻家庭的第1️⃣台车✨4.59w提走Model Y,旧:曝3362/读340/进1/开1/留1,1229,55,1,1,1,21.41,Δ曝-2133/Δ读-285/Δ进0/Δ开0/Δ留0,2026-09-24→2026-09-28,diff
6a5f3cfc000000002201a344,特斯拉tesla星星,7月补补倒计时！Model 3裸车20.67w直接开走,旧:曝7775/读781/进3/开3/留3,3084,244,3,3,3,286.1,Δ曝-4691/Δ读-537/Δ进0/Δ开0/Δ留0,2026-09-24→2026-09-28,diff
6a632905000000000f0336ec,特斯拉tesla星星,清醒又独立的女生，请冲Model 3！！,旧:曝7003/读1108/进3/开3/留3,4748,727,3,3,3,282.11,Δ曝-2255/Δ读-381/Δ进0/Δ开0/Δ留0,2026-09-24→2026-09-28,diff
6a67199d0000000010024121,特斯拉Tesla-悠悠（全国可提）,油车置换Model Y落地省2W+明细🔥,旧:曝2509/读216/进0/开0/留0,485,26,0,0,0,8.24,Δ曝-2024/Δ读-190/Δ进0/Δ开0/Δ留0,2026-09-24→2026-08-18,diff
6a68af4b000000000f01763b,特斯拉tesla星星,油费抵🈷供｜女生换Model Y真的太香了🤍,旧:曝4632/读476/进1/开1/留0,1284,70,1,1,0,37.85,Δ曝-3348/Δ读-406/Δ进0/Δ开0/Δ留0,2026-09-24→2026-09-28,diff
6a6304d1000000001d02138a,特斯拉一鸣,特斯拉销售转正❤️奖励自己Model Y,旧:曝15061/读3151/进16/开12/留7,12177,2511,16,12,7,1206.11,Δ曝-2884/Δ读-640/Δ进0/Δ开0/Δ留0,2026-09-24→2026-09-19,diff
6a696843000000000a03aee8,特斯拉金华| 露娜,特斯拉倒计时2天！Model3:19.87w,旧:曝4624/读765/进0/开0/留0,1020,74,0,0,0,35.82,Δ曝-3604/Δ读-691/Δ进0/Δ开0/Δ留0,2026-09-24→2026-09-28,diff
6a6609cc00000000130241c1,特斯拉金华| 露娜,7 月终于提了特斯拉 Model3,旧:曝4316/读679/进0/开0/留0,509,22,0,0,0,2,Δ曝-3807/Δ读-657/Δ进0/Δ开0/Δ留0,2026-09-24→2026-09-26,diff
6a62247e000000000e034419,特斯拉金华| 露娜,特斯拉Model Y，7月政策我都看好了🔥,旧:曝5212/读724/进0/开0/留0,614,28,0,0,0,10.4,Δ曝-4598/Δ读-696/Δ进0/Δ开0/Δ留0,2026-09-24→2026-09-28,diff
6a635c9b0000000014007e91,特斯拉｜东东,人生第一台Model 3，特斯拉好宠哦🚗💖,旧:曝6345/读971/进2/开2/留1,749,53,2,2,1,60.22,Δ曝-5596/Δ读-918/Δ进0/Δ开0/Δ留0,2026-09-24→2026-09-03,diff
6a6098b9000000001d0232ef,特斯拉｜东东,四口之家换六座Model Y L，这性价比！,旧:曝41251/读6425/进0/开0/留0,860,99,0,0,0,16.51,Δ曝-40391/Δ读-6326/Δ进0/Δ开0/Δ留0,2026-09-24→2026-09-28,diff
6a62f128000000001101a283,励志卖十万台特斯拉的-盼盼🍞,00后女生油车换电车｜直接真香了！,旧:曝11880/读2117/进2/开1/留1,9535,1713,2,1,1,277.49,Δ曝-2345/Δ读-404/Δ进0/Δ开0/Δ留0,2026-09-24→2026-09-10,diff
6a62f849000000001101bc22,励志卖十万台特斯拉的-盼盼🍞,Model Y落地才24w+，姐妹们别犹豫了！,旧:曝4495/读594/进1/开1/留0,1079,92,1,1,0,37.02,Δ曝-3416/Δ读-502/Δ进0/Δ开0/Δ留0,2026-09-24→2026-09-28,diff
6a62fd9b000000001102dc35,励志卖十万台特斯拉的-盼盼🍞,别等全款了！00后低【👋付】开走Model 3攻略,旧:曝1837/读188/进0/开0/留0,812,47,0,0,0,57.01,Δ曝-1025/Δ读-141/Δ进0/Δ开0/Δ留0,2026-09-24→2026-09-28,diff
6a6729800000000011011aa5,励志卖十万台特斯拉的-盼盼🍞,00后女生提车一个月，打车软件已卸载,旧:曝2419/读390/进0/开0/留0,746,54,0,0,0,16.76,Δ曝-1673/Δ读-336/Δ进0/Δ开0/Δ留0,2026-09-24→2026-09-28,diff
6a65960e000000000100dcbd,嘉兴特斯拉中心🚗,政ce确定｜Model 3 20.67w直接开走,旧:曝4012/读528/进0/开0/留0,1221,57,0,0,0,60.62,Δ曝-2791/Δ读-471/Δ进0/Δ开0/Δ留0,2026-09-24→2026-09-28,diff
6a63127a000000001102f2a2,Hi 特斯拉的小鹿,00后提车Model 3｜月供2193真香,旧:曝11066/读1466/进1/开1/留1,5369,542,1,1,1,346,Δ曝-5697/Δ读-924/Δ进0/Δ开0/Δ留0,2026-09-24→2026-09-28,diff
6a64b3c4000000001003ce52,Hi 特斯拉的小鹿,别犹豫了！Model 3这波福🌰月底截止,旧:曝2272/读280/进0/开0/留0,572,16,0,0,0,4.69,Δ曝-1700/Δ读-264/Δ进0/Δ开0/Δ留0,2026-09-24→2026-09-22,diff
6a66d463000000000f014454,特斯拉苏州交付中心,00后刚工作的看过来｜🈷️供2193上车,旧:曝5468/读457/进1/开1/留0,1309,58,1,1,0,71.89,Δ曝-4159/Δ读-399/Δ进0/Δ开0/Δ留0,2026-09-24→2026-09-28,diff
6a6331c5000000001003c8f4,特斯拉苏州交付中心,📱算明白｜油车换Model Y咋买蕞省？,旧:曝4412/读319/进0/开0/留0,1246,63,1,1,0,48.07,Δ曝-3166/Δ读-256/Δ进1/Δ开1/Δ留0,2026-09-24→2026-09-28,diff
6a64409e000000001c01047d,温州特斯拉Tesla小娴🐳,预算20w+，不内耗的女生直接冲Model Y,旧:曝6409/读957/进0/开0/留0,2555,304,0,0,0,36.31,Δ曝-3854/Δ读-653/Δ进0/Δ开0/Δ留0,2026-09-24→2026-09-28,diff
6a696785000000000f0049eb,Haha同学在特斯拉,00后男生开Model 3一年花费多少？,旧:曝271631/读57464/进63/开45/留25,40883,3426,71,49,26,3069.17,Δ曝-230748/Δ读-54038/Δ进8/Δ开4/Δ留1,2026-09-24→2026-09-28,diff
6a47a7db000000002103e2ef,杭州特斯拉Tesla（嘉里中心体验店）,7️⃣🈷️model3 依旧稳定发挥！！！,旧:曝2588/读297/进0/开0/留0,539,21,0,0,0,38.82,Δ曝-2049/Δ读-276/Δ进0/Δ开0/Δ留0,2026-09-24→2026-09-28,diff
6a3de9e50000000021022d5a,杭州特斯拉Tesla（嘉里中心体验店）,6️⃣🈷️Model 3只要20.07w起了嘛！,旧:曝15540/读1903/进1/开1/留0,1265,69,1,1,0,29.34,Δ曝-14275/Δ读-1834/Δ进0/Δ开0/Δ留0,2026-09-24→2026-09-28,diff
6a3a5d780000000020039024,杭州特斯拉Tesla（嘉里中心体验店）,黑标Model Y：23.57w，纠结党速进！！,旧:曝124962/读18435/进74/开66/留30,88073,12296,76,68,31,7015.66,Δ曝-36889/Δ读-6139/Δ进2/Δ开2/Δ留1,2026-09-24→2026-09-28,diff
6a65b303000000001302f81f,特斯拉合肥交付中心,手握10w预算买Model Y？真香警告！,旧:曝5900/读605/进1/开0/留0,1280,70,1,0,0,38.32,Δ曝-4620/Δ读-535/Δ进0/Δ开0/Δ留0,2026-09-24→2026-09-28,diff
6a60504c0000000010029db6,特斯拉合肥交付中心,8月喜提特斯拉！Model 3仅5w+就能拥有,旧:曝3826/读276/进0/开0/留0,1001,52,0,0,0,37.86,Δ曝-2825/Δ读-224/Δ进0/Δ开0/Δ留0,2026-09-24→2026-08-23,diff
6a59b4ad000000001f01cbd9,特斯拉合肥交付中心,毕业季我为什么推荐给孩子买Model Y,旧:曝5331/读513/进0/开0/留0,1142,53,0,0,0,11.16,Δ曝-4189/Δ读-460/Δ进0/Δ开0/Δ留0,2026-09-24→2026-09-28,diff
6a58625d000000001d02117e,特斯拉合肥交付中心,想体验轿跑和电车？ Model 3这波补补超👍,旧:曝3910/读335/进3/开3/留3,996,68,3,3,3,115.13,Δ曝-2914/Δ读-267/Δ进0/Δ开0/Δ留0,2026-09-24→2026-09-28,diff
6a699930000000001302483c,特斯拉冰姐（全国可提）,特斯拉官网更🆕8月政ce已上线！,旧:曝6285/读2104/进3/开2/留1,3194,133,3,2,1,326.58,Δ曝-3091/Δ读-1971/Δ进0/Δ开0/Δ留0,2026-09-24→2026-09-28,diff
6a64c1aa000000001003c549,桃桃在特斯拉🍑,第一视角沉浸式体验特斯拉试驾！！,旧:曝27011/读5361/进1/开1/留0,2111,184,1,1,0,103.38,Δ曝-24900/Δ读-5177/Δ进0/Δ开0/Δ留0,2026-09-24→2026-08-19,diff
6a6443e90000000022019a15,Tesla-晨璐（努力工作版）,清醒有主见的女生，冲Model 3！！,旧:曝7072/读1114/进0/开0/留0,478,21,0,0,0,1.82,Δ曝-6594/Δ读-1093/Δ进0/Δ开0/Δ留0,2026-09-24→2026-08-18,diff
6a608424000000001303db75,杭州特斯拉Tesla（嘉里中心体验店）,国补｜00后毕业一年，拿下人生首台Model 3,旧:曝3041/读346/进1/开1/留0,1207,90,1,1,0,190.19,Δ曝-1834/Δ读-256/Δ进0/Δ开0/Δ留0,2026-09-24→2026-09-28,diff
6a65fac00000000013024d00,特斯拉合肥交付中心,这台 Model Y L 提回家，全家人都夸！,旧:曝4783/读516/进0/开0/留0,852,36,0,0,0,16.92,Δ曝-3931/Δ读-480/Δ进0/Δ开0/Δ留0,2026-09-24→2026-09-28,diff
6a6884a200000000130248a9,特斯拉冰姐（全国可提）,纠结选配看这里✅珍珠白+大轮毂到底值不,旧:曝3295/读451/进0/开0/留0,954,81,0,0,0,15.6,Δ曝-2341/Δ读-370/Δ进0/Δ开0/Δ留0,2026-09-24→2026-09-28,diff
6a56e0af000000001702fa52,Tesla｜玉子（特专业版）,油车置换 Model 3，后悔了吗？,旧:曝2378/读210/进0/开0/留0,693,47,0,0,0,21.09,Δ曝-1685/Δ读-163/Δ进0/Δ开0/Δ留0,2026-09-24→2026-09-28,diff
6a64521f000000000301e112,Tesla｜玉子（特专业版）,年轻情侣首车，5.59w拿下Model Y,旧:曝1982/读163/进0/开0/留0,1064,49,0,0,0,22.14,Δ曝-918/Δ读-114/Δ进0/Δ开0/Δ留0,2026-09-24→2026-09-28,diff
6a6969a6000000000a03b391,特斯拉茉茉美少女,沉浸式体验Model Y！建议调大音量🔊,旧:曝24189/读7978/进33/开23/留10,5684,266,33,23,10,992.39,Δ曝-18505/Δ读-7712/Δ进0/Δ开0/Δ留0,2026-09-24→2026-09-28,diff
6a65a473000000001d023f73,特斯拉Yoki特努力,坐标山东！Model Y每月2691，无痛提车！,旧:曝6983/读962/进1/开1/留1,1549,138,1,1,1,81.71,Δ曝-5434/Δ读-824/Δ进0/Δ开0/Δ留0,2026-09-24→2026-08-27,diff
6a66e147000000000f011b03,特斯拉Yoki特努力,9️⃣月，👋付5.59w，月供2198，开走Model 3！,旧:曝54174/读11886/进17/开15/留12,28655,5763,17,15,12,1848.85,Δ曝-25519/Δ读-6123/Δ进0/Δ开0/Δ留0,2026-09-24→2026-09-09,diff
6a6868c3000000000e036de5,特斯拉Yoki特努力,沉浸式看六座Model Y L！🤫（全方位版）,旧:曝139203/读15487/进2/开1/留1,1943,125,2,1,1,158.39,Δ曝-137260/Δ读-15362/Δ进0/Δ开0/Δ留0,2026-09-24→2026-08-27,diff
6a689002000000001b01d8c5,特斯拉Yoki特努力,2026！Model Y L买车思路，清晰得可怕！,旧:曝68573/读13215/进0/开0/留0,904,113,0,0,0,20.84,Δ曝-67669/Δ读-13102/Δ进0/Δ开0/Δ留0,2026-09-24→2026-08-19,diff
6a61ab44000000001b01d9b1,特斯拉MoMo,暑期Model Y L 真的被优惠推bao了😂,旧:曝3342/读381/进1/开0/留0,518,31,1,0,0,21.3,Δ曝-2824/Δ读-350/Δ进0/Δ开0/Δ留0,2026-09-24→2026-08-31,diff
6a64838d000000001c0129f0,特斯拉MoMo,00后刚工作的看过来｜🈷️供2193上车,旧:曝2234/读168/进0/开0/留0,796,26,0,0,0,10.15,Δ曝-1438/Δ读-142/Δ进0/Δ开0/Δ留0,2026-09-24→2026-09-01,diff
6a66ebdb000000000a039f36,特斯拉MoMo,《别怕｜刚工作也能提Model 3》,旧:曝2463/读267/进0/开0/留0,586,26,0,0,0,5.68,Δ曝-1877/Δ读-241/Δ进0/Δ开0/Δ留0,2026-09-24→2026-08-25,diff
6a61a8c6000000000f0304d2,77在特斯拉卖玩具车📔,女宝拿下商务SUV：Model Y✨,旧:曝13476/读2085/进0/开0/留0,543,25,0,0,0,22.54,Δ曝-12933/Δ读-2060/Δ进0/Δ开0/Δ留0,2026-09-24→2026-09-25,diff
6a60b30b00000000130242cb,特斯拉杭州交付中心,Model Y月供2691，轻松开走！！！,旧:曝7920/读1054/进2/开1/留1,996,65,2,1,1,84.38,Δ曝-6924/Δ读-989/Δ进0/Δ开0/Δ留0,2026-09-24→2026-09-02,diff
6a57446f0000000008001105,特斯拉南京交付中心,月供3000+，要换电车吗 ？在线等！,旧:曝4026/读319/进0/开0/留0,586,36,0,0,0,10.08,Δ曝-3440/Δ读-283/Δ进0/Δ开0/Δ留0,2026-09-24→2026-08-25,diff
6a61c87a000000001b01c5dd,特斯拉南京交付中心,🚨八月购车爽之！Model Y每天89元也能开,旧:曝5867/读632/进1/开1/留1,1334,103,1,1,1,135.46,Δ曝-4533/Δ读-529/Δ进0/Δ开0/Δ留0,2026-09-24→2026-08-25,diff
6a66b6ae000000000c0178dd,特斯拉南京交付中心,香麻了，八月Model Y 24w+开走！,旧:曝27028/读3588/进15/开14/留9,21243,2831,15,14,9,1298.26,Δ曝-5785/Δ读-757/Δ进0/Δ开0/Δ留0,2026-09-24→2026-08-26,diff
6a684dbc0000000022019009,Model体验官一凡,最后三天⏰黑标Model Y：23.47w,旧:曝41814/读6554/进11/开9/留9,9274,1037,12,10,10,1001.43,Δ曝-32540/Δ读-5517/Δ进1/Δ开1/Δ留1,2026-09-24→2026-09-28,diff
6a644ca1000000000f02b9ce,Model体验官一凡,Model Y每月2691，无痛提车！,旧:曝115494/读17056/进1/开1/留0,1305,153,2,2,1,125.48,Δ曝-114189/Δ读-16903/Δ进1/Δ开1/Δ留1,2026-09-24→2026-09-28,diff
6a62e823000000001d023620,特斯拉 开开,油价飙升，把油车换成Model 3，怎么买才划算❓,旧:曝1352/读112/进0/开0/留0,504,25,0,0,0,4.39,Δ曝-848/Δ读-87/Δ进0/Δ开0/Δ留0,2026-09-24→2026-09-27,diff
6a66c0fb000000001f01cab0,Tesla特斯拉海岛日记,自驾搭子Model Y购车补贴来啦,旧:曝4781/读744/进0/开0/留0,596,40,0,0,0,3.08,Δ曝-4185/Δ读-704/Δ进0/Δ开0/Δ留0,2026-09-24→2026-09-28,diff
6a6468ad000000001f01f2d3,Tesla特斯拉海岛日记,正考虑油车换电车？快领补贴,旧:曝5349/读861/进0/开0/留0,838,73,0,0,0,14.97,Δ曝-4511/Δ读-788/Δ进0/Δ开0/Δ留0,2026-09-24→2026-09-28,diff
6a62f37a000000001303d491,Tesla特斯拉海岛日记,9月，Model 3  20W+提走了,旧:曝238743/读58812/进20/开14/留12,111668,25662,22,15,13,3075.76,Δ曝-127075/Δ读-33150/Δ进2/Δ开1/Δ留1,2026-09-24→2026-09-28,diff
6a68d318000000001c00dee9,特斯拉 开开,带全家看车🚘六座Model Y L真的值♥️,旧:曝5381/读692/进0/开0/留0,833,63,0,0,0,22.99,Δ曝-4548/Δ读-629/Δ进0/Δ开0/Δ留0,2026-09-24→2026-09-28,diff
6a695d8f000000001d00e12b,特斯拉洋子（包全国）,油车置换特斯拉20.77w起，这篇攻略请查收！,旧:曝2806/读394/进1/开0/留0,482,16,1,0,0,7.52,Δ曝-2324/Δ读-378/Δ进0/Δ开0/Δ留0,2026-09-24→2026-08-15,diff
6a66102b000000001f01d96a,特斯拉晶晶✨,Tesla车漆补补8000了，还可以选星空灰嘛？,旧:曝3594/读626/进0/开0/留0,1630,232,0,0,0,54.67,Δ曝-1964/Δ读-394/Δ进0/Δ开0/Δ留0,2026-09-24→2026-09-28,diff
6a6215d9000000000f0081c5,特斯拉晶晶✨,上班暂停！🌷月薪6k提特斯拉 Model 3,旧:曝2292/读299/进0/开0/留0,586,30,0,0,0,37.67,Δ曝-1706/Δ读-269/Δ进0/Δ开0/Δ留0,2026-09-24→2026-09-28,diff
6a65fc32000000000401fb8d,天津特斯拉-小颖,进店前必看！Model Y的方案算明白了！,旧:曝4236/读499/进1/开1/留1,1468,126,1,1,1,248.53,Δ曝-2768/Δ读-373/Δ进0/Δ开0/Δ留0,2026-09-24→2026-08-27,diff
6a62c872000000000f00810b,特斯拉阿生（全国置换版,超清晰！特斯拉Model Y金融方案怎么选！,旧:曝3168/读475/进0/开0/留0,460,26,0,0,0,0.97,Δ曝-2708/Δ读-449/Δ进0/Δ开0/Δ留0,2026-09-24→2026-09-01,diff
6a696cae000000001d02007d,特斯拉小朱｜全国可提🚗,预算15w左右的00后，闭眼冲Model 3,旧:曝29107/读5364/进1/开1/留1,607,42,1,1,1,55.59,Δ曝-28500/Δ读-5322/Δ进0/Δ开0/Δ留0,2026-09-24→2026-09-10,diff
6a696ada000000000e034636,特斯拉体验官Leo,月供2193，日均73无压力开Model 3,旧:曝3731/读484/进0/开0/留0,610,23,0,0,0,3.58,Δ曝-3121/Δ读-461/Δ进0/Δ开0/Δ留0,2026-09-24→2026-09-25,diff
6a696ee0000000001b01e7a2,特斯拉邮递员子枫,油车置换Model 3，每月2193起,旧:曝2767/读352/进0/开0/留0,562,32,0,0,0,18.5,Δ曝-2205/Δ读-320/Δ进0/Δ开0/Δ留0,2026-09-24→2026-08-18,diff
6a69868e000000001f01c7d3,哈莉（特斯拉分身）,2026国补后，20.27w提走Model 3,旧:曝239903/读37300/进1/开1/留1,4321,516,1,1,1,280.75,Δ曝-235582/Δ读-36784/Δ进0/Δ开0/Δ留0,2026-09-24→2026-09-28,diff
6a6b11ba0000000033010b3e,特斯拉体验官Leo,国补后 | Model Y黑武士落地24.27w,旧:曝25530/读3721/进1/开0/留0,842,52,1,0,0,39.11,Δ曝-24688/Δ读-3669/Δ进0/Δ开0/Δ留0,2026-09-24→2026-09-28,diff
6a6b1b2d000000002701f890,特斯拉邮递员子枫,2026国补后｜Model Y提车24.27w起,旧:曝7058/读1029/进0/开0/留0,521,32,0,0,0,11.81,Δ曝-6537/Δ读-997/Δ进0/Δ开0/Δ留0,2026-09-24→2026-08-18,diff
6a6c6770000000002500b210,哈莉（特斯拉分身）,8月无痛提车！Model Y：23.87W,旧:曝22518/读3279/进1/开1/留0,908,74,1,1,0,26.33,Δ曝-21610/Δ读-3205/Δ进0/Δ开0/Δ留0,2026-09-24→2026-08-27,diff
6a6c8d1c00000000210226db,Haha同学在特斯拉,2026国补后，黑标Model Y：23.87W,旧:曝13220/读1970/进1/开1/留0,655,34,1,1,0,19.04,Δ曝-12565/Δ读-1936/Δ进0/Δ开0/Δ留0,2026-09-24→2026-08-27,diff
6a6c8b49000000003300b556,特斯拉茉茉美少女,8月，Model Y黑武士：23.87w,旧:曝178899/读27012/进19/开16/留5,24785,4490,20,17,6,1343.66,Δ曝-154114/Δ读-22522/Δ进1/Δ开1/Δ留1,2026-09-24→2026-09-28,diff
6a6d65c800000000240253c0,Tesla未来销冠梦瑶,Model Y跟Model Y L区别及费用一览,旧:曝522495/读70828/进0/开0/留0,4147,725,0,0,0,210.43,Δ曝-518348/Δ读-70103/Δ进0/Δ开0/Δ留0,2026-09-24→2026-08-12,diff
6a6c77e10000000029030363,Tesla未来销冠梦瑶,8月无痛提车!Model Y:23.87W,旧:曝6353/读881/进1/开1/留0,2165,262,1,1,0,306.99,Δ曝-4188/Δ读-619/Δ进0/Δ开0/Δ留0,2026-09-24→2026-08-02,diff
6a698a85000000001101b90d,Tesla未来销冠梦瑶,夯爆了！Model 3：19.87W,旧:曝43132/读7447/进2/开1/留1,2930,401,2,1,1,357.18,Δ曝-40202/Δ读-7046/Δ进0/Δ开0/Δ留0,2026-09-24→2026-08-02,diff
6a6c896c00000000330181d6,Tesla-晨璐（努力工作版）,23.87w拿下Model Y！8月补补叠满太香了,旧:曝18913/读2518/进7/开6/留3,4015,377,7,6,3,534.79,Δ曝-14898/Δ读-2141/Δ进0/Δ开0/Δ留0,2026-09-24→2026-09-28,diff
6a6c838200000000290332b7,Tesla-晨璐（努力工作版）,全家一起提，六座Model Y L：4.59w,旧:曝10880/读1770/进5/开5/留2,1305,129,5,5,2,122.36,Δ曝-9575/Δ读-1641/Δ进0/Δ开0/Δ留0,2026-09-24→2026-09-18,diff
6a6f4649000000002701f3e9,哈莉（特斯拉分身）,00后女生开特斯拉Model Y一年要花多少？,旧:曝161655/读33631/进75/开61/留27,45665,6260,88,70,32,4193.43,Δ曝-115990/Δ读-27371/Δ进13/Δ开9/Δ留5,2026-09-24→2026-09-28,diff
6a64291f000000000f00a94f,Tesla特斯拉海岛日记,高级感｜谁能拒绝Model Y 星钻黑呢,旧:曝40508/读8769/进0/开0/留0,1391,206,0,0,0,30.32,Δ曝-39117/Δ读-8563/Δ进0/Δ开0/Δ留0,2026-09-24→2026-09-28,diff
6a700646000000002202c826,特斯拉Yoki特努力,8月太夯了！！Model Y:23.87w,旧:曝42320/读6725/进1/开1/留0,1313,132,1,1,0,142.23,Δ曝-41007/Δ读-6593/Δ进0/Δ开0/Δ留0,2026-09-24→2026-08-27,diff
6a6d8b0c00000000220146d3,桃桃在特斯拉🍑,买车必看！逻辑一下就清晰了！,旧:曝5370/读1906/进4/开2/留0,1282,41,4,2,0,92.23,Δ曝-4088/Δ读-1865/Δ进0/Δ开0/Δ留0,2026-09-24→2026-08-27,diff
6a6ebb850000000021020463,桃桃在特斯拉🍑,Model Y和Model 3 区别及费用📄,旧:曝266934/读42343/进18/开11/留3,12712,1780,18,11,3,865.72,Δ曝-254222/Δ读-40563/Δ进0/Δ开0/Δ留0,2026-09-24→2026-09-28,diff
6a6c0978000000002701ca17,特斯拉体验官Leo,8月大惊喜 | 落地20.67w无痛提Model 3,旧:曝24041/读3665/进0/开0/留0,1131,101,0,0,0,118.75,Δ曝-22910/Δ读-3564/Δ进0/Δ开0/Δ留0,2026-09-24→2026-09-28,diff
6a72d5db000000002501563a,特斯拉体验官Leo,20多w的Model Y，全款还是五年免西？,旧:曝31680/读5005/进1/开0/留0,1299,149,1,0,0,38.2,Δ曝-30381/Δ读-4856/Δ进0/Δ开0/Δ留0,2026-09-24→2026-09-28,diff
6a6ac759000000001302ddc8,博文在特斯拉,家庭换车，预算10w提六座Model Y L,旧:曝89303/读13983/进0/开0/留0,691,68,0,0,0,10.62,Δ曝-88612/Δ读-13915/Δ进0/Δ开0/Δ留0,2026-09-24→2026-09-28,diff
6a6b30710000000025011149,博文在特斯拉,2026年8月｜特斯拉Model Y🆕政 ce解读🔥,旧:曝23668/读4832/进3/开1/留2,2490,99,3,1,2,192.23,Δ曝-21178/Δ读-4733/Δ进0/Δ开0/Δ留0,2026-09-24→2026-09-28,diff
6a71b5ad000000003302fb3e,博文在特斯拉,9月国补后，Model 3，20.67w提,旧:曝61693/读10385/进92/开84/留62,50192,8429,95,87,63,7890.93,Δ曝-11501/Δ读-1956/Δ进3/Δ开3/Δ留1,2026-09-24→2026-09-28,diff
6a6c1342000000003301daab,特斯拉邮递员子枫,8月抢先看，Model 3快银20.67w开走,旧:曝24681/读4504/进1/开1/留0,2024,329,1,1,0,50.97,Δ曝-22657/Δ读-4175/Δ进0/Δ开0/Δ留0,2026-09-24→2026-08-27,diff
6a72d15e000000002202e509,特斯拉邮递员子枫,油车置换六座Model Y L，这样买更划算,旧:曝10878/读2007/进0/开0/留0,479,28,0,0,0,5.01,Δ曝-10399/Δ读-1979/Δ进0/Δ开0/Δ留0,2026-09-24→2026-08-26,diff
6a69f419000000000e036e64,特斯拉阿生（全国置换版,坐标重庆📍新购✨六座特斯拉补了8k,旧:曝2225/读345/进0/开0/留0,452,25,0,0,0,1.81,Δ曝-1773/Δ读-320/Δ进0/Δ开0/Δ留0,2026-09-24→2026-09-02,diff
6a6dbc92000000002800a7c1,特斯拉茉茉美少女,Model 3每天70块，开走爱车,旧:曝430732/读84603/进235/开225/留104,301951,62862,235,225,104,17442,Δ曝-128781/Δ读-21741/Δ进0/Δ开0/Δ留0,2026-09-24→2026-09-28,diff
6a7309f8000000002500fa70,特斯拉茉茉美少女,8月，无痛提走！！黑标Model Y：23.57W,旧:曝27261/读4335/进4/开4/留1,3736,461,4,4,1,251.84,Δ曝-23525/Δ读-3874/Δ进0/Δ开0/Δ留0,2026-09-24→2026-09-27,diff
6a6f3a61000000002701ca8f,特斯拉MoMo,Model Y通勤很方便，8月价格合适可冲,旧:曝4359/读477/进0/开0/留0,459,14,0,0,0,3.46,Δ曝-3900/Δ读-463/Δ进0/Δ开0/Δ留0,2026-09-24→2026-08-27,diff
6a6c8024000000002500e390,特斯拉MoMo,婚后第1️⃣台车怎么选？Model Y👋付4.59w开走,旧:曝2574/读266/进0/开0/留0,462,14,0,0,0,3.47,Δ曝-2112/Δ读-252/Δ进0/Δ开0/Δ留0,2026-09-24→2026-08-25,diff
6a71abd60000000033034ec9,特斯拉小朱｜全国可提🚗,8月国补后，24.27w无痛入Model Y,旧:曝5016/读653/进0/开0/留0,700,48,0,0,0,22.99,Δ曝-4316/Δ读-605/Δ进0/Δ开0/Δ留0,2026-09-24→2026-09-18,diff
6a6b0033000000001d00db3e,特斯拉小朱｜全国可提🚗,算完一笔账，Model Y纯性价比之王,旧:曝8985/读1746/进1/开0/留0,258,33,1,0,0,3.25,Δ曝-8727/Δ读-1713/Δ进0/Δ开0/Δ留0,2026-09-24→2026-09-02,diff
6a6b535a0000000033033ffc,Tesla特斯拉海岛日记,年轻家庭👋选｜手付4.59w开Model Y,旧:曝2646/读290/进0/开0/留0,480,19,0,0,0,8.44,Δ曝-2166/Δ读-271/Δ进0/Δ开0/Δ留0,2026-09-24→2026-09-28,diff
6a6f26aa000000002701c804,Tesla特斯拉海岛日记,👋付4.59w上班族的Model Y通勤方案,旧:曝2966/读389/进0/开0/留0,468,16,0,0,0,5.7,Δ曝-2498/Δ读-373/Δ进0/Δ开0/Δ留0,2026-09-24→2026-09-28,diff
6a6b4482000000000502287c,特斯拉Yoki特努力,2026全新黑标Model Y：23.47w,旧:曝18008/读2416/进0/开0/留0,588,34,0,0,0,6.68,Δ曝-17420/Δ读-2382/Δ进0/Δ开0/Δ留0,2026-09-24→2026-08-26,diff
6a6b0051000000000f030d38,Model体验官一凡,8月无痛提车，20.27w提走Model 3,旧:曝5010/读645/进1/开1/留0,873,77,1,1,0,32.44,Δ曝-4137/Δ读-568/Δ进0/Δ开0/Δ留0,2026-09-24→2026-08-27,diff
6a6eadb00000000032020ca0,Model体验官一凡,2026黑标Model Y落地价：23.87W,旧:曝100989/读15940/进4/开4/留4,11726,2176,4,4,4,620.78,Δ曝-89263/Δ读-13764/Δ进0/Δ开0/Δ留0,2026-09-24→2026-09-28,diff
6a71be56000000002c000b02,Model体验官一凡,8月，Model Y：23.57w,旧:曝10383/读1507/进0/开0/留0,468,25,0,0,0,17.55,Δ曝-9915/Δ读-1482/Δ进0/Δ开0/Δ留0,2026-09-24→2026-08-27,diff
6a71a81a0000000033037fb8,特斯拉洋子（包全国）,8月特斯拉新政整理完毕，考虑的抓紧了😭,旧:曝1929/读198/进1/开0/留0,652,34,1,0,0,18.2,Δ曝-1277/Δ读-164/Δ进0/Δ开0/Δ留0,2026-09-24→2026-08-27,diff
6a6c0c4c0000000033010ee5,特斯拉洋子（包全国）,新手必看！特斯拉座椅记忆设置，调完进出超方,旧:曝11281/读3229/进3/开2/留2,2725,323,3,2,2,86.15,Δ曝-8556/Δ读-2906/Δ进0/Δ开0/Δ留0,2026-09-24→2026-09-01,diff
6a6cbdf60000000033030d4b,特斯拉 开开,9🈷️新购Model Y至高享11798元💰抓紧手速,旧:曝6119/读801/进7/开7/留3,3330,401,7,7,3,311.9,Δ曝-2789/Δ读-400/Δ进0/Δ开0/Δ留0,2026-09-24→2026-09-28,diff
6a71aa02000000003300a96b,特斯拉 开开,8月特斯拉太夯了❗️Model Y新购至少10000❓,旧:曝3031/读943/进1/开1/留0,893,58,1,1,0,38.75,Δ曝-2138/Δ读-885/Δ进0/Δ开0/Δ留0,2026-09-24→2026-09-22,diff
6a71a3470000000028006abf,特斯拉晶晶✨,家庭用车，月3736，六座Model Y L拿下,旧:曝6411/读1041/进0/开0/留0,665,57,0,0,0,6.3,Δ曝-5746/Δ读-984/Δ进0/Δ开0/Δ留0,2026-09-24→2026-09-28,diff
6a70278f0000000033010506,特斯拉南京交付中心,特斯拉八月方案已经出来了，准车主看这里👀,旧:曝5649/读697/进0/开0/留0,812,78,0,0,0,10.3,Δ曝-4837/Δ读-619/Δ进0/Δ开0/Δ留0,2026-09-24→2026-08-25,diff
6a6ef4ac00000000350140a0,特斯拉杭州交付中心,00后女生，4.59w提人生第1️⃣辆特斯拉！,旧:曝3931/读450/进0/开0/留0,670,41,0,0,0,8.85,Δ曝-3261/Δ读-409/Δ进0/Δ开0/Δ留0,2026-09-24→2026-09-03,diff
6a70334a0000000022016f15,Tesla未来销冠梦瑶,八月特斯拉Model 3 ：19.87w提走❗️,旧:曝2095/读284/进1/开1/留0,1193,161,1,1,0,60.48,Δ曝-902/Δ读-123/Δ进0/Δ开0/Δ留0,2026-09-24→2026-08-27,diff
6a6e9d67000000003302c9e5,特斯拉金华| 露娜,00后女生喜提特斯拉！珍珠白Model 3💅,旧:曝6352/读1093/进0/开0/留0,778,77,0,0,0,11.56,Δ曝-5574/Δ读-1016/Δ进0/Δ开0/Δ留0,2026-09-24→2026-09-28,diff
6a6c49ed00000000250173a2,Tesla特斯拉-毛豆,油车换 Model 3？河南车主先算这笔政CE账！,旧:曝1522/读152/进0/开0/留0,253,9,0,0,0,1.59,Δ曝-1269/Δ读-143/Δ进0/Δ开0/Δ留0,2026-09-24→2026-08-18,diff
6a6e1fd70000000033008f20,特斯拉Tesla-悠悠（全国可提）,黑标Model 3：手付4.59w拿下,旧:曝7876/读1149/进0/开0/留0,705,49,0,0,0,22.05,Δ曝-7171/Δ读-1100/Δ进0/Δ开0/Δ留0,2026-09-24→2026-08-27,diff
6a6e9cb90000000028004486,Tesla特斯拉-毛豆,换 Model 3 补补规则才是省💰关键！,旧:曝1965/读309/进0/开0/留0,172,14,0,0,0,9.32,Δ曝-1793/Δ读-295/Δ进0/Δ开0/Δ留0,2026-09-24→2026-08-19,diff
6a71e16c0000000022031d59,特斯拉顾问小美🚗,5w拿下，00后人生第一台纯电轿跑,旧:曝4690/读717/进1/开0/留0,2222,290,1,0,0,20.85,Δ曝-2468/Δ读-427/Δ进0/Δ开0/Δ留0,2026-09-24→2026-08-27,diff
6a6e117e0000000005032e39,特斯拉顾问小美🚗,试驾完Model YL：八月新价 4.59w提走😭,旧:曝15153/读2281/进2/开2/留1,1148,138,2,2,1,122.9,Δ曝-14005/Δ读-2143/Δ进0/Δ开0/Δ留0,2026-09-24→2026-09-18,diff
6a71c43e000000002102181f,杭州萧山特斯拉中心,9月无痛提车！Model Y：23.87W,旧:曝291867/读42419/进391/开355/留175,290692,42086,434,396,196,27875.36,Δ曝-1175/Δ读-333/Δ进43/Δ开41/Δ留21,2026-09-24→2026-09-28,diff
6a729ff1000000002603572b,杭州萧山特斯拉中心,9月，Model Y：22.57w，香惨了,旧:曝797076/读122795/进319/开283/留141,230607,31927,327,290,145,22383.1,Δ曝-566469/Δ读-90868/Δ进8/Δ开7/Δ留4,2026-09-24→2026-09-28,diff
6a7045ca000000002202daff,特斯拉Tesla-悠悠（全国可提）,25w级纯电SUV，告诉你要怎么选！,旧:曝3760/读499/进0/开0/留0,963,134,0,0,0,51.84,Δ曝-2797/Δ读-365/Δ进0/Δ开0/Δ留0,2026-09-24→2026-08-27,diff
6a6e00fa000000002800002f,TESLA 李嘉嘉,算笔硬仗💰黑Model Y低至22.8W落地,旧:曝11410/读1932/进0/开0/留0,599,36,0,0,0,4.72,Δ曝-10811/Δ读-1896/Δ进0/Δ开0/Δ留0,2026-09-24→2026-09-28,diff
6a6f3a210000000025010f3d,特斯拉｜东东,想买Model 3的，8月太兴奋了！,旧:曝6017/读963/进2/开1/留0,842,64,2,1,0,28.81,Δ曝-5175/Δ读-899/Δ进0/Δ开0/Δ留0,2026-09-24→2026-09-28,diff
6a6ab36400000000140064a5,特斯拉｜东东,上班暂停💻｜5.59w开走Model Y在霸都打卡,旧:曝1677/读183/进1/开1/留0,890,54,1,1,0,63.42,Δ曝-787/Δ读-129/Δ进0/Δ开0/Δ留0,2026-09-24→2026-09-03,diff
6a6efdb9000000000503320b,嘉兴特斯拉中心🚗,有报废车怎么买Model 3，一篇讲清楚,旧:曝1789/读179/进0/开0/留0,203,6,0,0,0,2.82,Δ曝-1586/Δ读-173/Δ进0/Δ开0/Δ留0,2026-09-24→2026-09-28,diff
6a71bde60000000008010ab1,小林的特斯拉日记,9月国补后，特斯拉Model Y：23.87w提🔥,旧:曝13741/读2053/进5/开5/留4,5132,796,5,5,4,482.62,Δ曝-8609/Δ读-1257/Δ进0/Δ开0/Δ留0,2026-09-24→2026-09-28,diff
6a7030ef0000000025004162,常州特斯拉-小蒋,婚后第1️⃣台车怎么选？Model Y👋付4.59w开走,旧:曝3009/读295/进0/开0/留0,995,68,0,0,0,68.29,Δ曝-2014/Δ读-227/Δ进0/Δ开0/Δ留0,2026-09-24→2026-09-19,diff
6a71acec000000002403ee38,常州特斯拉-小蒋,00后女生8月Model Y：23.87w起,旧:曝6209/读949/进5/开4/留4,3992,532,5,4,4,381.27,Δ曝-2217/Δ读-417/Δ进0/Δ开0/Δ留0,2026-09-24→2026-09-28,diff
6a6b30840000000033010576,特斯拉长沙向姐🌸,8月报废换新🔥抓紧薅Model Y,旧:曝3391/读418/进0/开0/留0,1107,102,0,0,0,67.16,Δ曝-2284/Δ读-316/Δ进0/Δ开0/Δ留0,2026-09-24→2026-08-25,diff
6a6d7bf000000000250174bf,特斯拉长沙向姐🌸,8月特斯拉补贴狂飙！Model YL补24000,旧:曝4368/读578/进1/开1/留1,612,22,1,1,1,18.7,Δ曝-3756/Δ读-556/Δ进0/Δ开0/Δ留0,2026-09-24→2026-09-28,diff
6a6c4a8500000000240245cc,励志卖十万台特斯拉的-盼盼🍞,特斯拉8🈷️政ce来啦！三款车型一篇讲清,旧:曝1983/读270/进0/开0/留0,390,9,0,0,0,4.04,Δ曝-1593/Δ读-261/Δ进0/Δ开0/Δ留0,2026-09-24→2026-08-20,diff
6a6c5003000000003202109c,励志卖十万台特斯拉的-盼盼🍞,8🈷️Model 3，国补后20.76w开走,旧:曝3307/读444/进0/开0/留0,504,34,0,0,0,4.9,Δ曝-2803/Δ读-410/Δ进0/Δ开0/Δ留0,2026-09-24→2026-09-28,diff
6a71c438000000002c002240,特斯拉tesla星星,9月又猛又兴奋❗西安 Model Y新购补10270,旧:曝36319/读5330/进87/开83/留51,31625,4315,96,91,56,7159.99,Δ曝-4694/Δ读-1015/Δ进9/Δ开8/Δ留5,2026-09-24→2026-09-28,diff
6a6fed90000000002c000759,特斯拉tesla星星,现在买特斯拉这么划算了吗😭😭！？！？,旧:曝87525/读61779/进299/开254/留142,92383,2199,336,287,157,17532.08,Δ曝4858/Δ读-59580/Δ进37/Δ开33/Δ留15,2026-09-24→2026-09-28,diff
6a6b62d60000000032030aa0,特斯拉tesla星星,上班暂停🎀提Model Y：手付4.59w,旧:曝17513/读2133/进20/开17/留7,14037,1515,20,17,7,1424.93,Δ曝-3476/Δ读-618/Δ进0/Δ开0/Δ留0,2026-09-24→2026-09-28,diff
6a719d690000000027020a56,Hi 特斯拉的小鹿,所有女生！买车思路看这篇｜20w提Model 3,旧:曝3433/读501/进0/开0/留0,443,21,0,0,0,8.29,Δ曝-2990/Δ读-480/Δ进0/Δ开0/Δ留0,2026-09-24→2026-08-18,diff
6a6ac953000000000f033d58,Hi 特斯拉的小鹿,八月特斯拉政策解读｜Model Y 24.27w起,旧:曝2295/读956/进0/开0/留0,1093,38,0,0,0,36.6,Δ曝-1202/Δ读-918/Δ进0/Δ开0/Δ留0,2026-09-24→2026-09-02,diff
6a6c41ea0000000032030de0,Hi 特斯拉的小鹿,👋付4.59w拿下销🏆车型Model Y,旧:曝3057/读376/进1/开1/留1,610,28,1,1,1,99.56,Δ曝-2447/Δ读-348/Δ进0/Δ开0/Δ留0,2026-09-24→2026-09-03,diff
6a6d8b7100000000320306fd,Hi 特斯拉的小鹿,Model Y：24.35w，来抄作业！,旧:曝105036/读16323/进1/开1/留0,1435,128,1,1,0,67.92,Δ曝-103601/Δ读-16195/Δ进0/Δ开0/Δ留0,2026-09-24→2026-09-15,diff
6a6c2c7f0000000033033c1a,Tesla 鱼仔吖,00后女生自提🌷10w存款拿下Model Y,旧:曝4340/读671/进1/开0/留0,2683,456,1,0,0,46.57,Δ曝-1657/Δ读-215/Δ进0/Δ开0/Δ留0,2026-09-24→2026-08-27,diff
6a6de1050000000033013a86,宁波特斯拉-海曙龙湖天街店,💡新购baby看过来🫵   M3：8550 MY：10270,旧:曝2882/读302/进0/开0/留0,1085,45,0,0,0,75.65,Δ曝-1797/Δ读-257/Δ进0/Δ开0/Δ留0,2026-09-24→2026-08-27,diff
6a6ca14d000000003301e0ae,宁波特斯拉-海曙龙湖天街店,23.47w就拿下我的MY啦🤏 郑策大全☄️,旧:曝4919/读769/进0/开0/留0,1050,83,0,0,0,82.15,Δ曝-3869/Δ读-686/Δ进0/Δ开0/Δ留0,2026-09-24→2026-09-28,diff
6a6ad8fc000000000402bf68,Tesla | 吴正豪,最新Model 3攻略，价格太香了！,旧:曝8641/读1348/进0/开0/留0,453,13,0,0,0,1.34,Δ曝-8188/Δ读-1335/Δ进0/Δ开0/Δ留0,2026-09-24→2026-08-31,diff
6a6ac623000000000f01235a,特斯拉合肥交付中心,八月倒计时｜Model Y裸车价24.27w,旧:曝13345/读1613/进7/开6/留2,7284,904,9,8,4,793.31,Δ曝-6061/Δ读-709/Δ进2/Δ开2/Δ留2,2026-09-24→2026-09-28,diff
6a6d713e00000000280300fe,特斯拉合肥交付中心,特斯拉九月有啥优惠，第1️⃣时间拆解！,旧:曝11397/读1309/进24/开22/留18,8840,928,28,25,19,1969.62,Δ曝-2557/Δ读-381/Δ进4/Δ开3/Δ留1,2026-09-24→2026-09-28,diff
6a730d5c000000002500b463,哈莉（特斯拉分身）,8月又猛又兴奋！Model 3：20.07w,旧:曝19522/读2838/进0/开0/留0,1181,93,0,0,0,31.95,Δ曝-18341/Δ读-2745/Δ进0/Δ开0/Δ留0,2026-09-24→2026-08-27,diff
6a730890000000002500013b,Haha同学在特斯拉,8月，黑标Model Y：23.57W,旧:曝55743/读8396/进0/开0/留0,1171,98,0,0,0,42.54,Δ曝-54572/Δ读-8298/Δ进0/Δ开0/Δ留0,2026-09-24→2026-08-27,diff
6a6f3a41000000002701ca2f,杭州特斯拉Tesla（嘉里中心体验店）,起猛了｜8月Model 3 20w➕,旧:曝10994/读1720/进0/开0/留0,840,57,0,0,0,44.84,Δ曝-10154/Δ读-1663/Δ进0/Δ开0/Δ留0,2026-09-24→2026-08-19,diff
6a6b5aa700000000050326f9,Tesla｜玉子（特专业版）,特斯拉八月政策已出,旧:曝87816/读10285/进3/开2/留2,1390,53,3,2,2,86.88,Δ曝-86426/Δ读-10232/Δ进0/Δ开0/Δ留0,2026-09-24→2026-08-17,diff
6a6f330b000000002c004efc,特斯拉苏州交付中心,24.35w拿下Model Y｜因为我算清了这笔帐,旧:曝46185/读7171/进34/开30/留24,24407,3276,42,38,29,3475.1,Δ曝-21778/Δ读-3895/Δ进8/Δ开8/Δ留5,2026-09-24→2026-09-28,diff
6a71bed400000000270221d0,特斯拉苏州交付中心,👋付4.59w拿下Model 3！00后女生保姆级攻略,旧:曝6756/读623/进0/开0/留0,773,59,0,0,0,57.13,Δ曝-5983/Δ读-564/Δ进0/Δ开0/Δ留0,2026-09-24→2026-08-25,diff
6a6c1024000000002c0070d4,Tesla_Selina,8月，24.27w开Mode Y回家！,旧:曝4191/读571/进0/开0/留0,654,45,0,0,0,11.44,Δ曝-3537/Δ读-526/Δ进0/Δ开0/Δ留0,2026-09-24→2026-09-28,diff
6a71738b0000000025011e89,特斯拉冰姐（全国可提）,六座Model Y L实拍《8月拿下要花多少》,旧:曝15662/读6029/进18/开7/留4,5404,234,18,7,4,650.56,Δ曝-10258/Δ读-5795/Δ进0/Δ开0/Δ留0,2026-09-24→2026-09-26,diff
6a6ddb3200000000250179af,温州特斯拉Tesla小娴🐳,起猛了：Model Y每天89元开走！,旧:曝3011/读407/进0/开0/留0,549,22,0,0,0,5.81,Δ曝-2462/Δ读-385/Δ进0/Δ开0/Δ留0,2026-09-24→2026-09-02,diff
6a6b04a7000000001002564b,温州特斯拉Tesla小娴🐳,八月新政策❗️Model 3 w 20.27w,旧:曝1993/读281/进0/开0/留0,438,16,0,0,0,5.26,Δ曝-1555/Δ读-265/Δ进0/Δ开0/Δ留0,2026-09-24→2026-09-02,diff
6a6d4255000000002500992a,特斯拉冰姐（全国可提）,黑标Model Y，8月政策我都看好了🔥,旧:曝3427/读442/进0/开0/留0,491,18,0,0,0,1.83,Δ曝-2936/Δ读-424/Δ进0/Δ开0/Δ留0,2026-09-24→2026-09-28,diff
6a731d47000000003301ca4e,特斯拉Tesla-悠悠（全国可提）,特斯拉六座Model Y L，8月这个价开走~,旧:曝35101/读5780/进17/开16/留10,18450,3339,17,16,10,2056.56,Δ曝-16651/Δ读-2441/Δ进0/Δ开0/Δ留0,2026-09-24→2026-09-28,diff
6a6dd71f0000000005029a24,卖特斯拉的潮汕小妮（车主版）,8月冲！Model Y落地24w➕，5年0息还在🔥,旧:曝6868/读996/进1/开1/留0,1048,98,1,1,0,167.05,Δ曝-5820/Δ读-898/Δ进0/Δ开0/Δ留0,2026-09-24→2026-08-27,diff
6a6b31ac000000000801164f,卖特斯拉的潮汕小妮（车主版）,8月！24.27w开走Model Y🚗！安排～,旧:曝4156/读558/进0/开0/留0,1231,84,0,0,0,31.11,Δ曝-2925/Δ读-474/Δ进0/Δ开0/Δ留0,2026-09-24→2026-09-28,diff
6a735927000000002c0063d7,特斯拉tesla星星,特斯拉到底补多少❓怎么补❓补补详细解读,旧:曝49145/读14225/进128/开107/留54,47374,2403,140,118,64,6952.08,Δ曝-1771/Δ读-11822/Δ进12/Δ开11/Δ留10,2026-09-24→2026-09-28,diff
6a733a5a0000000025010d33,特斯拉长沙向姐🌸,9月ModelY补贴炸场🔥｜拿满补补落地24.27w,旧:曝6634/读661/进9/开8/留7,5352,488,11,10,7,750.8,Δ曝-1282/Δ读-173/Δ进2/Δ开2/Δ留0,2026-09-24→2026-09-28,diff
6a55fb8f000000000f0146ac,特斯拉-伊林Elaine🎀,23.57w😧拿下Model Y,旧:曝25836/读4445/进0/开0/留0,601,37,0,0,0,57.04,Δ曝-25235/Δ读-4408/Δ进0/Δ开0/Δ留0,2026-09-24→2026-09-28,diff
6a6f01c9000000002c00525e,特斯拉-伊林Elaine🎀,20.27w提车！！Model 3太香了,旧:曝43561/读5810/进43/开36/留18,44450,5849,47,39,20,4014.88,Δ曝889/Δ读39/Δ进4/Δ开3/Δ留2,2026-09-24→2026-09-28,diff
6a728805000000002500489b,济南特斯拉主理人,真心建议，八月买Model Y的先看完这篇,旧:曝5233/读852/进0/开0/留0,583,41,0,0,0,7.86,Δ曝-4650/Δ读-811/Δ进0/Δ开0/Δ留0,2026-09-24→2026-08-27,diff
6a71c1b70000000025014a4a,特斯拉一鸣,换车✨特斯拉6座SUV太香了,旧:曝9005/读1601/进0/开0/留0,1959,310,0,0,0,19.13,Δ曝-7046/Δ读-1291/Δ进0/Δ开0/Δ留0,2026-09-24→2026-09-18,diff
6a6f26b100000000280301c6,特斯拉一鸣,辽宁全损理赔➕置换特斯拉💡思路超清晰,旧:曝3681/读517/进1/开1/留1,1995,273,1,1,1,50.34,Δ曝-1686/Δ读-244/Δ进0/Δ开0/Δ留0,2026-09-24→2026-08-27,diff
6a73164d0000000022010e79,特斯拉尼克,8月Model Y🔥新政太牛啦,旧:曝5367/读707/进0/开0/留0,560,36,0,0,0,3.17,Δ曝-4807/Δ读-671/Δ进0/Δ开0/Δ留0,2026-09-24→2026-09-25,diff
6a68735a000000000f03d589,惠州惠城特斯拉中心,Model Y 白外白内视频实拍,旧:曝92366/读14043/进0/开0/留0,691,65,0,0,0,17.71,Δ曝-91675/Δ读-13978/Δ进0/Δ开0/Δ留0,2026-09-24→2026-08-27,diff
6a69b386000000001b01ccaa,惠州惠城特斯拉中心,Model Y 银外白内视频实拍,旧:曝13079/读2631/进0/开0/留0,691,53,0,0,0,20.13,Δ曝-12388/Δ读-2578/Δ进0/Δ开0/Δ留0,2026-09-24→2026-08-27,diff
6a730101000000002500d442,Tesla特斯拉-毛豆,8月这波太顶了！Model Y 直接杀到23.87w,旧:曝2203/读242/进0/开0/留0,452,11,0,0,0,7.22,Δ曝-1751/Δ读-231/Δ进0/Δ开0/Δ留0,2026-09-24→2026-08-29,diff
6a7293ef00000000250079fe,嘉兴特斯拉中心🚗,九月无痛提车｜月薪6000直接冲Model Y,旧:曝2600/读357/进0/开0/留0,791,55,0,0,0,15.34,Δ曝-1809/Δ读-302/Δ进0/Δ开0/Δ留0,2026-09-24→2026-09-08,diff
6a732fc4000000002202cea5,特斯拉｜东东,00年男生Model 3快银20w+提车‼️,旧:曝15374/读2614/进3/开3/留4,3521,647,3,3,4,278.79,Δ曝-11853/Δ读-1967/Δ进0/Δ开0/Δ留0,2026-09-24→2026-09-19,diff
6a73f9b3000000003300bc9c,宁波特斯拉-海曙龙湖天街店,8月大惊喜，Model 3落地可达20.67w,旧:曝4491/读680/进0/开0/留0,799,41,0,0,0,26.97,Δ曝-3692/Δ读-639/Δ进0/Δ开0/Δ留0,2026-09-24→2026-08-27,diff
6a7477e500000000250092cd,Tesla | 吴正豪,Model Y配置怎么选？8月政策看清楚！,旧:曝7714/读1765/进1/开1/留1,956,30,1,1,1,34.92,Δ曝-6758/Δ读-1735/Δ进0/Δ开0/Δ留0,2026-09-24→2026-09-02,diff
6a72de28000000003301b9f2,Hi 特斯拉的小鹿,00后买车优选Model 3｜落地20.75w起,旧:曝2268/读291/进0/开0/留0,496,31,0,0,0,15.25,Δ曝-1772/Δ读-260/Δ进0/Δ开0/Δ留0,2026-09-24→2026-09-03,diff
6a72f6a90000000028001981,特斯拉金华| 露娜,Model Y月供2691，谁还不心动,旧:曝5116/读764/进0/开0/留0,632,25,0,0,0,22.22,Δ曝-4484/Δ读-739/Δ进0/Δ开0/Δ留0,2026-09-24→2026-09-28,diff
6a72a2f70000000008012671,常州特斯拉-小蒋,✨8月太夯了！！Model 3:20.75w,旧:曝3965/读431/进9/开8/留7,2317,202,9,8,7,717.33,Δ曝-1648/Δ读-229/Δ进0/Δ开0/Δ留0,2026-09-24→2026-09-28,diff
6a748be00000000028006c5a,Tesla 鱼仔吖,00后女生第二台车，置换拿下Model 3🌷,旧:曝2975/读374/进0/开0/留0,566,43,0,0,0,10.11,Δ曝-2409/Δ读-331/Δ进0/Δ开0/Δ留0,2026-09-24→2026-09-18,diff
6a730b10000000002603508a,Tesla_Selina,9月太值了，22.95w提黑武士Model Y,旧:曝462197/读74581/进1/开1/留0,6680,1285,1,1,0,209.08,Δ曝-455517/Δ读-73296/Δ进0/Δ开0/Δ留0,2026-09-24→2026-09-28,diff
6a69ce52000000000f017bc9,Tesla_Selina,预算10万左右🌸适合女生开的Model 3,旧:曝1942/读188/进0/开0/留0,938,87,0,0,0,19.62,Δ曝-1004/Δ读-101/Δ进0/Δ开0/Δ留0,2026-09-24→2026-09-28,diff
6a746b80000000003300ec22,温州特斯拉Tesla小娴🐳,开电车真省钱吗？03年女生Model 3账单大公开,旧:曝6431/读1327/进1/开1/留1,1338,45,1,1,1,32.77,Δ曝-5093/Δ读-1282/Δ进0/Δ开0/Δ留0,2026-09-24→2026-09-27,diff
6a6c58430000000029033056,桃桃在特斯拉🍑,Model Y L全色系车漆实拍，你怎么选？,旧:曝56059/读12314/进3/开2/留0,2376,181,3,2,0,120.81,Δ曝-53683/Δ读-12133/Δ进0/Δ开0/Δ留0,2026-09-24→2026-08-27,diff
6a7454d400000000320224b4,桃桃在特斯拉🍑,2026年Model Y补后...（23.97w起）,旧:曝11788/读7849/进33/开8/留2,6454,148,33,8,2,911.31,Δ曝-5334/Δ读-7701/Δ进0/Δ开0/Δ留0,2026-09-24→2026-09-05,diff
6a745d6f0000000032030b97,Tesla-晨璐（努力工作版）,2026国补后，Model Y：23.97w起🔥,旧:曝4693/读592/进2/开2/留1,2099,246,2,2,1,150.29,Δ曝-2594/Δ读-346/Δ进0/Δ开0/Δ留0,2026-09-24→2026-09-28,diff
6a759f97000000003300c0a1,哈莉（特斯拉分身）,9月，黑标Model Y：22.57w起,旧:曝407328/读61916/进71/开65/留25,73903,11930,76,68,27,5358.75,Δ曝-333425/Δ读-49986/Δ进5/Δ开3/Δ留2,2026-09-24→2026-09-28,diff
6a7337d30000000025004729,Tesla｜玉子（特专业版）,八月刚提了Model 3，落地20出头拿下,旧:曝5390/读821/进0/开0/留0,825,80,0,0,0,21.46,Δ曝-4565/Δ读-741/Δ进0/Δ开0/Δ留0,2026-09-24→2026-09-13,diff
6a72c35f000000002501110f,Tesla雅婷（包全国）,4.59w提走网红Model Y L，真能做到吗,旧:曝1957/读215/进1/开0/留0,456,19,1,0,0,2.39,Δ曝-1501/Δ读-196/Δ进0/Δ开0/Δ留0,2026-09-24→2026-08-27,diff
6a6f28280000000025015cac,Tesla雅婷（包全国）,2026国补后，Model Y：23.47w,旧:曝2816/读379/进0/开0/留0,465,24,0,0,0,9.98,Δ曝-2351/Δ读-355/Δ进0/Δ开0/Δ留0,2026-09-24→2026-08-27,diff
6a75afce000000002c006384,Haha同学在特斯拉,00后男生，19.47w提走Model 3,旧:曝399801/读75957/进140/开131/留92,159536,36056,158,147,101,11902.24,Δ曝-240265/Δ读-39901/Δ进18/Δ开16/Δ留9,2026-09-24→2026-09-28,diff
6a754a6900000000330129da,特斯拉洋子（包全国）,提车啦！成都Model Y 买车思路照着抄🤩,旧:曝5011/读853/进0/开0/留0,573,43,0,0,0,17.08,Δ曝-4438/Δ读-810/Δ进0/Δ开0/Δ留0,2026-09-24→2026-08-27,diff
6a73ff7d000000002701caf1,特斯拉洋子（包全国）,置换后：成都Model Y落地24.17w,旧:曝3202/读458/进1/开1/留0,608,51,1,1,0,30.6,Δ曝-2594/Δ读-407/Δ进0/Δ开0/Δ留0,2026-09-24→2026-08-27,diff
6a730bb100000000330313fe,特斯拉阿生（全国置换版,西安八月买Molel Y的，先看完这篇！,旧:曝8419/读1441/进0/开0/留0,599,35,0,0,0,10.5,Δ曝-7820/Δ读-1406/Δ进0/Δ开0/Δ留0,2026-09-24→2026-09-02,diff
6a72f3f100000000330081d1,特斯拉深圳交付,在深圳，Model YL手付4.59w轻松提走,旧:曝3356/读482/进1/开1/留0,616,49,1,1,0,34.62,Δ曝-2740/Δ读-433/Δ进0/Δ开0/Δ留0,2026-09-24→2026-08-27,diff
6a742aa000000000290321e2,Tesla未来销冠梦瑶,黑色Model Y: 23.97w👀 谁能拒绝❓,旧:曝3607/读433/进0/开0/留0,477,25,0,0,0,6.03,Δ曝-3130/Δ读-408/Δ进0/Δ开0/Δ留0,2026-09-24→2026-08-27,diff
6a747e2f000000002800bc58,特斯拉南京交付中心,一条视频让你不再纠结选Model Y还是Y L,旧:曝134710/读16893/进1/开0/留0,1364,77,1,0,0,42.42,Δ曝-133346/Δ读-16816/Δ进0/Δ开0/Δ留0,2026-09-24→2026-09-28,diff
6a732f1000000000280080c5,特斯拉 开开,❗️9月新政❗Model Y新购仅需 25.32w,旧:曝18541/读1906/进24/开23/留17,15614,1520,27,25,19,2969.44,Δ曝-2927/Δ读-386/Δ进3/Δ开2/Δ留2,2026-09-24→2026-09-28,diff
6a733d790000000033037d8c,特斯拉 Tesla_无敌沙拉,买Model Y看这里！8月24.27w落地！,旧:曝4381/读559/进0/开0/留0,529,24,0,0,0,2.66,Δ曝-3852/Δ读-535/Δ进0/Δ开0/Δ留0,2026-09-24→2026-09-28,diff
6a71b5250000000022012063,77在特斯拉卖玩具车📔,特斯拉Model Y 8月政策解读来啦,旧:曝4767/读2343/进3/开1/留0,1750,48,3,1,0,41.25,Δ曝-3017/Δ读-2295/Δ进0/Δ开0/Δ留0,2026-09-24→2026-09-22,diff
6a72b64500000000210234af,77在特斯拉卖玩具车📔,🌛供2193，日均73开Model 3,旧:曝3741/读384/进2/开2/留1,673,29,2,2,1,143.67,Δ曝-3068/Δ读-355/Δ进0/Δ开0/Δ留0,2026-09-24→2026-09-28,diff
6a7475a3000000002702133d,77在特斯拉卖玩具车📔,00后女生开特斯拉Model Y一年花多少？算完惊,旧:曝8867/读1374/进0/开0/留0,1640,252,0,0,0,63.92,Δ曝-7227/Δ读-1122/Δ进0/Δ开0/Δ留0,2026-09-24→2026-09-28,diff
6a6f0a70000000002403df5f,特斯拉七七77,🔥西安特斯拉购车窗口期来了｜多重补贴梳理,旧:曝7882/读833/进7/开6/留3,5167,472,7,6,3,601.76,Δ曝-2715/Δ读-361/Δ进0/Δ开0/Δ留0,2026-09-24→2026-08-27,diff
6a754a34000000003300c9ca,特斯拉体验官Leo,8月政策 | 黑标Model 3：20.07w起,旧:曝10395/读1569/进0/开0/留0,575,43,0,0,0,37.08,Δ曝-9820/Δ读-1526/Δ进0/Δ开0/Δ留0,2026-09-24→2026-09-28,diff
6a71af780000000028000879,特斯拉深圳交付,8月无痛提车！手付5.59w开走Model Y ✨,旧:曝2910/读386/进0/开0/留0,613,34,0,0,0,23.15,Δ曝-2297/Δ读-352/Δ进0/Δ开0/Δ留0,2026-09-24→2026-08-27,diff
6a6c68a700000000220330d5,特斯拉七七77,冰河蓝Model Y：23.55w，真的很难拒绝💙,旧:曝3747/读654/进0/开0/留0,1652,331,0,0,0,58.95,Δ曝-2095/Δ读-323/Δ进0/Δ开0/Δ留0,2026-09-24→2026-08-27,diff
6a75a7770000000022016765,Model体验官一凡,🙋🏻适合02年男生开的Model 3,旧:曝3314/读455/进0/开0/留0,497,42,0,0,0,7.52,Δ曝-2817/Δ读-413/Δ进0/Δ开0/Δ留0,2026-09-24→2026-08-26,diff
6a754d830000000035015bd0,特斯拉邮递员子枫,8月我兴奋了｜黑标Model 3落地20.07w起,旧:曝4503/读614/进0/开0/留0,573,38,0,0,0,20.8,Δ曝-3930/Δ读-576/Δ进0/Δ开0/Δ留0,2026-09-24→2026-08-27,diff
6a75ae99000000002501772a,特斯拉茉茉美少女,8月国补后，Model 3：19.92w【攻略篇】,旧:曝34091/读5942/进1/开1/留0,2308,326,1,1,0,167.46,Δ曝-31783/Δ读-5616/Δ进0/Δ开0/Δ留0,2026-09-24→2026-08-27,diff
6a75b0fa000000002c00244f,Tesla_Selina,Model3：20.09w，谁能拒绝❓,旧:曝4335/读534/进0/开0/留0,563,25,0,0,0,4.82,Δ曝-3772/Δ读-509/Δ进0/Δ开0/Δ留0,2026-09-24→2026-09-28,diff
6a76c5c7000000003300dee3,特斯拉洋子（包全国）,预算10w，Model 3直接提走,旧:曝8724/读1388/进1/开1/留0,858,75,1,1,0,109.56,Δ曝-7866/Δ读-1313/Δ进0/Δ开0/Δ留0,2026-09-24→2026-08-27,diff
6a75788c00000000330096a4,特斯拉阿生（全国置换版,📍西安｜Model Y｜23.97w，轻松拿下！！,旧:曝2940/读321/进0/开0/留0,812,49,0,0,0,22.17,Δ曝-2128/Δ读-272/Δ进0/Δ开0/Δ留0,2026-09-24→2026-09-02,diff
6a76ecf200000000250006fe,桃桃在特斯拉🍑,Model Y 四个配置该怎么选?！,旧:曝29236/读5349/进3/开2/留0,1415,43,3,2,0,118.73,Δ曝-27821/Δ读-5306/Δ进0/Δ开0/Δ留0,2026-09-24→2026-09-03,diff
6a61d305000000000f016e15,特斯拉宇佳美少女,想买SUV看过来，日均80+拿下Model Y,旧:曝1767/读168/进0/开0/留0,427,9,0,0,0,1.46,Δ曝-1340/Δ读-159/Δ进0/Δ开0/Δ留0,2026-09-24→2026-08-21,diff
6a7571690000000028032746,特斯拉晶晶✨,八月想买电车的一定看完这篇,旧:曝2078/读309/进0/开0/留0,474,25,0,0,0,6.85,Δ曝-1604/Δ读-284/Δ进0/Δ开0/Δ留0,2026-09-24→2026-09-28,diff
6a782fdc000000002500c567,特斯拉晶晶✨,看完这个！选Model Y就对了,旧:曝8941/读2003/进0/开0/留0,952,23,0,0,0,17.59,Δ曝-7989/Δ读-1980/Δ进0/Δ开0/Δ留0,2026-09-24→2026-09-22,diff
6a78445f0000000033034f1c,特斯拉阿生（全国置换版,西安8月，预算20w拿下Model 3🔥,旧:曝3669/读459/进3/开3/留2,1438,132,3,3,2,112.03,Δ曝-2231/Δ读-327/Δ进0/Δ开0/Δ留0,2026-09-24→2026-09-25,diff
6a794ba6000000002701fc77,特斯拉洋子（包全国）,00后女生买电车，Model 3新购补8550太香！,旧:曝3149/读461/进0/开0/留0,479,15,0,0,0,4.19,Δ曝-2670/Δ读-446/Δ进0/Δ开0/Δ留0,2026-09-24→2026-08-26,diff
6a755214000000003301b307,77在特斯拉卖玩具车📔,特斯拉Model 3｜珍珠白🆚烈焰红 怎么选,旧:曝26508/读5680/进1/开1/留2,7550,1642,1,1,2,323.06,Δ曝-18958/Δ读-4038/Δ进0/Δ开0/Δ留0,2026-09-24→2026-09-28,diff
6a754aa000000000050210ec,特斯拉Yoki特努力,8🈷️Model 3太香了！👋付5.59w，🈷️付2k开走,旧:曝5875/读1586/进1/开1/留0,1159,30,1,1,0,113.69,Δ曝-4716/Δ读-1556/Δ进0/Δ开0/Δ留0,2026-09-24→2026-08-27,diff
6a71dbb1000000003302c59e,特斯拉Yoki特努力,26年想买六座Model Y L的友子！一定要看完,旧:曝77409/读11285/进0/开0/留0,733,73,0,0,0,4.51,Δ曝-76676/Δ读-11212/Δ进0/Δ开0/Δ留0,2026-09-24→2026-08-27,diff
6a768126000000003301e6a4,特斯拉Yoki特努力,坐标山东！新一轮补补来啦！公司🉑叠加！,旧:曝9022/读1387/进4/开3/留1,2136,370,4,3,1,256.06,Δ曝-6886/Δ读-1017/Δ进0/Δ开0/Δ留0,2026-09-24→2026-08-27,diff
6a75c5cb00000000250073d0,天津特斯拉-小颖,25w级纯电SUV，告诉你要怎么选！,旧:曝6035/读970/进0/开0/留0,418,28,0,0,0,2.03,Δ曝-5617/Δ读-942/Δ进0/Δ开0/Δ留0,2026-09-24→2026-08-27,diff
6a782acd000000000502be52,天津特斯拉-小颖,8月黑标Model 3 : 手付4.59w拿下,旧:曝6297/读911/进0/开0/留0,632,32,0,0,0,19.78,Δ曝-5665/Δ读-879/Δ进0/Δ开0/Δ留0,2026-09-24→2026-09-19,diff
6a7982830000000033032526,特斯拉Yoki特努力,Model 3四款区别及费用一览,旧:曝28649/读5465/进3/开2/留2,2453,204,3,2,1,196.01,Δ曝-26196/Δ读-5261/Δ进0/Δ开0/Δ留-1,2026-09-24→2026-09-23,diff
6a793e21000000003302f952,特斯拉Yoki特努力,9月，Model 3：19.77w,旧:曝461783/读66872/进16/开13/留8,17153,2300,16,13,8,1442.28,Δ曝-444630/Δ读-64572/Δ进0/Δ开0/Δ留0,2026-09-24→2026-09-28,diff
6a77f6880000000028032047,特斯拉Yoki特努力,上班暂停🎀提特斯拉Model Y：手付4.59w,旧:曝8322/读1202/进0/开0/留0,543,32,0,0,0,8.18,Δ曝-7779/Δ读-1170/Δ进0/Δ开0/Δ留0,2026-09-24→2026-08-27,diff
6a784f100000000033033f9f,特斯拉南京交付中心,八月报废换Model Y，23.87w提走,旧:曝5571/读569/进1/开1/留0,843,76,1,1,0,100.45,Δ曝-4728/Δ读-493/Δ进0/Δ开0/Δ留0,2026-09-24→2026-08-26,diff
6a78770a0000000029030bfd,Model体验官一凡,8月，Model Y：23.57w,旧:曝12749/读2555/进5/开3/留1,1253,32,5,3,1,150.72,Δ曝-11496/Δ读-2523/Δ进0/Δ开0/Δ留0,2026-09-24→2026-08-27,diff
6a7722750000000027020f26,Model体验官一凡,8月，黑标Model Y：23.52w,旧:曝82748/读12999/进1/开1/留0,795,66,1,1,0,15.35,Δ曝-81953/Δ读-12933/Δ进0/Δ开0/Δ留0,2026-09-24→2026-09-28,diff
6a77036300000000280316a7,特斯拉MoMo,2026新能源车怎么买最省？一篇看懂👀,旧:曝3049/读364/进0/开0/留0,443,16,0,0,0,11.73,Δ曝-2606/Δ读-348/Δ进0/Δ开0/Δ留0,2026-09-24→2026-08-31,diff
6a7567b70000000028030839,特斯拉MoMo,00后男生实测Model 3｜一年花费太省了,旧:曝24303/读2946/进0/开0/留0,811,25,0,0,0,10.51,Δ曝-23492/Δ读-2921/Δ进0/Δ开0/Δ留0,2026-09-24→2026-09-02,diff
6a76b37400000000280074fc,特斯拉茉茉美少女,🚗沉浸式|三年油车车主第一次开电车,旧:曝44648/读8304/进2/开1/留2,1519,42,2,1,2,73.67,Δ曝-43129/Δ读-8262/Δ进0/Δ开0/Δ留0,2026-09-24→2026-08-20,diff
6a758c190000000025011f62,特斯拉杭州交付中心,油车置换Model Y L，看完这篇就清楚啦！！,旧:曝4301/读534/进0/开0/留0,473,24,0,0,0,11,Δ曝-3828/Δ读-510/Δ进0/Δ开0/Δ留0,2026-09-24→2026-08-25,diff
6a7693d400000000330320f0,博文在特斯拉,月供2691，00后无压力开Model Y,旧:曝3945/读410/进0/开0/留0,423,13,0,0,0,1.05,Δ曝-3522/Δ读-397/Δ进0/Δ开0/Δ留0,2026-09-24→2026-09-19,diff
6a6ff009000000003400c056,博文在特斯拉,2min了解Model Y后备箱隐藏设计！,旧:曝321149/读49156/进1/开0/留1,3464,672,1,0,1,92.98,Δ曝-317685/Δ读-48484/Δ进0/Δ开0/Δ留0,2026-09-24→2026-09-19,diff
6a770821000000003400e083,特斯拉杭州交付中心,一篇讲清！Model Y和Model Y L区别与费用,旧:曝10053/读1820/进0/开0/留0,590,30,0,0,0,13.76,Δ曝-9463/Δ读-1790/Δ进0/Δ开0/Δ留0,2026-09-24→2026-08-30,diff
6a7683170000000028032f3e,特斯拉 Tesla_无敌沙拉,旧车置换，无压力拿下六座Model Y L,旧:曝2774/读368/进0/开0/留0,430,22,0,0,0,3.09,Δ曝-2344/Δ读-346/Δ进0/Δ开0/Δ留0,2026-09-24→2026-08-23,diff
6a75a28f0000000028032743,特斯拉 开开,8🈷️置换Model 3：20.15w，香惨了🔥,旧:曝1836/读180/进0/开0/留0,625,42,0,0,0,13.81,Δ曝-1211/Δ读-138/Δ进0/Δ开0/Δ留0,2026-09-24→2026-09-28,diff
6a782157000000003400dc88,特斯拉杭州交付中心,8月Model Y真香价！23.87w能拿下？,旧:曝12037/读1550/进4/开3/留1,2176,264,4,3,1,257.15,Δ曝-9861/Δ读-1286/Δ进0/Δ开0/Δ留0,2026-09-24→2026-09-03,diff
6a7879a0000000002c0029ce,Tesla未来销冠梦瑶,8月，特斯拉Model Y 价格配置怎么选？,旧:曝10965/读2540/进2/开0/留0,1354,43,2,0,0,29.76,Δ曝-9611/Δ读-2497/Δ进0/Δ开0/Δ留0,2026-09-24→2026-08-27,diff
6a75d6cd000000002201744f,Tesla未来销冠梦瑶,Model 3选黑色还是白色？,旧:曝15516/读2654/进2/开1/留0,968,139,2,1,0,18.1,Δ曝-14548/Δ读-2515/Δ进0/Δ开0/Δ留0,2026-09-24→2026-08-27,diff
6a78197d000000002701dab5,Tesla特斯拉海岛日记,不用再刷了❌2026买新能源电车看这篇就够了,旧:曝2188/读257/进0/开0/留0,385,35,0,0,0,3.96,Δ曝-1803/Δ读-222/Δ进0/Δ开0/Δ留0,2026-09-24→2026-09-28,diff
6a75b1c400000000330363b6,Tesla特斯拉海岛日记,月薪6k也能养Model Y？真实花费公开👀,旧:曝3309/读455/进0/开0/留0,534,39,0,0,0,6.79,Δ曝-2775/Δ读-416/Δ进0/Δ开0/Δ留0,2026-09-24→2026-09-28,diff
6a72dc5e00000000280083f2,Tesla 鱼仔吖,家庭换车，看看这个六座Model Y L,旧:曝5108/读797/进0/开0/留0,542,49,0,0,0,8.9,Δ曝-4566/Δ读-748/Δ进0/Δ开0/Δ留0,2026-09-24→2026-08-27,diff
6a768e05000000002500a723,Tesla 鱼仔吖,万能的车友们，Model 3和Model Y怎么选？,旧:曝6155/读966/进0/开0/留0,1623,322,0,0,0,67.12,Δ曝-4532/Δ读-644/Δ进0/Δ开0/Δ留0,2026-09-24→2026-08-27,diff
6a76bfa8000000000503285e,Tesla | 吴正豪,8月政策已定，Model Y落地23.57w,旧:曝4543/读599/进1/开1/留1,1149,99,1,1,1,38.25,Δ曝-3394/Δ读-500/Δ进0/Δ开0/Δ留0,2026-09-24→2026-09-03,diff
6a7578d10000000032021427,杭州萧山特斯拉中心,8月特斯拉Model Y价格配置怎么选？叠加补贴,旧:曝27046/读5453/进6/开5/留3,2840,117,6,5,3,466.91,Δ曝-24206/Δ读-5336/Δ进0/Δ开0/Δ留0,2026-09-24→2026-08-19,diff
6a769c9f000000002c007927,杭州萧山特斯拉中心,八月，叠加补贴来袭！Model 3：20.42w,旧:曝63037/读9153/进1/开1/留0,1410,132,1,1,0,127.32,Δ曝-61627/Δ读-9021/Δ进0/Δ开0/Δ留0,2026-09-24→2026-08-27,diff
6a7974150000000032020360,Hi 特斯拉的小鹿,8月抄底Model Y，24.35w落地攻略🔥,旧:曝11495/读1782/进0/开0/留0,1408,143,0,0,0,50.75,Δ曝-10087/Δ读-1639/Δ进0/Δ开0/Δ留0,2026-09-24→2026-09-03,diff
6a75a8bc0000000022016da7,Hi 特斯拉的小鹿,8月新政ce，Model 3价格全拆解⭐️,旧:曝2678/读354/进0/开0/留0,610,55,0,0,0,5.78,Δ曝-2068/Δ读-299/Δ进0/Δ开0/Δ留0,2026-09-24→2026-09-03,diff
6a75bae00000000032033ccf,特斯拉tesla星星,9月太值了❗西安23.97w提Model Y💪,旧:曝24864/读4437/进33/开32/留16,12741,1928,33,32,16,2193.09,Δ曝-12123/Δ读-2509/Δ进0/Δ开0/Δ留0,2026-09-24→2026-09-28,diff
6a76736600000000080123e5,济南特斯拉主理人,济南特斯拉8月第三轮补又又又来啦！？,旧:曝16156/读1875/进41/开38/留20,13119,1300,42,39,20,2462.59,Δ曝-3037/Δ读-575/Δ进1/Δ开1/Δ留0,2026-09-24→2026-09-28,diff
6a77113100000000060079e3,济南特斯拉主理人,Model 3，00后女生第一台车🌷,旧:曝3779/读610/进2/开2/留1,852,84,2,2,1,79.19,Δ曝-2927/Δ读-526/Δ进0/Δ开0/Δ留0,2026-09-24→2026-09-18,diff
6a6f4cc4000000003400f573,特斯拉｜小艺同学🚀（全国可提）,特斯拉八月最新政策来了🔥,旧:曝3295/读448/进0/开0/留0,633,41,0,0,0,26.3,Δ曝-2662/Δ读-407/Δ进0/Δ开0/Δ留0,2026-09-24→2026-08-27,diff
6a679147000000000a0389dd,特斯拉｜小艺同学🚀（全国可提）,油车置换Model Y落地省2W+明细🔥,旧:曝4200/读588/进0/开0/留0,456,15,0,0,0,3.07,Δ曝-3744/Δ读-573/Δ进0/Δ开0/Δ留0,2026-09-24→2026-08-27,diff
6a7570ee0000000008011b72,特斯拉顾问小美🚗,浙江限定😭千呼万唤的8月购车叠加补补返场！,旧:曝3898/读521/进1/开1/留1,1739,152,1,1,1,45.5,Δ曝-2159/Δ读-369/Δ进0/Δ开0/Δ留0,2026-09-24→2026-08-27,diff
6a7735e10000000025016132,特斯拉Tesla-悠悠（全国可提）,为什么年轻人都在冲Model 3❓太夯啦！,旧:曝4765/读620/进0/开0/留0,633,38,0,0,0,10.98,Δ曝-4132/Δ读-582/Δ进0/Δ开0/Δ留0,2026-09-24→2026-09-17,diff
6a759d440000000005023bde,TESLA 李嘉嘉,速进！Model Y L 低至31.1w落地😨,旧:曝2907/读389/进1/开1/留0,779,58,1,1,0,40.27,Δ曝-2128/Δ读-331/Δ进0/Δ开0/Δ留0,2026-09-24→2026-09-28,diff
6a780106000000003301fdb5,TESLA 李嘉嘉,95后女生开心提车🥳Model Y : 23.75w拿下,旧:曝4141/读580/进0/开0/留0,879,81,0,0,0,95.72,Δ曝-3262/Δ读-499/Δ进0/Δ开0/Δ留0,2026-09-24→2026-09-28,diff
6a76b3c00000000005022d78,特斯拉Tesla-悠悠（全国可提）,最后几天⏰，教你20w提走Model3,旧:曝2607/读267/进1/开1/留1,659,43,1,1,1,63.68,Δ曝-1948/Δ读-224/Δ进0/Δ开0/Δ留0,2026-09-24→2026-09-19,diff
6a76faa000000000350162c9,Tesla特斯拉-毛豆,2026年全新黑标Model Y 杀到23.47w！,旧:曝2976/读331/进0/开0/留0,441,16,0,0,0,8.83,Δ曝-2535/Δ读-315/Δ进0/Δ开0/Δ留0,2026-09-24→2026-09-01,diff
6a7066b0000000003302de88,Tesla特斯拉-毛豆,Model 3还是Model Y？选错真的会后悔吗？,旧:曝4128/读636/进4/开2/留2,2356,392,4,2,2,255.05,Δ曝-1772/Δ读-244/Δ进0/Δ开0/Δ留0,2026-09-24→2026-08-26,diff
6a7890ac000000002402cec7,特斯拉顾问小美🚗,8月Model3｜浙江落地20.27w 攻略📝,旧:曝6481/读1152/进0/开0/留0,674,43,0,0,0,20.95,Δ曝-5807/Δ读-1109/Δ进0/Δ开0/Δ留0,2026-09-24→2026-08-27,diff
6a75d7070000000005021d55,特斯拉一鸣,00后女生提了dreamcar🎀Model 3,旧:曝7015/读1067/进0/开0/留0,579,31,0,0,0,13.3,Δ曝-6436/Δ读-1036/Δ进0/Δ开0/Δ留0,2026-09-24→2026-09-18,diff
6a787da10000000006005fb5,嘉兴特斯拉中心🚗,预算19万！女生八月冲Model 3太惊喜✨,旧:曝2284/读277/进0/开0/留0,541,35,0,0,0,14.98,Δ曝-1743/Δ读-242/Δ进0/Δ开0/Δ留0,2026-09-24→2026-09-18,diff
6a77f5960000000025005d5c,嘉兴特斯拉中心🚗,家用电车该怎么选？Model Y 和 Model YL对比,旧:曝16551/读2160/进0/开0/留0,336,21,0,0,0,8.88,Δ曝-16215/Δ读-2139/Δ进0/Δ开0/Δ留0,2026-09-24→2026-09-22,diff
6a759287000000002403e9bc,嘉兴特斯拉中心🚗,浙江 8️⃣月 贝勾车叠加补补回归✨你拿了吗,旧:曝1973/读175/进0/开0/留0,803,35,0,0,0,47.24,Δ曝-1170/Δ读-140/Δ进0/Δ开0/Δ留0,2026-09-24→2026-08-25,diff
6a7575a80000000025010a38,特斯拉金华| 露娜,特斯拉可叠加置换报废的地补来了！,旧:曝3604/读362/进4/开4/留3,1785,114,4,4,3,112.5,Δ曝-1819/Δ读-248/Δ进0/Δ开0/Δ留0,2026-09-24→2026-09-28,diff
6a76bf740000000035015134,特斯拉金华| 露娜,00后女生置换Model 3，果然没失望,旧:曝4856/读682/进0/开0/留0,608,47,0,0,0,4.79,Δ曝-4248/Δ读-635/Δ进0/Δ开0/Δ留0,2026-09-24→2026-09-27,diff
6a7432aa00000000250002d0,励志卖十万台特斯拉的-盼盼🍞,上个月还在观望 看完特斯拉8🈷️政ce我冲了,旧:曝1571/读178/进0/开0/留0,505,37,0,0,0,29.01,Δ曝-1066/Δ读-141/Δ进0/Δ开0/Δ留0,2026-09-24→2026-09-28,diff
6a75ad50000000002403fe10,小林的特斯拉日记,00后新购｜4.59w无痛提走Model 3！,旧:曝2351/读223/进0/开0/留0,553,27,0,0,0,6.28,Δ曝-1798/Δ读-196/Δ进0/Δ开0/Δ留0,2026-09-24→2026-09-28,diff
6a71c0ae0000000006005ee9,小林的特斯拉日记,普通家庭买车别只看落地！算完账你就懂了,旧:曝2637/读341/进0/开0/留0,431,40,0,0,0,5.5,Δ曝-2206/Δ读-301/Δ进0/Δ开0/Δ留0,2026-09-24→2026-08-25,diff
6a7578c40000000024025b4f,励志卖十万台特斯拉的-盼盼🍞,00后5w存款提了特斯拉？我自己都不敢信,旧:曝4690/读660/进1/开1/留0,1562,166,1,1,0,72.8,Δ曝-3128/Δ读-494/Δ进0/Δ开0/Δ留0,2026-09-24→2026-09-28,diff
6a7303a700000000320230db,励志卖十万台特斯拉的-盼盼🍞,去年还是油车党 今年被Model 3珍珠白拿捏了,旧:曝3217/读591/进0/开0/留0,303,31,0,0,0,79.54,Δ曝-2914/Δ读-560/Δ进0/Δ开0/Δ留0,2026-09-24→2026-09-28,diff
6a756e69000000003302d7c4,宁波特斯拉-海曙龙湖天街店,📣💥宁波保险补贴来袭 考虑赶紧厚台 🥳🥳🫨,旧:曝3773/读528/进2/开1/留0,1399,105,2,1,0,74.52,Δ曝-2374/Δ读-423/Δ进0/Δ开0/Δ留0,2026-09-24→2026-08-27,diff
6a729f2c0000000005022727,宁波特斯拉-海曙龙湖天街店,纯电家用SUV怎么选？Model Y怎么样,旧:曝4003/读751/进0/开0/留0,285,8,0,0,0,0.45,Δ曝-3718/Δ读-743/Δ进0/Δ开0/Δ留0,2026-09-24→2026-08-23,diff
6a7801d8000000003301c010,温州特斯拉Tesla小娴🐳,为啥那么多00后入手Model Y？看完这篇就懂了,旧:曝2415/读289/进1/开1/留0,470,14,1,1,0,73.75,Δ曝-1945/Δ读-275/Δ进0/Δ开0/Δ留0,2026-09-24→2026-09-02,diff
6a745de80000000024025b7a,Tesla_Selina,Model 3这颜值和性能，心动中！,旧:曝2043/读164/进0/开0/留0,465,27,0,0,0,0.52,Δ曝-1578/Δ读-137/Δ进0/Δ开0/Δ留0,2026-09-24→2026-09-28,diff
6a73178e000000002202f82d,特斯拉冰姐（全国可提）,（10年20万km ）Model3可以省出一台代步车,旧:曝1460/读560/进0/开0/留0,421,23,0,0,0,13.03,Δ曝-1039/Δ读-537/Δ进0/Δ开0/Δ留0,2026-09-24→2026-09-22,diff
6a731417000000002202eb9d,温州特斯拉Tesla小娴🐳,8月Model3还不心动？20.55w直接开走,旧:曝3459/读478/进0/开0/留0,1277,122,0,0,0,24.01,Δ曝-2182/Δ读-356/Δ进0/Δ开0/Δ留0,2026-09-24→2026-09-01,diff
6a7576980000000005022419,特斯拉冰姐（全国可提）,6座Model Y L黑武士｜👋9.9w开走,旧:曝13863/读3804/进6/开3/留0,2497,126,6,3,0,286.88,Δ曝-11366/Δ读-3678/Δ进0/Δ开0/Δ留0,2026-09-24→2026-09-26,diff
6a757aa30000000033010c4b,杭州特斯拉Tesla（嘉里中心体验店）,8k车漆补补倒计时⏳｜Model 3颜色大投票,旧:曝4704/读615/进0/开0/留0,1975,316,0,0,0,90.24,Δ曝-2729/Δ读-299/Δ进0/Δ开0/Δ留0,2026-09-24→2026-09-28,diff
6a7690140000000028030ee5,杭州特斯拉Tesla（嘉里中心体验店）,家用电车别乱选， Model Y对比Y L看完再下手,旧:曝37727/读9981/进7/开4/留3,4059,153,7,4,3,359.46,Δ曝-33668/Δ读-9828/Δ进0/Δ开0/Δ留0,2026-09-24→2026-09-22,diff
6a76a374000000003300f2e5,杭州特斯拉Tesla（嘉里中心体验店）,浙江限定😭千呼万唤的8月购车叠加补补返场！,旧:曝21996/读3326/进18/开17/留8,20194,2979,19,18,9,1785.01,Δ曝-1802/Δ读-347/Δ进1/Δ开1/Δ留1,2026-09-24→2026-09-28,diff
6a7803a80000000033010b67,杭州特斯拉Tesla（嘉里中心体验店）,九月还等啥？Model Y 23.47w就能开走,旧:曝312513/读54638/进229/开203/留99,277446,48468,229,203,99,16145.41,Δ曝-35067/Δ读-6170/Δ进0/Δ开0/Δ留0,2026-09-24→2026-09-28,diff
6a7306a40000000033009021,特斯拉合肥交付中心,刚工作一年开Model 3，我的真实用车成本,旧:曝21504/读3322/进0/开0/留0,950,36,0,0,0,23.1,Δ曝-20554/Δ读-3286/Δ进0/Δ开0/Δ留0,2026-09-24→2026-09-22,diff
6a771e8e000000003303388c,特斯拉合肥交付中心,九月刚提Model 3，价格明细全摊开,旧:曝36463/读6488/进29/开22/留12,16227,2640,32,24,13,2117.39,Δ曝-20236/Δ读-3848/Δ进3/Δ开2/Δ留1,2026-09-24→2026-09-28,diff
6a78231300000000220150f9,Tesla-晨璐（努力工作版）,8月又猛又兴奋🙋Model 3：20.02w赶紧的❗️,旧:曝4572/读683/进2/开1/留1,2289,314,2,1,1,159.44,Δ曝-2283/Δ读-369/Δ进0/Δ开0/Δ留0,2026-09-24→2026-09-18,diff
6a76a39500000000250034b0,Tesla-晨璐（努力工作版）,8月，特斯拉Model Y价格配置怎么选？,旧:曝10555/读3226/进12/开11/留2,2508,97,12,11,2,474.47,Δ曝-8047/Δ读-3129/Δ进0/Δ开0/Δ留0,2026-09-24→2026-09-28,diff
6a7589510000000025006d36,Tesla｜玉子（特专业版）,一条视频讲清楚八月Model Y什么政ce,旧:曝1392/读358/进0/开0/留0,401,9,0,0,0,5.06,Δ曝-991/Δ读-349/Δ进0/Δ开0/Δ留0,2026-09-24→2026-08-25,diff
6a75b5540000000025001f5d,桃桃在特斯拉🍑,沉浸式体验Model Y L（建议调大音量🔊）,旧:曝272562/读32223/进10/开2/留0,2236,104,10,2,0,165.81,Δ曝-270326/Δ读-32119/Δ进0/Δ开0/Δ留0,2026-09-24→2026-08-20,diff
6a7bec5d000000003501647d,特斯拉邮递员子枫,8月又兴奋了｜Model Y落地：23.62w起,旧:曝50427/读9560/进0/开0/留0,690,73,0,0,0,8.36,Δ曝-49737/Δ读-9487/Δ进0/Δ开0/Δ留0,2026-09-24→2026-08-27,diff
6a7ade0100000000250108f2,特斯拉体验官Leo,8月国补后 | Model Y黑武士23.62w起,旧:曝8135/读1217/进0/开0/留0,1164,137,0,0,0,47.57,Δ曝-6971/Δ读-1080/Δ进0/Δ开0/Δ留0,2026-09-24→2026-09-28,diff
6a7bdd4f000000003400c5b9,特斯拉体验官Leo,油车置换Model 3，落地21w起,旧:曝3037/读366/进1/开0/留0,546,34,1,0,0,2.98,Δ曝-2491/Δ读-332/Δ进0/Δ开0/Δ留0,2026-09-24→2026-09-25,diff
6a7c34a70000000026037363,杭州萧山特斯拉中心,女生梦中情车：Model 3：20.02w,旧:曝12476/读1714/进9/开6/留3,5839,782,9,6,3,540.63,Δ曝-6637/Δ读-932/Δ进0/Δ开0/Δ留0,2026-09-24→2026-08-28,diff
6a7c504a0000000033012e29,特斯拉长沙向姐🌸,家用选 Model Y L✨｜大空间 8 月购车礼遇🔥,旧:曝2470/读331/进0/开0/留0,494,18,0,0,0,14.33,Δ曝-1976/Δ读-313/Δ进0/Δ开0/Δ留0,2026-09-24→2026-09-28,diff
6a7c3e8e00000000250080ad,特斯拉Tesla-悠悠（全国可提）,入手Model Y，职场女性首台通勤好搭子,旧:曝77812/读14752/进76/开71/留42,69387,13253,78,73,44,5304.39,Δ曝-8425/Δ读-1499/Δ进2/Δ开2/Δ留2,2026-09-24→2026-09-28,diff
6a7a10510000000025017daf,特斯拉Tesla-悠悠（全国可提）,油车置换Model3落地价费用一览,旧:曝1940/读174/进0/开0/留0,528,36,0,0,0,7.26,Δ曝-1412/Δ读-138/Δ进0/Δ开0/Δ留0,2026-09-24→2026-08-27,diff
6a7c055500000000220313d8,常州特斯拉-小蒋,✨常州有没有想试驾Model 3 Model Y的宝宝呀,旧:曝5601/读582/进7/开6/留2,4687,441,7,6,2,555.59,Δ曝-914/Δ读-141/Δ进0/Δ开0/Δ留0,2026-09-24→2026-08-19,diff
6a7be0220000000022033108,常州特斯拉-小蒋,00后买电车，Model 3请直接冲🔥,旧:曝7473/读1078/进0/开0/留0,547,34,0,0,0,7.99,Δ曝-6926/Δ读-1044/Δ进0/Δ开0/Δ留0,2026-09-24→2026-08-27,diff
6a7b04f60000000022016855,特斯拉tesla星星,8月油车换Model Y太香了❗️23.27w提走,旧:曝4148/读510/进1/开1/留1,1009,57,1,1,1,129.38,Δ曝-3139/Δ读-453/Δ进0/Δ开0/Δ留0,2026-09-24→2026-08-24,diff
6a7bdafa000000003300eec9,Tesla 鱼仔吖,二胎家庭换新车，手付4.59w提六座Model Y L,旧:曝10803/读1487/进0/开0/留0,776,67,0,0,0,21.35,Δ曝-10027/Δ读-1420/Δ进0/Δ开0/Δ留0,2026-09-24→2026-09-18,diff
6a798e6e00000000320329d6,励志卖十万台特斯拉的-盼盼🍞,提车一个月，终于知道为什么都选Model Y了,旧:曝120301/读19861/进0/开0/留0,2062,377,0,0,0,44.06,Δ曝-118239/Δ读-19484/Δ进0/Δ开0/Δ留0,2026-09-24→2026-09-28,diff
6a7ae97d0000000022031604,励志卖十万台特斯拉的-盼盼🍞,沉浸式体验Model 3，和你想的真的不一样,旧:曝18111/读3976/进8/开5/留1,3237,439,8,5,1,381.17,Δ曝-14874/Δ读-3537/Δ进0/Δ开0/Δ留0,2026-09-24→2026-09-22,diff
6a7c0d6900000000220304e7,小林的特斯拉日记,00后女生🎀4.59w开走人生第1️⃣台Model 3,旧:曝6147/读825/进5/开4/留4,4037,472,5,4,4,446.55,Δ曝-2110/Δ读-353/Δ进0/Δ开0/Δ留0,2026-09-24→2026-09-28,diff
6a7c655a000000003302efcf,特斯拉｜东东,二胎家庭置换六座Model YL的3大理由,旧:曝29025/读4049/进0/开0/留0,847,95,0,0,0,20.22,Δ曝-28178/Δ读-3954/Δ进0/Δ开0/Δ留0,2026-09-24→2026-09-03,diff
6a7b04600000000024027456,杭州萧山特斯拉中心,23.57w提走Model Y【提车攻略】,旧:曝63996/读8889/进2/开1/留0,1076,90,2,1,0,98.46,Δ曝-62920/Δ读-8799/Δ进0/Δ开0/Δ留0,2026-09-24→2026-08-20,diff
6a7c05ab000000003300fb1d,宁波特斯拉-海曙龙湖天街店,旧车置换买特斯拉，这一篇就够了,旧:曝6369/读1464/进1/开1/留0,892,114,1,1,0,92.48,Δ曝-5477/Δ读-1350/Δ进0/Δ开0/Δ留0,2026-09-24→2026-08-27,diff
6a7c45170000000006006ddf,嘉兴特斯拉中心🚗,油车换电车半年，我到底省了多少钱？,旧:曝2334/读325/进0/开0/留0,485,72,0,0,0,9.88,Δ曝-1849/Δ读-253/Δ进0/Δ开0/Δ留0,2026-09-24→2026-09-18,diff
6a7be044000000002202cf85,特斯拉金华| 露娜,00后Model 3提车一个月｜真实体验分享,旧:曝5804/读878/进0/开0/留1,2950,552,0,0,1,141.89,Δ曝-2854/Δ读-326/Δ进0/Δ开0/Δ留0,2026-09-24→2026-09-28,diff
6a7c4f2c000000002701fb78,特斯拉一鸣,Model Y珍珠白｜日供86拿下教程🤓,旧:曝3630/读461/进0/开0/留0,459,19,0,0,0,1.71,Δ曝-3171/Δ读-442/Δ进0/Δ开0/Δ留0,2026-09-24→2026-08-27,diff
6a7afb6d0000000005033147,济南特斯拉主理人,9月Model 3，济南裸车19.77w！,旧:曝62637/读8911/进63/开59/留34,58722,7789,72,68,39,6592.41,Δ曝-3915/Δ读-1122/Δ进9/Δ开9/Δ留5,2026-09-24→2026-09-28,diff
6a7c30810000000024027172,Hi 特斯拉的小鹿,清醒00后必看|每月2K+拿下Model 3🔥,旧:曝2930/读362/进0/开0/留0,439,10,0,0,0,0.5,Δ曝-2491/Δ读-352/Δ进0/Δ开0/Δ留0,2026-09-24→2026-08-19,diff
6a7c4ba7000000002c0037c8,特斯拉尼克,特斯拉Model 3：老板请查收预告片🌈,旧:曝5764/读2479/进2/开1/留0,2075,61,2,1,0,174.63,Δ曝-3689/Δ读-2418/Δ进0/Δ开0/Δ留0,2026-09-24→2026-09-02,diff
6a698bbd000000001101bd20,特斯拉尼克,油车还是电车？算完选了Model Y！,旧:曝6027/读905/进0/开0/留0,731,71,0,0,0,47.63,Δ曝-5296/Δ读-834/Δ进0/Δ开0/Δ留0,2026-09-24→2026-09-28,diff
6a7c2b0e0000000033034c95,TESLA 李嘉嘉,一年怒省9000！特斯拉真香 🔥,旧:曝3046/读1454/进1/开1/留0,1113,13,1,1,0,64.53,Δ曝-1933/Δ读-1441/Δ进0/Δ开0/Δ留0,2026-09-24→2026-09-19,diff
6a7be614000000002403d75c,南昌王府井特斯拉销售阿超,想入手ModelY？8月低至23.87w！,旧:曝4386/读476/进0/开0/留0,2550,219,0,0,0,89.52,Δ曝-1836/Δ读-257/Δ进0/Δ开0/Δ留0,2026-09-24→2026-09-03,diff
6a7c3ad4000000002501738f,哈莉（特斯拉分身）,香炸了！Model 3：20.02w,旧:曝33637/读5222/进2/开0/留0,875,62,2,0,0,14.28,Δ曝-32762/Δ读-5160/Δ进0/Δ开0/Δ留0,2026-09-24→2026-09-15,diff
6a7a7bc40000000025003ea3,特斯拉苏州交付中心,00后女生第1️⃣台车，Model 3🈷️供2k➕可冲,旧:曝5080/读518/进0/开0/留0,540,25,0,0,0,5.21,Δ曝-4540/Δ读-493/Δ进0/Δ开0/Δ留0,2026-09-24→2026-09-28,diff
6a7d87d90000000029032180,桃桃在特斯拉🍑,斩男又斩女💜Model 3：20.02w,旧:曝8900/读1007/进0/开0/留0,790,64,0,0,0,12.22,Δ曝-8110/Δ读-943/Δ进0/Δ开0/Δ留0,2026-09-24→2026-09-01,diff
6a7c6a9d0000000033019a85,Tesla-晨璐（努力工作版）,补补后Model Y只要23.97w？手把手教你拿下,旧:曝4453/读372/进2/开2/留0,914,66,2,2,0,105.53,Δ曝-3539/Δ读-306/Δ进0/Δ开0/Δ留0,2026-09-24→2026-08-27,diff
6a5cca66000000000f00a1a2,温州特斯拉Tesla小娴🐳,不是买不起，只是Model3更有性价比,旧:曝2985/读396/进0/开0/留0,642,49,0,0,0,8.24,Δ曝-2343/Δ读-347/Δ进0/Δ开0/Δ留0,2026-09-24→2026-09-03,diff
6a6f0ae7000000002800549f,温州特斯拉Tesla小娴🐳,世纪难题｜Model 3 和 Model Y 到底怎么选？,旧:曝9540/读2182/进1/开0/留0,896,32,1,0,0,2.7,Δ曝-8644/Δ读-2150/Δ进0/Δ开0/Δ留0,2026-09-24→2026-09-02,diff
6a714b970000000022030679,南昌王府井特斯拉销售阿超,2026年8月特斯拉Model Y选购指南✨,旧:曝13595/读2795/进0/开0/留0,1364,21,0,0,0,33.74,Δ曝-12231/Δ读-2774/Δ进0/Δ开0/Δ留0,2026-09-24→2026-09-03,diff
6a76ad060000000005033de2,南昌王府井特斯拉销售阿超,8月提车真香✨黑标Model Y超全落地算账攻略,旧:曝2583/读303/进0/开0/留0,496,18,0,0,0,17.34,Δ曝-2087/Δ读-285/Δ进0/Δ开0/Δ留0,2026-09-24→2026-09-02,diff
6a76d4e2000000003302e770,特斯拉冰姐（全国可提）,无痛提Model 3快银‼️落地20.67w,旧:曝5912/读925/进3/开3/留2,2097,232,4,4,3,306.52,Δ曝-3815/Δ读-693/Δ进1/Δ开1/Δ留1,2026-09-24→2026-09-28,diff
6a79629d0000000025008cbc,特斯拉冰姐（全国可提）,Model Y🆚六座版Model Y L 实拍,旧:曝109538/读12900/进1/开1/留0,900,29,1,1,0,26.79,Δ曝-108638/Δ读-12871/Δ进0/Δ开0/Δ留0,2026-09-24→2026-09-21,diff
6a7b2071000000002701c0c1,特斯拉冰姐（全国可提）,8月想入6座Model Y L的可参考,旧:曝92087/读12227/进0/开0/留0,1751,129,0,0,0,30.6,Δ曝-90336/Δ读-12098/Δ进0/Δ开0/Δ留0,2026-09-24→2026-09-22,diff
6a7c3f10000000003301e8b0,杭州特斯拉Tesla（嘉里中心体验店）,公认宝宝巴士｜10w直接拿下六座Model YL,旧:曝5643/读721/进0/开0/留0,1099,75,0,0,0,9.52,Δ曝-4544/Δ读-646/Δ进0/Δ开0/Δ留0,2026-09-24→2026-09-28,diff
6a798dc9000000002202c6ce,杭州特斯拉Tesla（嘉里中心体验店）,8000车漆补补倒计时｜Model Y车漆颜色大投票,旧:曝7811/读1077/进0/开0/留0,912,61,0,0,0,42.38,Δ曝-6899/Δ读-1016/Δ进0/Δ开0/Δ留0,2026-09-24→2026-09-19,diff
6a7af2e30000000024026c4f,Tesla_Selina,预算10w，8月直接冲Model 3,旧:曝5535/读950/进0/开0/留0,588,35,0,0,0,4.03,Δ曝-4947/Δ读-915/Δ进0/Δ开0/Δ留0,2026-09-24→2026-09-25,diff
6a7b09eb000000003300b4f3,特斯拉 开开,00后第1️⃣台车❗19.87w提Model 3真的香🙋‍♂️,旧:曝2926/读307/进2/开2/留2,1127,79,3,3,2,216.8,Δ曝-1799/Δ读-228/Δ进1/Δ开1/Δ留0,2026-09-24→2026-09-28,diff
6a7d3e74000000002803334b,特斯拉邮递员子枫,00后工科男人生首车，Model 3可以这样买,旧:曝3733/读544/进0/开0/留0,450,22,0,0,0,1.53,Δ曝-3283/Δ读-522/Δ进0/Δ开0/Δ留0,2026-09-24→2026-09-01,diff
6a6357ec0000000006012802,特斯拉杭州交付中心,油车换Model Y，到底怎么买才最划算？,旧:曝3834/读417/进0/开0/留0,499,24,0,0,0,0.69,Δ曝-3335/Δ读-393/Δ进0/Δ开0/Δ留0,2026-09-24→2026-09-03,diff
6a7c55610000000028006f40,Tesla特斯拉海岛日记,8月香惨了！24.35w起拿下Model Y,旧:曝5666/读828/进0/开0/留0,502,19,0,0,0,3.67,Δ曝-5164/Δ读-809/Δ进0/Δ开0/Δ留0,2026-09-24→2026-09-28,diff
6a7c1996000000002501709e,特斯拉洋子（包全国）,月薪8k，Model Y一月养车用了多少？,旧:曝36241/读6662/进2/开1/留0,4791,905,2,1,0,83.03,Δ曝-31450/Δ读-5757/Δ进0/Δ开0/Δ留0,2026-09-24→2026-09-01,diff
6a7af8470000000033012147,特斯拉小朱｜全国可提🚗,旧车置换别错过窗口期，政策说明白,旧:曝1075/读135/进0/开0/留0,176,30,0,0,0,6.62,Δ曝-899/Δ读-105/Δ进0/Δ开0/Δ留0,2026-09-24→2026-08-27,diff
6a7c2c400000000021021056,Tesla未来销冠梦瑶,还得是快银啊❗️一眼沦陷Model 3+,旧:曝54081/读10248/进16/开14/留5,23359,4688,16,14,5,1274.08,Δ曝-30722/Δ读-5560/Δ进0/Δ开0/Δ留0,2026-09-24→2026-08-31,diff
6a7b0866000000002102357f,Tesla未来销冠梦瑶,性价比之king:Model 3✨19.87w❗️,旧:曝2687/读277/进1/开1/留0,528,24,1,1,0,1.29,Δ曝-2159/Δ读-253/Δ进0/Δ开0/Δ留0,2026-09-24→2026-08-27,diff
6a69ec6d000000000c0146c5,特斯拉晶晶✨,月供2691，Model Y真的太香了,旧:曝2285/读314/进1/开1/留1,628,31,1,1,1,77.21,Δ曝-1657/Δ读-283/Δ进0/Δ开0/Δ留0,2026-09-24→2026-09-27,diff
6a7c1cf200000000270236cc,Model体验官一凡,⚡️Model 3 Performance：5.09w,旧:曝26957/读5134/进2/开1/留0,3185,581,2,1,0,70.2,Δ曝-23772/Δ读-4553/Δ进0/Δ开0/Δ留0,2026-09-24→2026-09-09,diff
6a7d7ab80000000033031195,特斯拉Yoki特努力,26年国补后：19.92w提走Model 3！！,旧:曝101127/读15841/进89/开85/留56,62127,10383,100,96,64,8934.7,Δ曝-39000/Δ读-5458/Δ进11/Δ开11/Δ留8,2026-09-24→2026-09-28,diff
6a7bd958000000003400f876,特斯拉Yoki特努力,2026！Model Y 买车思路，清晰得可怕！,旧:曝37263/读6894/进5/开5/留2,2425,258,6,5,2,174.9,Δ曝-34838/Δ读-6636/Δ进1/Δ开0/Δ留0,2026-09-24→2026-09-28,diff
6a6c3e6c000000000502b8dd,特斯拉的羊毛,2026年8月Model Y怎么选？一篇讲清👇,旧:曝25684/读7042/进11/开6/留2,5630,140,11,6,2,469.84,Δ曝-20054/Δ读-6902/Δ进0/Δ开0/Δ留0,2026-09-24→2026-09-22,diff
6a6ac941000000000401c94a,特斯拉的羊毛,什么？23w+就能提Model Y了？,旧:曝2301/读201/进1/开1/留0,515,15,1,1,0,5.74,Δ曝-1786/Δ读-186/Δ进0/Δ开0/Δ留0,2026-09-24→2026-09-27,diff
6a68828a000000000100f934,特斯拉的羊毛,Model Y 23.67w！为啥男生都选它？,旧:曝2532/读227/进1/开1/留0,711,38,1,1,0,53.18,Δ曝-1821/Δ读-189/Δ进0/Δ开0/Δ留0,2026-09-24→2026-09-28,diff
6a7c41c600000000330369c5,特斯拉茉茉美少女,Model Y：23.57w📝提车攻略,旧:曝19660/读2982/进0/开0/留0,543,29,0,0,0,1.96,Δ曝-19117/Δ读-2953/Δ进0/Δ开0/Δ留0,2026-09-24→2026-09-09,diff
6a709e1b000000002403d786,特斯拉的羊毛,成都8月购车补补来了！蕞高可领1万元,旧:曝22196/读3155/进27/开21/留12,20793,2757,29,22,12,1565.6,Δ曝-1403/Δ读-398/Δ进2/Δ开1/Δ留0,2026-09-24→2026-09-28,diff
6a7be6cd000000002402e532,特斯拉的羊毛,八月Model Y👋付4.59w起,旧:曝2749/读316/进0/开0/留0,974,77,0,0,0,72.17,Δ曝-1775/Δ读-239/Δ进0/Δ开0/Δ留0,2026-09-24→2026-09-15,diff
6a7491bd0000000033011414,特斯拉小朱｜全国可提🚗,开惯了Model 3，彻底回不去了！,旧:曝5088/读816/进2/开2/留3,1471,188,2,2,3,174.74,Δ曝-3617/Δ读-628/Δ进0/Δ开0/Δ留0,2026-09-24→2026-09-19,diff
6a2d37ae0000000021015ce3,特斯拉小朱｜全国可提🚗,特斯拉Model 3：20.27w起！这波直接杀疯了！,旧:曝101272/读14443/进24/开21/留13,30837,2845,24,21,12,1287.78,Δ曝-70435/Δ读-11598/Δ进0/Δ开0/Δ留-1,2026-09-24→2026-09-28,diff
6a69f3bb0000000014007cd7,特斯拉阿生（全国置换版,浙江新购🥳黑标Model Y：25.75w,旧:曝6219/读1052/进0/开0/留0,556,30,0,0,0,1.37,Δ曝-5663/Δ读-1022/Δ进0/Δ开0/Δ留0,2026-09-24→2026-08-31,diff
6a6977700000000022019019,77在特斯拉卖玩具车📔,想买Model Y的人8月真的会笑出声,旧:曝53028/读10311/进0/开0/留0,1265,211,0,0,0,44.81,Δ曝-51763/Δ读-10100/Δ进0/Δ开0/Δ留0,2026-09-24→2026-09-28,diff
6a7b10fd0000000028006877,博文在特斯拉,8月买电车，23.27w提黑武士Model Y,旧:曝4261/读515/进1/开1/留1,1281,129,1,1,1,123.85,Δ曝-2980/Δ读-386/Δ进0/Δ开0/Δ留0,2026-09-24→2026-09-28,diff
6a7ad1b50000000025003f3f,77在特斯拉卖玩具车📔,漳州有没有想试驾Model 3 ModelY的宝宝呀！,旧:曝33894/读6705/进21/开18/留10,31599,6469,25,22,13,2284.09,Δ曝-2295/Δ读-236/Δ进4/Δ开4/Δ留3,2026-09-24→2026-09-28,diff
6a7c667d000000002500f68f,特斯拉阿生（全国置换版,标致置换Model 3|17.61w带走❗️,旧:曝1073/读107/进0/开0/留0,463,8,0,0,0,13.12,Δ曝-610/Δ读-99/Δ进0/Δ开0/Δ留0,2026-09-24→2026-08-31,diff
6a7c397c0000000032021278,77在特斯拉卖玩具车📔,20.1w拿下Model 3：人生首车不后悔❗️,旧:曝3842/读479/进1/开1/留1,636,18,1,1,1,113.95,Δ曝-3206/Δ读-461/Δ进0/Δ开0/Δ留0,2026-09-24→2026-09-28,diff
6a7c3b950000000008012a68,天津特斯拉-小颖,00后女生，4.59w无痛提走Model 3🧸,旧:曝4874/读574/进4/开4/留3,1508,117,5,5,4,209.22,Δ曝-3366/Δ读-457/Δ进1/Δ开1/Δ留1,2026-09-24→2026-09-28,diff
6a7a876e0000000028030cfb,特斯拉购车攻略官-珊珊,8月太值了❗23.87w提Model Y🔥,旧:曝2758/读247/进0/开0/留0,722,37,0,0,0,10.88,Δ曝-2036/Δ读-210/Δ进0/Δ开0/Δ留0,2026-09-24→2026-08-27,diff
6a6f1041000000002701fbfa,特斯拉购车攻略官-珊珊,别急着下单！8月西安Model Y省💴全攻略❗️,旧:曝2086/读221/进0/开0/留0,718,38,0,0,0,17.76,Δ曝-1368/Δ读-183/Δ进0/Δ开0/Δ留0,2026-09-24→2026-08-27,diff
6a7ebb100000000035017fe4,特斯拉茉茉美少女,00后女生🎀4.59w开走Model 3,旧:曝431770/读52318/进228/开199/留95,196392,26057,256,225,114,17352.4,Δ曝-235378/Δ读-26261/Δ进28/Δ开26/Δ留19,2026-09-24→2026-09-28,diff
6a74474d00000000320222d0,特斯拉长泰,二胎家庭攒10w👋付，直接提了六座Model YL,旧:曝5563/读839/进0/开0/留0,618,50,0,0,0,5.62,Δ曝-4945/Δ读-789/Δ进0/Δ开0/Δ留0,2026-09-24→2026-08-27,diff
6a70610a000000002403c1f2,特斯拉 力川,成都等Model Y的人，8月这次真没白等❤️,旧:曝10420/读1884/进0/开0/留0,750,84,0,0,0,126.36,Δ曝-9670/Δ读-1800/Δ进0/Δ开0/Δ留0,2026-09-24→2026-08-20,diff
6a6c615e00000000220338db,特斯拉 力川,Model Y8月策策已出只要23.8 W，顶不住了🖤,旧:曝52210/读8494/进0/开0/留0,2323,279,0,0,0,122.96,Δ曝-49887/Δ读-8215/Δ进0/Δ开0/Δ留0,2026-09-24→2026-08-27,diff
6a72d95e0000000028030804,Tesla上海-芮妮,二胎家庭换车，为什么我推荐Model Y L？,旧:曝672/读54/进0/开0/留0,248,9,0,0,0,0.34,Δ曝-424/Δ读-45/Δ进0/Δ开0/Δ留0,2026-09-24→2026-08-26,diff
6a753c410000000033037048,Tesla上海-芮妮,八月置换Model 3，👋握十几万拿下！,旧:曝2945/读336/进0/开0/留0,503,22,0,0,0,8.33,Δ曝-2442/Δ读-314/Δ进0/Δ开0/Δ留0,2026-09-24→2026-08-27,diff
6a7980280000000022030406,特斯拉校草,8月提Model Y，23.57w拿下❗️,旧:曝3835/读445/进1/开1/留0,900,65,1,1,0,131.13,Δ曝-2935/Δ读-380/Δ进0/Δ开0/Δ留0,2026-09-24→2026-09-10,diff
6a75b4dc00000000080115ce,特斯拉校草,8月西安Model 3：20.07w起❗太夯了,旧:曝2626/读263/进1/开0/留0,629,29,1,0,0,2.12,Δ曝-1997/Δ读-234/Δ进0/Δ开0/Δ留0,2026-09-24→2026-09-28,diff
6a757f27000000002c003de1,Kiki_在特斯拉 🚗,Model3快银｜自带Wei来科技滤镜⚡️不撞色👋选,旧:曝10999/读2011/进1/开1/留0,1731,248,1,1,0,111.29,Δ曝-9268/Δ读-1763/Δ进0/Δ开0/Δ留0,2026-09-24→2026-08-27,diff
6a6b097b00000000320219e3,Kiki_在特斯拉 🚗,特斯拉8月政策｜看这篇就够了！,旧:曝7110/读827/进3/开3/留1,4531,465,3,3,1,288.14,Δ曝-2579/Δ读-362/Δ进0/Δ开0/Δ留0,2026-09-24→2026-09-05,diff
6a74538a0000000027023fd0,特斯拉海尔兄弟,8🈷️model 3 ，价格「20.75w」！！！,旧:曝12672/读2073/进5/开5/留3,6243,848,5,5,3,592.78,Δ曝-6429/Δ读-1225/Δ进0/Δ开0/Δ留0,2026-09-24→2026-09-07,diff
6a6b4053000000003301b935,特斯拉海尔兄弟,8月Model 3落地可达22.15w,旧:曝3340/读366/进1/开1/留0,876,47,1,1,0,171.54,Δ曝-2464/Δ读-319/Δ进0/Δ开0/Δ留0,2026-09-24→2026-08-27,diff
6a7ecb98000000003300b221,哈莉（特斯拉分身）,黑标Model Y：23.57w，别再观望了！,旧:曝16364/读2441/进8/开5/留1,3663,380,8,5,1,519.68,Δ曝-12701/Δ读-2061/Δ进0/Δ开0/Δ留0,2026-09-24→2026-09-16,diff
6a7ec7e8000000002c00342b,Haha同学在特斯拉,长期主义冲！Model 3：20.02w,旧:曝23298/读3855/进0/开0/留1,1290,144,0,0,1,65.79,Δ曝-22008/Δ读-3711/Δ进0/Δ开0/Δ留0,2026-09-24→2026-09-27,diff
6a6f4b310000000024025f5a,特斯拉小星✨,2026黑标Model Y居然只要23.87w？小星帮你算,旧:曝1442/读167/进0/开0/留0,567,36,0,0,0,18.83,Δ曝-875/Δ读-131/Δ进0/Δ开0/Δ留0,2026-09-24→2026-08-27,diff
6a784f170000000032023b83,特斯拉小星✨,8月宁波拿下Model Y居然只要23.57w起？,旧:曝2686/读448/进5/开5/留1,1323,167,5,5,1,283.78,Δ曝-1363/Δ读-281/Δ进0/Δ开0/Δ留0,2026-09-24→2026-08-19,diff
6a81c5ec0000000006004b5c,特斯拉的羊毛,八月不容错过，Model Y23.47w开走,旧:曝2536/读212/进0/开0/留0,1346,91,0,0,0,84.13,Δ曝-1190/Δ读-121/Δ进0/Δ开0/Δ留0,2026-09-24→2026-09-10,diff
6a7ebc91000000000502ad1b,特斯拉的羊毛,人生第1️⃣台电车Model 3，19.92w提走,旧:曝6646/读684/进8/开7/留1,4900,403,8,7,1,427.48,Δ曝-1746/Δ读-281/Δ进0/Δ开0/Δ留0,2026-09-24→2026-09-28,diff
6a8279a0000000003400c95b,特斯拉Yoki特努力,4.59w提走六座Model Y L，落地明细一览,旧:曝91929/读13818/进0/开0/留0,1676,216,0,0,0,35.45,Δ曝-90253/Δ读-13602/Δ进0/Δ开0/Δ留0,2026-09-24→2026-09-19,diff
6a7dd0800000000028008a80,特斯拉晶晶✨,02甜妹7.99w💰拿下Model 3🎀,旧:曝2680/读337/进2/开2/留2,1178,88,3,3,3,348.57,Δ曝-1502/Δ读-249/Δ进1/Δ开1/Δ留1,2026-09-24→2026-09-28,diff
6a813a070000000026034d7b,77在特斯拉卖玩具车📔,00后女生首车怎么选？Model Y给你答案,旧:曝10131/读1872/进1/开1/留1,700,60,1,1,1,107.25,Δ曝-9431/Δ读-1812/Δ进0/Δ开0/Δ留0,2026-09-24→2026-09-28,diff
6a7ec04800000000210237ce,77在特斯拉卖玩具车📔,纠结Model Y/YL？看完直接选,旧:曝161708/读24221/进0/开0/留0,902,168,0,0,0,19.25,Δ曝-160806/Δ读-24053/Δ进0/Δ开0/Δ留0,2026-09-24→2026-09-10,diff
6a7ef44f000000003300efcd,特斯拉体验官Leo,8月，Model Y黑武士：23.52w提,旧:曝6720/读1034/进1/开1/留0,723,51,1,1,0,178.43,Δ曝-5997/Δ读-983/Δ进0/Δ开0/Δ留0,2026-09-24→2026-09-01,diff
6a7e9fdd000000002803329f,Tesla特斯拉海岛日记,无痛换新车！Model Y落地24.77w起可冲,旧:曝5183/读719/进0/开0/留0,557,27,0,0,0,11.66,Δ曝-4626/Δ读-692/Δ进0/Δ开0/Δ留0,2026-09-24→2026-09-28,diff
6a7da724000000003300e991,特斯拉 开开,8月无痛提车❗西安提Model 3 19.87w起💙,旧:曝6199/读673/进6/开6/留4,4493,411,6,6,4,433.48,Δ曝-1706/Δ读-262/Δ进0/Δ开0/Δ留0,2026-09-24→2026-09-28,diff
6a7c197c0000000028008b59,特斯拉邮递员子枫,2026国补后｜Model Y黑武士：23.52w,旧:曝4759/读703/进0/开0/留0,555,36,0,0,0,4.62,Δ曝-4204/Δ读-667/Δ进0/Δ开0/Δ留0,2026-09-24→2026-08-31,diff
6a81b43b00000000250050f5,嘉兴特斯拉中心🚗,8月入手Model YL｜全新落地参考,旧:曝2805/读413/进0/开0/留0,132,9,0,0,0,14.79,Δ曝-2673/Δ读-404/Δ进0/Δ开0/Δ留0,2026-09-24→2026-09-17,diff
6a7e7fdb00000000290334a9,励志卖十万台特斯拉的-盼盼🍞,孩子说坐车太挤，10w预算换了Model Y L,旧:曝3258/读516/进0/开0/留0,236,17,0,0,0,7.91,Δ曝-3022/Δ读-499/Δ进0/Δ开0/Δ留0,2026-09-24→2026-09-28,diff
6a7e7dc30000000022013e01,励志卖十万台特斯拉的-盼盼🍞,每天73块，开走Model 3🫨,旧:曝2889/读419/进0/开0/留0,568,40,0,0,0,51.79,Δ曝-2321/Δ读-379/Δ进0/Δ开0/Δ留0,2026-09-24→2026-09-28,diff
6a69da530000000010024342,特斯拉一鸣,01年女生🎀解锁Model 3💅梦中情车,旧:曝3417/读632/进0/开0/留0,494,20,0,0,0,13.83,Δ曝-2923/Δ读-612/Δ进0/Δ开0/Δ留0,2026-09-24→2026-09-28,diff
6a803bcf0000000005030b5d,小林的特斯拉日记,8月大惊喜‼️Model 3：20.02w起,旧:曝4821/读1223/进3/开1/留0,746,15,3,1,0,118.75,Δ曝-4075/Δ读-1208/Δ进0/Δ开0/Δ留0,2026-09-24→2026-08-25,diff
6a7c032a000000003301c769,杭州特斯拉-卡戴珊,九月杭州王炸｜Model Y落地23.57W🔥,旧:曝29081/读5304/进5/开4/留1,6776,1152,5,4,1,496.27,Δ曝-22305/Δ读-4152/Δ进0/Δ开0/Δ留0,2026-09-24→2026-09-27,diff
6a7daf4a0000000005020f37,TESLA 李嘉嘉,8月入手Model Y太香✨月供2691轻松拿下！,旧:曝6217/读947/进1/开1/留0,544,50,1,1,0,16.65,Δ曝-5673/Δ读-897/Δ进0/Δ开0/Δ留0,2026-09-24→2026-09-28,diff
6a8052ff000000002800892d,特斯拉百科全苏丨全国可订🚗,选纯电轿车在长沙✨Model3真的很适合通勤党～,旧:曝1463/读183/进1/开1/留1,735,82,1,1,1,169.87,Δ曝-728/Δ读-101/Δ进0/Δ开0/Δ留0,2026-09-24→2026-09-28,diff
6a7ef076000000002403ca94,卖特斯拉的潮汕小妮（车主版）,珍珠白model 3｜👋7.9w 开走啦～,旧:曝11179/读5219/进8/开7/留2,4189,116,8,7,2,683.22,Δ曝-6990/Δ读-5103/Δ进0/Δ开0/Δ留0,2026-09-24→2026-09-22,diff
6a8167170000000006006731,卖特斯拉的潮汕小妮（车主版）,听劝！有主见的女生，Model 3直接冲🚗,旧:曝3341/读1772/进10/开7/留2,1457,27,10,7,2,617.1,Δ曝-1884/Δ读-1745/Δ进0/Δ开0/Δ留0,2026-09-24→2026-09-22,diff
6a7ebf7d000000002702226b,特斯拉-伊林Elaine🎀,八月！Model Y 23.87w起❓,旧:曝4185/读624/进0/开0/留0,635,44,0,0,0,14.53,Δ曝-3550/Δ读-580/Δ进0/Δ开0/Δ留0,2026-09-24→2026-09-28,diff
6a7eda1c00000000060063fe,特斯拉校草,8月国补后，Model Y：23.47w【攻略篇】,旧:曝5116/读771/进0/开0/留0,776,66,0,0,0,27.9,Δ曝-4340/Δ读-705/Δ进0/Δ开0/Δ留0,2026-09-24→2026-09-28,diff
6a7d5409000000002501115d,特斯拉百科全苏丨全国可订🚗,8月买特斯拉看这张表就够了✨一目了然👀,旧:曝12311/读1578/进4/开2/留1,8191,1076,4,2,1,544.31,Δ曝-4120/Δ读-502/Δ进0/Δ开0/Δ留0,2026-09-24→2026-09-28,diff
6a7ec426000000003400f42c,特斯拉金华| 露娜,手付7.99w首车，直接冲Model 3！,旧:曝2374/读255/进0/开0/留0,538,40,0,0,0,16.39,Δ曝-1836/Δ读-215/Δ进0/Δ开0/Δ留0,2026-09-24→2026-09-28,diff
6a7c9e90000000002800a11c,TESLA特斯拉-千赫（全国可提),特斯拉五年免息⚡️保姆级申请教程来啦📝,旧:曝6803/读1224/进3/开2/留2,1877,307,6,5,5,316.02,Δ曝-4926/Δ读-917/Δ进3/Δ开3/Δ留3,2026-09-24→2026-09-28,diff
6a8156ac00000000330112e8,TESLA特斯拉-千赫（全国可提),八月国补后👉Model Y：23.97w,旧:曝30855/读5468/进28/开26/留17,16801,3068,30,28,18,2746.57,Δ曝-14054/Δ读-2400/Δ进2/Δ开2/Δ留1,2026-09-24→2026-09-28,diff
6a69c86e000000001002b717,特斯拉Tesla-悠悠（全国可提）,ModelY 9🈷️政策居然这样（内部抢先看）,旧:曝142369/读18966/进171/开150/留89,111725,14457,175,154,90,12979.44,Δ曝-30644/Δ读-4509/Δ进4/Δ开4/Δ留1,2026-09-24→2026-09-28,diff
6a81cb5d000000003400d655,杭州特斯拉Tesla（嘉里中心体验店）,"8月Model Y: 23.57w, 香惨了！",旧:曝8082/读1161/进3/开3/留2,1224,102,3,3,2,137.6,Δ曝-6858/Δ读-1059/Δ进0/Δ开0/Δ留0,2026-09-24→2026-09-28,diff
6a811950000000003203266b,特斯拉佳慧挺爱吃,提车10天就悟了！Model Y才是闭眼冲的神🌟,旧:曝40045/读6077/进0/开0/留0,747,90,0,0,0,40.07,Δ曝-39298/Δ读-5987/Δ进0/Δ开0/Δ留0,2026-09-24→2026-09-28,diff
6a7e9026000000002800265b,特斯拉冰姐（全国可提）,家门口的补补来咯❕蕞高可拿2w+,旧:曝1773/读547/进0/开0/留0,527,18,0,0,0,33.65,Δ曝-1246/Δ读-529/Δ进0/Δ开0/Δ留0,2026-09-24→2026-09-22,diff
6a7d635d000000002500e996,特斯拉冰姐（全国可提）,没有旧车的看过来，异地新购怎么拿❓,旧:曝2491/读705/进0/开0/留0,693,10,0,0,0,23.6,Δ曝-1798/Δ读-695/Δ进0/Δ开0/Δ留0,2026-09-24→2026-09-21,diff
6a818f1e0000000028002f40,杭州特斯拉Tesla（嘉里中心体验店）,8月太猛了｜Model 3:20.02w,旧:曝7388/读1184/进1/开1/留0,3240,393,2,2,0,172.08,Δ曝-4148/Δ读-791/Δ进1/Δ开1/Δ留0,2026-09-24→2026-09-28,diff
6a8112fa000000002c006e25,特斯拉佳慧挺爱吃,预算15w我就敢买特斯拉！,旧:曝3955/读543/进0/开0/留0,510,38,1,1,0,33.25,Δ曝-3445/Δ读-505/Δ进1/Δ开1/Δ留0,2026-09-24→2026-09-28,diff
6a7efb760000000021020683,桃桃在特斯拉🍑,Model Y和Model Y L区别及费用🧾,旧:曝303978/读41923/进5/开4/留1,6522,906,6,4,1,421.87,Δ曝-297456/Δ读-41017/Δ进1/Δ开0/Δ留0,2026-09-24→2026-09-28,diff
6a7d979e000000002800ba5c,特斯拉合肥交付中心,9月置换Model 3，20.67w起,旧:曝5795/读647/进1/开1/留1,1718,187,1,1,1,123.82,Δ曝-4077/Δ读-460/Δ进0/Δ开0/Δ留0,2026-09-24→2026-09-28,diff
6a812ffd000000002702143d,特斯拉苏州交付中心,一条视频讲透特斯拉Model Y全部开销💰,旧:曝47578/读9586/进3/开3/留2,3351,296,3,3,2,252.76,Δ曝-44227/Δ读-9290/Δ进0/Δ开0/Δ留0,2026-09-24→2026-09-27,diff
6a7d322400000000290305f3,特斯拉苏州交付中心,20.27w拿下Model 3，蕞值的1️⃣点是什么？,旧:曝10450/读1145/进7/开6/留4,4198,399,7,6,4,343.54,Δ曝-6252/Δ读-746/Δ进0/Δ开0/Δ留0,2026-09-24→2026-09-27,diff
6a7338180000000021021132,Tesla-晨璐（努力工作版）,Model Y 二选一｜快银 or 珍珠白，求投票🗳️,旧:曝64067/读12196/进10/开7/留3,10695,2181,10,7,3,696.35,Δ曝-53372/Δ读-10015/Δ进0/Δ开0/Δ留0,2026-09-24→2026-09-04,diff
6a8053b400000000060058a6,特斯拉Pupu,换车✨特斯拉6座SUV太香了,旧:曝6183/读964/进1/开0/留0,2404,340,1,0,0,89.34,Δ曝-3779/Δ读-624/Δ进0/Δ开0/Δ留0,2026-09-24→2026-09-28,diff
6a803a230000000032021692,Haha同学在特斯拉,香到犯规！Model Y黑武士：23.57w,旧:曝31403/读5040/进6/开5/留3,3819,471,6,5,2,606.97,Δ曝-27584/Δ读-4569/Δ进0/Δ开0/Δ留-1,2026-09-24→2026-09-01,diff
6a81b638000000002402e46f,Tesla｜玉子（特专业版）,八月买黑标Model Y啥政ce？,旧:曝5872/读4159/进9/开8/留4,4007,63,9,8,4,583.6,Δ曝-1865/Δ读-4096/Δ进0/Δ开0/Δ留0,2026-09-24→2026-09-19,diff
6a7ee6820000000022030142,Tesla｜玉子（特专业版）,八月重磅补补来袭，Model 3 20.12w,旧:曝2602/读292/进0/开0/留0,435,13,0,0,0,2.28,Δ曝-2167/Δ读-279/Δ进0/Δ开0/Δ留0,2026-09-24→2026-09-12,diff
6a6f39550000000025004e2e,特斯拉Pupu,西安补贴又又➕金额了💰,旧:曝8400/读975/进3/开3/留3,6755,684,4,4,3,581.15,Δ曝-1645/Δ读-291/Δ进1/Δ开1/Δ留0,2026-09-24→2026-09-28,diff
6a6d4c23000000002403d9a4,特斯拉Pupu,特斯拉8月购车政策来袭,旧:曝5114/读749/进0/开0/留0,1690,142,0,0,0,63.76,Δ曝-3424/Δ读-607/Δ进0/Δ开0/Δ留0,2026-09-24→2026-09-10,diff
6a7d9d12000000002403c820,Tesla｜玉子（特专业版）,新政ce！成都买特斯拉又可以多省8k？,旧:曝3661/读400/进1/开1/留1,1146,111,1,1,1,162.13,Δ曝-2515/Δ读-289/Δ进0/Δ开0/Δ留0,2026-09-24→2026-09-26,diff
6a7986d100000000240258c9,特斯拉佳慧挺爱吃,00后本命年选车🌟闭眼冲特斯拉🚗,旧:曝2949/读370/进0/开0/留0,646,26,0,0,0,53.06,Δ曝-2303/Δ读-344/Δ进0/Δ开0/Δ留0,2026-09-24→2026-09-28,diff
6a755ef70000000024027cc0,特斯拉佳慧挺爱吃,7.99w拿下Model3🚗通勤好帮手✨,旧:曝5868/读655/进5/开4/留3,4873,482,7,6,4,872.19,Δ曝-995/Δ读-173/Δ进2/Δ开2/Δ留1,2026-09-24→2026-09-28,diff
6a71a9ff0000000025001551,特斯拉佳慧挺爱吃,新手第一台车｜Model3真的太友好🚗💐,旧:曝1562/读200/进0/开0/留0,211,13,0,0,0,1.5,Δ曝-1351/Δ读-187/Δ进0/Δ开0/Δ留0,2026-09-24→2026-09-28,diff
6a6d64210000000024024dcc,特斯拉佳慧挺爱吃,女生第1️⃣台车✨Model 3新手太友好,旧:曝2666/读410/进0/开0/留0,330,17,0,0,0,57.73,Δ曝-2336/Δ读-393/Δ进0/Δ开0/Δ留0,2026-09-24→2026-09-28,diff
6a804a9e00000000220150f9,Tesla-晨璐（努力工作版）,西装暴徒🖤🖤Model 3 星钻黑20.02w❗️,旧:曝5248/读653/进0/开0/留0,720,44,0,0,0,6.23,Δ曝-4528/Δ读-609/Δ进0/Δ开0/Δ留0,2026-09-24→2026-09-19,diff
6a71e88b0000000022030c72,特斯拉Pupu,8月，Model Y黑武士：23.87w‼️,旧:曝4436/读603/进4/开4/留3,2111,233,4,4,3,505.33,Δ曝-2325/Δ读-370/Δ进0/Δ开0/Δ留0,2026-09-24→2026-09-28,diff
6a71f2420000000025004a57,特斯拉Pupu,夯爆了！Model 3：19.87W,旧:曝16942/读1907/进20/开18/留12,15703,1703,27,25,16,1839.63,Δ曝-1239/Δ读-204/Δ进7/Δ开7/Δ留4,2026-09-24→2026-09-28,diff
6a76949300000000060063c3,特斯拉Pupu,🤯成都特斯拉双重补贴！有旧车直接省2.6w,旧:曝3825/读366/进3/开3/留1,2403,165,3,3,1,319.43,Δ曝-1422/Δ读-201/Δ进0/Δ开0/Δ留0,2026-09-24→2026-08-23,diff
6a7c21f50000000022031087,特斯拉Pupu,毛豆🫛3极品运损,旧:曝10275/读1567/进10/开10/留8,6698,801,10,10,8,613.73,Δ曝-3577/Δ读-766/Δ进0/Δ开0/Δ留0,2026-09-24→2026-08-29,diff
6a7fc568000000002201185d,Tesla_Selina,有旧油车想换 Model Y，置换攻略来咯,旧:曝3070/读426/进1/开0/留0,666,96,1,0,0,22.76,Δ曝-2404/Δ读-330/Δ进0/Δ开0/Δ留0,2026-09-24→2026-09-28,diff
6a7d8f8a0000000029030707,Tesla_Selina,月3736，提全家出行神器六座Model Y L,旧:曝24995/读4136/进1/开1/留0,1826,241,1,1,0,171.03,Δ曝-23169/Δ读-3895/Δ进0/Δ开0/Δ留0,2026-09-24→2026-09-26,diff
6a7f191300000000320307f0,Tesla_Selina,8月，00后4.59w提了Model 3,旧:曝4299/读470/进0/开0/留0,1589,111,0,0,0,47.65,Δ曝-2710/Δ读-359/Δ进0/Δ开0/Δ留0,2026-09-24→2026-09-28,diff
6a7c19c20000000035017a49,特斯拉邮递员子枫,黑标Model 3｜8月落地19.92w,旧:曝3977/读488/进0/开0/留0,550,29,0,0,0,1.71,Δ曝-3427/Δ读-459/Δ进0/Δ开0/Δ留0,2026-09-24→2026-09-28,diff
6a7adcf3000000002403f615,宁波鄞州特斯拉中心,今天下雨，出门一眼看到我的珍珠白Model Y！,旧:曝1406/读190/进0/开0/留0,337,21,0,0,0,2.64,Δ曝-1069/Δ读-169/Δ进0/Δ开0/Δ留0,2026-09-24→2026-08-27,diff
6a7be5e10000000005028722,宁波鄞州特斯拉中心,别错过！报废/置换购，宁波本月还有额外补！！,旧:曝5508/读667/进5/开4/留3,3753,340,5,4,3,375.88,Δ曝-1755/Δ读-327/Δ进0/Δ开0/Δ留0,2026-09-24→2026-09-28,diff
6a81dc6f00000000080122cd,宁波鄞州特斯拉中心,bu贴叠加！油车报废换Model Y！,旧:曝1803/读206/进0/开0/留0,306,21,0,0,0,10.32,Δ曝-1497/Δ读-185/Δ进0/Δ开0/Δ留0,2026-09-24→2026-09-19,diff
6a7d71d1000000003400dee5,特斯拉洋子（包全国）,西安置换Model 3这么猛？20.97w😭😭,旧:曝1809/读186/进0/开0/留0,649,23,0,0,0,10.72,Δ曝-1160/Δ读-163/Δ进0/Δ开0/Δ留0,2026-09-24→2026-09-28,diff
6a7ece6f0000000005021879,特斯拉洋子（包全国）,作为职场女性，选择Model Y的三个理由,旧:曝50427/读7449/进4/开2/留0,3068,389,4,2,0,162.59,Δ曝-47359/Δ读-7060/Δ进0/Δ开0/Δ留0,2026-09-24→2026-08-27,diff
6a7ecf6e0000000033033198,特斯拉洋子（包全国）,06女大👧5.59w开走Model Y黑武士,旧:曝6841/读613/进6/开3/留3,5710,423,6,3,3,332.4,Δ曝-1131/Δ读-190/Δ进0/Δ开0/Δ留0,2026-09-24→2026-09-28,diff
6a8058800000000033032e8e,特斯拉体验官Leo,8月国补后，黑标Model 3：至低19.92w,旧:曝3988/读635/进1/开1/留0,757,70,1,1,0,116.39,Δ曝-3231/Δ读-565/Δ进0/Δ开0/Δ留0,2026-09-24→2026-09-01,diff
6a7eeb2000000000320309a6,Tesla未来销冠梦瑶,Model Y🤍等等党的胜利✌️23.57w,旧:曝14785/读2516/进4/开4/留1,1378,162,4,4,1,148.4,Δ曝-13407/Δ读-2354/Δ进0/Δ开0/Δ留0,2026-09-24→2026-09-19,diff
6a7ebbfe000000003300b4f1,特斯拉阿生（全国置换版,哈弗H6置换Model Y｜👋付3.36w提走,旧:曝1528/读134/进0/开0/留0,930,63,0,0,0,56.96,Δ曝-598/Δ读-71/Δ进0/Δ开0/Δ留0,2026-09-24→2026-09-01,diff
6a813bcf000000002c002bc2,特斯拉阿生（全国置换版,宝马320i置换Model Y，0手付提车太香了,旧:曝1389/读125/进0/开0/留0,799,40,0,0,0,37.22,Δ曝-590/Δ读-85/Δ进0/Δ开0/Δ留0,2026-09-24→2026-09-01,diff
6a81282f0000000021020b4e,Tesla未来销冠梦瑶,每天130块钱💰就能开走六座Model Y L,旧:曝5851/读923/进1/开1/留1,717,54,1,1,1,57.95,Δ曝-5134/Δ读-869/Δ进0/Δ开0/Δ留0,2026-09-24→2026-09-18,diff
6a81d8cf000000003400c00a,特斯拉 Tesla_无敌沙拉,00后首车攻略，无痛提Model 3,旧:曝2764/读342/进0/开0/留0,436,14,0,0,0,1.86,Δ曝-2328/Δ读-328/Δ进0/Δ开0/Δ留0,2026-09-24→2026-09-06,diff
6a7d36000000000025017714,特斯拉 Tesla_无敌沙拉,00年男生置换旧车提Model Y，太香了,旧:曝2047/读251/进0/开0/留0,287,21,0,0,0,2.82,Δ曝-1760/Δ读-230/Δ进0/Δ开0/Δ留0,2026-09-24→2026-09-18,diff
6a7efba80000000026034822,Model体验官一凡,‼️预算4.59W，适合男生开的六座SUV👉Model Y,旧:曝18147/读12653/进51/开32/留12,11525,216,53,33,12,2148,Δ曝-6622/Δ读-12437/Δ进2/Δ开1/Δ留0,2026-09-24→2026-09-28,diff
6a7ebbc20000000028003b6f,特斯拉｜东东,Model Y｜👋付4.59w拿下通勤好搭子,旧:曝2375/读247/进2/开2/留1,696,53,2,2,1,76.33,Δ曝-1679/Δ读-194/Δ进0/Δ开0/Δ留0,2026-09-24→2026-09-19,diff
6a72a51e000000003300aece,TESLA特斯拉-千赫（全国可提),📍四川 25W落地的珍珠白ModelY 可太香了🥳,旧:曝7137/读1031/进26/开22/留16,5440,761,26,22,16,1694.5,Δ曝-1697/Δ读-270/Δ进0/Δ开0/Δ留0,2026-09-24→2026-09-28,diff
6a7c2f700000000008010dcd,特斯拉校草,通勤党的福音来啦❗19.87w提走Model 3🔥,旧:曝2565/读266/进0/开0/留0,643,33,0,0,0,40.64,Δ曝-1922/Δ读-233/Δ进0/Δ开0/Δ留0,2026-09-24→2026-09-28,diff
6a6d61fa0000000005033449,特斯拉校草,西安8月新政❗Model Y置换补+消费券可叠加💰,旧:曝8307/读1398/进2/开2/留1,2565,298,2,2,1,299.56,Δ曝-5742/Δ读-1100/Δ进0/Δ开0/Δ留0,2026-09-24→2026-08-25,diff
6a71be5900000000050316a2,特斯拉校草,9月，又猛又兴奋❗️西安Model Y新购25.32w,旧:曝7433/读1057/进10/开8/留8,4109,458,10,8,8,765.54,Δ曝-3324/Δ读-599/Δ进0/Δ开0/Δ留0,2026-09-24→2026-09-28,diff
6a72ff03000000000502adec,特斯拉校草,8月，又猛又兴奋❗️Model 3落地20.70w起💥,旧:曝3612/读547/进0/开0/留0,342,13,0,0,0,3.06,Δ曝-3270/Δ读-534/Δ进0/Δ开0/Δ留0,2026-09-24→2026-09-28,diff
6a747c37000000002500426e,特斯拉校草,✨Model 3｜My Dream Car🤍,旧:曝13492/读4446/进13/开6/留0,2237,69,13,6,0,439.06,Δ曝-11255/Δ读-4377/Δ进0/Δ开0/Δ留0,2026-09-24→2026-08-31,diff
6a82b853000000002403f62f,特斯拉校草,Model 3选色别纠结❗看完这篇直接抄作业,旧:曝10255/读1705/进0/开0/留0,1721,288,0,0,0,32.77,Δ曝-8534/Δ读-1417/Δ进0/Δ开0/Δ留0,2026-09-24→2026-09-28,diff
6a7814900000000024026854,特斯拉-伊林Elaine🎀,24.55w｜特斯拉Model Y！,旧:曝3790/读564/进0/开0/留0,536,22,0,0,0,5.26,Δ曝-3254/Δ读-542/Δ进0/Δ开0/Δ留0,2026-09-24→2026-09-28,diff
6a76fac000000000220114e2,特斯拉-伊林Elaine🎀,浙江买特斯拉！叠加补补！！！,旧:曝2704/读234/进2/开1/留0,1802,136,2,1,0,163.31,Δ曝-902/Δ读-98/Δ进0/Δ开0/Δ留0,2026-09-24→2026-09-09,diff
6a8282940000000025006976,卖特斯拉的潮汕小妮（车主版）,决赛圈｜3 和 Y怎么选，一篇治好选择困难症🚗,旧:曝56715/读10630/进0/开0/留0,694,116,0,0,0,13.88,Δ曝-56021/Δ读-10514/Δ进0/Δ开0/Δ留0,2026-09-24→2026-09-10,diff
6a7c5c310000000008010fae,卖特斯拉的潮汕小妮（车主版）,落地20.67w｜珍珠白Model 3无痛提车🤍,旧:曝17937/读4106/进4/开3/留0,2431,103,4,3,0,201.87,Δ曝-15506/Δ读-4003/Δ进0/Δ开0/Δ留0,2026-09-24→2026-08-26,diff
6a79d1c50000000006004fca,卖特斯拉的潮汕小妮（车主版）,普宁也可以试驾Model Y啦！真的被惊艳到了😭,旧:曝7103/读3457/进11/开9/留4,3092,66,11,9,4,532.49,Δ曝-4011/Δ读-3391/Δ进0/Δ开0/Δ留0,2026-09-24→2026-09-28,diff
6a7980b60000000008011815,卖特斯拉的潮汕小妮（车主版）,9月，白色Model Y，24W+开走🤍,旧:曝18178/读2841/进4/开4/留3,5515,624,4,4,3,504.86,Δ曝-12663/Δ读-2217/Δ进0/Δ开0/Δ留0,2026-09-24→2026-09-28,diff
6a78956f0000000006007521,卖特斯拉的潮汕小妮（车主版）,8月Model 3｜👋付5.59w，🈷️供2k➕，直接冲🚗,旧:曝7035/读1871/进3/开3/留0,974,16,3,3,0,212.86,Δ曝-6061/Δ读-1855/Δ进0/Δ开0/Δ留0,2026-09-24→2026-08-19,diff
6a7d422c0000000025005bdf,特斯拉顾问小美🚗,8月新政 | 黑标Model Y：23.87w起,旧:曝45728/读7041/进6/开6/留3,6116,621,6,6,3,543.6,Δ曝-39612/Δ读-6420/Δ进0/Δ开0/Δ留0,2026-09-24→2026-09-28,diff
6a7fc09a000000003300bd0b,Tesla 鱼仔吖,女生通勤神器，就选Model 3,旧:曝6468/读1003/进0/开0/留0,370,22,0,0,0,4.36,Δ曝-6098/Δ读-981/Δ进0/Δ开0/Δ留0,2026-09-24→2026-09-19,diff
6a7eb2a300000000220338af,常州特斯拉-小蒋,✨20.1w拿下Model 3：人生首车不后悔❗️,旧:曝6710/读1324/进1/开1/留0,675,45,1,1,0,22.59,Δ曝-6035/Δ读-1279/Δ进0/Δ开0/Δ留0,2026-09-24→2026-09-19,diff
6a804ecb00000000280072d7,特斯拉一鸣,月入8k｜毕业两年提车Model3体验分享,旧:曝3681/读522/进0/开0/留0,252,10,0,0,0,0.47,Δ曝-3429/Δ读-512/Δ进0/Δ开0/Δ留0,2026-09-24→2026-09-17,diff
6a7ee096000000002501499d,特斯拉一鸣,预算15w首车Model 3，很难不心动💓,旧:曝8851/读1424/进0/开0/留0,4858,853,0,0,0,83.04,Δ曝-3993/Δ读-571/Δ进0/Δ开0/Δ留0,2026-09-24→2026-09-19,diff
6a81ab28000000003301b8f6,特斯拉尼克,00后第一辆车👋 付4.59W提Model Y黑武士🖤,旧:曝5012/读722/进2/开1/留1,1107,116,2,1,1,129.58,Δ曝-3905/Δ读-606/Δ进0/Δ开0/Δ留0,2026-09-24→2026-09-28,diff
6a7e9f900000000022017b37,特斯拉尼克,26版Model 3 ❗️落地价已到20w+ 🚗,旧:曝32272/读6110/进7/开5/留1,2719,174,7,5,1,350.64,Δ曝-29553/Δ读-5936/Δ进0/Δ开0/Δ留0,2026-09-24→2026-09-27,diff
6a81c7dc000000003300aede,宁波特斯拉-海曙龙湖天街店,宁波 Model Y：23.52w📝提车攻略,旧:曝4693/读582/进3/开2/留2,2628,265,3,2,2,190.22,Δ曝-2065/Δ读-317/Δ进0/Δ开0/Δ留0,2026-09-24→2026-09-28,diff
6a81c63a0000000028004299,宁波特斯拉-海曙龙湖天街店,8🈷️叠加补来袭‼️ Model 3：19.92w,旧:曝11716/读1369/进9/开9/留9,8895,904,9,9,9,804.24,Δ曝-2821/Δ读-465/Δ进0/Δ开0/Δ留0,2026-09-24→2026-09-28,diff
6a771e5900000000330134ed,特斯拉百科全苏丨全国可订🚗,特斯拉 Model Y必看🔥2026年8月买车思路,旧:曝2861/读351/进0/开0/留0,565,31,0,0,0,58.67,Δ曝-2296/Δ读-320/Δ进0/Δ开0/Δ留0,2026-09-24→2026-09-28,diff
6a6efc8f000000003300d42f,特斯拉百科全苏丨全国可订🚗,不用跑长沙！8月特斯拉湖南地级市试驾活动～,旧:曝4225/读308/进7/开5/留2,3662,234,7,5,2,307.8,Δ曝-563/Δ读-74/Δ进0/Δ开0/Δ留0,2026-09-24→2026-09-28,diff
6a7020320000000033035b5c,特斯拉百科全苏丨全国可订🚗,八月纯新购超高补贴，看特斯拉错过🈚️🈚️🈚️,旧:曝1458/读118/进0/开0/留0,571,23,0,0,0,24.45,Δ曝-887/Δ读-95/Δ进0/Δ开0/Δ留0,2026-09-24→2026-09-27,diff
6a6ff33d000000000502becd,特斯拉Jojo超级辣,白外白内Model Y实拍！这配色绝了😭,旧:曝5343/读997/进1/开1/留1,830,96,1,1,1,12.58,Δ曝-4513/Δ读-901/Δ进0/Δ开0/Δ留0,2026-09-24→2026-08-27,diff
6a79a2770000000008011141,特斯拉Jojo超级辣,8️⃣月太夯了！🖐️付4.59开走Model3,旧:曝2736/读273/进0/开0/留0,596,24,0,0,0,8.98,Δ曝-2140/Δ读-249/Δ进0/Δ开0/Δ留0,2026-09-24→2026-08-27,diff
6a7edea4000000002c001f7c,特斯拉tesla星星,8月国补后，Model 3：19.92w【攻略篇】,旧:曝6610/读827/进6/开5/留3,3995,417,6,5,3,384.46,Δ曝-2615/Δ读-410/Δ进0/Δ开0/Δ留0,2026-09-24→2026-09-28,diff
6a699a83000000000f03db73,杭州特斯拉-卡戴珊,8月银色🩶Model Y ：手付4.59W开走！！,旧:曝4051/读637/进1/开1/留1,1019,109,1,1,1,114.2,Δ曝-3032/Δ读-528/Δ进0/Δ开0/Δ留0,2026-09-24→2026-09-19,diff
6a7fca8c0000000025009762,特斯拉Tesla-悠悠（全国可提）,8月政策，Model 3落地20.67w,旧:曝10827/读1135/进14/开13/留8,9004,896,14,13,8,1072.02,Δ曝-1823/Δ读-239/Δ进0/Δ开0/Δ留0,2026-09-24→2026-09-27,diff
6a6a0826000000000101fc2d,特斯拉顾问小美🚗,20+女生的安全感，是特斯拉给的,旧:曝4718/读894/进0/开0/留0,598,40,0,0,0,12.29,Δ曝-4120/Δ读-854/Δ进0/Δ开0/Δ留0,2026-09-24→2026-09-19,diff
6a852813000000003300a946,特斯拉一鸣,日供87提走Model Y，梦中情车太香了❗️,旧:曝2776/读342/进0/开0/留0,529,24,0,0,0,3.64,Δ曝-2247/Δ读-318/Δ进0/Δ开0/Δ留0,2026-09-24→2026-09-19,diff
6a7403f20000000026035748,特斯拉佳慧挺爱吃,三代同堂家庭换车✨10w直接拿下六座特斯拉,旧:曝2147/读222/进0/开0/留0,600,27,0,0,0,51.74,Δ曝-1547/Δ读-195/Δ进0/Δ开0/Δ留0,2026-09-24→2026-09-28,diff
6a851683000000003301ce41,哈莉（特斯拉分身）,颜值正义🌷Model 3：20.02w,旧:曝86174/读10571/进6/开6/留3,7875,894,7,7,3,674.86,Δ曝-78299/Δ读-9677/Δ进1/Δ开1/Δ留0,2026-09-24→2026-09-28,diff
6a851920000000002c005638,Haha同学在特斯拉,00后男生🧑🏻‍🎓预算10w冲：Model 3！,旧:曝7776/读1008/进7/开7/留2,4078,459,7,7,2,524.38,Δ曝-3698/Δ读-549/Δ进0/Δ开0/Δ留0,2026-09-24→2026-09-28,diff
6a851829000000002800896a,特斯拉茉茉美少女,Oh my god！🩵Model 3:手付4.59w,旧:曝17455/读2056/进12/开10/留4,8342,809,12,10,4,704.59,Δ曝-9113/Δ读-1247/Δ进0/Δ开0/Δ留0,2026-09-24→2026-09-28,diff
6a8439f400000000280005ef,博文在特斯拉,03男大4.59w提超帅轿跑Model 3,旧:曝2874/读374/进0/开0/留0,487,34,0,0,0,17.6,Δ曝-2387/Δ读-340/Δ进0/Δ开0/Δ留0,2026-09-24→2026-09-18,diff
6a8317bf000000002202d6e3,特斯拉晶晶✨,八月太疯狂了！model yl落地只需要31.3w！,旧:曝8017/读1421/进0/开0/留0,757,81,0,0,0,16.42,Δ曝-7260/Δ读-1340/Δ进0/Δ开0/Δ留0,2026-09-24→2026-09-28,diff
6a850be20000000028005c54,Tesla特斯拉海岛日记,Model Y L年度抄底机会来了！！,旧:曝17750/读3257/进0/开0/留0,364,16,0,0,0,16.22,Δ曝-17386/Δ读-3241/Δ进0/Δ开0/Δ留0,2026-09-24→2026-09-19,diff
6a857b98000000003300c73f,Tesla特斯拉海岛日记,所有人暂停感受，特斯拉超帅模式⚡️,旧:曝1894/读324/进0/开0/留0,398,29,0,0,0,35.77,Δ曝-1496/Δ读-295/Δ进0/Δ开0/Δ留0,2026-09-24→2026-09-23,diff
6a8562f3000000002500e2b8,特斯拉Yoki特努力,奶呼呼的🩵Model 3：20.02w,旧:曝16705/读1985/进0/开0/留0,1323,91,0,0,0,57.91,Δ曝-15382/Δ读-1894/Δ进0/Δ开0/Δ留0,2026-09-24→2026-09-18,diff
6a85862500000000220154b4,77在特斯拉卖玩具车📔,越开越爱上，特斯拉语音挂档真的很好用,旧:曝3313/读840/进0/开0/留0,328,27,0,0,0,10.31,Δ曝-2985/Δ读-813/Δ进0/Δ开0/Δ留0,2026-09-24→2026-09-22,diff
6a8597f4000000003303739a,特斯拉 开开,20s🤘🏻Get特斯拉车内七夕满分💯约会攻略♥️,旧:曝821/读183/进0/开0/留0,55,2,0,0,0,1.62,Δ曝-766/Δ读-181/Δ进0/Δ开0/Δ留0,2026-09-24→2026-09-21,diff
6a82af120000000035017467,特斯拉 开开,特斯拉新购提车❗️西安新购Model 3立减10000,旧:曝7674/读1406/进13/开11/留6,4825,348,15,13,7,988.1,Δ曝-2849/Δ读-1058/Δ进2/Δ开2/Δ留1,2026-09-24→2026-09-28,diff
6a8433f10000000035017c9b,特斯拉 开开,珍珠白VS星钻黑：Model 3 💵19w拿下❗️,旧:曝2979/读461/进0/开0/留0,100,6,0,0,0,30,Δ曝-2879/Δ读-455/Δ进0/Δ开0/Δ留0,2026-09-24→2026-09-28,diff
6a857ed400000000250131d6,特斯拉晶晶✨,特斯拉自动化设置｜避免手推车门！,旧:曝4374/读788/进0/开0/留0,1130,187,0,0,0,40.39,Δ曝-3244/Δ读-601/Δ进0/Δ开0/Δ留0,2026-09-24→2026-09-03,diff
6a85a1150000000022014543,特斯拉-伊林Elaine🎀,8月Model3！👋付4.59w起✨,旧:曝1734/读236/进1/开1/留1,100,5,1,1,1,155.44,Δ曝-1634/Δ读-231/Δ进0/Δ开0/Δ留0,2026-09-24→2026-09-28,diff
6a83c85d0000000025006c83,卖特斯拉的潮汕小妮（车主版）,8️⃣月Model Y｜买车思路清晰到可怕🔥,旧:曝2145/读457/进0/开0/留0,146,10,0,0,0,3.11,Δ曝-1999/Δ读-447/Δ进0/Δ开0/Δ留0,2026-09-24→2026-09-22,diff
6a85a75d000000003400e840,特斯拉金华| 露娜,00后女生🎀手付4.59w提走Model Y,旧:曝3392/读353/进0/开0/留0,108,8,0,0,0,8.99,Δ曝-3284/Δ读-345/Δ进0/Δ开0/Δ留0,2026-09-24→2026-09-28,diff
6a851490000000003400fa52,特斯拉金华| 露娜,Model Y｜快银+20寸轮毂✨真的闭眼冲,旧:曝15437/读2751/进0/开0/留0,979,137,0,0,0,25.35,Δ曝-14458/Δ读-2614/Δ进0/Δ开0/Δ留0,2026-09-24→2026-09-22,diff
6a82bee70000000033030fdb,特斯拉百科全苏丨全国可订🚗,怀化/邵阳/永州可试特斯拉✨新能源🏆来啦,旧:曝977/读104/进0/开0/留0,454,22,0,0,0,8.78,Δ曝-523/Δ读-82/Δ进0/Δ开0/Δ留0,2026-09-24→2026-09-10,diff
6a845f080000000028032674,特斯拉长沙向姐🌸,特斯拉夏天开🌞｜5个技巧告别车内闷热,旧:曝3836/读1490/进0/开0/留0,189,30,0,0,0,4.53,Δ曝-3647/Δ读-1460/Δ进0/Δ开0/Δ留0,2026-09-24→2026-09-22,diff
6a85be91000000002500c83c,特斯拉长沙向姐🌸,白色 Model Y✨颜值封神｜239790！直接提走,旧:曝2969/读384/进0/开0/留0,557,41,0,0,0,12.11,Δ曝-2412/Δ读-343/Δ进0/Δ开0/Δ留0,2026-09-24→2026-09-28,diff
6a840c1f0000000006005fbe,特斯拉校草,00后女生🎀4.59w开走Model 3,旧:曝7378/读846/进3/开2/留2,1814,184,5,3,2,476.32,Δ曝-5564/Δ读-662/Δ进2/Δ开1/Δ留0,2026-09-24→2026-09-28,diff
6a82b151000000002500a982,TESLA特斯拉-千赫（全国可提),✔️特斯拉干货｜微信定位投屏｜一秒同步车机✅,旧:曝4189/读1428/进1/开0/留0,1085,101,1,0,0,34.05,Δ曝-3104/Δ读-1327/Δ进0/Δ开0/Δ留0,2026-09-24→2026-09-22,diff
6a82caa00000000032031546,励志卖十万台特斯拉的-盼盼🍞,00后女生提车三个月，庆幸选了快银Model Y,旧:曝38853/读7907/进3/开3/留2,7343,1800,3,3,2,489.92,Δ曝-31510/Δ读-6107/Δ进0/Δ开0/Δ留0,2026-09-24→2026-09-28,diff
6a840ef600000000270231da,励志卖十万台特斯拉的-盼盼🍞,提车两周，终于懂为啥都买Model 3了,旧:曝50746/读8684/进1/开0/留0,1967,387,1,0,0,72.99,Δ曝-48779/Δ读-8297/Δ进0/Δ开0/Δ留0,2026-09-24→2026-09-28,diff
6a8546c5000000000502af6e,小林的特斯拉日记,二胎家庭换车，4.59w开走六座Model Y L,旧:曝4173/读491/进0/开0/留0,257,20,0,0,0,88.25,Δ曝-3916/Δ读-471/Δ进0/Δ开0/Δ留0,2026-09-24→2026-09-28,diff
6a853ceb0000000025012d90,TESLA 李嘉嘉,00后女生🎀一天73开上Model 3,旧:曝2069/读230/进0/开0/留0,72,1,0,0,0,0,Δ曝-1997/Δ读-229/Δ进0/Δ开0/Δ留0,2026-09-24→2026-09-27,diff
6a8296870000000028001767,TESLA 李嘉嘉,Model Y深空灰🆚珍珠白，配色终极二选一✨,旧:曝2379/读323/进0/开0/留0,180,15,0,0,0,3.1,Δ曝-2199/Δ读-308/Δ进0/Δ开0/Δ留0,2026-09-24→2026-09-28,diff
6a8571840000000025007561,特斯拉Pupu,特斯拉陪你过七夕啦！,旧:曝1108/读279/进0/开0/留0,176,12,0,0,0,1.16,Δ曝-932/Δ读-267/Δ进0/Δ开0/Δ留0,2026-09-24→2026-09-21,diff
6a8582da00000000220145ea,特斯拉苏州交付中心,60后姐姐为啥选了特斯拉？🤔🔋,旧:曝3746/读790/进1/开1/留0,136,6,1,1,0,3.41,Δ曝-3610/Δ读-784/Δ进0/Δ开0/Δ留0,2026-09-24→2026-09-22,diff
6a83f37d0000000026035767,特斯拉苏州交付中心,好纠结！Model 3星钻黑🆚珍珠白你怎么选？,旧:曝4551/读936/进0/开0/留0,207,8,0,0,0,3.3,Δ曝-4344/Δ读-928/Δ进0/Δ开0/Δ留0,2026-09-24→2026-09-22,diff
6a82a477000000003300d46c,特斯拉合肥交付中心,特斯拉充电枪卡死拔不出｜全套解锁方法收好,旧:曝6872/读1419/进1/开1/留1,794,101,1,1,1,49.31,Δ曝-6078/Δ读-1318/Δ进0/Δ开0/Δ留0,2026-09-24→2026-09-22,diff
6a8450030000000033033fba,特斯拉合肥交付中心,停车场倒车最怕什么？,旧:曝7028/读1503/进2/开2/留0,1959,409,2,2,0,92.38,Δ曝-5069/Δ读-1094/Δ进0/Δ开0/Δ留0,2026-09-24→2026-09-22,diff
6a858cd000000000250128b7,特斯拉合肥交付中心,20w预算提Model 3，00后姐妹抄作业,旧:曝3749/读366/进0/开0/留0,488,34,0,0,0,9.55,Δ曝-3261/Δ读-332/Δ进0/Δ开0/Δ留0,2026-09-24→2026-09-28,diff
6a84057e0000000022016320,特斯拉佳慧挺爱吃,刚工作就想买Model 3，19.87w起真的够,旧:曝5111/读770/进0/开0/留0,269,17,0,0,0,48.9,Δ曝-4842/Δ读-753/Δ进0/Δ开0/Δ留0,2026-09-24→2026-09-28,diff
6a8414ef00000000260362a1,特斯拉佳慧挺爱吃,8.20特斯拉辽阳试驾会官宣,旧:曝1236/读100/进0/开0/留0,597,20,0,0,0,8.37,Δ曝-639/Δ读-80/Δ进0/Δ开0/Δ留0,2026-09-24→2026-09-28,diff
6a856c110000000025000846,特斯拉佳慧挺爱吃,七夕礼物 是特斯拉给我的自由与底气✨,旧:曝1628/读233/进0/开0/留0,399,32,0,0,0,60.29,Δ曝-1229/Δ读-201/Δ进0/Δ开0/Δ留0,2026-09-24→2026-09-28,diff
6a85af9e0000000028003476,特斯拉冰姐（全国可提）,🎀送自己一份底气｜特斯拉今日提车,旧:曝2835/读389/进0/开0/留0,1402,202,0,0,0,23.82,Δ曝-1433/Δ读-187/Δ进0/Δ开0/Δ留0,2026-09-24→2026-09-28,diff
6a843336000000003300a91e,特斯拉冰姐（全国可提）,买6座Model Y L 最关心的满载空间,旧:曝47604/读5584/进0/开0/留0,469,58,0,0,0,7.29,Δ曝-47135/Δ读-5526/Δ进0/Δ开0/Δ留0,2026-09-24→2026-09-22,diff
6a83df130000000033032622,特斯拉冰姐（全国可提）,真的很纠结❕Model Y 白色还是快银🤍🩶,旧:曝4026/读735/进0/开0/留0,44,9,0,0,0,0.44,Δ曝-3982/Δ读-726/Δ进0/Δ开0/Δ留0,2026-09-24→2026-08-20,diff
6a82c754000000003301e500,特斯拉冰姐（全国可提）,要空间大，就只能选Model Y了吗？,旧:曝7131/读1101/进0/开0/留0,90,5,0,0,0,0.6,Δ曝-7041/Δ读-1096/Δ进0/Δ开0/Δ留0,2026-09-24→2026-09-21,diff
6a8522a700000000320220d6,Tesla_Selina,03年女大首车，纠结后还是选了Model 3,旧:曝6238/读1115/进0/开0/留0,623,53,0,0,0,7.16,Δ曝-5615/Δ读-1062/Δ进0/Δ开0/Δ留0,2026-09-24→2026-09-25,diff
6a82e023000000002403e250,Tesla｜玉子（特专业版）,Model换Y L，二胎家庭太需要这台车了,旧:曝2879/读359/进0/开0/留0,244,16,0,0,0,1.14,Δ曝-2635/Δ读-343/Δ进0/Δ开0/Δ留0,2026-09-24→2026-09-16,diff
6a857fc3000000002c00560d,Tesla-晨璐（努力工作版）,纠结中，Model Y和Model 3选哪个❓,旧:曝14376/读2710/进6/开5/留2,8105,1709,6,5,2,495.83,Δ曝-6271/Δ读-1001/Δ进0/Δ开0/Δ留0,2026-09-24→2026-09-28,diff
6a866d2d0000000016027694,桃桃在特斯拉🍑,20.02W拿下Model 3（一年花费多少💰）,旧:曝57319/读12923/进19/开7/留4,7839,198,19,7,4,1050.28,Δ曝-49480/Δ读-12725/Δ进0/Δ开0/Δ留0,2026-09-24→2026-09-28,diff
6a854bf900000000350177ae,特斯拉小朱｜全国可提🚗,01年男生选人生首车 | 一篇给你讲清楚,旧:曝846/读69/进0/开0/留0,53,1,0,0,0,0.01,Δ曝-793/Δ读-68/Δ进0/Δ开0/Δ留0,2026-09-24→2026-09-11,diff
6a8426e00000000025013267,特斯拉体验官Leo,二胎家庭置换六座Model Y L，政策一览,旧:曝13461/读2172/进0/开0/留0,498,51,0,0,0,9.81,Δ曝-12963/Δ读-2121/Δ进0/Δ开0/Δ留0,2026-09-24→2026-09-25,diff
6a866ea300000000080122a2,特斯拉体验官Leo,8月入Model Y，23.62w直接拿下,旧:曝8088/读1241/进2/开2/留1,1378,167,2,2,1,353.83,Δ曝-6710/Δ读-1074/Δ进0/Δ开0/Δ留0,2026-09-24→2026-09-28,diff
6a87c5fb000000002a0332d4,特斯拉体验官Leo,8月国补后 | Model 3落地：20.02w,旧:曝4409/读605/进0/开0/留0,594,24,0,0,0,2.74,Δ曝-3815/Δ读-581/Δ进0/Δ开0/Δ留0,2026-09-24→2026-09-25,diff
6a84157b0000000025001998,Tesla未来销冠梦瑶,不接受反驳，20w预算里蕞好看的电车！,旧:曝6217/读911/进0/开0/留0,549,29,0,0,0,12.35,Δ曝-5668/Δ读-882/Δ进0/Δ开0/Δ留0,2026-09-24→2026-09-15,diff
6a841e3000000000280334ad,特斯拉邮递员子枫,全款or五年免西？这笔账要这么算！,旧:曝3182/读386/进0/开0/留0,331,22,0,0,0,2.79,Δ曝-2851/Δ读-364/Δ进0/Δ开0/Δ留0,2026-09-24→2026-09-14,diff
6a85241a00000000250115b0,特斯拉阿生（全国置换版,大众迈腾置换Model Y｜0手付无痛换车❗️,旧:曝855/读88/进0/开0/留0,393,30,0,0,0,16.07,Δ曝-462/Δ读-58/Δ进0/Δ开0/Δ留0,2026-09-24→2026-09-01,diff
6a87b49c0000000033035db1,特斯拉邮递员子枫,20.02w提走Model 3 | 手把手教你算落地,旧:曝3336/读425/进0/开0/留0,449,31,0,0,0,7.11,Δ曝-2887/Δ读-394/Δ进0/Δ开0/Δ留0,2026-09-24→2026-09-13,diff
6a8677ec00000000250333e7,特斯拉邮递员子枫,国补后Model Y黑武士，23.62w无痛提,旧:曝35463/读5481/进0/开0/留0,1292,139,0,0,0,43.98,Δ曝-34171/Δ读-5342/Δ进0/Δ开0/Δ留0,2026-09-24→2026-09-28,diff
6a8578a400000000050305cd,天津特斯拉-小颖,上班族通勤选首车❓Model Y太能打❗️,旧:曝3671/读451/进1/开1/留0,527,36,1,1,0,85.55,Δ曝-3144/Δ读-415/Δ进0/Δ开0/Δ留0,2026-09-24→2026-09-18,diff
6a842870000000002403e4ce,宁波鄞州特斯拉中心,宁波街上特斯拉这么多的吗❓,旧:曝3271/读435/进0/开0/留0,915,59,0,0,0,23.42,Δ曝-2356/Δ读-376/Δ进0/Δ开0/Δ留0,2026-09-24→2026-09-19,diff
6a82b2a0000000003301d5cf,特斯拉Yoki特努力,9月国补后，Model 3：19.92w【攻略篇】,旧:曝35298/读4909/进7/开7/留6,6512,896,7,7,6,835.91,Δ曝-28786/Δ读-4013/Δ进0/Δ开0/Δ留0,2026-09-24→2026-09-28,diff
6a8428500000000032033e0e,Model体验官一凡,8月，Model Y：23.57w，香惨了,旧:曝105842/读15903/进0/开0/留0,1448,145,0,0,0,65.38,Δ曝-104394/Δ读-15758/Δ进0/Δ开0/Δ留0,2026-09-24→2026-09-28,diff
6a853aa800000000250125a1,特斯拉 Tesla_无敌沙拉,男生日通勤40km，开Model 3真实感受,旧:曝45354/读8511/进12/开10/留4,11831,2570,12,10,4,800.51,Δ曝-33523/Δ读-5941/Δ进0/Δ开0/Δ留0,2026-09-24→2026-09-19,diff
6a8284ee000000003300ef0c,特斯拉洋子（包全国）,预算10w，二胎家庭置换六座Model Y L,旧:曝2634/读395/进0/开0/留0,498,54,0,0,0,2.67,Δ曝-2136/Δ读-341/Δ进0/Δ开0/Δ留0,2026-09-24→2026-09-01,diff
6a842dab00000000250092a1,特斯拉洋子（包全国）,8月Model Y买车思路！全款还是免西,旧:曝8109/读1399/进0/开0/留0,909,71,0,0,0,12.34,Δ曝-7200/Δ读-1328/Δ进0/Δ开0/Δ留0,2026-09-24→2026-09-28,diff
6a8511db000000003400f0c0,宁波特斯拉-海曙龙湖天街店,8月太值了 | 低至20.02w可提Model 3,旧:曝2648/读312/进0/开0/留0,674,33,0,0,0,14.54,Δ曝-1974/Δ读-279/Δ进0/Δ开0/Δ留0,2026-09-24→2026-09-16,diff
6a84263300000000320333be,杭州萧山特斯拉中心,2026全新黑标Model Y：23.57w,旧:曝529845/读85759/进51/开47/留24,50329,7743,58,54,28,3981.59,Δ曝-479516/Δ读-78016/Δ进7/Δ开7/Δ留4,2026-09-24→2026-09-28,diff
6a8473f3000000002402ee23,叻仔关关在特斯拉,4.59w拿下珍珠白Model Y✨通勤家用两不误,旧:曝2866/读349/进0/开0/留0,508,29,0,0,0,3.74,Δ曝-2358/Δ读-320/Δ进0/Δ开0/Δ留0,2026-09-24→2026-09-01,diff
6a78922500000000060061db,叻仔关关在特斯拉,谁懂！4.59w开走白白Model Y,旧:曝3160/读380/进0/开0/留0,477,28,0,0,0,7.91,Δ曝-2683/Δ读-352/Δ进0/Δ开0/Δ留0,2026-09-24→2026-09-01,diff
6a8524b50000000005028fcd,特斯拉顾问小美🚗,Model Y一年用车成本💰低到离谱啊😧,旧:曝52010/读14413/进8/开7/留3,6159,572,12,10,4,599.61,Δ曝-45851/Δ读-13841/Δ进4/Δ开3/Δ留1,2026-09-24→2026-09-28,diff
6a8439a400000000250067e8,济南特斯拉主理人,2026国补后，23.17w提珍珠白Model Y,旧:曝12377/读1949/进1/开1/留1,916,71,1,1,1,111.99,Δ曝-11461/Δ读-1878/Δ进0/Δ开0/Δ留0,2026-09-24→2026-09-27,diff
6a85035f000000002402d342,常州特斯拉-小蒋,毕业季🎓10w开走Model Y星钻黑,旧:曝3095/读371/进5/开4/留2,2075,230,5,4,2,393.41,Δ曝-1020/Δ读-141/Δ进0/Δ开0/Δ留0,2026-09-24→2026-09-28,diff
6a841fee000000002500f97b,特斯拉一鸣,辽宁00后入职特斯拉第一件事 喜提ModelY 🚗,旧:曝6742/读989/进2/开2/留1,4809,600,2,2,1,222.46,Δ曝-1933/Δ读-389/Δ进0/Δ开0/Δ留0,2026-09-24→2026-09-19,diff
6a8543c20000000033033b52,特斯拉｜东东,00后男生首车，Model 3夯爆了❗️,旧:曝2180/读268/进0/开0/留0,190,7,0,0,0,1.84,Δ曝-1990/Δ读-261/Δ进0/Δ开0/Δ留0,2026-09-24→2026-09-12,diff
6a8514a1000000002701d6f7,特斯拉Tesla-悠悠（全国可提）,家庭用车置换Model Y的3大理由,旧:曝4747/读652/进0/开0/留0,563,48,0,0,0,18.35,Δ曝-4184/Δ读-604/Δ进0/Δ开0/Δ留0,2026-09-24→2026-09-18,diff
6a82892c00000000220314db,常州特斯拉-小蒋,别怕｜刚工作也能提Model 3❗️,旧:曝1661/读159/进1/开1/留0,795,53,1,1,0,26.85,Δ曝-866/Δ读-106/Δ进0/Δ开0/Δ留0,2026-09-24→2026-09-19,diff
6a7eb9ba0000000028030bed,特斯拉福建交付中心,独li女生第1️⃣台车怎么选？ Model 3 真香了⚡,旧:曝1713/读184/进0/开0/留0,82,4,0,0,0,0.21,Δ曝-1631/Δ读-180/Δ进0/Δ开0/Δ留0,2026-09-24→2026-08-31,diff
6a8053e5000000002500cc05,特斯拉福建交付中心,9月Model 3低至20.05w🚗抛开车不谈,旧:曝8510/读1190/进0/开0/留0,517,35,0,0,0,8.02,Δ曝-7993/Δ读-1155/Δ进0/Δ开0/Δ留0,2026-09-24→2026-09-01,diff
6a8416e50000000027021474,特斯拉tesla星星,04女生存款5w拿下Model 3是什么体验,旧:曝2846/读314/进0/开0/留0,669,29,0,0,0,11.6,Δ曝-2177/Δ读-285/Δ进0/Δ开0/Δ留0,2026-09-24→2026-09-19,diff
6a75a7500000000028033bf9,Tesla小许同学,给你25万，你会选Model 3还是Model Y呢？,旧:曝21647/读3974/进0/开0/留0,759,82,0,0,0,5.65,Δ曝-20888/Δ读-3892/Δ进0/Δ开0/Δ留0,2026-09-24→2026-09-01,diff
6a88262500000000250069b4,特斯拉茉茉美少女,00后毕业生🎓预算5w，选Model Y,旧:曝6707/读856/进1/开1/留1,1349,92,1,1,1,116.84,Δ曝-5358/Δ读-764/Δ进0/Δ开0/Δ留0,2026-09-24→2026-09-16,diff
6a8960c9000000002901811c,桃桃在特斯拉🍑,一条视频讲清楚Model Y（超详细）,旧:曝74106/读12867/进4/开3/留2,4336,576,4,3,2,146.91,Δ曝-69770/Δ读-12291/Δ进0/Δ开0/Δ留0,2026-09-24→2026-09-28,diff
6a894c760000000008011fa3,哈莉（特斯拉分身）,长期主义SUV🖤Model Y：23.57w起,旧:曝10155/读1440/进1/开1/留0,704,74,1,1,0,121.83,Δ曝-9451/Δ读-1366/Δ进0/Δ开0/Δ留0,2026-09-24→2026-09-16,diff
6a743a9e0000000005030411,特斯拉小齐在长春,我没看错吧，8🈷️Model Y这个数？,旧:曝2000/读208/进0/开0/留0,514,23,0,0,0,5.62,Δ曝-1486/Δ读-185/Δ进0/Δ开0/Δ留0,2026-09-24→2026-09-01,diff
6a8bdc490000000014028d06,特斯拉Yoki特努力,2026全新黑标Model Y：23.57w,旧:曝8851/读1147/进3/开3/留2,3864,435,3,3,2,262.64,Δ曝-4987/Δ读-712/Δ进0/Δ开0/Δ留0,2026-09-24→2026-09-28,diff
6a87f5ec000000003301d766,特斯拉邮递员子枫,23.62w｜Model Y落地我又兴奋了！,旧:曝17558/读2953/进0/开0/留0,696,60,0,0,0,36.02,Δ曝-16862/Δ读-2893/Δ进0/Δ开0/Δ留0,2026-09-24→2026-09-26,diff
6a89ca0600000000250074a9,特斯拉体验官Leo,4.59w开Model Y，无痛马上提,旧:曝3671/读410/进0/开0/留0,1383,74,0,0,0,40.67,Δ曝-2288/Δ读-336/Δ进0/Δ开0/Δ留0,2026-09-24→2026-09-27,diff
6a6c187b0000000005021908,TESLA特斯拉-千赫（全国可提),8月提车太香了😍Model 3裸车19.87w起💪,旧:曝2547/读394/进0/开0/留0,164,10,0,0,0,21.86,Δ曝-2383/Δ读-384/Δ进0/Δ开0/Δ留0,2026-09-24→2026-09-28,diff
6a86d012000000002a02f7a5,特斯拉｜东东,打工人首车选Model Y的三大理由❗️,旧:曝1898/读265/进0/开0/留0,168,14,0,0,0,3.19,Δ曝-1730/Δ读-251/Δ进0/Δ开0/Δ留0,2026-09-24→2026-09-15,diff
6a8b0d68000000003300cdfb,Tesla 鱼仔吖,$noteTitle,旧:曝19499/读4478/进10/开4/留0,1721,41,10,4,0,326.48,Δ曝-17778/Δ读-4437/Δ进0/Δ开0/Δ留0,2026-09-24→2026-09-02,diff
6a8841e9000000000302ac90,Tesla 鱼仔吖,03年女大🌸，存款9w提高颜值轿跑Model 3,旧:曝7931/读1101/进0/开0/留0,601,43,0,0,0,30.18,Δ曝-7330/Δ读-1058/Δ进0/Δ开0/Δ留0,2026-09-24→2026-09-16,diff
6a868ed60000000027028710,常州特斯拉-小蒋,预算20w，Model Y还是Model Y L❓️,旧:曝10847/读1446/进0/开0/留0,610,38,0,0,0,11.12,Δ曝-10237/Δ读-1408/Δ进0/Δ开0/Δ留0,2026-09-24→2026-09-18,diff
6a8994120000000028003df9,嘉兴特斯拉中心🚗,2026国补后，Model Y ：23.47w✨,旧:曝2564/读333/进0/开0/留0,296,15,0,0,0,2.45,Δ曝-2268/Δ读-318/Δ进0/Δ开0/Δ留0,2026-09-24→2026-09-18,diff
6a86718e0000000014026440,特斯拉顾问小美🚗,家庭用车不纠结，六座Model Y L主打实用,旧:曝7744/读1080/进1/开1/留1,211,19,1,1,1,78.7,Δ曝-7533/Δ读-1061/Δ进0/Δ开0/Δ留0,2026-09-24→2026-09-15,diff
6a8823030000000017001273,特斯拉校草,Oh my God🖤西安Model 3：19.95w！,旧:曝2860/读403/进1/开1/留1,653,55,1,1,1,27.08,Δ曝-2207/Δ读-348/Δ进0/Δ开0/Δ留0,2026-09-24→2026-09-28,diff
6a8b1829000000003a02c268,宁波特斯拉-海曙龙湖天街店,Model 3六色无滤镜实拍💥 开走仅19.75w❗,旧:曝3273/读439/进1/开0/留0,1175,103,1,0,0,31.4,Δ曝-2098/Δ读-336/Δ进0/Δ开0/Δ留0,2026-09-24→2026-09-19,diff
6a86b3e800000000280037c3,宁波特斯拉-海曙龙湖天街店,年轻夫妻的选车理由 | Model Y综合分太高,旧:曝2603/读432/进0/开0/留0,155,25,0,0,0,10.82,Δ曝-2448/Δ读-407/Δ进0/Δ开0/Δ留0,2026-09-24→2026-09-18,diff
6a89a2c10000000016009c2e,济南特斯拉主理人,🔥济南特斯拉！第三季度市补来啦！,旧:曝6706/读813/进5/开5/留3,4213,395,5,5,3,466.01,Δ曝-2493/Δ读-418/Δ进0/Δ开0/Δ留0,2026-09-24→2026-09-28,diff
6a87c1100000000014027b21,济南特斯拉主理人,家庭换车，手付9.99w提六座Model Y L,旧:曝13783/读1791/进0/开0/留0,561,36,0,0,0,9.12,Δ曝-13222/Δ读-1755/Δ进0/Δ开0/Δ留0,2026-09-24→2026-09-18,diff
6a8a8a87000000003300d6ec,特斯拉金华| 露娜,2026年8月入Model 3 谁买谁香！！,旧:曝3347/读442/进0/开0/留0,179,7,0,0,0,0.98,Δ曝-3168/Δ读-435/Δ进0/Δ开0/Δ留0,2026-09-24→2026-09-27,diff
6a8a8e010000000028008f50,特斯拉顾问小美🚗,8月底抓紧一波❗️23.7w提走黑标Model Y,旧:曝2329/读241/进0/开0/留0,253,16,0,0,0,3.01,Δ曝-2076/Δ读-225/Δ进0/Δ开0/Δ留0,2026-09-24→2026-09-16,diff
6a87c72b0000000035016a93,特斯拉顾问小美🚗,全款or五年免西？买特斯拉要算这笔账！,旧:曝2018/读322/进1/开1/留0,231,16,1,1,0,75.26,Δ曝-1787/Δ读-306/Δ进0/Δ开0/Δ留0,2026-09-24→2026-09-16,diff
6a86d2090000000033013c7f,特斯拉tesla星星,家庭长期用车，选特斯拉的优势是什么,旧:曝3555/读467/进0/开0/留0,240,23,0,0,0,8.31,Δ曝-3315/Δ读-444/Δ进0/Δ开0/Δ留0,2026-09-24→2026-09-18,diff
6a4a46bd0000000017008364,特斯拉校草,2026全新黑标Model Y：24.27w起❗️❗️,旧:曝5783/读757/进1/开1/留0,551,25,1,1,0,8.84,Δ曝-5232/Δ读-732/Δ进0/Δ开0/Δ留0,2026-09-24→2026-09-28,diff
6a8a63f1000000000801395a,特斯拉｜东东,8月入手时机！Model 3 20.xx 开走🔥,旧:曝5300/读819/进0/开0/留0,811,65,0,0,0,27.26,Δ曝-4489/Δ读-754/Δ进0/Δ开0/Δ留0,2026-09-24→2026-09-19,diff
6a4b63340000000017028ff3,特斯拉校草,8月又猛又兴奋❗️Model 3：20.75w起🔥,旧:曝4481/读528/进2/开2/留1,663,42,2,2,1,45.52,Δ曝-3818/Δ读-486/Δ进0/Δ开0/Δ留0,2026-09-24→2026-09-28,diff
6a86e702000000003a0205c2,TESLA 李嘉嘉,家庭购车怎么选？特斯拉ModelY和YL,旧:曝2308/读209/进0/开0/留0,322,17,0,0,0,5.78,Δ曝-1986/Δ读-192/Δ进0/Δ开0/Δ留0,2026-09-24→2026-09-27,diff
6a8904700000000029027801,杭州萧山特斯拉中心,很有韵味💜Model 3：20.02w,旧:曝5354/读629/进0/开0/留0,986,50,0,0,0,51.39,Δ曝-4368/Δ读-579/Δ进0/Δ开0/Δ留0,2026-09-24→2026-09-18,diff
6a89c7d8000000000902dac5,TESLA特斯拉-千赫（全国可提),月薪多少才适合入手Model Y❓用车成本分享📝,旧:曝1728/读238/进1/开0/留0,271,27,1,0,0,18.72,Δ曝-1457/Δ读-211/Δ进0/Δ开0/Δ留0,2026-09-24→2026-09-28,diff
6a8683f00000000028005f90,卖特斯拉的潮汕小妮（车主版）,珍珠白Model 3，🈷️供2k+轻松开走,旧:曝3563/读463/进1/开1/留1,748,40,1,1,1,60.1,Δ曝-2815/Δ读-423/Δ进0/Δ开0/Δ留0,2026-09-24→2026-09-28,diff
6a87c227000000003b0161ea,卖特斯拉的潮汕小妮（车主版）,每天73块开Model 3，直接拿下😎,旧:曝3092/读542/进0/开0/留0,179,13,0,0,0,10.1,Δ曝-2913/Δ读-529/Δ进0/Δ开0/Δ留0,2026-09-24→2026-09-28,diff
6a881c500000000008014aa1,特斯拉-伊林Elaine🎀,坐标浙江 ｜8月Model 3：20.02w✨,旧:曝1812/读258/进1/开0/留0,269,18,1,0,0,45.46,Δ曝-1543/Δ读-240/Δ进0/Δ开0/Δ留0,2026-09-24→2026-09-28,diff
6a87c1070000000027033c73,特斯拉百科全苏丨全国可订🚗,Model YL 星光金💛这台六座太戳我,旧:曝1982/读245/进0/开0/留0,345,55,0,0,0,3.1,Δ曝-1637/Δ读-190/Δ进0/Δ开0/Δ留0,2026-09-24→2026-09-28,diff
6a86d7e700000000170033e1,特斯拉tesla星星,原来买第一台车选特斯拉这么划算啊😭,旧:曝14005/读9274/进59/开46/留22,14179,321,78,64,27,2834.91,Δ曝174/Δ读-8953/Δ进19/Δ开18/Δ留5,2026-09-24→2026-09-28,diff
6a8549f60000000033037d69,特斯拉Tesla-悠悠（全国可提）,旧车置换窗口期，大趋势要把握住了！,旧:曝1942/读226/进0/开0/留0,660,49,0,0,0,9.95,Δ曝-1282/Δ读-177/Δ进0/Δ开0/Δ留0,2026-09-24→2026-09-18,diff
6a87c0dd000000002500c562,励志卖十万台特斯拉的-盼盼🍞,河南二胎家庭4.59w置换Model Y L,旧:曝2657/读413/进0/开0/留0,287,24,0,0,0,8.65,Δ曝-2370/Δ读-389/Δ进0/Δ开0/Δ留0,2026-09-24→2026-09-28,diff
6a51c18e0000000021020b2d,TESLA特斯拉-千赫（全国可提),“2026国补”后，Model Y23.67w起🔥,旧:曝3972/读519/进0/开0/留0,1076,85,0,0,0,47.59,Δ曝-2896/Δ读-434/Δ进0/Δ开0/Δ留0,2026-09-24→2026-09-28,diff
6a86cc7c0000000033012216,励志卖十万台特斯拉的-盼盼🍞,在河南，20w预算我就敢提Model 3,旧:曝2861/读342/进3/开2/留2,1217,110,3,2,2,333.62,Δ曝-1644/Δ读-232/Δ进0/Δ开0/Δ留0,2026-09-24→2026-09-28,diff
6a8adbf80000000028027785,特斯拉尼克,9月，特斯拉model3成都蕞新落地价！,旧:曝29696/读5104/进1/开1/留0,2298,250,2,2,0,203.3,Δ曝-27398/Δ读-4854/Δ进1/Δ开1/Δ留0,2026-09-24→2026-09-28,diff
6a8831dd0000000029018262,桃桃在特斯拉🍑,兴奋了9🈷️Model 3：20.02w拿下！,旧:曝54499/读7928/进0/开0/留0,2284,175,0,0,0,67.9,Δ曝-52215/Δ读-7753/Δ进0/Δ开0/Δ留0,2026-09-24→2026-09-28,diff
6a8862fb000000002603bfd9,Tesla｜玉子（特专业版）,👋付4.59w，05后女大提人生首车Model 3,旧:曝3850/读472/进4/开3/留3,1713,199,4,3,3,192.6,Δ曝-2137/Δ读-273/Δ进0/Δ开0/Δ留0,2026-09-24→2026-09-28,diff
6a894b460000000035024853,Tesla-晨璐（努力工作版）,8月入手六座SUV，Model Y L全新落地价参考,旧:曝4613/读569/进0/开0/留0,615,54,0,0,0,28.8,Δ曝-3998/Δ读-515/Δ进0/Δ开0/Δ留0,2026-09-24→2026-09-17,diff
6a8680d70000000028020494,特斯拉冰姐（全国可提）,2026下半年Model Y L的买车思路✍️,旧:曝6956/读1180/进0/开0/留0,505,34,0,0,0,13.61,Δ曝-6451/Δ读-1146/Δ进0/Δ开0/Δ留0,2026-09-24→2026-09-28,diff
6a87ea93000000001f01cb40,特斯拉冰姐（全国可提）,Model Y L最新落地核算🧮准备入可参考,旧:曝15767/读2872/进1/开1/留1,1019,40,1,1,1,28.77,Δ曝-14748/Δ读-2832/Δ进0/Δ开0/Δ留0,2026-09-24→2026-09-22,diff
6a86b3a70000000028023e8a,杭州特斯拉Tesla（嘉里中心体验店）,06毕业生｜4.59w入手人生第一辆高颜值轿跑,旧:曝2708/读377/进0/开0/留0,656,42,0,0,0,74.53,Δ曝-2052/Δ读-335/Δ进0/Δ开0/Δ留0,2026-09-24→2026-09-28,diff
6a8acec8000000001700a14d,杭州特斯拉Tesla（嘉里中心体验店）,8月底最后冲❗️23.7w拿下冰河蓝黑标Model Y,旧:曝10774/读2113/进3/开1/留1,4596,1178,3,1,1,354.16,Δ曝-6178/Δ读-935/Δ进0/Δ开0/Δ留0,2026-09-24→2026-09-28,diff
6a87d137000000001b033f3a,特斯拉苏州交付中心,油车置换Model Y攻略看这篇👀,旧:曝3589/读288/进0/开0/留0,237,19,0,0,0,6.41,Δ曝-3352/Δ读-269/Δ进0/Δ开0/Δ留0,2026-09-24→2026-09-28,diff
6a8826d900000000290194a0,Haha同学在特斯拉,8月，特斯拉Model Y政策讲解,旧:曝22744/读4800/进14/开12/留5,7128,619,15,12,5,855.22,Δ曝-15616/Δ读-4181/Δ进1/Δ开0/Δ留0,2026-09-24→2026-09-28,diff
6a8ae71c000000003300a319,特斯拉佳慧挺爱吃,🎀勇敢的人先享受世界｜4.59w拿下Model 3,旧:曝2544/读341/进0/开0/留0,458,24,0,0,0,71.19,Δ曝-2086/Δ读-317/Δ进0/Δ开0/Δ留0,2026-09-24→2026-09-28,diff
6a8997c40000000033008a96,特斯拉佳慧挺爱吃,8月特斯拉抄底❗️Model Y黑标23.87w起🌟,旧:曝2689/读358/进1/开1/留1,713,84,1,1,1,123.6,Δ曝-1976/Δ读-274/Δ进0/Δ开0/Δ留0,2026-09-24→2026-09-28,diff
6a4a380b0000000011011799,特斯拉佳慧挺爱吃,落地23.74w？无痛拥有26新款Y!,旧:曝5536/读815/进1/开1/留1,1186,69,1,1,1,51.55,Δ曝-4350/Δ读-746/Δ进0/Δ开0/Δ留0,2026-09-24→2026-09-28,diff
6a8825d70000000016026d1b,哈莉（特斯拉分身）,Model 3四款区别及费用🎬【详细解读】,旧:曝35824/读5544/进4/开4/留1,1866,71,4,4,1,204.61,Δ曝-33958/Δ读-5473/Δ进0/Δ开0/Δ留0,2026-09-24→2026-09-16,diff
6a880d22000000000801402b,Tesla_Selina,国补后！💛奶油黄Model 3，20w+提,旧:曝3396/读292/进4/开3/留3,2145,152,4,3,3,398.48,Δ曝-1251/Δ读-140/Δ进0/Δ开0/Δ留0,2026-09-24→2026-09-28,diff
6a880d8f000000003303494d,Tesla_Selina,8月！珍珠白Model Y，23.57w提！,旧:曝8945/读1612/进0/开0/留0,989,110,0,0,0,62.88,Δ曝-7956/Δ读-1502/Δ进0/Δ开0/Δ留0,2026-09-24→2026-09-20,diff
6a880ca1000000001b028b64,Tesla_Selina,8月购车补补▶六座ModelY L：31w+起,旧:曝2836/读281/进1/开1/留0,614,29,1,1,0,51.29,Δ曝-2222/Δ读-252/Δ进0/Δ开0/Δ留0,2026-09-24→2026-09-25,diff
6a898077000000000902ed4f,特斯拉Yoki特努力,八月，叠加补贴来袭！Model 3：20.07w,旧:曝3996/读427/进0/开0/留0,512,18,0,0,0,8.54,Δ曝-3484/Δ读-409/Δ进0/Δ开0/Δ留0,2026-09-24→2026-09-18,diff
6a8685ff0000000028000cd9,特斯拉Yoki特努力,坐标山东，8月，Model Y珍珠白：23.87w！！,旧:曝38873/读5805/进22/开21/留15,21655,2850,27,26,17,2048.97,Δ曝-17218/Δ读-2955/Δ进5/Δ开5/Δ留2,2026-09-24→2026-09-28,diff
6a8ad8fd000000003301a11f,特斯拉阿生（全国置换版,本田车主，13w不到带走全新Model 3😍,旧:曝2041/读217/进0/开0/留0,518,27,0,0,0,7.15,Δ曝-1523/Δ读-190/Δ进0/Δ开0/Δ留0,2026-09-24→2026-09-19,diff
6a87aa3e00000000170295b4,特斯拉阿生（全国置换版,拿老爸的别克换Model 3，手付3k提走❗️,旧:曝1148/读113/进0/开0/留0,544,20,0,0,0,2.11,Δ曝-604/Δ读-93/Δ进0/Δ开0/Δ留0,2026-09-24→2026-09-15,diff
6a886ba3000000003a02168b,特斯拉 开开,00后男生👨‍🎓预算10w 冲：Model 3！,旧:曝2120/读179/进0/开0/留0,499,17,0,0,0,4.1,Δ曝-1621/Δ读-162/Δ进0/Δ开0/Δ留0,2026-09-24→2026-09-28,diff
6a8ac42200000000280203da,特斯拉 开开,我的天🤦西安买特斯拉这么便宜了吗❓,旧:曝16119/读1878/进23/开17/留11,14214,1003,25,18,11,1946.25,Δ曝-1905/Δ读-875/Δ进2/Δ开1/Δ留0,2026-09-24→2026-09-28,diff
6a884bc9000000002802cceb,Model体验官一凡,02年男大，存款5w提Model 3,旧:曝5120/读619/进0/开0/留0,495,33,0,0,0,8.8,Δ曝-4625/Δ读-586/Δ进0/Δ开0/Δ留0,2026-09-24→2026-09-15,diff
6a891655000000003400ef5b,Tesla特斯拉海岛日记,👀置换攻略，低👋付换Model Y太轻松！,旧:曝3128/读1238/进5/开3/留0,901,25,5,3,0,246.78,Δ曝-2227/Δ读-1213/Δ进0/Δ开0/Δ留0,2026-09-24→2026-09-20,diff
6a87bfe6000000002a031cd8,Tesla特斯拉海岛日记,8月补补太香，28.4w拿下黑色Model Y L,旧:曝5751/读865/进0/开0/留0,927,125,0,0,0,109.34,Δ曝-4824/Δ读-740/Δ进0/Δ开0/Δ留0,2026-09-24→2026-09-18,diff
6a87e2cf000000003302414d,博文在特斯拉,2w公里实测，想买Model Y的看完这篇！,旧:曝24172/读4185/进0/开0/留0,1114,219,0,0,0,27.86,Δ曝-23058/Δ读-3966/Δ进0/Δ开0/Δ留0,2026-09-24→2026-09-18,diff
6a8af8ee0000000033022adc,特斯拉的羊毛,成都等Model Y的宝子，这波真没白等❗️,旧:曝11710/读1642/进21/开18/留9,8680,1196,21,18,9,1354.03,Δ曝-3030/Δ读-446/Δ进0/Δ开0/Δ留0,2026-09-24→2026-09-21,diff
6a89748a0000000014028172,特斯拉晶晶✨,🎀第一视角看特斯拉Model 3!月供只要2k+？,旧:曝6014/读2386/进6/开3/留0,1963,45,6,3,0,248.4,Δ曝-4051/Δ读-2341/Δ进0/Δ开0/Δ留0,2026-09-24→2026-09-22,diff
6a87ce95000000002100a037,特斯拉晶晶✨,00后女生！4.59w就能开走Model 3 啦💗,旧:曝6678/读846/进7/开7/留6,5068,622,9,9,8,963.68,Δ曝-1610/Δ读-224/Δ进2/Δ开2/Δ留2,2026-09-24→2026-09-28,diff
6a8a6fa9000000002800a72e,特斯拉的羊毛,2026全新黑标Model Y｜23.57w起怎么拿下？🚗,旧:曝2706/读345/进0/开0/留0,388,21,0,0,0,21.63,Δ曝-2318/Δ读-324/Δ进0/Δ开0/Δ留0,2026-09-24→2026-09-28,diff
6a87c2be000000001d01fe7a,特斯拉的羊毛,成都高新区第三轮汽车补贴｜21日10点开始,旧:曝13538/读2088/进4/开4/留1,8791,1315,4,4,1,679.38,Δ曝-4747/Δ读-773/Δ进0/Δ开0/Δ留0,2026-09-24→2026-09-28,diff
6a894d7100000000030296d4,特斯拉洋子（包全国）,8月国补后Model 3：20.07w起,旧:曝2455/读322/进0/开0/留0,597,35,0,0,0,9.94,Δ曝-1858/Δ读-287/Δ进0/Δ开0/Δ留0,2026-09-24→2026-09-13,diff
6a86847f000000001402bc4e,特斯拉洋子（包全国）,绝绝紫🤩Model 3🈷️供2460提走,旧:曝1841/读216/进2/开2/留1,938,61,2,2,1,284.33,Δ曝-903/Δ读-155/Δ进0/Δ开0/Δ留0,2026-09-24→2026-09-01,diff
6a8d4c460000000028024ed3,特斯拉邮递员子枫,报废车入Model 3，这波政策你了解吗？,旧:曝3255/读449/进0/开0/留0,701,56,0,0,0,13.28,Δ曝-2554/Δ读-393/Δ进0/Δ开0/Δ留0,2026-09-24→2026-09-16,diff
6a87df34000000002203fa4e,特斯拉 Tesla_无敌沙拉,8月，月2k+就能提超帅Model Y,旧:曝2086/读186/进0/开0/留0,448,22,0,0,0,4.77,Δ曝-1638/Δ读-164/Δ进0/Δ开0/Δ留0,2026-09-24→2026-09-18,diff
6a8b173c0000000016029cb8,特斯拉 Tesla_无敌沙拉,焕新黑标Model 3落地20.67W来啦,旧:曝5834/读773/进0/开0/留0,575,43,0,0,0,21.55,Δ曝-5259/Δ读-730/Δ进0/Δ开0/Δ留0,2026-09-24→2026-09-17,diff
6a8d5a200000000016027f11,特斯拉体验官Leo,油车置换Model 3，这些补补要拿完！,旧:曝2551/读307/进0/开0/留0,564,25,0,0,0,5.12,Δ曝-1987/Δ读-282/Δ进0/Δ开0/Δ留0,2026-09-24→2026-09-25,diff
6a86d44a000000002500dd6b,宁波鄞州特斯拉中心,宁波鄞州看过来👀8月：Model Y 23.62w,旧:曝10668/读1558/进7/开6/留5,3769,416,7,6,5,511,Δ曝-6899/Δ读-1142/Δ进0/Δ开0/Δ留0,2026-09-24→2026-09-28,diff
6a86bedf0000000032031984,77在特斯拉卖玩具车📔,毕业两年存款5w，拿下新款Model 3！,旧:曝7039/读926/进0/开0/留0,539,36,0,0,0,53.02,Δ曝-6500/Δ读-890/Δ进0/Δ开0/Δ留0,2026-09-24→2026-09-28,diff
6a8d6f6100000000290294b3,特斯拉Yoki特努力,Model 3：20.02w起【六色实拍】,旧:曝27142/读5025/进6/开2/留1,1992,86,6,2,1,272.61,Δ曝-25150/Δ读-4939/Δ进0/Δ开0/Δ留0,2026-09-24→2026-09-26,diff
6a8d7ab6000000001e0158d1,Model体验官一凡,Model Y：23.57w起📝提车攻略,旧:曝5446/读758/进0/开0/留0,572,30,0,0,0,22.06,Δ曝-4874/Δ读-728/Δ进0/Δ开0/Δ留0,2026-09-24→2026-09-15,diff
6a8e9ddd000000001f0071d4,特斯拉茉茉美少女,我等不了了！六座Model Y L月供3736,旧:曝14549/读2037/进2/开0/留0,731,72,2,0,0,32.71,Δ曝-13818/Δ读-1965/Δ进0/Δ开0/Δ留0,2026-09-24→2026-09-15,diff
6a8ad9c1000000002b02515e,TESLA特斯拉-千赫（全国可提),8月已过半，Model3裸车已到19.07w！😍,旧:曝2419/读394/进0/开0/留0,308,38,0,0,0,16.55,Δ曝-2111/Δ读-356/Δ进0/Δ开0/Δ留0,2026-09-24→2026-09-28,diff
6a61bfcf000000000301e68c,卖特斯拉的潮汕小妮（车主版）,哇！沉浸式感受model3海洋蓝🌊,旧:曝6392/读1504/进0/开0/留0,309,54,0,0,0,4.74,Δ曝-6083/Δ读-1450/Δ进0/Δ开0/Δ留0,2026-09-24→2026-09-22,diff
6a4334a2000000001603c819,卖特斯拉的潮汕小妮（车主版）,8️⃣月政策更新，21.67w提Model 3,旧:曝3400/读556/进0/开0/留0,327,18,0,0,0,0.75,Δ曝-3073/Δ读-538/Δ进0/Δ开0/Δ留0,2026-09-24→2026-09-28,diff
6a8d381d000000002802ae9a,杭州萧山特斯拉中心,2026国补后，Model Y，22W+,旧:曝107022/读16059/进63/开61/留30,59010,8772,84,82,38,6151.08,Δ曝-48012/Δ读-7287/Δ进21/Δ开21/Δ留8,2026-09-24→2026-09-28,diff
6a8e9c4f000000001f002dcc,Haha同学在特斯拉,9月国补后，Model 3：20.02w起,旧:曝50621/读6778/进0/开0/留0,1228,88,0,0,0,70.82,Δ曝-49393/Δ读-6690/Δ进0/Δ开0/Δ留0,2026-09-24→2026-09-28,diff
6a88485f000000002800b9c3,特斯拉Pupu,00后第一台车｜女生选Model 3 纠结颜色看这,旧:曝21180/读3375/进0/开0/留0,1678,318,0,0,0,41.26,Δ曝-19502/Δ读-3057/Δ进0/Δ开0/Δ留0,2026-09-24→2026-09-10,diff
6a8e9fcb000000002a03d0c4,哈莉（特斯拉分身）,Model Y：23.57w起📃【提车攻略】,旧:曝3902/读459/进0/开0/留0,541,17,0,0,0,11.84,Δ曝-3361/Δ读-442/Δ进0/Δ开0/Δ留0,2026-09-24→2026-09-15,diff
6a8ea79c000000001e015096,桃桃在特斯拉🍑,请放心冲这个Model Y‼️23.57W！！,旧:曝270309/读42300/进5/开3/留3,4735,449,5,3,3,550.99,Δ曝-265574/Δ读-41851/Δ进0/Δ开0/Δ留0,2026-09-24→2026-09-28,diff
6a8beb5100000000280029c7,特斯拉Pupu,8月劲爆来袭！Model Y 直接到了23.87w 📉,旧:曝1773/读224/进0/开0/留0,55,3,0,0,0,1.19,Δ曝-1718/Δ读-221/Δ进0/Δ开0/Δ留0,2026-09-24→2026-09-10,diff
6a8d80550000000006012e9f,特斯拉合肥交付中心,Model Y和Model YL区别及政策一览,旧:曝3976/读695/进0/开0/留0,263,12,0,0,0,11.34,Δ曝-3713/Δ读-683/Δ进0/Δ开0/Δ留0,2026-09-24→2026-09-22,diff
6a8da2e6000000002903556e,特斯拉冰姐（全国可提）,黑标Model Y：23.57w居然可以拿下❓,旧:曝5660/读791/进0/开0/留0,430,34,0,0,0,26.4,Δ曝-5230/Δ读-757/Δ进0/Δ开0/Δ留0,2026-09-24→2026-09-25,diff
6a8bf015000000002802cc44,特斯拉苏州交付中心,算笔账｜23.97w提车Model Y,旧:曝4621/读1383/进2/开2/留1,491,14,5,5,2,323.26,Δ曝-4130/Δ读-1369/Δ进3/Δ开3/Δ留1,2026-09-24→2026-09-28,diff
6a8e6b8c000000002a03252c,特斯拉金华| 露娜,00后买车｜Model 3和Model Y你选哪个,旧:曝8389/读1285/进0/开0/留0,574,87,0,0,0,71.11,Δ曝-7815/Δ读-1198/Δ进0/Δ开0/Δ留0,2026-09-24→2026-09-28,diff
6a8d50a50000000033008792,特斯拉金华| 露娜,等不了了❗️二胎家庭10万拿下Model YL,旧:曝3874/读411/进0/开0/留0,77,4,0,0,0,4.55,Δ曝-3797/Δ读-407/Δ进0/Δ开0/Δ留0,2026-09-24→2026-09-28,diff
6a8d19370000000024027788,卖特斯拉的潮汕小妮（车主版）,落地24.27w丨珍珠白Model Y无痛提车🤍,旧:曝6204/读1155/进0/开0/留0,431,68,0,0,0,50.49,Δ曝-5773/Δ读-1087/Δ进0/Δ开0/Δ留0,2026-09-24→2026-09-10,diff
6a585091000000000100cbda,小林的特斯拉日记,落地20.67w｜快银Model 3无痛提车‼️,旧:曝67798/读10645/进3/开2/留1,2041,245,3,2,1,280.23,Δ曝-65757/Δ读-10400/Δ进0/Δ开0/Δ留0,2026-09-24→2026-09-28,diff
6a8ebf970000000025013208,小林的特斯拉日记,8月Model Y黑标：23.57w拿下！！！,旧:曝16663/读2149/进0/开0/留0,1076,102,0,0,0,100.97,Δ曝-15587/Δ读-2047/Δ进0/Δ开0/Δ留0,2026-09-24→2026-09-28,diff
6a8d7afd000000002003ab1a,TESLA特斯拉-千赫（全国可提),Model 3日均73 元✨低压力开启电车生活❗,旧:曝2082/读296/进0/开0/留0,180,5,0,0,0,31.76,Δ曝-1902/Δ读-291/Δ进0/Δ开0/Δ留0,2026-09-24→2026-09-28,diff
6a8d56a1000000001a02677b,济南特斯拉主理人,通勤党第一台车，22w+起提Model 3,旧:曝2967/读372/进3/开3/留1,814,51,3,3,1,35.61,Δ曝-2153/Δ读-321/Δ进0/Δ开0/Δ留0,2026-09-24→2026-09-26,diff
6a8fd01600000000260353ed,杭州萧山特斯拉中心,绝了！！Model 3：20.02w起,旧:曝26141/读3380/进12/开11/留7,9991,1170,16,14,8,954.58,Δ曝-16150/Δ读-2210/Δ进4/Δ开3/Δ留1,2026-09-24→2026-09-28,diff
6a8ba180000000002301079b,温州特斯拉-Tesla小凯,不说别的 特斯拉Model3真的长在我的审美上,旧:曝5917/读1024/进3/开1/留0,1872,220,3,1,0,334.8,Δ曝-4045/Δ读-804/Δ进0/Δ开0/Δ留0,2026-09-24→2026-09-13,diff
6a8d43600000000028029d7e,励志卖十万台特斯拉的-盼盼🍞,提车两个月，懂了为啥都说Model Y L好,旧:曝11891/读1842/进0/开0/留0,1365,222,0,0,0,44.43,Δ曝-10526/Δ读-1620/Δ进0/Δ开0/Δ留0,2026-09-24→2026-09-19,diff
6a8c100b00000000230137d0,励志卖十万台特斯拉的-盼盼🍞,Model Y还是Y L？后悔没早想清楚这几点,旧:曝56723/读8582/进2/开1/留0,2423,420,2,1,0,238.54,Δ曝-54300/Δ读-8162/Δ进0/Δ开0/Δ留0,2026-09-24→2026-09-06,diff
6a8d7c52000000002303fa06,特斯拉tesla星星,8月夯爆🔥六座Mode Y L新购补11780,旧:曝4139/读481/进1/开1/留2,845,67,1,1,2,63.7,Δ曝-3294/Δ读-414/Δ进0/Δ开0/Δ留0,2026-09-24→2026-09-27,diff
6a8ecaf3000000001f01c054,特斯拉tesla星星,第一台车就选特斯拉 💰竟然这么低😨,旧:曝4684/读2757/进19/开17/留6,2901,49,24,21,7,602.94,Δ曝-1783/Δ读-2708/Δ进5/Δ开4/Δ留1,2026-09-24→2026-09-28,diff
6a8fe33600000000250399b9,特斯拉一鸣,老天奶～4.59w起，Model Y一眼就心动啊🩵,旧:曝839/读91/进1/开0/留0,225,9,1,0,0,1.65,Δ曝-614/Δ读-82/Δ进0/Δ开0/Δ留0,2026-09-24→2026-09-17,diff
6a8d8990000000000302b9b8,特斯拉一鸣,预算4w➕起，你会选Model 3吗？,旧:曝1542/读244/进0/开0/留0,54,1,0,0,0,0.03,Δ曝-1488/Δ读-243/Δ进0/Δ开0/Δ留0,2026-09-24→2026-09-16,diff
6a86d50d000000002b0252f8,特斯拉一鸣,🎀勇敢的人先享受世界｜4.59w开走Model 3,旧:曝2203/读204/进0/开0/留0,553,30,0,0,0,10.98,Δ曝-1650/Δ读-174/Δ进0/Δ开0/Δ留0,2026-09-24→2026-09-18,diff
6a8ece06000000002a03bcc2,特斯拉尼克,Model Y  4万多提车，我没买贵吧😳,旧:曝157388/读24894/进1/开1/留1,742,121,1,1,1,176.14,Δ曝-156646/Δ读-24773/Δ进0/Δ开0/Δ留0,2026-09-24→2026-09-28,diff
6a6ffa2d000000003400dcbb,Tesla特斯拉小九,8月兴奋了，Model Y落地可达24.27w,旧:曝28150/读4112/进6/开6/留2,8125,953,6,6,2,674.07,Δ曝-20025/Δ读-3159/Δ进0/Δ开0/Δ留0,2026-09-24→2026-09-01,diff
6a7d90f300000000330128a5,Tesla特斯拉小九,有报废车怎么买Model Y L ，一篇讲清楚,旧:曝5006/读791/进0/开0/留0,222,15,0,0,0,14.24,Δ曝-4784/Δ读-776/Δ进0/Δ开0/Δ留0,2026-09-24→2026-09-18,diff
6a881f430000000014029aa2,Tesla特斯拉小九,预算15w左右的 95后，闭眼冲Model 3 ！,旧:曝30276/读6135/进4/开4/留3,11247,2206,4,4,3,438.09,Δ曝-19029/Δ读-3929/Δ进0/Δ开0/Δ留0,2026-09-24→2026-09-19,diff
6a8d93900000000021027528,特斯拉｜东东,网传14w➕买特斯拉，实锤是真的❗️,旧:曝2625/读290/进0/开0/留0,485,27,0,0,0,12.22,Δ曝-2140/Δ读-263/Δ进0/Δ开0/Δ留0,2026-09-24→2026-09-14,diff
6a8d6de2000000002102eb4a,宁波特斯拉-海曙龙湖天街店,8月国补后，Model Y：23.52w起,旧:曝2731/读353/进1/开1/留0,817,55,1,1,0,41.88,Δ曝-1914/Δ读-298/Δ进0/Δ开0/Δ留0,2026-09-24→2026-09-19,diff
6a8d7d290000000025018f44,特斯拉顾问小美🚗,95后第一辆车，4.59w入Model Y太香了,旧:曝2933/读394/进0/开0/留0,454,22,0,0,0,10.23,Δ曝-2479/Δ读-372/Δ进0/Δ开0/Δ留0,2026-09-24→2026-09-15,diff
6a8eb900000000002501c77c,Tesla 鱼仔吖,22w+人生第一辆车，真的建议Model 3,旧:曝90000/读13876/进1/开1/留1,669,78,1,1,1,15.81,Δ曝-89331/Δ读-13798/Δ进0/Δ开0/Δ留0,2026-09-24→2026-09-28,diff
6a8d65d8000000002202c62a,常州特斯拉-小蒋,8月六座Model YL星光金！置换后价格太香了,旧:曝1990/读302/进0/开0/留0,226,14,0,0,0,12.33,Δ曝-1764/Δ读-288/Δ进0/Δ开0/Δ留0,2026-09-24→2026-09-18,diff
6a8c1f220000000028008ac6,常州特斯拉-小蒋,✨坐标江苏❗️Model Y每月2691，无痛提车！,旧:曝4426/读558/进3/开3/留2,1294,109,3,3,2,99.3,Δ曝-3132/Δ读-449/Δ进0/Δ开0/Δ留0,2026-09-24→2026-09-28,diff
6a8eafef000000002501e250,特斯拉Tesla-悠悠（全国可提）,1年Model Y女车主，养车成本大公开,旧:曝2510/读306/进1/开1/留1,399,38,1,1,1,26.62,Δ曝-2111/Δ读-268/Δ进0/Δ开0/Δ留0,2026-09-24→2026-09-19,diff
6a8c218600000000170092d0,特斯拉Tesla-悠悠（全国可提）,✨8月抄底Model 3｜月薪5k也能轻松提🚗,旧:曝2634/读289/进0/开0/留0,475,18,0,0,0,10.28,Δ曝-2159/Δ读-271/Δ进0/Δ开0/Δ留0,2026-09-24→2026-09-16,diff
6a8e61650000000026035658,Tesla_Selina,家用车Model Y，这波23.57w起提~,旧:曝1790/读233/进0/开0/留0,124,6,0,0,0,0.57,Δ曝-1666/Δ读-227/Δ进0/Δ开0/Δ留0,2026-09-24→2026-09-25,diff
6a9012c8000000001f01f417,Tesla_Selina,20w出头提Model 3，我是怎么做到的,旧:曝2186/读256/进0/开0/留0,146,2,0,0,0,0.16,Δ曝-2040/Δ读-254/Δ进0/Δ开0/Δ留0,2026-09-24→2026-09-02,diff
6a91035c000000000a00ad05,Tesla-晨璐（努力工作版）,二胎家庭买车交作业🙋六座Model Y L,旧:曝2196/读314/进0/开0/留0,243,37,0,0,0,10.67,Δ曝-1953/Δ读-277/Δ进0/Δ开0/Δ留0,2026-09-24→2026-09-18,diff
6a901e3a000000000a008bd3,桃桃在特斯拉🍑,幸福了‼️19.97W拿下Model 3！！,旧:曝8203/读1247/进1/开1/留1,1310,106,1,1,1,126.64,Δ曝-6893/Δ读-1141/Δ进0/Δ开0/Δ留0,2026-09-24→2026-09-28,diff
6a8ea480000000002a032907,郑州前程特斯拉交付中心,报废车换Model 3，到底能省多少❓,旧:曝1187/读106/进0/开0/留0,518,30,0,0,0,12.87,Δ曝-669/Δ读-76/Δ进0/Δ开0/Δ留0,2026-09-24→2026-09-17,diff
6a8d79a800000000260054f8,Tesla｜玉子（特专业版）,🎀 99年Model 3女车主养车成本大公开！,旧:曝2477/读373/进1/开1/留1,854,139,1,1,1,22.12,Δ曝-1623/Δ读-234/Δ进0/Δ开0/Δ留0,2026-09-24→2026-09-28,diff
6a814b2b0000000025003c54,特斯拉海尔兄弟,Model 3，「19.97w」，再也没羡慕别人的车,旧:曝5271/读801/进0/开0/留0,551,25,0,0,0,23.57,Δ曝-4720/Δ读-776/Δ进0/Δ开0/Δ留0,2026-09-24→2026-09-19,diff
6a90faf5000000002102f687,特斯拉体验官Leo,95后小年轻，预算5w直冲Model 3,旧:曝19820/读3015/进2/开1/留1,1372,120,2,1,1,50.67,Δ曝-18448/Δ读-2895/Δ进0/Δ开0/Δ留0,2026-09-24→2026-09-28,diff
6a8fa83000000000060110af,特斯拉体验官Leo,太兴奋了！Model Y国补后落地：23.62w起,旧:曝12863/读1924/进0/开0/留0,651,41,0,0,0,24.78,Δ曝-12212/Δ读-1883/Δ进0/Δ开0/Δ留0,2026-09-24→2026-09-25,diff
6a8cef5f000000001700268b,宁波鄞州特斯拉中心,毕业手握4w预算｜应届生闭👀冲Model3,旧:曝1646/读235/进0/开0/留0,87,5,0,0,0,0.46,Δ曝-1559/Δ读-230/Δ进0/Δ开0/Δ留0,2026-09-24→2026-09-28,diff
6a8d8a3f0000000021030503,宁波鄞州特斯拉中心,23.62w起提走Model Y，宁波落地蕞新价,旧:曝3490/读487/进0/开0/留0,1128,105,2,2,1,371.16,Δ曝-2362/Δ读-382/Δ进2/Δ开2/Δ留1,2026-09-24→2026-09-27,diff
6a90fa5a0000000025010763,特斯拉邮递员子枫,00后男生，20.27w入Model 3,旧:曝3439/读420/进0/开0/留0,890,71,0,0,0,15.9,Δ曝-2549/Δ读-349/Δ进0/Δ开0/Δ留0,2026-09-24→2026-09-26,diff
6a8fa089000000002a033024,特斯拉邮递员子枫,8月大惊喜 | Model Y落地：23.62w起,旧:曝6837/读852/进0/开0/留0,508,34,0,0,0,9.94,Δ曝-6329/Δ读-818/Δ进0/Δ开0/Δ留0,2026-09-24→2026-09-11,diff
6a8eaf57000000002501dfda,博文在特斯拉,六座神器Model Y L，手付9.99w就能提,旧:曝5193/读831/进0/开0/留0,116,5,0,0,0,1.58,Δ曝-5077/Δ读-826/Δ进0/Δ开0/Δ留0,2026-09-24→2026-09-15,diff
6a900272000000002003f20f,特斯拉Yoki特努力,国补后，Model Y：23.57w起,旧:曝7300/读1043/进0/开0/留0,527,37,0,0,0,11.5,Δ曝-6773/Δ读-1006/Δ进0/Δ开0/Δ留0,2026-09-24→2026-09-19,diff
6a8c2c92000000003400f22f,特斯拉Yoki特努力,早就说了，25w预算Model Y就是最优解,旧:曝23970/读4566/进1/开1/留1,538,25,1,1,1,33.16,Δ曝-23432/Δ读-4541/Δ进0/Δ开0/Δ留0,2026-09-24→2026-09-18,diff
6a90346b0000000026037c4d,Model体验官一凡,长期主义男生选➡️Model 3：20.02w起,旧:曝8197/读1325/进0/开0/留0,96,6,0,0,0,1.23,Δ曝-8101/Δ读-1319/Δ进0/Δ开0/Δ留0,2026-09-24→2026-09-15,diff
6a90fccb0000000029036bbc,特斯拉阿生（全国置换版,人生第二台车，0手付带走Model Y🖤,旧:曝3375/读470/进1/开0/留0,240,18,1,0,0,18.68,Δ曝-3135/Δ读-452/Δ进0/Δ开0/Δ留0,2026-09-24→2026-09-15,diff
6a8e466a000000002a032c97,特斯拉阿生（全国置换版,只花3k带走Model Y，我是怎么做到的❓,旧:曝1123/读66/进0/开0/留0,454,8,0,0,0,0.95,Δ曝-669/Δ读-58/Δ进0/Δ开0/Δ留0,2026-09-24→2026-09-13,diff
6a8fdac200000000040285a7,天津特斯拉-小颖,Model3和Model Y对比分析来了！,旧:曝3644/读528/进1/开1/留0,1536,255,1,1,0,144.78,Δ曝-2108/Δ读-273/Δ进0/Δ开0/Δ留0,2026-09-24→2026-09-19,diff
6a87b1ec00000000330353cf,特斯拉长泰,家庭6座🧱推，手付4.59w提Model Y L,旧:曝2390/读283/进1/开0/留0,416,27,1,0,0,132.09,Δ曝-1974/Δ读-256/Δ进0/Δ开0/Δ留0,2026-09-24→2026-09-14,diff
6a8a5d550000000018019ec1,天津特斯拉-小颖,🎓毕业后的第一台车｜Model 3提车分享,旧:曝7859/读1306/进0/开0/留0,288,18,0,0,0,7.2,Δ曝-7571/Δ读-1288/Δ进0/Δ开0/Δ留0,2026-09-24→2026-09-18,diff
6a8d7002000000002501153e,天津特斯拉-小颖,预算5w起选车，Model 3真的女生友好🎀,旧:曝27445/读3176/进0/开0/留0,518,30,0,0,0,20.81,Δ曝-26927/Δ读-3146/Δ进0/Δ开0/Δ留0,2026-09-24→2026-09-18,diff
6a911ccd000000000400aa96,特斯拉 Tesla_无敌沙拉,六座家用车Model Y L，手付9.99w提,旧:曝2368/读309/进1/开1/留0,212,11,1,1,0,105.1,Δ曝-2156/Δ读-298/Δ进0/Δ开0/Δ留0,2026-09-24→2026-09-28,diff
6a8ec5ca000000001f004d7d,特斯拉 Tesla_无敌沙拉,买Model 3，选全款还是五年免息？,旧:曝4372/读611/进0/开0/留0,452,20,0,0,0,12.79,Δ曝-3920/Δ读-591/Δ进0/Δ开0/Δ留0,2026-09-24→2026-09-20,diff
6a856491000000002c00521f,特斯拉长泰,Model Y入手账本公开📒23.67w真能落地！,旧:曝6181/读892/进3/开2/留2,4318,588,3,2,2,460.75,Δ曝-1863/Δ读-304/Δ进0/Δ开0/Δ留0,2026-09-24→2026-09-19,diff
6a8d674e000000002a038776,特斯拉长泰,算完直接冲了！烈焰红Model 3太香了,旧:曝3699/读586/进2/开0/留0,1302,174,2,0,0,246.92,Δ曝-2397/Δ读-412/Δ进0/Δ开0/Δ留0,2026-09-24→2026-09-13,diff
6a8ed498000000002603678e,Tesla-晨璐（努力工作版）,西装暴徒🖤🖤Model Y 星钻黑23.67w❗️,旧:曝10076/读1674/进0/开0/留0,614,49,0,0,0,11.15,Δ曝-9462/Δ读-1625/Δ进0/Δ开0/Δ留0,2026-09-24→2026-09-18,diff
6a7d4c0b000000003301ac12,特斯拉海尔兄弟,有报废车别浪费！换model Y「23.67w」起！✅,旧:曝2394/读227/进0/开0/留0,1374,127,0,0,0,66.11,Δ曝-1020/Δ读-100/Δ进0/Δ开0/Δ留0,2026-09-24→2026-09-19,diff
6a93aade000000000a00b957,特斯拉尼克,📄9月吃透国补！Model Y落地明细🔥,旧:曝2943/读315/进0/开0/留0,345,21,0,0,0,5.7,Δ曝-2598/Δ读-294/Δ进0/Δ开0/Δ留0,2026-09-24→2026-09-25,diff
6a928878000000002400721a,特斯拉尼克,🚨9月好给力啊！Model 3，20w起啊!!,旧:曝14069/读1940/进2/开1/留0,1406,88,2,1,0,49.57,Δ曝-12663/Δ读-1852/Δ进0/Δ开0/Δ留0,2026-09-24→2026-09-28,diff
6a925bde000000002a039999,特斯拉尼克,90后情侣结婚买车，已定Model Y👀,旧:曝2223/读259/进0/开0/留0,186,14,0,0,0,16.05,Δ曝-2037/Δ读-245/Δ进0/Δ开0/Δ留0,2026-09-24→2026-09-28,diff
6a901481000000000a00a4ef,特斯拉-伊林Elaine🎀,Model Y越开越惊喜✨这5个小细节超贴心,旧:曝3967/读1821/进0/开0/留0,39,1,0,0,0,0.46,Δ曝-3928/Δ读-1820/Δ进0/Δ开0/Δ留0,2026-09-24→2026-09-22,diff
6a9113f4000000000a00a712,特斯拉-伊林Elaine🎀,10w预算，Model 3直接提走🫣,旧:曝4953/读814/进0/开0/留0,73,6,0,0,0,0.77,Δ曝-4880/Δ读-808/Δ进0/Δ开0/Δ留0,2026-09-24→2026-09-28,diff
6a93e1d10000000024006ef7,特斯拉-伊林Elaine🎀,Model Y配色决赛圈❗️黑色还是白色,旧:曝1913/读236/进0/开0/留0,207,21,0,0,0,3.55,Δ曝-1706/Δ读-215/Δ进0/Δ开0/Δ留0,2026-09-24→2026-09-28,diff
6a94077b000000001f000285,特斯拉-伊林Elaine🎀,九月还等啥？Model Y珍珠白：23.65w！！,旧:曝3988/读631/进0/开0/留0,104,2,0,0,0,3.38,Δ曝-3884/Δ读-629/Δ进0/Δ开0/Δ留0,2026-09-24→2026-09-28,diff
6a913ee2000000000b02406c,励志卖十万台特斯拉的-盼盼🍞,❗️9月政ce终于来了，这波必冲Model Y,旧:曝3905/读679/进0/开0/留0,140,18,0,0,0,5.39,Δ曝-3765/Δ读-661/Δ进0/Δ开0/Δ留0,2026-09-24→2026-09-28,diff
6a913af30000000026035207,励志卖十万台特斯拉的-盼盼🍞,油车换六座Model Y L，9月政ce抢先看🔥,旧:曝1316/读164/进0/开0/留0,93,4,0,0,0,8.39,Δ曝-1223/Δ读-160/Δ进0/Δ开0/Δ留0,2026-09-24→2026-09-28,diff
6a9139c90000000028006782,励志卖十万台特斯拉的-盼盼🍞,00后女生全款20.47w｜终于提走Model 3🌷,旧:曝3123/读426/进0/开0/留0,316,21,0,0,0,54.63,Δ曝-2807/Δ读-405/Δ进0/Δ开0/Δ留0,2026-09-24→2026-09-28,diff
6a8faaf3000000000a00b991,励志卖十万台特斯拉的-盼盼🍞,特斯拉后排屏幕，到底藏了多少隐藏功能？,旧:曝1932/读355/进0/开0/留0,122,16,0,0,0,6.24,Δ曝-1810/Δ读-339/Δ进0/Δ开0/Δ留0,2026-09-24→2026-09-22,diff
6a944d7400000000200300c7,小林的特斯拉日记,提车后的第一天，这样做秒变特斯拉老车主,旧:曝6767/读2134/进0/开0/留0,436,57,0,0,0,8.82,Δ曝-6331/Δ读-2077/Δ进0/Δ开0/Δ留0,2026-09-24→2026-09-22,diff
6a9166820000000020030f84,小林的特斯拉日记,"沉浸式看Model 3,颜值竟然这么高！😍",旧:曝15723/读2514/进1/开1/留0,185,12,1,1,0,4.23,Δ曝-15538/Δ读-2502/Δ进0/Δ开0/Δ留0,2026-09-24→2026-09-22,diff
6a902a95000000002501a342,小林的特斯拉日记,被Model 3烈焰红美晕！第一视角质感绝了🔥,旧:曝2429/读442/进0/开0/留0,157,26,0,0,0,10.39,Δ曝-2272/Δ读-416/Δ进0/Δ开0/Δ留0,2026-09-24→2026-09-22,diff
6a95535c0000000008012402,杭州萧山特斯拉中心,震惊！！浙江买特斯拉立省3.1w🥹,旧:曝13515/读4175/进43/开41/留28,13579,795,60,58,36,2563.83,Δ曝64/Δ读-3380/Δ进17/Δ开17/Δ留8,2026-09-24→2026-09-28,diff
6a93be4f000000002003246b,卖特斯拉的潮汕小妮（车主版）,买车后悔❓只后悔没早点提Model 3,旧:曝4940/读1194/进2/开2/留0,429,9,2,2,0,78.94,Δ曝-4511/Δ读-1185/Δ进0/Δ开0/Δ留0,2026-09-24→2026-09-19,diff
6a90fba5000000000700540c,卖特斯拉的潮汕小妮（车主版）,Model Y和Model Y L，先了解清楚再选！,旧:曝16892/读2268/进0/开0/留0,282,24,0,0,0,3.68,Δ曝-16610/Δ读-2244/Δ进0/Δ开0/Δ留0,2026-09-24→2026-09-26,diff
6a8fdf390000000021032f41,卖特斯拉的潮汕小妮（车主版）,🈷️供2K+，拿下Model 3！,旧:曝2732/读294/进0/开0/留0,769,44,0,0,0,21.61,Δ曝-1963/Δ读-250/Δ进0/Δ开0/Δ留0,2026-09-24→2026-09-28,diff
6a9002f5000000002003269f,特斯拉校草,还得是黑武士❗一眼看中Model Y,旧:曝4457/读659/进0/开0/留0,460,38,0,0,0,18.34,Δ曝-3997/Δ读-621/Δ进0/Δ开0/Δ留0,2026-09-24→2026-09-28,diff
6a91403a000000002501982d,特斯拉校草,9月，太夯了❗️西安Model Y 23.87w拿下🚗,旧:曝8081/读1455/进0/开0/留0,341,45,1,1,0,56.56,Δ曝-7740/Δ读-1410/Δ进1/Δ开1/Δ留0,2026-09-24→2026-09-28,diff
6a925b9c000000002c03ce8a,特斯拉百科全苏丨全国可订🚗,🚗特斯拉隐藏功能｜后备箱高度调节一键搞定,旧:曝1712/读271/进0/开0/留0,47,2,0,0,0,0.29,Δ曝-1665/Δ读-269/Δ进0/Δ开0/Δ留0,2026-09-24→2026-09-21,diff
6a90eafe000000002902a8c8,特斯拉百科全苏丨全国可订🚗,Model Y性价比封神｜9 月落地 23.27w,旧:曝1884/读291/进0/开0/留0,150,9,0,0,0,8.15,Δ曝-1734/Δ读-282/Δ进0/Δ开0/Δ留0,2026-09-24→2026-09-28,diff
6a8f9a07000000000400a4a4,特斯拉百科全苏丨全国可订🚗,9 月用车技巧✨特斯拉自动化搞定后排耗电,旧:曝3293/读1502/进0/开0/留0,129,15,0,0,0,0.55,Δ曝-3164/Δ读-1487/Δ进0/Δ开0/Δ留0,2026-09-24→2026-09-22,diff
6a92c6d1000000002102761d,特斯拉金华| 露娜,00后男生｜20.27w入Model 3😎,旧:曝4403/读648/进1/开1/留0,159,16,1,1,0,4.19,Δ曝-4244/Δ读-632/Δ进0/Δ开0/Δ留0,2026-09-24→2026-09-28,diff
6a9250bd000000002a03dbfc,特斯拉金华| 露娜,最后倒计时❗️黑标Model Y：23.57w起,旧:曝1905/读228/进0/开0/留0,49,2,0,0,0,0,Δ曝-1856/Δ读-226/Δ进0/Δ开0/Δ留0,2026-09-24→2026-09-26,diff
6a9024f300000000200398a6,特斯拉金华| 露娜,特斯拉Model Y一年用车成本大公开💰,旧:曝3283/读718/进0/开0/留0,224,17,0,0,0,12.58,Δ曝-3059/Δ读-701/Δ进0/Δ开0/Δ留0,2026-09-24→2026-09-21,diff
6a9445b1000000000502bc85,TESLA特斯拉-千赫（全国可提),交付中心实拍✨Model3星钻黑｜质感YYDS！！！,旧:曝1984/读313/进0/开0/留0,93,10,0,0,0,0.45,Δ曝-1891/Δ读-303/Δ进0/Δ开0/Δ留0,2026-09-24→2026-09-28,diff
6a92e740000000002503f741,TESLA特斯拉-千赫（全国可提),交付实拍｜Model3快银真车太耐看✨20.67w,旧:曝2248/读351/进0/开0/留0,476,85,0,0,0,13.46,Δ曝-1772/Δ读-266/Δ进0/Δ开0/Δ留0,2026-09-24→2026-09-28,diff
6a916c22000000002102ce16,TESLA特斯拉-千赫（全国可提),Model 3月度用车账单💰打工人真实养车开销❗,旧:曝1621/读174/进0/开0/留0,167,23,0,0,0,4.62,Δ曝-1454/Δ读-151/Δ进0/Δ开0/Δ留0,2026-09-24→2026-09-28,diff
6a938f36000000002501c275,TESLA 李嘉嘉,喜提人生第一台车！5w多拿下！🤩,旧:曝9042/读1540/进0/开0/留0,1336,145,0,0,0,39.32,Δ曝-7706/Δ读-1395/Δ进0/Δ开0/Δ留0,2026-09-24→2026-09-28,diff
6a9061490000000006011309,TESLA 李嘉嘉,太夸张❗️现在Model 3直接20.15W爽提,旧:曝2112/读261/进0/开0/留0,63,5,0,0,0,0.82,Δ曝-2049/Δ读-256/Δ进0/Δ开0/Δ留0,2026-09-24→2026-09-28,diff
6a8faee0000000002a03db82,TESLA 李嘉嘉,特斯拉珍珠白为什么这么多人选❓,旧:曝7301/读1264/进0/开0/留0,641,91,0,0,0,29.44,Δ曝-6660/Δ读-1173/Δ进0/Δ开0/Δ留0,2026-09-24→2026-09-28,diff
6a900402000000002902b074,特斯拉长沙向姐🌸,电车越开越安心｜特斯拉防刮蹭宝藏设置,旧:曝6741/读1372/进0/开0/留0,232,37,0,0,0,8.71,Δ曝-6509/Δ读-1335/Δ进0/Δ开0/Δ留0,2026-09-24→2026-09-22,diff
6a937d2f000000002a030c86,特斯拉长沙向姐🌸,特斯拉买车攻略！定车的家人速来抄作业！,旧:曝2767/读290/进0/开0/留0,975,77,0,0,0,50.39,Δ曝-1792/Δ读-213/Δ进0/Δ开0/Δ留0,2026-09-24→2026-09-10,diff
6a93d0a7000000000400bbf9,特斯拉长沙向姐🌸,Model 3珍珠白配19寸新星轮毂～,旧:曝7839/读1319/进2/开2/留1,1099,160,2,2,1,61.36,Δ曝-6740/Δ读-1159/Δ进0/Δ开0/Δ留0,2026-09-24→2026-09-22,diff
6a940864000000002103200a,嘉兴特斯拉中心🚗,换了电车才懂！特斯拉这个设置，日常操控爽,旧:曝4029/读1824/进0/开0/留0,216,16,0,0,0,0.56,Δ曝-3813/Δ读-1808/Δ进0/Δ开0/Δ留0,2026-09-24→2026-09-22,diff
6a8ff52c00000000040099fd,特斯拉合肥交付中心,下雨天开车手忙脚乱？特斯拉车主速进,旧:曝8387/读2172/进1/开1/留1,1545,275,1,1,1,240.55,Δ曝-6842/Δ读-1897/Δ进0/Δ开0/Δ留0,2026-09-24→2026-09-22,diff
6a92cd54000000001f0065da,特斯拉合肥交付中心,9月入手时机！Model 3 20.XX万开走,旧:曝4824/读504/进1/开1/留1,1067,74,2,2,2,94.99,Δ曝-3757/Δ读-430/Δ进1/Δ开1/Δ留1,2026-09-24→2026-09-28,diff
6a8187220000000033013786,特斯拉北京蟹岛交付中心,日均89！Model Y你开走！,旧:曝2382/读228/进2/开1/留0,955,57,2,1,0,119.98,Δ曝-1427/Δ读-171/Δ进0/Δ开0/Δ留0,2026-09-24→2026-09-19,diff
6a7d903b00000000330359bf,特斯拉北京蟹岛交付中心,8月！叠加补贴重磅消息！Model3 仅20.2w提车！,旧:曝2263/读182/进0/开0/留0,836,35,0,0,0,44.23,Δ曝-1427/Δ读-147/Δ进0/Δ开0/Δ留0,2026-09-24→2026-09-17,diff
6a911de1000000000303f3ae,特斯拉合肥交付中心,特斯拉停车嗡嗡响别慌！不是坏了！,旧:曝5329/读1197/进0/开0/留0,291,48,0,0,0,8.9,Δ曝-5038/Δ读-1149/Δ进0/Δ开0/Δ留0,2026-09-24→2026-09-22,diff
6a90638d0000000007005638,特斯拉Pupu,谁懂啊特斯拉这个后尾灯‼️,旧:曝2288/读327/进0/开0/留0,573,111,0,0,0,13.21,Δ曝-1715/Δ读-216/Δ进0/Δ开0/Δ留0,2026-09-24→2026-09-28,diff
6a90ee6f0000000021033d88,特斯拉Pupu,姐妹们 Model Y 这波23.87w ！,旧:曝2829/读438/进0/开0/留0,72,4,0,0,0,0.62,Δ曝-2757/Δ读-434/Δ进0/Δ开0/Δ留0,2026-09-24→2026-09-10,diff
6a925cda000000000700471a,特斯拉Pupu,姐妹们，这抹红真的能冲！红色Model,旧:曝3572/读615/进0/开0/留0,400,89,0,0,0,16.63,Δ曝-3172/Δ读-526/Δ进0/Δ开0/Δ留0,2026-09-24→2026-09-28,diff
6a92a07c0000000021031c9f,特斯拉Pupu,国补后，黑标Model Y:23.37w起,旧:曝2238/读261/进0/开0/留0,394,15,0,0,0,4.64,Δ曝-1844/Δ读-246/Δ进0/Δ开0/Δ留0,2026-09-24→2026-09-09,diff
6a926657000000000b026b71,桃桃在特斯拉🍑,3min了解🎬Model 3和Model Y怎么选？,旧:曝70512/读8365/进0/开0/留0,339,16,0,0,0,7.83,Δ曝-70173/Δ读-8349/Δ进0/Δ开0/Δ留0,2026-09-24→2026-09-15,diff
6a90407c000000002501f155,杭州特斯拉Tesla（嘉里中心体验店）,顶不住了❗8月Model Y：23.47W,旧:曝3457/读466/进0/开0/留0,225,14,0,0,0,47.16,Δ曝-3232/Δ读-452/Δ进0/Δ开0/Δ留0,2026-09-24→2026-09-28,diff
6a93e03c000000000502ada2,杭州特斯拉Tesla（嘉里中心体验店）,最后几天❗️4万多提走Model Y,旧:曝2789/读471/进0/开0/留0,122,10,0,0,0,11.51,Δ曝-2667/Δ读-461/Δ进0/Δ开0/Δ留0,2026-09-24→2026-09-28,diff
6a914e68000000000302879a,哈莉（特斯拉分身）,Model 3：19.97w起【国补攻略】,旧:曝3386/读373/进0/开0/留0,607,23,0,0,0,12.03,Δ曝-2779/Δ读-350/Δ进0/Δ开0/Δ留0,2026-09-24→2026-09-15,diff
6a914b46000000002303e447,Haha同学在特斯拉,“2026国补”后📃Model Y落地明细,旧:曝58065/读9041/进4/开3/留0,1614,182,4,3,0,222.43,Δ曝-56451/Δ读-8859/Δ进0/Δ开0/Δ留0,2026-09-24→2026-09-28,diff
6a8fdbd300000000080105ab,特斯拉苏州交付中心,别慌！特斯拉交付中心神仙顾问都在这,旧:曝11034/读2908/进2/开2/留0,1029,71,2,2,0,156.81,Δ曝-10005/Δ读-2837/Δ进0/Δ开0/Δ留0,2026-09-24→2026-09-22,diff
6a91746a000000000a00ba3c,特斯拉苏州交付中心,一条视频带你沉浸式体验六座Model Y L🚗,旧:曝50560/读5989/进0/开0/留0,721,115,0,0,0,27.48,Δ曝-49839/Δ读-5874/Δ进0/Δ开0/Δ留0,2026-09-24→2026-09-22,diff
6a8f9f7400000000080126d5,特斯拉苏州交付中心,开Model Y L大人小孩都舒适，后悔没早换,旧:曝5051/读524/进0/开0/留0,154,13,1,1,1,75.62,Δ曝-4897/Δ读-511/Δ进1/Δ开1/Δ留1,2026-09-24→2026-09-28,diff
6a9153ab000000000b025fed,Tesla_Selina,98年女生，存款10w提了Model 3,旧:曝4225/读669/进1/开1/留1,797,84,1,1,1,162.5,Δ曝-3428/Δ读-585/Δ进0/Δ开0/Δ留0,2026-09-24→2026-09-25,diff
6a915338000000000a00ab14,Tesla_Selina,9月来咯，30w+出头提Model Y L,旧:曝10419/读1630/进0/开0/留0,852,90,0,0,0,18.78,Δ曝-9567/Δ读-1540/Δ进0/Δ开0/Δ留0,2026-09-24→2026-09-28,diff
6a9169c4000000000b024222,特斯拉佳慧挺爱吃,🔥9月最新政ce，入手六座Model Y L太合适,旧:曝7330/读1000/进0/开0/留0,177,10,0,0,0,1.52,Δ曝-7153/Δ读-990/Δ进0/Δ开0/Δ留0,2026-09-24→2026-09-27,diff
6a902115000000002903cc06,特斯拉佳慧挺爱吃,Model Y选色，提车一个月说句大实话,旧:曝2959/读409/进0/开0/留0,533,61,0,0,0,23.35,Δ曝-2426/Δ读-348/Δ进0/Δ开0/Δ留0,2026-09-24→2026-09-28,diff
6a94007c000000002902a9af,特斯拉Yoki特努力,9月，4.59w提🤫Model Y L简直太香了！！,旧:曝78887/读10914/进1/开1/留1,1536,178,1,1,1,126.39,Δ曝-77351/Δ读-10736/Δ进0/Δ开0/Δ留0,2026-09-24→2026-09-28,diff
6a91794d000000002503d18e,特斯拉Yoki特努力,实拍🤍Model 3：20.02w起,旧:曝4663/读617/进0/开0/留0,562,35,0,0,0,12.72,Δ曝-4101/Δ读-582/Δ进0/Δ开0/Δ留0,2026-09-24→2026-09-18,diff
6a8d58f10000000028031dbc,特斯拉小朱｜全国可提🚗,95后5w+买Model 3，看我给你算,旧:曝2705/读361/进0/开0/留0,315,14,0,0,0,6.87,Δ曝-2390/Δ读-347/Δ进0/Δ开0/Δ留0,2026-09-24→2026-09-14,diff
6a8fcd10000000000303cdfb,Tesla特斯拉海岛日记,提车三个月全家自驾，选Model Y L超值,旧:曝7187/读1418/进0/开0/留0,92,14,0,0,0,0.18,Δ曝-7095/Δ读-1404/Δ进0/Δ开0/Δ留0,2026-09-24→2026-09-28,diff
6a92651400000000290287db,Tesla特斯拉海岛日记,今日海口天气：Model 3珍珠白☁️,旧:曝4490/读862/进3/开3/留1,6067,1238,11,9,4,505.51,Δ曝1577/Δ读376/Δ进8/Δ开6/Δ留3,2026-09-24→2026-09-28,diff
6a93decc000000002003c7b1,Tesla特斯拉海岛日记,提车Model Y L一个月，真实体验如何？,旧:曝2741/读347/进0/开0/留0,196,20,0,0,0,41.87,Δ曝-2545/Δ读-327/Δ进0/Δ开0/Δ留0,2026-09-24→2026-09-28,diff
6a939e330000000024004781,Tesla未来销冠梦瑶,月入6k已提Model 3！养车账本大公开,旧:曝2497/读284/进1/开1/留1,324,25,1,1,1,96.6,Δ曝-2173/Δ读-259/Δ进0/Δ开0/Δ留0,2026-09-24→2026-09-28,diff
6a902dc0000000002903557a,特斯拉晶晶✨,8月底，这个Model Y必须得冲啦！！,旧:曝4712/读732/进0/开0/留0,193,8,0,0,0,9.71,Δ曝-4519/Δ读-724/Δ进0/Δ开0/Δ留0,2026-09-24→2026-09-28,diff
6a916c0d0000000029037c60,特斯拉晶晶✨,提车第一天慌了！设置完这几样，我安心了😌,旧:曝10201/读2335/进0/开0/留0,721,107,0,0,0,15.04,Δ曝-9480/Δ读-2228/Δ进0/Δ开0/Δ留0,2026-09-24→2026-09-22,diff
6a9234d2000000000502a8fd,特斯拉晶晶✨,✨Model3珍珠白｜永不出错的白月光座驾,旧:曝3045/读485/进1/开1/留1,1353,197,1,1,1,286.66,Δ曝-1692/Δ读-288/Δ进0/Δ开0/Δ留0,2026-09-24→2026-09-28,diff
6a911fad000000002003d6fa,特斯拉 开开,陕西的朋友看过来👀 Model Y 23.47w💗,旧:曝986/读97/进0/开0/留0,245,15,0,0,0,15.81,Δ曝-741/Δ读-82/Δ进0/Δ开0/Δ留0,2026-09-24→2026-09-28,diff
6a93954a0000000005028eab,特斯拉 开开,00后男生选车｜星钻黑or珍珠白，你会怎么选？,旧:曝4476/读1061/进0/开0/留0,291,33,0,0,0,4.37,Δ曝-4185/Δ读-1028/Δ进0/Δ开0/Δ留0,2026-09-24→2026-09-21,diff
6a941e78000000002c03f583,特斯拉 开开,🚗特斯拉Model Y | 20w+入手，后悔吗❓,旧:曝1190/读107/进0/开0/留0,229,8,0,0,0,8.34,Δ曝-961/Δ读-99/Δ进0/Δ开0/Δ留0,2026-09-24→2026-09-28,diff
6a9158f500000000210248dc,特斯拉洋子（包全国）,预算20w家用六座❓️Model Y L正适合,旧:曝4149/读525/进0/开0/留0,196,10,0,0,0,0.32,Δ曝-3953/Δ读-515/Δ进0/Δ开0/Δ留0,2026-09-24→2026-09-14,diff
6a9131df000000002a03e053,Tesla特斯拉海岛日记,朋友说特斯拉的这个设计太超前了🤔,旧:曝2412/读481/进0/开0/留0,204,26,0,0,0,1.77,Δ曝-2208/Δ读-455/Δ进0/Δ开0/Δ留0,2026-09-24→2026-09-22,diff
6a914ac7000000002902aaf9,特斯拉茉茉美少女,哇塞塞🥰Model 3：20.07w起,旧:曝3805/读502/进1/开1/留0,616,35,1,1,0,25.25,Δ曝-3189/Δ读-467/Δ进0/Δ开0/Δ留0,2026-09-24→2026-09-27,diff
6a914d5f000000000801267d,77在特斯拉卖玩具车📔,每天73块，就能开走Model 3！,旧:曝3542/读467/进1/开1/留1,735,44,1,1,1,24.37,Δ曝-2807/Δ读-423/Δ进0/Δ开0/Δ留0,2026-09-24→2026-09-28,diff
6a91632d00000000240071d9,77在特斯拉卖玩具车📔,下雨别慌！特斯拉这3招超实用,旧:曝3536/读839/进0/开0/留0,124,15,0,0,0,5.09,Δ曝-3412/Δ读-824/Δ进0/Δ开0/Δ留0,2026-09-24→2026-09-22,diff
6a93c6c400000000260050e3,特斯拉的羊毛,第一次买特斯拉怎么选？就这三个点！,旧:曝3986/读1058/进2/开2/留1,840,75,2,2,1,33.29,Δ曝-3146/Δ读-983/Δ进0/Δ开0/Δ留0,2026-09-24→2026-09-22,diff
6a8fffd40000000021031a12,特斯拉的羊毛,想冲Model Y？标续or长续航别乱选❗️,旧:曝6201/读1102/进4/开4/留3,4764,1011,4,4,3,599.2,Δ曝-1437/Δ读-91/Δ进0/Δ开0/Δ留0,2026-09-24→2026-09-28,diff
6a93c22c00000000260077d9,特斯拉的羊毛,买特斯拉，我反而不建议你先看大屏,旧:曝2302/读632/进1/开1/留0,311,22,1,1,0,9.17,Δ曝-1991/Δ读-610/Δ进0/Δ开0/Δ留0,2026-09-24→2026-09-22,diff
6a95666d0000000025010459,宁波鄞州特斯拉中心,电话打爆！浙江买特斯拉蕞新补贴再减3000,旧:曝5993/读889/进2/开2/留2,3695,399,2,2,2,589.87,Δ曝-2298/Δ读-490/Δ进0/Δ开0/Δ留0,2026-09-24→2026-09-19,diff
6a969560000000002a02d5f1,特斯拉体验官Leo,9月我兴奋了，Model 3：19.97w起,旧:曝9333/读1218/进5/开4/留4,3192,346,5,4,4,434.76,Δ曝-6141/Δ读-872/Δ进0/Δ开0/Δ留0,2026-09-24→2026-09-28,diff
6a96941a000000002b01383f,特斯拉邮递员子枫,9月新政已定，速来，19.97w入Model 3,旧:曝3888/读482/进0/开0/留0,630,44,0,0,0,7.46,Δ曝-3258/Δ读-438/Δ进0/Δ开0/Δ留0,2026-09-24→2026-09-28,diff
6a96331e00000000110388f3,杭州萧山特斯拉中心,浙江🔥Model 3：19.47w起【全国可提】,旧:曝220106/读30058/进203/开180/留85,152838,20392,233,208,94,17689.46,Δ曝-67268/Δ读-9666/Δ进30/Δ开28/Δ留9,2026-09-24→2026-09-28,diff
6a97e05000000000290182b7,哈莉（特斯拉分身）,9月，Model 3:19.97w起【live图】,旧:曝8312/读1144/进0/开0/留0,657,45,0,0,0,3.6,Δ曝-7655/Δ读-1099/Δ进0/Δ开0/Δ留0,2026-09-24→2026-09-20,diff
6a6db32d000000003400c93b,郑州前程特斯拉交付中心,🫣手把手🫴教你 23.67w拿下 Model Y,旧:曝2551/读244/进0/开0/留0,1028,42,0,0,0,58.08,Δ曝-1523/Δ读-202/Δ进0/Δ开0/Δ留0,2026-09-24→2026-09-18,diff
6a7ef94b0000000028030cdd,郑州前程特斯拉交付中心,Model Y:24.35W，来抄作业,旧:曝10466/读1591/进1/开1/留0,1238,72,1,1,0,196.87,Δ曝-9228/Δ读-1519/Δ进0/Δ开0/Δ留0,2026-09-24→2026-09-06,diff
6a97dd280000000028039b04,Haha同学在特斯拉,9月Model 3：19.97w起，简直逆天！,旧:曝6872/读929/进0/开0/留0,1050,105,0,0,0,35.25,Δ曝-5822/Δ读-824/Δ进0/Δ开0/Δ留0,2026-09-24→2026-09-17,diff
6a97d25f0000000026039b8c,特斯拉Yoki特努力,98年女生，存款10个w，提Model 3什么感受,旧:曝346487/读43959/进17/开15/留9,23921,5731,22,20,13,1949.75,Δ曝-322566/Δ读-38228/Δ进5/Δ开5/Δ留4,2026-09-24→2026-09-28,diff
6a97de79000000000b00e426,特斯拉茉茉美少女,9月，长期主义冲Model 3：19.97w起,旧:曝4236/读570/进0/开0/留0,724,53,0,0,0,53.21,Δ曝-3512/Δ读-517/Δ进0/Δ开0/Δ留0,2026-09-24→2026-09-25,diff
6a97e81e0000000012037bdf,Model体验官一凡,六座Model Y L：手付5.59w开走！,旧:曝11617/读1644/进0/开0/留0,308,26,0,0,0,8.43,Δ曝-11309/Δ读-1618/Δ进0/Δ开0/Δ留0,2026-09-24→2026-09-28,diff
6a97e8e30000000028036be7,杭州萧山特斯拉中心,9月，Model 3：19.97w起,旧:曝236824/读37857/进6/开4/留3,8309,1474,6,4,3,789.35,Δ曝-228515/Δ读-36383/Δ进0/Δ开0/Δ留0,2026-09-24→2026-09-06,diff
6a86d1760000000006006d6b,小尹的特斯拉日记,🎀女生推荐买特斯拉吗？我的答案是推荐！！,旧:曝2256/读293/进0/开0/留0,239,18,0,0,0,12.83,Δ曝-2017/Δ读-275/Δ进0/Δ开0/Δ留0,2026-09-24→2026-09-19,diff
6a8b17d300000000180182a5,特斯拉巧巧在湖北,八月🚗Model 3 20.07w，女生闭眼冲！,旧:曝8461/读922/进10/开9/留3,6425,623,10,9,3,709.23,Δ曝-2036/Δ读-299/Δ进0/Δ开0/Δ留0,2026-09-24→2026-09-24,diff
6a8b1873000000003302233f,特斯拉巧巧在湖北,4.59w提6座特斯拉Model Y L，太香了！🚗,旧:曝3699/读493/进0/开0/留0,1072,118,0,0,0,68.38,Δ曝-2627/Δ读-375/Δ进0/Δ开0/Δ留0,2026-09-24→2026-09-27,diff
6a8f0dd60000000025011439,特斯拉巧巧在湖北,23.57w拿下黑标Y，真没忍住！,旧:曝24026/读3487/进11/开8/留5,6411,783,12,9,7,716.78,Δ曝-17615/Δ读-2704/Δ进1/Δ开1/Δ留2,2026-09-24→2026-09-28,diff
6a916904000000000a008d72,特斯拉尼克,30w六座SUV，懂行的人都选了同一台,旧:曝17200/读2813/进0/开0/留0,1228,191,0,0,0,43.35,Δ曝-15972/Δ读-2622/Δ进0/Δ开0/Δ留0,2026-09-24→2026-09-21,diff
6a97eb79000000000b00d26e,特斯拉｜东东,95后男生，日供79提走Model 3,旧:曝1967/读264/进0/开0/留0,123,8,0,0,0,3.88,Δ曝-1844/Δ读-256/Δ进0/Δ开0/Δ留0,2026-09-24→2026-09-18,diff
6a94469a0000000021027af6,宁波特斯拉-海曙龙湖天街店,绝了‼️‼️  Model 3: 20.02w起,旧:曝2473/读263/进1/开1/留1,747,34,1,1,1,53.36,Δ曝-1726/Δ读-229/Δ进0/Δ开0/Δ留0,2026-09-24→2026-09-27,diff
6a955cfa000000000502b70e,宁波特斯拉-海曙龙湖天街店,9月要兴奋了，黑标Model 3：19.97w起,旧:曝9345/读1052/进6/开6/留3,6678,616,6,6,3,387.27,Δ曝-2667/Δ读-436/Δ进0/Δ开0/Δ留0,2026-09-24→2026-09-28,diff
6a97d0fa0000000029019192,特斯拉一鸣,9月又猛又兴奋！辽宁Model 3：20.75w,旧:曝2405/读330/进0/开0/留0,208,18,0,0,0,5.97,Δ曝-2197/Δ读-312/Δ进0/Δ开0/Δ留0,2026-09-24→2026-09-16,diff
6a91091e000000000502b617,宁波特斯拉-海曙龙湖天街店,试驾完Model 3，综合对比太合适啦！,旧:曝3692/读714/进0/开0/留0,1409,303,0,0,0,104.6,Δ曝-2283/Δ读-411/Δ进0/Δ开0/Δ留0,2026-09-24→2026-09-19,diff
6a97bafb00000000260392c2,特斯拉百科全苏丨全国可订🚗,🌧️雨天开特斯拉别慌！百分之九十车主没用过,旧:曝1930/读855/进0/开0/留0,52,5,0,0,0,1.4,Δ曝-1878/Δ读-850/Δ进0/Δ开0/Δ留0,2026-09-24→2026-09-22,diff
6a95193c000000001f005b39,特斯拉百科全苏丨全国可订🚗,9 月特斯拉 Model Y｜绝美快银车漆可以冲啦~,旧:曝1356/读154/进0/开0/留0,163,13,0,0,0,3.99,Δ曝-1193/Δ读-141/Δ进0/Δ开0/Δ留0,2026-09-24→2026-09-28,diff
6a97f2af000000002902dba8,特斯拉尼克,9月买Model Y❗️直接省下3万多❗️,旧:曝8413/读1248/进0/开0/留0,631,42,0,0,0,5.52,Δ曝-7782/Δ读-1206/Δ进0/Δ开0/Δ留0,2026-09-24→2026-09-28,diff
6a97defc000000002802d6b5,特斯拉校草,太夯了🔥烈焰红 Model 3 Performance,旧:曝7889/读1440/进1/开1/留1,2293,513,1,1,1,91.83,Δ曝-5596/Δ读-927/Δ进0/Δ开0/Δ留0,2026-09-24→2026-09-28,diff
6a9682e500000000110317a2,特斯拉校草,晚上倒车看不清❓手把手教你特斯拉自动化,旧:曝82777/读10628/进0/开0/留0,433,66,0,0,0,38.17,Δ曝-82344/Δ读-10562/Δ进0/Δ开0/Δ留0,2026-09-24→2026-09-22,diff
6a9549c00000000021030581,特斯拉校草,9 月Model Y怎么买❓提车攻略来了❗️,旧:曝2177/读270/进0/开0/留0,130,12,0,0,0,19.85,Δ曝-2047/Δ读-258/Δ进0/Δ开0/Δ留0,2026-09-24→2026-09-28,diff
6a96a447000000002b01d6a7,Tesla 鱼仔吖,手付9.99w提，六座Model Y L香惨了！,旧:曝3270/读520/进0/开0/留0,190,22,0,0,0,10.31,Δ曝-3080/Δ读-498/Δ进0/Δ开0/Δ留0,2026-09-24→2026-09-28,diff
6a955b5e0000000026007b4b,特斯拉顾问小美🚗,9月新政来啦！19.97w起入Model 3，速看！,旧:曝1708/读225/进0/开0/留0,40,1,0,0,0,0.02,Δ曝-1668/Δ读-224/Δ进0/Δ开0/Δ留0,2026-09-24→2026-09-17,diff
6a93c9a9000000001803db7f,特斯拉顾问小美🚗,Model 3免费的星空灰太喜欢了💕室外实拍,旧:曝1941/读463/进0/开0/留0,93,4,0,0,0,11.79,Δ曝-1848/Δ读-459/Δ进0/Δ开0/Δ留0,2026-09-24→2026-09-17,diff
6a97eae9000000002502f489,济南特斯拉主理人,99年新婚夫妻23.65w提Model Y,旧:曝8989/读1436/进1/开1/留1,735,84,1,1,1,92.81,Δ曝-8254/Δ读-1352/Δ进0/Δ开0/Δ留0,2026-09-24→2026-09-26,diff
6a98282e000000000d02613b,小林的特斯拉日记,特斯拉一键投屏，90%车主居然不知道！😧,旧:曝3882/读1446/进0/开0/留0,220,27,0,0,0,12.72,Δ曝-3662/Δ读-1419/Δ进0/Δ开0/Δ留0,2026-09-24→2026-09-22,diff
6a96b386000000002800304e,特斯拉tesla星星,预算6w，适合女生开的小轿跑🌸,旧:曝4346/读533/进1/开1/留0,1060,103,1,1,0,79.94,Δ曝-3286/Δ读-430/Δ进0/Δ开0/Δ留0,2026-09-24→2026-09-28,diff
6a969e15000000000b036bad,特斯拉Tesla-悠悠（全国可提）,95后新婚夫妻，7.99w手付冲Model Y,旧:曝4226/读647/进0/开0/留1,897,111,1,1,1,80.34,Δ曝-3329/Δ读-536/Δ进1/Δ开1/Δ留0,2026-09-24→2026-09-28,diff
6a9533910000000003028401,特斯拉Tesla-悠悠（全国可提）,23.67w提走Model Y✨【省钱提车攻略】,旧:曝2424/读330/进2/开2/留1,311,27,2,2,1,80.18,Δ曝-2113/Δ读-303/Δ进0/Δ开0/Δ留0,2026-09-24→2026-09-28,diff
6a9154180000000006013769,特斯拉Tesla-悠悠（全国可提）,ModelY 9🈷特斯拉政策一览（内部抢先看）,旧:曝3182/读429/进0/开0/留0,151,6,0,0,0,2.19,Δ曝-3031/Δ读-423/Δ进0/Δ开0/Δ留0,2026-09-24→2026-09-16,diff
6a8d8a59000000002501d9fd,特斯拉Tesla-悠悠（全国可提）,9月大惊喜，Model 3：20.67w起,旧:曝1918/读199/进0/开0/留0,378,19,0,0,0,13.81,Δ曝-1540/Δ读-180/Δ进0/Δ开0/Δ留0,2026-09-24→2026-09-14,diff
6a9533d20000000021025e05,TESLA特斯拉-千赫（全国可提),9月，Model Y：23.67W，买到就等于赚到🔥,旧:曝21211/读3885/进2/开1/留0,5315,1288,2,1,0,329.9,Δ曝-15896/Δ读-2597/Δ进0/Δ开0/Δ留0,2026-09-24→2026-09-28,diff
6a96742c000000000b0035b3,TESLA 李嘉嘉,特斯拉十大隐藏功能，直接抄作业❗️,旧:曝2784/读637/进0/开0/留0,156,18,0,0,0,8.67,Δ曝-2628/Δ读-619/Δ进0/Δ开0/Δ留0,2026-09-24→2026-09-22,diff
6a95501f000000000303cfa3,TESLA 李嘉嘉,95后女生🎀23.75w拿下Model Y,旧:曝5359/读795/进1/开1/留1,1496,150,1,1,1,194.33,Δ曝-3863/Δ读-645/Δ进0/Δ开0/Δ留0,2026-09-24→2026-09-28,diff
6a9453cf0000000007006774,嘉兴特斯拉中心🚗,00后女生｜存款5w请冲Model 3，珍珠白or快银,旧:曝2692/读350/进0/开0/留0,541,28,0,0,0,2.72,Δ曝-2151/Δ读-322/Δ进0/Δ开0/Δ留0,2026-09-24→2026-09-18,diff
6a96a3e6000000002502cff0,嘉兴特斯拉中心🚗,共用车辆的福音✨特斯拉记忆模式教你懂生活,旧:曝4426/读2358/进0/开0/留0,50,6,0,0,0,0.28,Δ曝-4376/Δ读-2352/Δ进0/Δ开0/Δ留0,2026-09-24→2026-09-22,diff
6a955400000000001f001a1e,励志卖十万台特斯拉的-盼盼🍞,六座Model Y L，我当初咋就没早点买！,旧:曝6158/读946/进1/开1/留1,752,118,1,1,1,112.88,Δ曝-5406/Δ读-828/Δ进0/Δ开0/Δ留0,2026-09-24→2026-09-28,diff
6a96a2d300000000290137ed,励志卖十万台特斯拉的-盼盼🍞,Model 3还是Y❓我开了一年才敢说真话,旧:曝17590/读2611/进1/开0/留0,1062,189,1,0,0,64.53,Δ曝-16528/Δ读-2422/Δ进0/Δ开0/Δ留0,2026-09-24→2026-09-28,diff
6a97c6e50000000011032f79,常州特斯拉-小蒋,9月Model Y提车这个价吗…有点说法🤔,旧:曝193500/读42248/进158/开150/留74,166160,37894,160,152,77,11912.59,Δ曝-27340/Δ读-4354/Δ进2/Δ开2/Δ留3,2026-09-24→2026-09-28,diff
6a96cabd000000000d026dd3,常州特斯拉-小蒋,只花3k带走Model Y，我是怎么做到的❓,旧:曝1623/读167/进0/开0/留0,506,32,0,0,0,15.65,Δ曝-1117/Δ读-135/Δ进0/Δ开0/Δ留0,2026-09-24→2026-09-19,diff
6a938932000000002501b216,常州特斯拉-小蒋,实拍🤍Model 3：20.02w起,旧:曝2236/读354/进0/开0/留0,253,17,0,0,0,15.56,Δ曝-1983/Δ读-337/Δ进0/Δ开0/Δ留0,2026-09-24→2026-09-18,diff
6a98149a000000002802b341,特斯拉长沙向姐🌸,电车原来这么方便｜倒车雾灯自动化设置,旧:曝3586/读1358/进0/开0/留0,91,8,0,0,0,6.45,Δ曝-3495/Δ读-1350/Δ进0/Δ开0/Δ留0,2026-09-24→2026-09-22,diff
6a96e538000000002a006d2d,特斯拉长沙向姐🌸,Model Y白内才是重头戏✨9 月入手浮力拉满,旧:曝2802/读372/进2/开2/留1,1092,182,2,2,1,143.2,Δ曝-1710/Δ读-190/Δ进0/Δ开0/Δ留0,2026-09-24→2026-09-28,diff
6a97c3ac000000002603ad3a,特斯拉金华| 露娜,好纠结！Model 3到底要不要选白内🤍,旧:曝2831/读457/进0/开0/留0,1410,286,1,1,1,109.94,Δ曝-1421/Δ读-171/Δ进1/Δ开1/Δ留1,2026-09-24→2026-09-28,diff
6a953370000000002303e8b7,特斯拉-伊林Elaine🎀,📣特斯拉杭州叠加补贴来了！,旧:曝6109/读786/进9/开8/留6,6459,833,10,8,6,798.47,Δ曝350/Δ读47/Δ进1/Δ开0/Δ留0,2026-09-24→2026-09-28,diff
6a96a2be0000000012034737,特斯拉-伊林Elaine🎀,特斯拉10个隐藏细节，你都知道吗？,旧:曝1505/读336/进0/开0/留0,20,1,0,0,0,33.7,Δ曝-1485/Δ读-335/Δ进0/Δ开0/Δ留0,2026-09-24→2026-09-22,diff
6a97f3450000000012036b00,特斯拉-伊林Elaine🎀,特斯拉星空灰这么帅！为什么路上很少见？🤯,旧:曝4711/读1045/进0/开0/留0,111,26,0,0,0,4.2,Δ曝-4600/Δ读-1019/Δ进0/Δ开0/Δ留0,2026-09-24→2026-09-28,diff
6a98053b0000000011033557,卖特斯拉的潮汕小妮（车主版）,打工人逆袭！4.59w开走Model 3，通勤直接开挂,旧:曝1153/读283/进0/开0/留0,189,11,0,0,0,8.72,Δ曝-964/Δ读-272/Δ进0/Δ开0/Δ留0,2026-09-24→2026-09-04,diff
6a963e37000000001203cdca,特斯拉佳慧挺爱吃,✨特斯拉佳慧✅喜提奖状啦,旧:曝1258/读213/进0/开0/留0,106,17,0,0,0,3.39,Δ曝-1152/Δ读-196/Δ进0/Δ开0/Δ留0,2026-09-24→2026-09-28,diff
6a96742d0000000011039177,特斯拉佳慧挺爱吃,预算4w➕起｜人生首车选Model3太香✨,旧:曝879/读71/进0/开0/留0,118,4,0,0,0,51.8,Δ曝-761/Δ读-67/Δ进0/Δ开0/Δ留0,2026-09-24→2026-09-28,diff
6a97a38a00000000280379c2,特斯拉佳慧挺爱吃,在东北换了六座Model Y L 全家抢着开,旧:曝17470/读2338/进3/开3/留2,2274,317,3,3,2,327.79,Δ曝-15196/Δ读-2021/Δ进0/Δ开0/Δ留0,2026-09-24→2026-09-28,diff
6a97cef30000000028034b17,特斯拉佳慧挺爱吃,🤍珍珠白双车同框｜Model 3 & Y周日到盘锦✨,旧:曝551/读68/进0/开0/留0,18,2,0,0,0,0.05,Δ曝-533/Δ读-66/Δ进0/Δ开0/Δ留0,2026-09-24→2026-09-03,diff
6a97cf190000000012036011,Tesla-晨璐（努力工作版）,9月！黑标Model Y价格又猛又兴奋🚗,旧:曝6186/读902/进0/开0/留0,1004,92,0,0,0,69.56,Δ曝-5182/Δ读-810/Δ进0/Δ开0/Δ留0,2026-09-24→2026-09-28,diff
6a96d09200000000120272a9,特斯拉苏州交付中心,howto苏州特斯拉交付中心｜提车不冷冰冰！🚗,旧:曝6885/读1697/进2/开2/留3,3722,369,6,6,6,379.7,Δ曝-3163/Δ读-1328/Δ进4/Δ开4/Δ留3,2026-09-24→2026-09-28,diff
6a96a4fd0000000011038507,特斯拉苏州交付中心,开特斯拉实在是好能“装”，开学季一车装四季,旧:曝3568/读365/进0/开0/留0,702,94,0,0,0,23.21,Δ曝-2866/Δ读-271/Δ进0/Δ开0/Δ留0,2026-09-24→2026-09-28,diff
6a965e790000000011039065,特斯拉苏州交付中心,howto |特斯拉保命拉手❗️可以不用但要知道,旧:曝7020/读1940/进0/开0/留1,874,117,0,0,1,32.41,Δ曝-6146/Δ读-1823/Δ进0/Δ开0/Δ留0,2026-09-24→2026-09-22,diff
6a94e82c000000002800712e,特斯拉苏州交付中心,howto｜特斯拉停车后大灯不灭？1招解决💡,旧:曝20779/读10865/进0/开0/留0,312,47,0,0,0,32.06,Δ曝-20467/Δ读-10818/Δ进0/Δ开0/Δ留0,2026-09-24→2026-09-22,diff
6a97e93d0000000025034604,Tesla｜玉子（特专业版）,95后独立女性19.97w 提Model 3,旧:曝2120/读262/进0/开0/留0,119,6,0,0,0,2.39,Δ曝-2001/Δ读-256/Δ进0/Δ开0/Δ留0,2026-09-24→2026-09-19,diff
6a916a330000000021032fc6,Tesla｜玉子（特专业版）,国补后Model Y，23.57w起，真的赚！,旧:曝1711/读165/进0/开0/留0,14,0,0,0,0,0,Δ曝-1697/Δ读-165/Δ进0/Δ开0/Δ留0,2026-09-24→2026-09-07,diff
6a97a0a70000000012002cc5,Tesla_Selina,国补后，新婚夫妻19.97w提Model 3,旧:曝2305/读299/进0/开0/留0,334,23,0,0,0,45.59,Δ曝-1971/Δ读-276/Δ进0/Δ开0/Δ留0,2026-09-24→2026-09-28,diff
6a955aae000000002003b2c9,杭州特斯拉Tesla（嘉里中心体验店）,重磅❗️浙江叠加补贴来了❓❓❓,旧:曝6216/读1256/进0/开0/留0,667,98,1,1,0,26.73,Δ曝-5549/Δ读-1158/Δ进1/Δ开1/Δ留0,2026-09-24→2026-09-28,diff
6a97e5810000000028035dc5,桃桃在特斯拉🍑,9🈷️兴奋了！！Model Y：23.65W,旧:曝26003/读3758/进0/开0/留0,775,64,0,0,0,2.14,Δ曝-25228/Δ读-3694/Δ进0/Δ开0/Δ留0,2026-09-24→2026-09-28,diff
6a96577c000000002a027da2,特斯拉合肥交付中心,Model Y 报废置换｜老油车换车真实测算,旧:曝2837/读245/进0/开0/留0,468,49,0,0,0,9.56,Δ曝-2369/Δ读-196/Δ进0/Δ开0/Δ留0,2026-09-24→2026-09-28,diff
6a950e610000000003028d1b,特斯拉合肥交付中心,特斯拉语音播报这样设置！再也不怕挂错挡～,旧:曝3777/读776/进0/开0/留0,163,30,0,0,0,18.25,Δ曝-3614/Δ读-746/Δ进0/Δ开0/Δ留0,2026-09-24→2026-09-22,diff
6a952896000000002003264e,宁波鄞州特斯拉中心,🔥杭州萧山叠加补补！3000到👋可叠加可叠加,旧:曝16695/读3674/进5/开4/留1,6101,1081,8,6,3,648.45,Δ曝-10594/Δ读-2593/Δ进3/Δ开2/Δ留2,2026-09-24→2026-09-28,diff
6a916bb40000000008012e7f,Tesla未来销冠梦瑶,试驾完六座Model Y L，就担心一个问题···,旧:曝33020/读6218/进1/开1/留1,398,62,1,1,1,47.74,Δ曝-32622/Δ读-6156/Δ进0/Δ开0/Δ留0,2026-09-24→2026-09-28,diff
6a97f4bd00000000270088d0,Tesla未来销冠梦瑶,2026年9月，Model 3政策详细解读 🔎,旧:曝50137/读6308/进3/开2/留2,342,23,4,3,2,24.1,Δ曝-49795/Δ读-6285/Δ进1/Δ开1/Δ留0,2026-09-24→2026-09-28,diff
6a9800c1000000000b00d8c3,特斯拉 Tesla_无敌沙拉,95后男生，月供2691提Model Y,旧:曝1847/读221/进1/开0/留0,217,12,1,0,0,10.55,Δ曝-1630/Δ读-209/Δ进0/Δ开0/Δ留0,2026-09-24→2026-09-20,diff
6a9908770000000012024802,特斯拉邮递员子枫,90后置换入Model Y，看这一篇就够了,旧:曝33145/读5668/进0/开0/留0,286,18,0,0,0,6.06,Δ曝-32859/Δ读-5650/Δ进0/Δ开0/Δ留0,2026-09-24→2026-09-28,diff
6a912e3e0000000025013f70,宁波鄞州特斯拉中心,家用六座SUV｜看看特斯拉Model YL实力,旧:曝1983/读278/进0/开0/留0,164,29,0,0,0,8.83,Δ曝-1819/Δ读-249/Δ进0/Δ开0/Δ留0,2026-09-24→2026-09-17,diff
6a94212c000000001803ed4e,宁波鄞州特斯拉中心,突然发现客户买车思路好清晰😳,旧:曝2872/读466/进0/开0/留1,849,130,0,0,1,42.49,Δ曝-2023/Δ读-336/Δ进0/Δ开0/Δ留0,2026-09-24→2026-09-18,diff
6a96ba5000000000120002b6,77在特斯拉卖玩具车📔,女生开SUV会太大？Model Y真香！,旧:曝4064/读670/进1/开1/留0,1062,196,1,1,0,63.61,Δ曝-3002/Δ读-474/Δ进0/Δ开0/Δ留0,2026-09-24→2026-09-28,diff
6a97ec950000000012035018,77在特斯拉卖玩具车📔,女生学会这6个设置，开车更安心！,旧:曝5829/读1742/进0/开0/留0,111,13,0,0,0,19.28,Δ曝-5718/Δ读-1729/Δ进0/Δ开0/Δ留0,2026-09-24→2026-09-22,diff
6a981ed3000000001001ec6e,天津特斯拉-小颖,2026全新黑标Model Y：23.65w,旧:曝34699/读5168/进0/开0/留0,561,49,0,0,0,14.1,Δ曝-34138/Δ读-5119/Δ进0/Δ开0/Δ留0,2026-09-24→2026-09-18,diff
6a97d71a0000000028032046,特斯拉洋子（包全国）,9月Model Y：23.65w提车攻略老板请查收❗️,旧:曝4323/读614/进0/开0/留0,1799,214,0,0,0,64.66,Δ曝-2524/Δ读-400/Δ进0/Δ开0/Δ留0,2026-09-24→2026-09-28,diff
6a9671c0000000002701539d,特斯拉洋子（包全国）,9月Model 3：19.97w，我是怎么做到的❓️,旧:曝4668/读468/进2/开2/留1,2133,133,2,2,1,272.54,Δ曝-2535/Δ读-335/Δ进0/Δ开0/Δ留0,2026-09-24→2026-09-28,diff
6a8fe382000000002003a02a,特斯拉洋子（包全国）,职场女性的通勤好搭子👉Model Y：23.97起,旧:曝30554/读5747/进0/开0/留0,357,35,0,0,0,2.86,Δ曝-30197/Δ读-5712/Δ进0/Δ开0/Δ留0,2026-09-24→2026-09-15,diff
6a952b1d0000000025019bd6,特斯拉的羊毛,9月特斯拉还有哪些权益？3分钟讲清楚,旧:曝1561/读511/进0/开0/留0,138,5,0,0,0,22.44,Δ曝-1423/Δ读-506/Δ进0/Δ开0/Δ留0,2026-09-24→2026-09-22,diff
6a96be5c000000002a0074c8,特斯拉 开开,长期主义冲🚀9月Model Y ：23.57w,旧:曝1951/读242/进0/开0/留0,497,51,0,0,0,66.96,Δ曝-1454/Δ读-191/Δ进0/Δ开0/Δ留0,2026-09-24→2026-09-28,diff
6a97f02d0000000026031e58,特斯拉 开开,95后家用选Model Y or Model YL❓你怎么选🚘,旧:曝14721/读2117/进0/开0/留0,12,1,0,0,0,2.07,Δ曝-14709/Δ读-2116/Δ进0/Δ开0/Δ留0,2026-09-24→2026-09-22,diff
6a96dc79000000002901bc72,特斯拉晶晶✨,Model3🆚ModelY｜实拍对比一眼选对✨,旧:曝1915/读196/进0/开0/留0,107,17,0,0,0,16.04,Δ曝-1808/Δ读-179/Δ进0/Δ开0/Δ留0,2026-09-24→2026-09-03,diff
6a98102b0000000026030526,特斯拉晶晶✨,偶遇海洋蓝Model 3，这质感谁懂？🌟,旧:曝3574/读722/进2/开2/留2,2504,540,3,2,2,226.91,Δ曝-1070/Δ读-182/Δ进1/Δ开0/Δ留0,2026-09-24→2026-09-28,diff
6a9524e4000000001803cda1,特斯拉的羊毛,9月特斯拉政策有变化？Model 3这点要注意,旧:曝4999/读1005/进0/开0/留0,283,29,0,0,0,7.2,Δ曝-4716/Δ读-976/Δ进0/Δ开0/Δ留0,2026-09-24→2026-09-28,diff
6a96ac89000000002600881a,博文在特斯拉,9月又猛又兴奋，Model 3：19w+起,旧:曝3472/读427/进0/开0/留0,97,6,0,0,0,0.67,Δ曝-3375/Δ读-421/Δ进0/Δ开0/Δ留0,2026-09-24→2026-09-28,diff
6a913791000000002902a1aa,博文在特斯拉,九月份｜特斯拉政CE梳理📝,旧:曝12568/读1849/进0/开0/留0,82,3,0,0,0,1.96,Δ曝-12486/Δ读-1846/Δ进0/Δ开0/Δ留0,2026-09-24→2026-09-19,diff
6a964b8a000000002601c8e1,Tesla特斯拉海岛日记,深夜emo：快银 vs 白色，Model Y最难的选择题,旧:曝8140/读1541/进0/开0/留0,567,80,0,0,0,29.12,Δ曝-7573/Δ读-1461/Δ进0/Δ开0/Δ留0,2026-09-24→2026-09-28,diff
6a97b75a0000000029017753,Tesla特斯拉海岛日记,提Model Y一个月，通勤体验太好！,旧:曝11417/读1813/进0/开0/留0,74,5,0,0,0,6.68,Δ曝-11343/Δ读-1808/Δ进0/Δ开0/Δ留0,2026-09-24→2026-09-28,diff
6a978e350000000029014574,特斯拉小朱｜全国可提🚗,9月政策大惊喜，黑标Model 3：20.27w起,旧:曝1367/读171/进0/开0/留0,57,5,0,0,0,4.84,Δ曝-1310/Δ读-166/Δ进0/Δ开0/Δ留0,2026-09-24→2026-09-16,diff
6a951ff800000000250268d1,特斯拉小朱｜全国可提🚗,等等党赢麻了！Model 3这波直接杀穿地板价🔥,旧:曝3665/读517/进0/开0/留0,39,1,0,0,0,0.01,Δ曝-3626/Δ读-516/Δ进0/Δ开0/Δ留0,2026-09-24→2026-09-14,diff
6a99080200000000290187d2,特斯拉体验官Leo,95后备婚小夫妻，7.99无痛提Model Y,旧:曝16386/读2710/进0/开0/留0,460,39,0,0,0,10.15,Δ曝-15926/Δ读-2671/Δ进0/Δ开0/Δ留0,2026-09-24→2026-09-28,diff
6a98103300000000120351e5,特斯拉阿生（全国置换版,9月置换Model Y：20.55w，一篇讲透！,旧:曝5769/读906/进2/开1/留0,1130,119,2,1,0,61.08,Δ曝-4639/Δ读-787/Δ进0/Δ开0/Δ留0,2026-09-24→2026-09-28,diff
6a8f9625000000002003a4a1,特斯拉阿生（全国置换版,想置换特斯拉，先看完这篇❗️,旧:曝1714/读211/进0/开0/留0,73,2,0,0,0,0.58,Δ曝-1641/Δ读-209/Δ进0/Δ开0/Δ留0,2026-09-24→2026-09-16,diff
6a98d544000000002a02ec69,特斯拉Yoki特努力,9月山东，Model Y黑武士：23.57w起,旧:曝6119/读805/进0/开0/留0,852,93,0,0,0,26.54,Δ曝-5267/Δ读-712/Δ进0/Δ开0/Δ留0,2026-09-24→2026-09-19,diff
6a950ba0000000000303ea8b,特斯拉Yoki特努力,预算10万，Model 3和Model Y该怎么选？,旧:曝17023/读2953/进0/开0/留0,1088,204,0,0,0,25,Δ曝-15935/Δ读-2749/Δ进0/Δ开0/Δ留0,2026-09-24→2026-09-28,diff
6a9a2d9e000000002601618d,特斯拉邮递员子枫,9月国补后 | 白色黑标Model 3：19.97w起,旧:曝1472/读132/进0/开0/留0,213,8,0,0,0,1.63,Δ曝-1259/Δ读-124/Δ进0/Δ开0/Δ留0,2026-09-24→2026-09-24,diff
6a9a7779000000002a02e270,特斯拉茉茉美少女,9月，Model Y黑武士：23.57w起,旧:曝14142/读1833/进1/开1/留0,1219,101,1,1,0,96.49,Δ曝-12923/Δ读-1732/Δ进0/Δ开0/Δ留0,2026-09-24→2026-09-28,diff
6a903577000000002a03fa8a,特斯拉小朱｜全国可提🚗,实测分享 | 二胎家庭换六座Model Y L,旧:曝1724/读232/进0/开0/留0,21,0,0,0,0,0,Δ曝-1703/Δ读-232/Δ进0/Δ开0/Δ留0,2026-09-24→2026-09-18,diff
6a9a3464000000002601ebbf,特斯拉体验官Leo,2026国补后，黑标Model 3：19.97w起,旧:曝2896/读363/进0/开0/留0,620,41,0,0,0,10.25,Δ曝-2276/Δ读-322/Δ进0/Δ开0/Δ留0,2026-09-24→2026-09-28,diff
6a963a1d000000002503642a,卖特斯拉的潮汕小妮（车主版）,星钻黑Model 3 🖤 7.9w开走梦中情车,旧:曝2393/读617/进1/开0/留0,363,19,1,0,0,28.2,Δ曝-2030/Δ读-598/Δ进0/Δ开0/Δ留0,2026-09-24→2026-09-22,diff
6a9a764b00000000120257da,Haha同学在特斯拉,太猛了！Model Y：22.57W起,旧:曝334916/读56865/进0/开0/留0,1293,168,0,0,0,29.39,Δ曝-333623/Δ读-56697/Δ进0/Δ开0/Δ留0,2026-09-24→2026-09-28,diff
6a94246b00000000200309ef,Tesla｜玉子（特专业版）,国补后六座Model Y L，30w+起提~,旧:曝1808/读207/进0/开0/留0,14,1,0,0,0,1.56,Δ曝-1794/Δ读-206/Δ进0/Δ开0/Δ留0,2026-09-24→2026-09-15,diff
6a9940070000000027009d72,桃桃在特斯拉🍑,4.5w👋付开走💓女生请冲这个Model 3,旧:曝15148/读1383/进8/开7/留2,10926,900,9,8,2,781.48,Δ曝-4222/Δ读-483/Δ进1/Δ开1/Δ留0,2026-09-24→2026-09-28,diff
6a9a745e000000002601e3ee,哈莉（特斯拉分身）,9月，黑标Model Y：22.57w起,旧:曝56941/读8008/进2/开2/留1,6247,778,5,5,2,692.5,Δ曝-50694/Δ读-7230/Δ进3/Δ开3/Δ留1,2026-09-24→2026-09-28,diff
6a9a7e0600000000290116e1,Tesla_Selina,职业女性选Model 3的3个理由,旧:曝2113/读308/进0/开0/留0,240,34,0,0,0,6.61,Δ曝-1873/Δ读-274/Δ进0/Δ开0/Δ留0,2026-09-24→2026-09-28,diff
6a9a8c30000000002803afa9,特斯拉佳慧挺爱吃,00后打工人👋付4w+拿下Model Y 附攻略,旧:曝6690/读1006/进0/开0/留0,269,11,0,0,0,7.36,Δ曝-6421/Δ读-995/Δ进0/Δ开0/Δ留0,2026-09-24→2026-09-28,diff
6a9a9dee000000001103339c,特斯拉Pupu,开了6年油车换Model Y L，比想象中省太多！,旧:曝8723/读1596/进0/开0/留0,235,25,0,0,0,63.92,Δ曝-8488/Δ读-1571/Δ进0/Δ开0/Δ留0,2026-09-24→2026-09-28,diff
6a98e0c9000000002802d8ce,特斯拉Pupu,📢9月这波太顶了！Model Y你还犹豫啥,旧:曝1741/读250/进0/开0/留0,187,15,0,0,0,47.19,Δ曝-1554/Δ读-235/Δ进0/Δ开0/Δ留0,2026-09-24→2026-09-28,diff
6a99231d000000002803a3f6,Tesla_Selina,一个视频看懂Model Y和Model Y L区别,旧:曝6823/读1489/进0/开0/留0,478,35,0,0,0,2.08,Δ曝-6345/Δ读-1454/Δ进0/Δ开0/Δ留0,2026-09-24→2026-09-20,diff
6a9aab8d0000000012000622,Tesla-晨璐（努力工作版）,宝～试驾吗？我开特斯拉来接你了,旧:曝1450/读122/进0/开0/留0,766,25,0,0,0,11.2,Δ曝-684/Δ读-97/Δ进0/Δ开0/Δ留0,2026-09-24→2026-09-21,diff
6a9ab17d00000000120372b1,桃桃在特斯拉🍑,震惊🤯西安买特斯拉也太划算了！！！,旧:曝1270/读415/进0/开0/留0,336,10,0,0,0,14.19,Δ曝-934/Δ读-405/Δ进0/Δ开0/Δ留0,2026-09-24→2026-09-18,diff
6a9ac261000000002603112c,杭州特斯拉Tesla（嘉里中心体验店）,等不了了❗9月Model Y 23.57w起✨,旧:曝12135/读1645/进4/开3/留2,3475,323,4,3,2,304.56,Δ曝-8660/Δ读-1322/Δ进0/Δ开0/Δ留0,2026-09-24→2026-09-28,diff
6a9ac103000000002901a71d,特斯拉冰姐（全国可提）,黑标Model Y 裸车24.85w起就能拿下？,旧:曝1664/读143/进0/开0/留0,366,21,0,0,0,4.62,Δ曝-1298/Δ读-122/Δ进0/Δ开0/Δ留0,2026-09-24→2026-09-28,diff
6a9a7d34000000002901be7d,特斯拉阿生（全国置换版,95后置换特斯拉，先看这一篇❗️,旧:曝2788/读437/进0/开0/留0,113,6,0,0,0,0.18,Δ曝-2675/Δ读-431/Δ进0/Δ开0/Δ留0,2026-09-24→2026-09-21,diff
6a996422000000000d025b30,特斯拉阿生（全国置换版,起猛了，0手付提走Model 3❗️,旧:曝2024/读235/进2/开1/留1,298,23,3,1,1,133.84,Δ曝-1726/Δ读-212/Δ进1/Δ开0/Δ留0,2026-09-24→2026-09-28,diff
6a9a2ff0000000002802a289,特斯拉Yoki特努力,沉浸式体验｜Model 3：19.97w起,旧:曝51907/读7271/进4/开4/留2,3915,491,5,4,2,421.61,Δ曝-47992/Δ读-6780/Δ进1/Δ开0/Δ留0,2026-09-24→2026-09-28,diff
6a9a27520000000011034a20,天津特斯拉-小颖,95后备婚选车，Model Y两全答案！,旧:曝2727/读304/进0/开0/留0,54,3,0,0,0,0.79,Δ曝-2673/Δ读-301/Δ进0/Δ开0/Δ留0,2026-09-24→2026-09-18,diff
6a9971cd000000002600bbf0,特斯拉晶晶✨,00后女生，9月23.57w就提了特斯拉！🎉,旧:曝5578/读826/进0/开0/留0,1410,171,0,0,0,72.76,Δ曝-4168/Δ读-655/Δ进0/Δ开0/Δ留0,2026-09-24→2026-09-28,diff
6a9a8d05000000002601f885,Tesla特斯拉海岛日记,裸车24.85w起提Model Y，还好没买贵,旧:曝3288/读441/进0/开0/留0,446,31,0,0,0,138.56,Δ曝-2842/Δ读-410/Δ进0/Δ开0/Δ留0,2026-09-24→2026-09-28,diff
6a991f90000000002a006283,特斯拉洋子（包全国）,听劝！月薪8k买Model 3合适吗❓️,旧:曝2882/读471/进1/开1/留1,734,58,1,1,1,54.86,Δ曝-2148/Δ读-413/Δ进0/Δ开0/Δ留0,2026-09-24→2026-09-28,diff
6a9a90d8000000000b00e75c,特斯拉体验官Leo,9月又猛又兴奋，Model Y：23.57w起,旧:曝16861/读2682/进1/开1/留1,882,104,1,1,1,166.77,Δ曝-15979/Δ读-2578/Δ进0/Δ开0/Δ留0,2026-09-24→2026-09-25,diff
6a98ef4c0000000011035e91,特斯拉的羊毛,手里有报废车，换Model Y这样算更清楚,旧:曝1931/读232/进1/开1/留0,907,108,1,1,0,64.04,Δ曝-1024/Δ读-124/Δ进0/Δ开0/Δ留0,2026-09-24→2026-09-28,diff
6a9a392d000000002502c9e8,特斯拉邮递员子枫,9月又猛又兴奋 | 黑色Model Y：23.57w,旧:曝5114/读803/进1/开1/留1,805,81,1,1,1,254.24,Δ曝-4309/Δ读-722/Δ进0/Δ开0/Δ留0,2026-09-24→2026-09-28,diff
6a9a316a000000002502dd29,宁波鄞州特斯拉中心,2026年9月特斯拉Model Y价格配置怎么选？,旧:曝26650/读4301/进0/开0/留1,1063,48,0,0,0,20.53,Δ曝-25587/Δ读-4253/Δ进0/Δ开0/Δ留-1,2026-09-24→2026-09-20,diff
6a9a7aee00000000110395db,励志卖十万台特斯拉的-盼盼🍞,开Model 3通勤，一年真帮我省小两万,旧:曝2702/读314/进0/开0/留0,1157,123,0,0,0,66.08,Δ曝-1545/Δ读-191/Δ进0/Δ开0/Δ留0,2026-09-24→2026-09-28,diff
6a9a7f11000000002600a4f0,特斯拉一鸣,手头8w，能直接冲Model Y吗❓,旧:曝1899/读248/进0/开0/留0,119,6,0,0,0,0.46,Δ曝-1780/Δ读-242/Δ进0/Δ开0/Δ留0,2026-09-24→2026-09-18,diff
6a9a77b2000000002b001119,特斯拉长沙向姐🌸,24.35w 起｜Model Y 家用选它真的香🔥,旧:曝1906/读206/进1/开1/留1,451,32,1,1,1,146.59,Δ曝-1455/Δ读-174/Δ进0/Δ开0/Δ留0,2026-09-24→2026-09-28,diff
6a9a23c50000000028002ec2,杭州萧山特斯拉中心,9月国补后，黑标Model Y：23.57w起,旧:曝47221/读6838/进26/开26/留13,29116,4032,26,26,13,2509.8,Δ曝-18105/Δ读-2806/Δ进0/Δ开0/Δ留0,2026-09-24→2026-09-28,diff
6a998bb6000000002802f432,特斯拉顾问小美🚗,95后备婚清单，选Model Y怎么看都划算~,旧:曝1853/读268/进0/开0/留0,202,27,0,0,0,2.45,Δ曝-1651/Δ读-241/Δ进0/Δ开0/Δ留0,2026-09-24→2026-09-18,diff
6a9aa2fb000000000b00e7a3,Tesla 鱼仔吖,【纯干货】Model Y版本到底怎么选？,旧:曝2067/读517/进0/开0/留0,240,3,0,0,0,4.75,Δ曝-1827/Δ读-514/Δ进0/Δ开0/Δ留0,2026-09-24→2026-09-27,diff
6a994a850000000012036f91,特斯拉tesla星星,香麻了…西安9月Model Y：23.65w提走！,旧:曝35970/读5378/进68/开65/留34,35187,5075,81,77,42,5919.47,Δ曝-783/Δ读-303/Δ进13/Δ开12/Δ留8,2026-09-24→2026-09-28,diff
6a9a84770000000026014412,小林的特斯拉日记,9月提Model Y，手付只要4万多吗？？？,旧:曝2876/读413/进1/开1/留1,629,54,1,1,1,176.68,Δ曝-2247/Δ读-359/Δ进0/Δ开0/Δ留0,2026-09-24→2026-09-28,diff
6a9943d1000000002802d4f7,济南特斯拉主理人,在济南！9月提走特斯拉24w？,旧:曝9565/读1243/进12/开10/留9,8248,834,19,15,12,1408.01,Δ曝-1317/Δ读-409/Δ进7/Δ开5/Δ留3,2026-09-24→2026-09-28,diff
6a9935100000000026015a4f,特斯拉校草,9月，太香了🔥六座Model Y L立省11780,旧:曝2229/读252/进0/开0/留0,169,11,0,0,0,98.89,Δ曝-2060/Δ读-241/Δ进0/Δ开0/Δ留0,2026-09-24→2026-09-28,diff
6a9b91f4000000001103a098,特斯拉尼克,9月🙋Model 3购车：补贴还可以叠加‼️‼️,旧:曝4411/读484/进1/开0/留0,1586,115,1,0,0,49.5,Δ曝-2825/Δ读-369/Δ进0/Δ开0/Δ留0,2026-09-24→2026-09-28,diff
6a9a7b8b000000002a02efc7,特斯拉金华| 露娜,2026浙江省置换补贴保姆级速通攻略,旧:曝27671/读5440/进1/开1/留1,6681,1076,1,1,1,359.23,Δ曝-20990/Δ读-4364/Δ进0/Δ开0/Δ留0,2026-09-24→2026-09-28,diff
6a9b9ea70000000011038af2,Tesla-晨璐（努力工作版）,9月！Model 3蕞新政策解读来啦,旧:曝7363/读1439/进2/开2/留0,998,61,3,3,0,46.02,Δ曝-6365/Δ读-1378/Δ进1/Δ开1/Δ留0,2026-09-24→2026-09-28,diff
6a9b999a0000000028036a78,Tesla未来销冠梦瑶,📍特斯拉9月新政🔥已经生效！,旧:曝2939/读406/进1/开1/留0,1013,104,1,1,0,54.25,Δ曝-1926/Δ读-302/Δ进0/Δ开0/Δ留0,2026-09-24→2026-09-18,diff
6a9e2cd40000000026020284,特斯拉佳慧挺爱吃,特斯拉现车激励政ce倒计时！能省1w！,旧:曝1211/读168/进1/开1/留1,238,9,1,1,1,108.35,Δ曝-973/Δ读-159/Δ进0/Δ开0/Δ留0,2026-09-24→2026-09-28,diff
6a9e1b110000000026031ba1,温州特斯拉Tesla小娴🐳,特斯拉限时大福利🔥最高直接减10000！,旧:曝689/读99/进0/开0/留0,70,1,0,0,0,0.1,Δ曝-619/Δ读-98/Δ进0/Δ开0/Δ留0,2026-09-24→2026-09-08,diff
6a9e3db5000000002a0067a9,特斯拉合肥交付中心,特斯拉限⏰现车激励政策来了！,旧:曝3913/读426/进2/开2/留2,2186,179,4,4,3,348.38,Δ曝-1727/Δ读-247/Δ进2/Δ开2/Δ留1,2026-09-24→2026-09-28,diff
6a9e839e0000000027015068,特斯拉北京蟹岛交付中心,Model 3/Y全系激励补补❗️2377起你选哪辆,旧:曝1322/读188/进0/开0/留0,5,0,0,0,0,0,Δ曝-1317/Δ读-188/Δ进0/Δ开0/Δ留0,2026-09-24→2026-09-08,diff
6a9e448f00000000270150cb,特斯拉冰姐（全国可提）,别犹豫！Model 3限⏰裸车19.95w起可提,旧:曝1126/读136/进0/开0/留0,263,16,0,0,0,14.07,Δ曝-863/Δ读-120/Δ进0/Δ开0/Δ留0,2026-09-24→2026-09-27,diff
6a9e172d000000002902d455,特斯拉海尔兄弟,Model Y立减1万/Model 3立减5千！杭州还能叠,旧:曝994/读140/进0/开0/留0,62,3,0,0,0,1.01,Δ曝-932/Δ读-137/Δ进0/Δ开0/Δ留0,2026-09-24→2026-09-08,diff
6a9e394e000000002b0130ec,杭州特斯拉Tesla（嘉里中心体验店）,9月限时礼遇！Model 3 19.47w起,旧:曝6631/读979/进1/开1/留1,399,26,1,1,1,61.1,Δ曝-6232/Δ读-953/Δ进0/Δ开0/Δ留0,2026-09-24→2026-09-28,diff
6a9e43a100000000120363fb,Haha同学在特斯拉,9月，Model 3:19.55w起，Model Y：22.65w起,旧:曝3763/读533/进1/开1/留1,813,68,1,1,1,126.76,Δ曝-2950/Δ读-465/Δ进0/Δ开0/Δ留0,2026-09-24→2026-09-28,diff
6a9e837300000000120340a4,Tesla_Selina,9月秒定Model Y，抢1w现车激励名额,旧:曝19396/读2961/进5/开4/留1,12019,1635,5,4,1,408.62,Δ曝-7377/Δ读-1326/Δ进0/Δ开0/Δ留0,2026-09-24→2026-09-28,diff
6a9b73820000000012024aef,Tesla_Selina,大惊喜！特斯拉Model Y：23.65w起,旧:曝3522/读497/进1/开1/留1,564,35,1,1,1,102.39,Δ曝-2958/Δ读-462/Δ进0/Δ开0/Δ留0,2026-09-24→2026-09-28,diff
6a9e08ea0000000029012868,Tesla 特斯拉丨佳佳⚡,限时重磅💥,旧:曝875/读120/进0/开0/留0,258,18,0,0,0,3.34,Δ曝-617/Δ读-102/Δ进0/Δ开0/Δ留0,2026-09-24→2026-09-08,diff
6a9e618c0000000026015dcf,Tesla｜玉子（特专业版）,尾款再➖5k，19w+起提Model 3❗,旧:曝2419/读386/进1/开1/留1,113,12,1,1,1,8.46,Δ曝-2306/Δ读-374/Δ进0/Δ开0/Δ留0,2026-09-24→2026-09-19,diff
6a9e3e56000000000b00f908,郑州前程特斯拉交付中心,9月底截止！特斯拉现车激励能省1w🔥,旧:曝1473/读284/进0/开0/留0,9,0,0,0,0,0,Δ曝-1464/Δ读-284/Δ进0/Δ开0/Δ留0,2026-09-24→2026-09-08,diff
6a9e4479000000002a007875,哈莉（特斯拉分身）,刚提🔥Model 3:19.55w起，Model Y：22.65w起,旧:曝1934/读234/进0/开0/留0,384,13,0,0,0,3.96,Δ曝-1550/Δ读-221/Δ进0/Δ开0/Δ留0,2026-09-24→2026-09-08,diff
6a9ea8470000000012025933,Tesla-晨璐（努力工作版）,震惊❗️特斯拉9月政策比8月还猛🔥,旧:曝3021/读377/进1/开1/留1,1406,141,2,2,2,187.04,Δ曝-1615/Δ读-236/Δ进1/Δ开1/Δ留1,2026-09-24→2026-09-28,diff
6a9babc20000000028038a1e,桃桃在特斯拉🍑,震惊🤯9🈷️买特斯拉也太便宜了！！！,旧:曝2580/读1050/进3/开2/留1,1381,29,4,3,1,229.79,Δ曝-1199/Δ读-1021/Δ进1/Δ开1/Δ留0,2026-09-24→2026-09-28,diff
6a9e6827000000002803475a,桃桃在特斯拉🍑,刚开完会！9🈷️买Model 3怒省2w+‼️,旧:曝3540/读412/进0/开0/留0,671,17,0,0,0,8.23,Δ曝-2869/Δ读-395/Δ进0/Δ开0/Δ留0,2026-09-24→2026-09-28,diff
6a9e58b3000000002700be91,特斯拉苏州交付中心,9月Model Y补补太香，真无痛换车了,旧:曝13176/读1521/进3/开3/留3,1325,120,3,3,3,335.39,Δ曝-11851/Δ读-1401/Δ进0/Δ开0/Δ留0,2026-09-24→2026-09-28,diff
6a9e6b66000000001001c2f2,特斯拉Pupu,9月太顶了，特斯拉限时✂️10000！,旧:曝1185/读191/进0/开0/留0,195,8,0,0,0,2.95,Δ曝-990/Δ读-183/Δ进0/Δ开0/Δ留0,2026-09-24→2026-09-28,diff
6a9e412e000000001001e36a,特斯拉邮递员子枫,9月Model Y，补补拉满，限时激励再➖10000,旧:曝6195/读1116/进0/开0/留0,582,46,0,0,0,18.1,Δ曝-5613/Δ读-1070/Δ进0/Δ开0/Δ留0,2026-09-24→2026-09-28,diff
6a9aabd40000000012035e47,77在特斯拉卖玩具车📔,高颜值好开，Model3裸车20.07w起,旧:曝2127/读275/进2/开2/留2,333,30,2,2,2,135.66,Δ曝-1794/Δ读-245/Δ进0/Δ开0/Δ留0,2026-09-24→2026-09-28,diff
6a9e26fa0000000011038a51,77在特斯拉卖玩具车📔,9月提Model Y现车，激励省1万🔥,旧:曝1869/读204/进0/开0/留0,247,6,0,0,0,0.95,Δ曝-1622/Δ读-198/Δ进0/Δ开0/Δ留0,2026-09-24→2026-09-28,diff
6a9e04d4000000000b037c75,特斯拉 开开,Model Y 现车激励❗️9月30日前立减10000❗️,旧:曝4113/读797/进0/开0/留0,1571,129,0,0,0,85.72,Δ曝-2542/Δ读-668/Δ进0/Δ开0/Δ留0,2026-09-24→2026-09-28,diff
6a9e62a300000000280339d6,特斯拉小金⚡摸鱼版,特斯拉九月份直-10000！！！！！,旧:曝1282/读210/进0/开0/留0,173,9,0,0,0,10.64,Δ曝-1109/Δ读-201/Δ进0/Δ开0/Δ留0,2026-09-24→2026-09-08,diff
6a9e49790000000012001d02,温州特斯拉中心｜千千,爆！特斯拉官网更新！立➖1w！,旧:曝2077/读245/进0/开0/留0,563,41,0,0,0,11.62,Δ曝-1514/Δ读-204/Δ进0/Δ开0/Δ留0,2026-09-24→2026-09-08,diff
6a9e72e90000000028036ee7,温州特斯拉中心｜千千,政ce夯爆了！温州特斯拉,旧:曝3111/读299/进7/开6/留2,3066,266,7,6,2,242.6,Δ曝-45/Δ读-33/Δ进0/Δ开0/Δ留0,2026-09-24→2026-09-28,diff
6a9e0ec000000000250344d0,特斯拉的羊毛,刚刚更新！Model 3/Y现车新增限时激励，9月30,旧:曝2409/读339/进0/开0/留0,499,24,0,0,0,26.21,Δ曝-1910/Δ读-315/Δ进0/Δ开0/Δ留0,2026-09-24→2026-09-28,diff
6a9e4546000000002502ef01,特斯拉的羊毛,📢特斯拉蕞新补补攻略❗️Model 3/Y全系万元,旧:曝1127/读127/进0/开0/留0,416,14,0,0,0,30.32,Δ曝-711/Δ读-113/Δ进0/Δ开0/Δ留0,2026-09-24→2026-09-28,diff
6a9e7205000000002902f775,Tesla未来销冠梦瑶,不会还有人不知道特斯拉9月有限时激励金吧！,旧:曝1355/读194/进0/开0/留0,481,56,0,0,0,21.58,Δ曝-874/Δ读-138/Δ进0/Δ开0/Δ留0,2026-09-24→2026-09-20,diff
6a9e3c7a000000002a026997,台州路桥特斯拉中心,Model Y立减1万/Model 3立减5千！补补还能叠,旧:曝505/读65/进0/开0/留0,14,3,0,0,0,7.04,Δ曝-491/Δ读-62/Δ进0/Δ开0/Δ留0,2026-09-24→2026-09-08,diff
6a9e72f70000000028032ddb,特斯拉 Tesla_无敌沙拉,9月提Model Y，领一万元现车激励,旧:曝2971/读524/进0/开0/留0,82,10,0,0,0,3.51,Δ曝-2889/Δ读-514/Δ进0/Δ开0/Δ留0,2026-09-24→2026-09-19,diff
6a9e47ca000000002a0246cf,特斯拉晶晶✨,"🚨9月 Model 3 现车减5k ,大家快冲！🐛",旧:曝2160/读280/进1/开1/留1,710,54,1,1,1,124.03,Δ曝-1450/Δ读-226/Δ进0/Δ开0/Δ留0,2026-09-24→2026-09-28,diff
6a9e233f000000002802f565,宁波鄞州特斯拉中心,字小事大！,旧:曝1071/读133/进0/开0/留0,476,25,0,0,0,9.53,Δ曝-595/Δ读-108/Δ进0/Δ开0/Δ留0,2026-09-24→2026-09-14,diff
6a9e35f9000000000b037658,特斯拉体验官Leo,限时➖1w，Model Y价格新低：22.57w起,旧:曝41312/读5884/进17/开7/留5,28059,4027,17,7,5,1190.89,Δ曝-13253/Δ读-1857/Δ进0/Δ开0/Δ留0,2026-09-24→2026-09-28,diff
6a9e30b0000000001001d10a,特斯拉 力川,特斯拉最新消息！不到20w！你受的了？？,旧:曝1573/读248/进0/开0/留0,60,4,0,0,0,0.34,Δ曝-1513/Δ读-244/Δ进0/Δ开0/Δ留0,2026-09-24→2026-09-08,diff
6a9e3465000000002601ffcc,博文在特斯拉,减5k！9月Model 3这波政ce算明白了,旧:曝6469/读1240/进0/开0/留0,125,15,1,1,1,5.75,Δ曝-6344/Δ读-1225/Δ进1/Δ开1/Δ留1,2026-09-24→2026-09-28,diff
6a9e98f6000000002a02e1c6,特斯拉Yoki特努力,9🈷️又猛又兴奋！Model Y：22:65w起,旧:曝16995/读2854/进0/开0/留0,2549,277,1,1,1,162.91,Δ曝-14446/Δ读-2577/Δ进1/Δ开1/Δ留1,2026-09-24→2026-09-28,diff
6a9e03ff000000002b012c38,特斯拉Yoki特努力,惊了！！特斯拉官网超级大更新！减1w??!,旧:曝9105/读1939/进1/开1/留0,997,148,1,1,0,32.09,Δ曝-8108/Δ读-1791/Δ进0/Δ开0/Δ留0,2026-09-24→2026-09-28,diff
6a9e85bd000000002701581c,特斯拉新疆-黄小豆bean,特斯拉满分销售,旧:曝1099/读225/进0/开0/留0,40,3,0,0,0,0.59,Δ曝-1059/Δ读-222/Δ进0/Δ开0/Δ留0,2026-09-24→2026-09-08,diff
6a9e3927000000002601a6c5,特斯拉新疆-黄小豆bean,太夯了！9月Model Y居然还有1万现金激励🔥,旧:曝4802/读881/进0/开0/留0,5,1,0,0,0,0,Δ曝-4797/Δ读-880/Δ进0/Δ开0/Δ留0,2026-09-24→2026-09-08,diff
6a9e66f30000000026017cd8,天津特斯拉-小颖,限时再✂️1w❗️Model Y ：22.87w起,旧:曝3718/读535/进4/开3/留0,779,69,4,3,0,50.34,Δ曝-2939/Δ读-466/Δ进0/Δ开0/Δ留0,2026-09-24→2026-09-24,diff
6a9e46da0000000028032d31,特斯拉茉茉美少女,限时！Model 3:19.55w起，Model Y：22.65w起,旧:曝3874/读539/进0/开0/留0,659,38,0,0,0,24.57,Δ曝-3215/Δ读-501/Δ进0/Δ开0/Δ留0,2026-09-24→2026-09-28,diff
6a9a8e52000000000b00dde3,特斯拉洋子（包全国）,9月Model 3买车思路！全款还是免西,旧:曝2337/读304/进0/开0/留0,784,59,0,0,0,5.26,Δ曝-1553/Δ读-245/Δ进0/Δ开0/Δ留0,2026-09-24→2026-09-28,diff
6a9e67f0000000002900f8d7,Model体验官一凡,9月🔥Model 3：19.55w起，Mode Y:22.65w起,旧:曝2958/读359/进1/开1/留1,879,59,1,1,1,35.06,Δ曝-2079/Δ读-300/Δ进0/Δ开0/Δ留0,2026-09-24→2026-09-28,diff
6a9e2648000000002b003657,Tesla特斯拉海岛日记,限时享！Model Y 9月提车：23.05w起,旧:曝7035/读1117/进0/开0/留0,125,8,0,0,0,0.45,Δ曝-6910/Δ读-1109/Δ进0/Δ开0/Δ留0,2026-09-24→2026-09-28,diff
6a9e2d32000000002b01f22c,特斯拉小朱｜全国可提🚗,Model Y➖1w，Model 3➖5k，9月这波赚大了,旧:曝2390/读425/进0/开0/留0,40,5,0,0,0,0.48,Δ曝-2350/Δ读-420/Δ进0/Δ开0/Δ留0,2026-09-24→2026-09-17,diff
6a9e1adf000000001203f6f1,特斯拉长泰,9月买特斯拉你必须要知道！重磅💥浮力来袭,旧:曝666/读101/进0/开0/留0,48,4,0,0,0,0.05,Δ曝-618/Δ读-97/Δ进0/Δ开0/Δ留0,2026-09-24→2026-09-08,diff
6a9e36a1000000000b00e4f0,特斯拉认证顾问湖北黄琳,特斯拉Y全系少1万 3全系少5000元优惠,旧:曝2510/读1131/进0/开0/留0,170,0,0,0,0,1.85,Δ曝-2340/Δ读-1131/Δ进0/Δ开0/Δ留0,2026-09-24→2026-09-08,diff
6a9e3012000000001001cdc9,济南特斯拉主理人,字少事大！9月Model Y立省1w！,旧:曝13868/读2045/进3/开2/留2,7243,822,3,2,2,484.44,Δ曝-6625/Δ读-1223/Δ进0/Δ开0/Δ留0,2026-09-24→2026-09-28,diff
6a9e264d0000000028031472,Tesla 鱼仔吖,直接减1w，9月Model Y现车限时提！,旧:曝1917/读320/进1/开1/留0,227,15,1,1,0,10.12,Δ曝-1690/Δ读-305/Δ进0/Δ开0/Δ留0,2026-09-24→2026-09-18,diff
6a9edb280000000012037785,特斯拉tesla星星,今日新政夯中夯！Model 3/Y尾款至高再减1w,旧:曝4058/读632/进1/开1/留1,537,43,1,1,1,29.92,Δ曝-3521/Δ读-589/Δ进0/Δ开0/Δ留0,2026-09-24→2026-09-28,diff
6a9e1d730000000028002196,特斯拉tesla星星,炸裂💥💥9月买Model Y 现金激励它来了！1w！！,旧:曝4730/读2153/进8/开7/留3,2515,75,10,8,4,445.39,Δ曝-2215/Δ读-2078/Δ进2/Δ开1/Δ留1,2026-09-24→2026-09-28,diff
6a9e4c94000000002b012296,杭州特斯拉-卡戴珊,疯了！特斯拉补贴Model3 4W，Y 3.7W,旧:曝21229/读2581/进16/开14/留3,16656,1739,16,14,3,918.11,Δ曝-4573/Δ读-842/Δ进0/Δ开0/Δ留0,2026-09-24→2026-09-20,diff
6a9e67c3000000002601a633,Tesla小许同学,需本月底前提车🚗,旧:曝818/读59/进0/开0/留0,594,32,0,0,0,11.07,Δ曝-224/Δ读-27/Δ进0/Δ开0/Δ留0,2026-09-24→2026-09-08,diff
6a9e26820000000027017d92,老表在特斯拉,今天的特斯拉超级热闹,旧:曝702/读99/进0/开0/留0,113,8,0,0,0,1.86,Δ曝-589/Δ读-91/Δ进0/Δ开0/Δ留0,2026-09-24→2026-09-08,diff
6a9e9b5b000000002502e52e,特斯拉Jojo超级辣,彻底疯狂！特斯拉宠粉福🎁来了！,旧:曝710/读71/进0/开0/留0,54,1,0,0,0,0,Δ曝-656/Δ读-70/Δ进0/Δ开0/Δ留0,2026-09-24→2026-09-08,diff
6a9e261e00000000280313fc,特斯拉Tesla-悠悠（全国可提）,9月限时减5000，Model 3这波低至19.77w起,旧:曝14374/读1945/进8/开8/留3,5463,659,10,10,4,1096.46,Δ曝-8911/Δ读-1286/Δ进2/Δ开2/Δ留1,2026-09-24→2026-09-28,diff
6a9e282800000000280003bc,Hi 特斯拉的小鹿,23.35w的Model Y来了🔥,旧:曝926/读265/进0/开0/留0,80,2,0,0,0,4.4,Δ曝-846/Δ读-263/Δ进0/Δ开0/Δ留0,2026-09-24→2026-09-08,diff
6a9e6683000000002901036a,杭州萧山特斯拉中心,限时补补！Model3✂️5k｜Model Y✂️1w,旧:曝6296/读917/进2/开2/留1,2297,237,2,2,1,138.08,Δ曝-3999/Δ读-680/Δ进0/Δ开0/Δ留0,2026-09-24→2026-09-28,diff
6a9e35c200000000120249f1,励志卖十万台特斯拉的-盼盼🍞,🔥9月30日截止！特斯拉现车激励能省1w！,旧:曝1595/读215/进0/开0/留0,393,20,0,0,0,87.93,Δ曝-1202/Δ读-195/Δ进0/Δ开0/Δ留0,2026-09-24→2026-09-28,diff
6a9e732e00000000280037d4,特斯拉-伊林Elaine🎀,9月限时福力❗️Model Y 22.65w起,旧:曝1237/读170/进0/开0/留0,259,13,0,0,0,9.26,Δ曝-978/Δ读-157/Δ进0/Δ开0/Δ留0,2026-09-24→2026-09-28,diff
6a9e55ee000000002601d84b,特斯拉金华| 露娜,谁懂啊😭9月太猛了！Model Y 22.65w起,旧:曝2289/读258/进1/开1/留1,389,25,1,1,1,129.8,Δ曝-1900/Δ读-233/Δ进0/Δ开0/Δ留0,2026-09-24→2026-09-28,diff
6a9e3c99000000002b01dc55,特斯拉Tesla-悠悠（全国可提）,9月找我捡漏｜Model Y减10000,旧:曝4716/读626/进5/开4/留1,2479,249,5,4,1,386.45,Δ曝-2237/Δ读-377/Δ进0/Δ开0/Δ留0,2026-09-24→2026-09-23,diff
6a9e1ab60000000029016652,特斯拉百科全苏丨全国可订🚗,惊呆了！9月特斯拉现车激励力度直接拉满,旧:曝1466/读254/进0/开0/留0,193,7,0,0,0,0.31,Δ曝-1273/Δ读-247/Δ进0/Δ开0/Δ留0,2026-09-24→2026-09-28,diff
6a9e34040000000026017823,特斯拉顾问小美🚗,补补拿完还有限时减10000，Model Y：22.57起,旧:曝6025/读1069/进0/开0/留0,52,4,0,0,0,0.03,Δ曝-5973/Δ读-1065/Δ进0/Δ开0/Δ留0,2026-09-24→2026-09-26,diff
6a9e6eb0000000002601e390,特斯拉一鸣,试驾完都抢着定！9月特斯拉限时现车政策🔥,旧:曝1723/读230/进0/开0/留0,49,3,0,0,0,0.95,Δ曝-1674/Δ读-227/Δ进0/Δ开0/Δ留0,2026-09-24→2026-09-21,diff
6a9e67430000000028030832,特斯拉｜东东,再✂️1w❗️9月提Model Y的宝子有福了❗️,旧:曝4355/读655/进0/开0/留0,489,43,0,0,0,69.48,Δ曝-3866/Δ读-612/Δ进0/Δ开0/Δ留0,2026-09-24→2026-09-28,diff
6a9e4e8b000000002601c482,Tesla特斯拉小九,北京打工人9月提车！每天70块开特斯拉！,旧:曝2370/读368/进0/开0/留0,439,37,0,0,0,48.09,Δ曝-1931/Δ读-331/Δ进0/Δ开0/Δ留0,2026-09-24→2026-09-19,diff
6a9e0bdc00000000280033c5,温州特斯拉-Tesla小凯,特斯拉 爆了爆了 太炸了,旧:曝844/读153/进0/开0/留0,226,5,0,0,0,0.3,Δ曝-618/Δ读-148/Δ进0/Δ开0/Δ留0,2026-09-24→2026-09-08,diff
6a9e1f0f000000001001efc2,嘉兴特斯拉中心🚗,九月买车太香了✨普通人代步真的划算,旧:曝969/读167/进0/开0/留0,30,2,0,0,0,0.05,Δ曝-939/Δ读-165/Δ进0/Δ开0/Δ留0,2026-09-24→2026-09-17,diff
6a9e44ce000000002502ecb1,常州特斯拉-小蒋,9月购车正当时🤩Model 3尾款再➖️5k,旧:曝2706/读472/进0/开0/留0,227,9,0,0,0,2.48,Δ曝-2479/Δ读-463/Δ进0/Δ开0/Δ留0,2026-09-24→2026-09-20,diff
6a9e1d1a000000002b024135,特斯拉长沙向姐🌸,⚡速冲！限时现车激励｜特斯拉入手好时机,旧:曝1471/读155/进1/开1/留0,625,48,1,1,0,55.27,Δ曝-846/Δ读-107/Δ进0/Δ开0/Δ留0,2026-09-24→2026-09-28,diff
6a9e0be6000000002601aee2,TESLA特斯拉-千赫（全国可提),特斯拉9月限时激励：Model Y减1W，Model 3➖5K,旧:曝4839/读879/进8/开6/留6,3556,436,11,9,9,858.58,Δ曝-1283/Δ读-443/Δ进3/Δ开3/Δ留3,2026-09-24→2026-09-28,diff
6a9e404200000000260302d9,TESLA特斯拉-千赫（全国可提),🚨刚刚更新！特斯拉9月限⏰立➖10000,旧:曝1673/读162/进1/开0/留0,747,56,1,0,0,110.23,Δ曝-926/Δ读-106/Δ进0/Δ开0/Δ留0,2026-09-24→2026-09-28,diff
6a9ebf1f000000002a007aff,TESLA 李嘉嘉,🎀上班暂停❗️特斯拉蕞新政策🚗现车立➖10000,旧:曝1007/读87/进0/开0/留0,85,3,0,0,0,0.07,Δ曝-922/Δ读-84/Δ进0/Δ开0/Δ留0,2026-09-24→2026-09-28,diff
6a9e75530000000026009220,特斯拉福建交付中心,怒省1w❗️特斯拉这波真的给力，早锁早享受,旧:曝1757/读306/进0/开0/留0,9,0,0,0,0,0,Δ曝-1748/Δ读-306/Δ进0/Δ开0/Δ留0,2026-09-24→2026-09-08,diff
6a9e608a000000002502fb97,卖特斯拉的潮汕小妮（车主版）,打工人🈷️供又低了！每月2377开上Model 3🚗,旧:曝1203/读406/进0/开0/留0,241,5,0,0,0,16.45,Δ曝-962/Δ读-401/Δ进0/Δ开0/Δ留0,2026-09-24→2026-09-22,diff
6a9e33ed0000000027008f45,特斯拉尼克,🚨炸裂！特斯拉9月限时重磅抢现车❗️,旧:曝22783/读2664/进8/开7/留5,19971,2222,8,7,5,1168.99,Δ曝-2812/Δ读-442/Δ进0/Δ开0/Δ留0,2026-09-24→2026-09-28,diff
6a9e480d0000000025035ee2,特斯拉校草,特斯拉9🈷️限时重磅浮力❗️Model Y省10000元,旧:曝2436/读1279/进1/开1/留1,955,12,1,1,1,168.17,Δ曝-1481/Δ读-1267/Δ进0/Δ开0/Δ留0,2026-09-24→2026-09-22,diff
6a9e25e1000000002a02c6b2,宁波特斯拉-海曙龙湖天街店,9月大动作，Model Y限时减10000，可叠！！,旧:曝2519/读447/进0/开0/留0,341,17,0,0,0,1.69,Δ曝-2178/Δ读-430/Δ进0/Δ开0/Δ留0,2026-09-24→2026-09-21,diff
6a9e08b6000000002a005f5c,特斯拉- CJ日记,大动作！特斯拉官网直接减1万！？,旧:曝2597/读553/进0/开0/留0,770,69,0,0,0,19.04,Δ曝-1827/Δ读-484/Δ进0/Δ开0/Δ留0,2026-09-24→2026-09-10,diff
6a9e066600000000260162c2,特斯拉店长-小菏,Model Y限时减免1w！！！！,旧:曝633/读122/进0/开0/留0,37,0,0,0,0,0,Δ曝-596/Δ读-122/Δ进0/Δ开0/Δ留0,2026-09-24→2026-09-08,diff
6a9e0138000000001103628a,特斯拉店长-小菏,终于等到了特斯拉的政策！,旧:曝7666/读1721/进2/开0/留0,5091,1189,2,0,0,206.25,Δ曝-2575/Δ读-532/Δ进0/Δ开0/Δ留0,2026-09-24→2026-09-10,diff
6a9e3f310000000025037503,小林的特斯拉日记,9月现车激励，22.95w提走特斯拉？？👍,旧:曝5376/读842/进1/开1/留1,634,49,1,1,1,31.48,Δ曝-4742/Δ读-793/Δ进0/Δ开0/Δ留0,2026-09-24→2026-09-28,diff
6aa100250000000012003105,杭州萧山特斯拉中心,9月提车👉Model Y：22:57w起,旧:曝138908/读18840/进2/开2/留1,5349,629,4,4,1,362.37,Δ曝-133559/Δ读-18211/Δ进2/Δ开2/Δ留0,2026-09-24→2026-09-28,diff
6aa1230100000000260085dd,哈莉（特斯拉分身）,刚试驾下定！Model 3：19.47w起,旧:曝40288/读6693/进0/开0/留0,483,32,0,0,0,13.92,Δ曝-39805/Δ读-6661/Δ进0/Δ开0/Δ留0,2026-09-24→2026-09-28,diff
6aa120e30000000012002af4,Haha同学在特斯拉,9月新政，Model 3：19.47w起,旧:曝12052/读1708/进1/开1/留0,1032,100,1,1,0,97.53,Δ曝-11020/Δ读-1608/Δ进0/Δ开0/Δ留0,2026-09-24→2026-09-28,diff
6aa0fd2c000000002900dfb1,特斯拉邮递员子枫,95后备婚清单，7.99w入Model 3,旧:曝2800/读414/进0/开0/留0,147,7,0,0,0,0.2,Δ曝-2653/Δ读-407/Δ进0/Δ开0/Δ留0,2026-09-24→2026-09-28,diff
6aa0fcfc00000000280331ce,特斯拉体验官Leo,报废车换购Model 3的来，19.47w起,旧:曝7842/读1139/进1/开0/留0,3992,448,1,0,0,134.23,Δ曝-3850/Δ读-691/Δ进0/Δ开0/Δ留0,2026-09-24→2026-09-28,diff
6a9e049000000000120370f7,特斯拉小成🍊,特斯拉限时优惠10000元,旧:曝13225/读1925/进3/开2/留1,10111,984,3,2,1,563.39,Δ曝-3114/Δ读-941/Δ进0/Δ开0/Δ留0,2026-09-24→2026-09-13,diff
6a741966000000000600642d,特斯拉小高特热情,Model Y和YL的区别及费用一览,旧:曝168948/读23576/进2/开1/留0,608,11,2,1,0,93.67,Δ曝-168340/Δ读-23565/Δ进0/Δ开0/Δ留0,2026-09-24→2026-09-15,diff
6a9130e9000000002c03e85f,特斯拉认证顾问湖北黄琳,特斯拉Model Y 2026年9月优惠政策、配置讲解,旧:曝65610/读32788/进9/开4/留2,5704,478,12,5,2,425.45,Δ曝-59906/Δ读-32310/Δ进3/Δ开1/Δ留0,2026-09-24→2026-09-28,diff
6a96675c000000002802dad8,特斯拉小高特热情,九月份！预算20w的女生！冲Model 3,旧:曝3364/读421/进0/开0/留0,417,22,0,0,0,53.21,Δ曝-2947/Δ读-399/Δ进0/Δ开0/Δ留0,2026-09-24→2026-09-27,diff
6a97bbc9000000002502d2d6,扬州特斯拉🚗｜高欣阳,扬州 9月国补后，Model Y，23W➕,旧:曝11103/读1214/进7/开6/留0,2119,245,7,6,0,202,Δ曝-8984/Δ读-969/Δ进0/Δ开0/Δ留0,2026-09-24→2026-09-13,diff
6a788b460000000022012382,特斯拉周周打工日记,二胎换车预算10w，居然提了六座Model Y L,旧:曝121430/读21956/进0/开0/留0,2496,633,0,0,0,153.76,Δ曝-118934/Δ读-21323/Δ进0/Δ开0/Δ留0,2026-09-24→2026-09-27,diff
6a9e07e90000000029017f15,特斯拉TESLA｜Kitsa,特斯拉Model Y 限时激励10000补贴,旧:曝17483/读1854/进18/开12/留8,16323,1547,18,12,8,1852.44,Δ曝-1160/Δ读-307/Δ进0/Δ开0/Δ留0,2026-09-24→2026-09-24,diff
6a8577b9000000002701cfbf,杭州特斯拉-卡戴珊,提车啦姐妹们！Model3 19.55W直接拿下！,旧:曝44977/读9876/进29/开28/留15,30849,6703,32,31,18,3035.88,Δ曝-14128/Δ读-3173/Δ进3/Δ开3/Δ留3,2026-09-24→2026-09-28,diff
6a9b9d3600000000290139a4,宁波特斯拉 (鄞州万达店),等等党胜利✌️Model y 23.65,旧:曝162063/读24053/进0/开0/留0,559,32,0,0,0,15.08,Δ曝-161504/Δ读-24021/Δ进0/Δ开0/Δ留0,2026-09-24→2026-09-24,diff
6a994e2c000000002a004116,糖酸酸🍬开特斯拉,坐标重庆｜9月23.05w起带走黑标Model Y,旧:曝4293/读642/进2/开2/留1,2422,266,4,4,3,274.39,Δ曝-1871/Δ读-376/Δ进2/Δ开2/Δ留2,2026-09-24→2026-09-28,diff
6a7c956f0000000022010582,Kiki_在特斯拉 🚗,首付4.59w| 开走通勤神器白色Model3🤍,旧:曝9391/读1252/进11/开9/留5,3208,314,11,9,5,586.28,Δ曝-6183/Δ读-938/Δ进0/Δ开0/Δ留0,2026-09-24→2026-09-22,diff
6aa136d6000000000d0268a5,常州特斯拉-小蒋,真的有说法！9月Model Y提走仅这个价！,旧:曝8988/读1230/进9/开8/留6,12333,1489,17,14,11,1538.67,Δ曝3345/Δ读259/Δ进8/Δ开6/Δ留5,2026-09-24→2026-09-28,diff
6a7fe454000000002500c9e6,特斯拉文文（销冠版,九月提车｜Model Y落地价干到23w➕🔥,旧:曝20698/读3529/进8/开7/留5,21624,3518,19,16,11,1569.08,Δ曝926/Δ读-11/Δ进11/Δ开9/Δ留6,2026-09-24→2026-09-28,diff
6a98d1b5000000002900e63e,特斯拉海尔兄弟,杭州Model 3补补叠满🔥全国du1️⃣份叠加政策,旧:曝1149/读131/进0/开0/留0,257,16,0,0,0,4.93,Δ曝-892/Δ读-115/Δ进0/Δ开0/Δ留0,2026-09-24→2026-09-26,diff
6a9e0316000000001103aff8,特斯拉中国｜惠子,特斯拉限时 优惠10000,旧:曝2203/读504/进1/开0/留0,788,47,1,0,0,29.98,Δ曝-1415/Δ读-457/Δ进0/Δ开0/Δ留0,2026-09-24→2026-09-15,diff
6a963084000000001203e33a,特斯拉小星✨,9月保xian补补来了！个人可叠国补🚗,旧:曝3448/读381/进1/开1/留1,1084,84,1,1,1,125.86,Δ曝-2364/Δ读-297/Δ进0/Δ开0/Δ留0,2026-09-24→2026-09-27,diff
6aa144b80000000028037d46,桃桃在特斯拉🍑,9🈷️国补Model 3：19.47w【附攻略】,旧:曝5784/读830/进0/开0/留0,597,35,0,0,0,25.43,Δ曝-5187/Δ读-795/Δ进0/Δ开0/Δ留0,2026-09-24→2026-09-21,diff
6a9cd9bd000000002b01d7b6,Tesla雅婷（包全国）,二胎家庭置换六座Model Y L，30.12w起拿下~,旧:曝1643/读238/进1/开0/留0,57,4,1,0,0,0.15,Δ曝-1586/Δ读-234/Δ进0/Δ开0/Δ留0,2026-09-24→2026-09-19,diff
6a9e40f3000000002502da9d,特斯拉上海交付中心,蕞新！9月入手Model Y裸车jia22.95w起,旧:曝12804/读1585/进3/开2/留1,3555,419,3,2,1,490.8,Δ曝-9249/Δ读-1166/Δ进0/Δ开0/Δ留0,2026-09-24→2026-09-28,diff
6aa11db1000000001103b4ba,Tesla_Selina,9月｜黑标Model 3：19w+起,旧:曝96612/读14239/进14/开7/留5,18952,2372,16,9,6,1310.09,Δ曝-77660/Δ读-11867/Δ进2/Δ开2/Δ留1,2026-09-24→2026-09-28,diff
6a9f9b6b000000002a0048e2,Tesla雅婷（包全国）,9月激励来啦！Model Y开回家只要22.37w,旧:曝1570/读233/进0/开0/留0,226,14,0,0,0,29.12,Δ曝-1344/Δ读-219/Δ进0/Δ开0/Δ留0,2026-09-24→2026-09-19,diff
6aa102a700000000120039cf,特斯拉小星✨,9月Model 3来啦｜19.47w入手香不香~,旧:曝2301/读286/进1/开1/留0,891,88,1,1,0,74.08,Δ曝-1410/Δ读-198/Δ进0/Δ开0/Δ留0,2026-09-24→2026-09-19,diff
6a9e32ed00000000280027f6,特斯拉小星✨,9月Model Y22.65w！这波真的值得冲~,旧:曝4461/读706/进3/开1/留0,1173,137,3,1,0,92.07,Δ曝-3288/Δ读-569/Δ进0/Δ开0/Δ留0,2026-09-24→2026-09-25,diff
6a9425a0000000001f00343c,Tesla 特斯拉丨佳佳⚡,家庭换车，预算10w提六座Model Y L,旧:曝5206/读729/进0/开0/留0,44,6,0,0,0,0.02,Δ曝-5162/Δ读-723/Δ进0/Δ开0/Δ留0,2026-09-24→2026-09-19,diff
6aa2711400000000260174d2,Tesla｜玉子（特专业版）,95后通勤党狂喜，19w+提Model 3!,旧:曝1990/读304/进0/开0/留0,48,1,0,0,0,0.04,Δ曝-1942/Δ读-303/Δ进0/Δ开0/Δ留0,2026-09-24→2026-09-18,diff
6aa262ff000000002802f424,特斯拉Pupu,2026青岛汽车新购补补来啦,旧:曝9937/读1487/进11/开9/留6,13369,1682,27,21,12,1370.25,Δ曝3432/Δ读195/Δ进16/Δ开12/Δ留6,2026-09-24→2026-09-28,diff
6aa0f7900000000011034034,特斯拉Pupu,特斯拉蕞新补补攻略,旧:曝785/读62/进1/开1/留0,288,12,1,1,0,27.71,Δ曝-497/Δ读-50/Δ进0/Δ开0/Δ留0,2026-09-24→2026-09-28,diff
6aa261720000000025034faf,特斯拉的羊毛,成都买特斯拉，9月这两个时间点一定要看清,旧:曝1780/读264/进0/开0/留0,282,24,0,0,0,46.04,Δ曝-1498/Δ读-240/Δ进0/Δ开0/Δ留0,2026-09-24→2026-09-28,diff
6aa14f83000000000b0373c7,特斯拉洋子（包全国）,我没眼花吧😳9月Model 3：19.47w起！,旧:曝1867/读267/进0/开0/留0,210,11,0,0,0,57.27,Δ曝-1657/Δ读-256/Δ进0/Δ开0/Δ留0,2026-09-24→2026-09-28,diff
6aa27df2000000002a007399,特斯拉洋子（包全国）,预算10w适合高智感女生开的车 | Model Y,旧:曝7383/读1281/进0/开0/留0,633,39,0,0,0,78.46,Δ曝-6750/Δ读-1242/Δ进0/Δ开0/Δ留0,2026-09-24→2026-09-25,diff
6aa261330000000027016586,博文在特斯拉,方案来了，9月Model Y，22.57w起,旧:曝3469/读527/进0/开0/留0,47,5,0,0,0,1,Δ曝-3422/Δ读-522/Δ进0/Δ开0/Δ留0,2026-09-24→2026-09-19,diff
6aa11e19000000002a02ca0f,特斯拉茉茉美少女,【9月开销】月入6k👩🏻‍💻打工人养Mode l Y,旧:曝5569/读816/进2/开2/留2,3040,462,2,2,2,340.01,Δ曝-2529/Δ读-354/Δ进0/Δ开0/Δ留0,2026-09-24→2026-09-28,diff
6a9fa87f0000000011035297,宁波鄞州特斯拉中心,🚨Model Y重磅限时1w❗️倒计时抓紧！,旧:曝768/读87/进0/开0/留0,57,2,0,0,0,1.22,Δ曝-711/Δ读-85/Δ进0/Δ开0/Δ留0,2026-09-24→2026-09-18,diff
6aa12bd7000000002502dd9a,宁波鄞州特斯拉中心,9月想买六座Model Y L现车的，一定要看完！,旧:曝3743/读646/进0/开0/留0,207,23,0,0,0,7.2,Δ曝-3536/Δ读-623/Δ进0/Δ开0/Δ留0,2026-09-24→2026-09-28,diff
6aa282fb0000000012002afa,Tesla未来销冠梦瑶,不敢信😳Model 3 19w多！Model Y 22w多！,旧:曝2423/读353/进0/开0/留0,219,33,0,0,0,32.73,Δ曝-2204/Δ读-320/Δ进0/Δ开0/Δ留0,2026-09-24→2026-09-28,diff
6a9ffa07000000002b0267c8,特斯拉 开开,95后旧车想换Model Y，9🈷️看这篇就够了,旧:曝1054/读108/进0/开0/留0,118,4,0,0,0,38.49,Δ曝-936/Δ读-104/Δ进0/Δ开0/Δ留0,2026-09-24→2026-09-28,diff
6aa1995a000000002b01f6a5,特斯拉 开开,9🈷️提Model Y太兴奋✨尾款激励1w💰23.55起,旧:曝1690/读831/进0/开0/留0,877,24,0,0,0,63.64,Δ曝-813/Δ读-807/Δ进0/Δ开0/Δ留0,2026-09-24→2026-09-22,diff
6a9e1e3e000000000d026b3a,特斯拉七七77,月供2894，美美开走特斯拉Model Y～,旧:曝1678/读229/进0/开0/留0,571,26,0,0,0,3.6,Δ曝-1107/Δ读-203/Δ进0/Δ开0/Δ留0,2026-09-24→2026-09-19,diff
6aa367130000000026014c5c,特斯拉邮递员子枫,9月国补后，黑色Model Y：22.57w起,旧:曝99346/读14779/进0/开0/留0,3451,431,2,2,1,287.17,Δ曝-95895/Δ读-14348/Δ进2/Δ开2/Δ留1,2026-09-24→2026-09-28,diff
6aa23fec000000002b025cb9,特斯拉小朱｜全国可提🚗,特斯拉Model 3：19.57w起！这波直接杀疯了！,旧:曝2989/读445/进0/开0/留0,58,2,0,0,0,0.48,Δ曝-2931/Δ读-443/Δ进0/Δ开0/Δ留0,2026-09-24→2026-09-27,diff
6aa2bb32000000002802d8ce,济南特斯拉主理人,蕞强新购补来啦！山东蕞高补1.2w！,旧:曝1986/读367/进0/开0/留0,291,19,0,0,0,16.72,Δ曝-1695/Δ读-348/Δ进0/Δ开0/Δ留0,2026-09-24→2026-09-28,diff
6a9f9274000000000d024b72,临沂特斯拉的服务员🤖,🔥特斯拉9月补补拉满限时激励➖️1w！！！！！,旧:曝915/读144/进0/开0/留0,92,10,0,0,0,5.35,Δ曝-823/Δ读-134/Δ进0/Δ开0/Δ留0,2026-09-24→2026-09-19,diff
6aa11a60000000001001f696,特斯拉顾问小美🚗,9月拿国补，黑标Model 3：19.47w起,旧:曝909/读303/进1/开1/留0,367,19,6,4,1,352.42,Δ曝-542/Δ读-284/Δ进5/Δ开3/Δ留1,2026-09-24→2026-09-27,diff
6a9fac760000000026016055,特斯拉校草,大震惊❗️西安9月买Model Y怒省3.7万！,旧:曝3081/读366/进0/开0/留0,1101,84,0,0,0,54.73,Δ曝-1980/Δ读-282/Δ进0/Δ开0/Δ留0,2026-09-24→2026-09-28,diff
6aa27c6e000000002901a0da,特斯拉百科全苏丨全国可订🚗,Model 3立减5000，裸车19.77w起！,旧:曝456/读78/进0/开0/留0,48,1,0,0,0,0.01,Δ曝-408/Δ读-77/Δ进0/Δ开0/Δ留0,2026-09-24→2026-09-27,diff
6aa124490000000027015931,Tesla 鱼仔吖,广东 | 黑标Model 3：19w+起,旧:曝10243/读1619/进1/开1/留1,232,13,1,1,1,9.07,Δ曝-10011/Δ读-1606/Δ进0/Δ开0/Δ留0,2026-09-24→2026-09-28,diff
6a9f8b52000000002b025727,特斯拉Tesla-悠悠（全国可提）,特斯拉9月年度底价来袭最高减2.6w,旧:曝8574/读1336/进4/开3/留0,6882,1228,4,3,0,435.65,Δ曝-1692/Δ读-108/Δ进0/Δ开0/Δ留0,2026-09-24→2026-09-28,diff
6aa14546000000002701475f,TESLA特斯拉-千赫（全国可提),九月新活动｜Model Y 23.05W起 方案算好了⬇️,旧:曝1997/读253/进1/开1/留1,569,56,2,2,2,130.08,Δ曝-1428/Δ读-197/Δ进1/Δ开1/Δ留1,2026-09-24→2026-09-28,diff
6a9c21a6000000000b00edf0,TESLA特斯拉 雅雅,9月入手Model Y L香惨：30.12w起,旧:曝5569/读751/进3/开3/留0,3419,449,3,3,0,280.3,Δ曝-2150/Δ读-302/Δ进0/Δ开0/Δ留0,2026-09-24→2026-09-21,diff
6a9ae38b000000002601af83,Tesla特斯拉小九,黑武士 Model Y，9月23.05w起拿下~🥳,旧:曝2800/读313/进0/开0/留0,112,16,0,0,0,10.43,Δ曝-2688/Δ读-297/Δ进0/Δ开0/Δ留0,2026-09-24→2026-09-19,diff
6aa0d1ee0000000011033989,嘉兴特斯拉中心🚗,九月特斯拉政策已出！至高1️⃣w激励✨,旧:曝1788/读898/进0/开0/留0,709,11,0,0,0,66.25,Δ曝-1079/Δ读-887/Δ进0/Δ开0/Δ留0,2026-09-24→2026-09-19,diff
6a9d7a3f000000000b037dd1,特斯拉｜东东,9月入手节点✨Model 3 20.67w起开走！,旧:曝2430/读363/进1/开1/留0,179,11,1,1,0,98.12,Δ曝-2251/Δ读-352/Δ进0/Δ开0/Δ留0,2026-09-24→2026-09-15,diff
6a9a57f50000000026017f98,Tesla | 特斯拉费费,Model Y四万多提车，在南京我买贵了吗🤔,旧:曝2161/读197/进7/开7/留5,1875,149,13,12,9,653.85,Δ曝-286/Δ读-48/Δ进6/Δ开5/Δ留4,2026-09-24→2026-09-28,diff
6aa005960000000029018b3e,特斯拉奶爸~啊新 （全国可定）,再✂1w，9月提Model Y的宝子有福了,旧:曝62836/读3312/进3/开3/留2,5005,650,5,5,3,643.94,Δ曝-57831/Δ读-2662/Δ进2/Δ开2/Δ留1,2026-09-24→2026-09-28,diff
6aa24ce800000000280361f8,励志卖十万台特斯拉的-盼盼🍞,谁说00后买不起？我4.59w提了Model 3,旧:曝1796/读194/进0/开0/留0,172,8,0,0,0,4.9,Δ曝-1624/Δ读-186/Δ进0/Δ开0/Δ留0,2026-09-24→2026-09-22,diff
6a9ea7ed000000002a006f22,特斯拉奶爸~啊新 （全国可定）,别等！9月特斯拉这波现车立➖ 1万,旧:曝5915/读1983/进1/开1/留0,2226,240,1,1,0,116.11,Δ曝-3689/Δ读-1743/Δ进0/Δ开0/Δ留0,2026-09-24→2026-09-28,diff
6a9ac3f2000000002601f1fd,特斯拉奶爸~啊新 （全国可定）,9月六座Model Y L，裸车价30.12w起,旧:曝114791/读17208/进3/开2/留0,1592,328,3,2,0,317.65,Δ曝-113199/Δ读-16880/Δ进0/Δ开0/Δ留0,2026-09-24→2026-09-28,diff
6aa1651a000000002800391e,特斯拉tesla星星,9月提六座Model YL思路！本月浮力别错过,旧:曝5252/读757/进0/开0/留0,515,39,0,0,0,4.97,Δ曝-4737/Δ读-718/Δ进0/Δ开0/Δ留0,2026-09-24→2026-09-19,diff
6aa2618c000000002b01c10d,TESLA 李嘉嘉,一觉睡醒，成都9月Model 3 :19.65w拿下😱,旧:曝1748/读222/进0/开0/留0,109,5,0,0,0,0.93,Δ曝-1639/Δ读-217/Δ进0/Δ开0/Δ留0,2026-09-24→2026-09-28,diff
6aa285120000000026019180,TESLA 李嘉嘉,我愿称之为九月蕞强活动。。。大鼠标22.75w,旧:曝2366/读398/进0/开0/留0,75,7,0,0,0,1.2,Δ曝-2291/Δ读-391/Δ进0/Δ开0/Δ留0,2026-09-24→2026-09-28,diff
6aa3d1310000000028038982,,(库中无此笔记→将新建),,4033,311,3,1,0,251.39,2026-09-11,2026-09-19,new
6aa3ce1a000000002b012011,,(库中无此笔记→将新建),,4907,272,6,4,0,243.33,2026-09-11,2026-09-19,new
6aa3ce3b000000002502c302,,(库中无此笔记→将新建),,3192,225,3,3,2,274.09,2026-09-11,2026-09-27,new
6aa3ce630000000029011dd7,,(库中无此笔记→将新建),,1311,78,2,1,0,18.12,2026-09-11,2026-09-15,new
6aa3ce960000000025036438,,(库中无此笔记→将新建),,17058,1420,30,22,11,1433.49,2026-09-11,2026-09-28,new
6aa3d115000000002900dd3e,,(库中无此笔记→将新建),,2307,144,0,0,0,137.08,2026-09-11,2026-09-27,new
6aa4ebec0000000029013ca3,桃桃在特斯拉🍑,我天！！Model Y22.65w起，兴奋了！！,旧:曝14536/读2195/进0/开0/留0,1562,129,0,0,0,139.25,Δ曝-12974/Δ读-2066/Δ进0/Δ开0/Δ留0,2026-09-24→2026-09-28,diff
6a993c92000000002a02e756,Tesla雅婷（包全国）,东北只花3k带走Model Y，我是怎么做到的❓,旧:曝2377/读243/进0/开0/留0,669,34,0,0,0,6.05,Δ曝-1708/Δ读-209/Δ进0/Δ开0/Δ留0,2026-09-24→2026-09-19,diff
6aa795bf0000000027017b74,Tesla雅婷（包全国）,9月，Model Y黑武士：23.57w起,旧:曝12264/读1769/进4/开4/留3,8723,1179,4,4,3,800.65,Δ曝-3541/Δ读-590/Δ进0/Δ开0/Δ留0,2026-09-24→2026-09-28,diff
6aa2aede000000000b0006bf,Tesla特斯拉｜佳俊,月2894，美美开走特斯拉Model Y～🔥,旧:曝1504/读105/进0/开0/留0,860,56,0,0,0,144.48,Δ曝-644/Δ读-49/Δ进0/Δ开0/Δ留0,2026-09-24→2026-09-19,diff
6aa2539b000000001001ecb6,特斯拉七七77,西安9月买Model 3，居然能怒省4W❗️,旧:曝1660/读135/进3/开3/留2,966,58,3,3,2,338.13,Δ曝-694/Δ读-77/Δ进0/Δ开0/Δ留0,2026-09-24→2026-09-28,diff
6a9be2fb000000002502c251,特斯拉七七77,9月Model Y提车这个价吗…有点说法🤔,旧:曝1909/读154/进0/开0/留0,504,16,0,0,0,15.68,Δ曝-1405/Δ读-138/Δ进0/Δ开0/Δ留0,2026-09-24→2026-09-16,diff
6a9928000000000025034a4b,特斯拉七七77,9月西安Model 3｜19.97w🔥【全国可提】,旧:曝3755/读318/进3/开3/留3,3626,306,3,3,3,282.31,Δ曝-129/Δ读-12/Δ进0/Δ开0/Δ留0,2026-09-24→2026-09-28,diff
6a9ab8dc0000000026033207,万象城Tesla I 麦麦(全国可提),"9月限时➖1w,22.65w开走Model y!",旧:曝10003/读1296/进8/开8/留6,8533,977,8,8,6,1030.98,Δ曝-1470/Δ读-319/Δ进0/Δ开0/Δ留0,2026-09-24→2026-09-28,diff
6a9c2c7e000000000d0251fe,中山特斯拉小波（努力版）,9月太香啦！19.39w拿下Model 3~✨,旧:曝2400/读268/进0/开0/留0,707,46,0,0,0,120.64,Δ曝-1693/Δ读-222/Δ进0/Δ开0/Δ留0,2026-09-24→2026-09-19,diff
6a9ee4710000000026014fbc,中山特斯拉小波（努力版）,⏰截止9.30！Model3/Y全套权益整理｜小波,旧:曝1876/读277/进0/开0/留0,156,10,0,0,0,7.68,Δ曝-1720/Δ读-267/Δ进0/Δ开0/Δ留0,2026-09-24→2026-09-19,diff
6aa2d3b5000000000d025774,临沂特斯拉的服务员🤖,特斯拉🔥无旧车新购大额补贴来了！新购速看,旧:曝1064/读122/进0/开0/留0,99,3,0,0,0,0.06,Δ曝-965/Δ读-119/Δ进0/Δ开0/Δ留0,2026-09-24→2026-09-16,diff
6aa294aa000000002a0245c3,TESLA特斯拉 雅雅,又猛又心动的9️⃣月！Model Y 22.65w起,旧:曝1180/读77/进1/开0/留0,768,48,1,0,0,35.57,Δ曝-412/Δ读-29/Δ进0/Δ开0/Δ留0,2026-09-24→2026-09-19,diff
6a983d2f0000000029015e1c,TESLA特斯拉 雅雅,MODEL Y九月政策一览 | 冰河蓝,旧:曝2149/读279/进0/开0/留0,427,48,0,0,0,55.24,Δ曝-1722/Δ读-231/Δ进0/Δ开0/Δ留0,2026-09-24→2026-09-19,diff
6a93e171000000002501f50b,TESLA特斯拉 雅雅,补贴倒计时❗️黑标Model Y：23.57w起,旧:曝1782/读215/进0/开0/留0,233,19,0,0,0,6.1,Δ曝-1549/Δ读-196/Δ进0/Δ开0/Δ留0,2026-09-24→2026-09-19,diff
6a886f1600000000350225b2,TESLA特斯拉 雅雅,手付7.99w首车，直接拿下黑武士Model 3！,旧:曝2642/读974/进0/开0/留0,758,17,0,0,0,68.03,Δ曝-1884/Δ读-957/Δ进0/Δ开0/Δ留0,2026-09-24→2026-09-15,diff
6aa3b98400000000110315e6,特斯拉Jojo超级辣,9月限时再减1w！Model Y：22.57w起🔥,旧:曝1354/读157/进0/开0/留0,194,10,0,0,0,10.32,Δ曝-1160/Δ读-147/Δ进0/Δ开0/Δ留0,2026-09-24→2026-09-18,diff
6aa54c61000000002603010d,杭州特斯拉-卡戴珊,9月提特斯拉Model3优惠4万｜入手真实底价,旧:曝6150/读842/进3/开3/留3,3399,375,4,4,4,427,Δ曝-2751/Δ读-467/Δ进1/Δ开1/Δ留1,2026-09-24→2026-09-28,diff
6aa3d5f50000000028031a5a,杭州特斯拉-卡戴珊,刚刚！减一万后 Model Y 22.57W提走了！,旧:曝3790/读651/进0/开0/留0,337,14,0,0,0,1.6,Δ曝-3453/Δ读-637/Δ进0/Δ开0/Δ留0,2026-09-24→2026-09-16,diff
6a967859000000000b0372d3,杭州特斯拉-卡戴珊,特斯拉Model3｜落地价格19.47W 🌸女生开真香,旧:曝5889/读815/进0/开0/留0,1388,156,0,0,0,127.49,Δ曝-4501/Δ读-659/Δ进0/Δ开0/Δ留0,2026-09-24→2026-09-16,diff
6aa916bd0000000028038a51,杭州萧山特斯拉中心,手付5.59w，开走六座Model Y L,旧:曝5392/读713/进2/开2/留1,1378,154,2,2,1,271.14,Δ曝-4014/Δ读-559/Δ进0/Δ开0/Δ留0,2026-09-24→2026-09-28,diff
6aa8f77e000000002802d91d,Tesla | 特斯拉费费,特斯拉最新政策：Model Y 22.57w起,旧:曝5209/读551/进4/开3/留3,3430,294,4,3,3,470.65,Δ曝-1779/Δ读-257/Δ进0/Δ开0/Δ留0,2026-09-24→2026-09-28,diff
6a919942000000001f000fd7,Tesla 特斯拉丨佳佳⚡,预算15w左右的00后，闭眼冲Model 3🥰,旧:曝3507/读531/进0/开0/留0,257,26,0,0,0,27.87,Δ曝-3250/Δ读-505/Δ进0/Δ开0/Δ留0,2026-09-24→2026-09-20,diff
6a9f8cad000000002803beb3,常州特斯拉-小彤,02销渣一天开数单，帮客户抢现车拿万元激励,旧:曝8718/读1723/进1/开1/留0,1202,94,1,1,0,59.16,Δ曝-7516/Δ读-1629/Δ进0/Δ开0/Δ留0,2026-09-24→2026-09-15,diff
6a939fc0000000000b02409c,常州特斯拉-小彤,九月，Model Y：22.87,旧:曝35957/读5554/进2/开2/留1,2574,229,2,2,1,305.28,Δ曝-33383/Δ读-5325/Δ进0/Δ开0/Δ留0,2026-09-24→2026-09-28,diff
6aa91458000000002b0272ff,特斯拉Yoki特努力,9月大惊喜！Model 3：19.47w起,旧:曝5404/读691/进0/开0/留0,720,48,0,0,0,20.02,Δ曝-4684/Δ读-643/Δ进0/Δ开0/Δ留0,2026-09-24→2026-09-28,diff
6aa8db05000000000b036a2a,特斯拉Yoki特努力,Model Y六色实拍，22.97w起,旧:曝31392/读4472/进0/开0/留0,1472,171,3,2,0,82.87,Δ曝-29920/Δ读-4301/Δ进3/Δ开2/Δ留0,2026-09-24→2026-09-28,diff
6a9e2e32000000000b00cccb,特斯拉洋子（包全国）,9月购车有现金激励❓️Model Y：22.65w起,旧:曝5490/读954/进0/开0/留0,441,26,0,0,0,5.51,Δ曝-5049/Δ读-928/Δ进0/Δ开0/Δ留0,2026-09-24→2026-09-28,diff
6aaa0c81000000002a0078ae,特斯拉邮递员子枫,太猛了，9月Model 3：19.47w起,旧:曝7320/读987/进0/开0/留0,1999,169,2,2,1,100.1,Δ曝-5321/Δ读-818/Δ进2/Δ开2/Δ留1,2026-09-24→2026-09-28,diff
6aa9091c0000000028003b91,Tesla未来销冠梦瑶,2026国补后，Model Y：22W+,旧:曝2684/读343/进0/开0/留0,684,53,1,1,1,12.18,Δ曝-2000/Δ读-290/Δ进1/Δ开1/Δ留1,2026-09-24→2026-09-28,diff
6aa7d8ec0000000011034029,特斯拉的羊毛,9月想提Model Y，现在真正要抓的是现车,旧:曝1605/读237/进0/开0/留0,219,10,0,0,0,7.28,Δ曝-1386/Δ读-227/Δ进0/Δ开0/Δ留0,2026-09-24→2026-09-28,diff
6aa36a48000000001001cb51,特斯拉邮递员子枫,Model Y和Y L该怎么选？区别及费用一览,旧:曝12305/读2228/进4/开3/留3,1803,55,5,4,3,497.48,Δ曝-10502/Δ读-2173/Δ进1/Δ开1/Δ留0,2026-09-24→2026-09-28,diff
6aa90d6e000000002802e092,天津特斯拉-小颖,9月购车明细📑Model Y：22.57w起,旧:曝2670/读316/进1/开1/留1,1902,161,6,6,5,545.81,Δ曝-768/Δ读-155/Δ进5/Δ开5/Δ留4,2026-09-24→2026-09-28,diff
6aa3a3e5000000001103105b,天津特斯拉-小颖,02年打工人｜Model Y养车成本分享,旧:曝17878/读3309/进3/开2/留1,1793,42,5,4,1,216.92,Δ曝-16085/Δ读-3267/Δ进2/Δ开2/Δ留0,2026-09-24→2026-09-28,diff
6aa6194e0000000026009473,特斯拉晶晶✨,山东女生9月买Model Y，24.35w起提走,旧:曝3140/读545/进1/开1/留1,1465,201,1,1,1,245.08,Δ曝-1675/Δ读-344/Δ进0/Δ开0/Δ留0,2026-09-24→2026-09-28,diff
6aa9038a000000002603149c,特斯拉洋子（包全国）,国补后Model 3：19.55w起，谁还没冲？！,旧:曝5655/读657/进0/开0/留0,3586,315,0,0,0,184.34,Δ曝-2069/Δ读-342/Δ进0/Δ开0/Δ留0,2026-09-24→2026-09-28,diff
6aa52180000000000b000cd4,特斯拉洋子（包全国）,9月六座Model Y L提车这个价吗…有点东西啊,旧:曝3177/读440/进2/开1/留0,1153,148,2,1,0,282.58,Δ曝-2024/Δ读-292/Δ进0/Δ开0/Δ留0,2026-09-24→2026-09-28,diff
6aa368690000000011038516,77在特斯拉卖玩具车📔,漳州的宝宝！漳州新购来啦Model 3低至21.8w,旧:曝1933/读258/进3/开3/留3,892,52,3,3,3,154.83,Δ曝-1041/Δ读-206/Δ进0/Δ开0/Δ留0,2026-09-24→2026-09-28,diff
6aa8eb73000000002700b729,77在特斯拉卖玩具车📔,有没有漳州宝宝想试驾Model Y呀？,旧:曝11851/读1411/进10/开9/留4,13481,1588,10,9,4,1321.45,Δ曝1630/Δ读177/Δ进0/Δ开0/Δ留0,2026-09-24→2026-09-28,diff
6aa37170000000002a006b32,特斯拉体验官Leo,长期主义选电车，Model Y：22.57w起,旧:曝13472/读2070/进0/开0/留0,674,73,0,0,0,64.05,Δ曝-12798/Δ读-1997/Δ进0/Δ开0/Δ留0,2026-09-24→2026-09-28,diff
6aa6972c000000000b00f8d8,特斯拉 开开,夯！9🈷️特斯拉爆了🤍让我抢到了现车☑️,旧:曝959/读76/进0/开0/留0,188,6,0,0,0,2.89,Δ曝-771/Δ读-70/Δ进0/Δ开0/Δ留0,2026-09-24→2026-09-28,diff
6aa94d50000000002b026aa9,特斯拉 开开,✨Model 3每天70块，幸福感🆙🆙,旧:曝773/读50/进1/开1/留1,578,13,1,1,1,73.56,Δ曝-195/Δ读-37/Δ进0/Δ开0/Δ留0,2026-09-24→2026-09-28,diff
6aa91521000000002b0275d7,博文在特斯拉,你敢信，19.85w起就能提走一台Model 3？,旧:曝8029/读1489/进1/开1/留1,2765,363,4,4,4,427.67,Δ曝-5264/Δ读-1126/Δ进3/Δ开3/Δ留3,2026-09-24→2026-09-28,diff
6aa66000000000000b034989,Tesla特斯拉海岛日记,9月兴奋了，Model Y可达23.05w起,旧:曝7990/读1111/进0/开0/留0,118,7,0,0,0,107.44,Δ曝-7872/Δ读-1104/Δ进0/Δ开0/Δ留0,2026-09-24→2026-09-28,diff
6aa3ceb8000000002902ea7d,Model体验官一凡,就趁现在！Model Y:22.57w起,旧:曝4108/读565/进1/开1/留1,258,22,2,2,1,193.3,Δ曝-3850/Δ读-543/Δ进1/Δ开1/Δ留0,2026-09-24→2026-09-28,diff
6aa5350a000000000b037bac,特斯拉茉茉美少女,9月新政，特斯拉Model 3：19.47w起,旧:曝3585/读517/进0/开0/留0,473,32,0,0,0,31.95,Δ曝-3112/Δ读-485/Δ进0/Δ开0/Δ留0,2026-09-24→2026-09-28,diff
6aaa4339000000002601fd36,特斯拉茉茉美少女,2026国补后，Model Y：22.57w起,旧:曝3151/读470/进0/开0/留0,656,54,0,0,0,21.3,Δ曝-2495/Δ读-416/Δ进0/Δ开0/Δ留0,2026-09-24→2026-09-28,diff
6aa39a8c0000000011035bcd,宁波鄞州特斯拉中心,特斯拉限时现车激励来了‼️,旧:曝946/读428/进0/开0/留0,410,5,0,0,0,15.03,Δ曝-536/Δ读-423/Δ进0/Δ开0/Δ留0,2026-09-24→2026-09-28,diff
6aa9176c000000002503461a,宁波鄞州特斯拉中心,9月兴奋了！浙江22.57w起 提走Model Y,旧:曝2795/读376/进0/开0/留0,2055,204,2,2,1,462.9,Δ曝-740/Δ读-172/Δ进2/Δ开2/Δ留1,2026-09-24→2026-09-28,diff
6aa930e90000000011035e81,宁波鄞州特斯拉中心,⚠️宁波9月首保购新补（可叠加）,旧:曝9362/读1730/进6/开5/留1,7507,953,10,9,3,540.02,Δ曝-1855/Δ读-777/Δ进4/Δ开4/Δ留2,2026-09-24→2026-09-28,diff
6aa8fd14000000002a0070aa,宁波特斯拉-海曙龙湖天街店,9月国补后，Model 3：19.47w起,旧:曝5257/读790/进2/开2/留1,3875,605,5,4,2,527.86,Δ曝-1382/Δ读-185/Δ进3/Δ开2/Δ留1,2026-09-24→2026-09-28,diff
6aa6c3cc000000002600b671,宁波特斯拉-海曙龙湖天街店,干货📝  一张图看懂Model 3所有补贴,旧:曝2129/读303/进0/开0/留0,419,24,0,0,0,34.48,Δ曝-1710/Δ读-279/Δ进0/Δ开0/Δ留0,2026-09-24→2026-09-28,diff
6aa6c26a000000000b0348d2,宁波特斯拉-海曙龙湖天街店,谁懂啊🥹仙女座驾ModelY 9月22.57w起‼️,旧:曝2630/读360/进1/开1/留1,981,92,1,1,1,44.32,Δ曝-1649/Δ读-268/Δ进0/Δ开0/Δ留0,2026-09-24→2026-09-28,diff
6aa40042000000000b0357c1,特斯拉一鸣,辽宁🔥Model 3:20.25w【附提车攻略📝】,旧:曝1097/读151/进0/开0/留0,279,13,0,0,0,2.56,Δ曝-818/Δ读-138/Δ进0/Δ开0/Δ留0,2026-09-24→2026-09-28,diff
6aa93b4e0000000025035c31,常州特斯拉-小蒋,预算10w适合高智感女生的轿跑：Model 3,旧:曝6956/读891/进12/开10/留2,34229,3706,50,42,14,2745.42,Δ曝27273/Δ读2815/Δ进38/Δ开32/Δ留12,2026-09-24→2026-09-28,diff
6aa6b9eb0000000026017aa5,常州特斯拉-小蒋,✨上升期男生，预算5w提Model 3🩶,旧:曝2177/读240/进0/开0/留0,769,58,0,0,0,109.45,Δ曝-1408/Δ读-182/Δ进0/Δ开0/Δ留0,2026-09-24→2026-09-28,diff
6aa5fdb20000000025035002,中山特斯拉小波（努力版）,中山看Model Y｜多项福🌰叠加，直接省3w+🔥,旧:曝2880/读383/进3/开3/留2,1451,164,4,4,2,255.52,Δ曝-1429/Δ读-219/Δ进1/Δ开1/Δ留0,2026-09-24→2026-09-28,diff
6aa9012f0000000026017b31,中山特斯拉小波（努力版）,00后女生第一台车选Model Y✨,旧:曝1989/读255/进1/开1/留0,517,38,1,1,0,84.65,Δ曝-1472/Δ读-217/Δ进0/Δ开0/Δ留0,2026-09-24→2026-09-28,diff
6aa94a72000000002600b602,特斯拉｜东东,00后男生，19.47w起提走Model 3,旧:曝6059/读890/进0/开0/留0,580,35,0,0,0,14,Δ曝-5479/Δ读-855/Δ进0/Δ开0/Δ留0,2026-09-24→2026-09-28,diff
6aa3b7620000000011034815,特斯拉校草,9月Model Y有点香🔥补完22.57w起,旧:曝3777/读521/进0/开0/留0,126,4,0,0,0,1.88,Δ曝-3651/Δ读-517/Δ进0/Δ开0/Δ留0,2026-09-24→2026-09-28,diff
6aa4eb2d000000001103264b,特斯拉校草,上升期男生，预算5w提快银Model 3🩶,旧:曝5294/读777/进0/开0/留0,491,79,0,0,0,48.76,Δ曝-4803/Δ读-698/Δ进0/Δ开0/Δ留0,2026-09-24→2026-09-28,diff
6aa7c5c4000000000d026c84,特斯拉校草,通勤党等到了❗️Model Y这波22.57w,旧:曝2220/读260/进0/开0/留0,242,6,0,0,0,3.18,Δ曝-1978/Δ读-254/Δ进0/Δ开0/Δ留0,2026-09-24→2026-09-28,diff
6aa4f98c0000000025037ff7,卖特斯拉的潮汕小妮（车主版）,限时✂️1w！，23.35w起开走Model Y,旧:曝2212/读451/进0/开0/留0,59,5,0,0,0,9.33,Δ曝-2153/Δ读-446/Δ进0/Δ开0/Δ留0,2026-09-24→2026-09-22,diff
6aa7a9640000000011031530,卖特斯拉的潮汕小妮（车主版）,潮汕！家门口就可以试驾特斯拉啦🚗,旧:曝886/读175/进0/开0/留0,148,22,0,0,0,32.8,Δ曝-738/Δ读-153/Δ进0/Δ开0/Δ留0,2026-09-24→2026-09-22,diff
6aa3c73a0000000026022ad2,特斯拉-伊林Elaine🎀,浙江9月提特斯拉｜补补最高4w？,旧:曝1216/读263/进1/开1/留1,61,6,1,1,1,131.26,Δ曝-1155/Δ读-257/Δ进0/Δ开0/Δ留0,2026-09-24→2026-09-21,diff
6aa6873d000000002b003d4b,TESLA特斯拉-千赫（全国可提),26年限时提现车｜Model Y：22.57w起✨,旧:曝1631/读204/进0/开0/留0,161,12,0,0,0,1.29,Δ曝-1470/Δ读-192/Δ进0/Δ开0/Δ留0,2026-09-24→2026-09-28,diff
6aa9296100000000260381ff,特斯拉百科全苏丨全国可订🚗,⚡9 月入手 Model3 正当时，19.57w轻松开走！,旧:曝1401/读203/进0/开0/留0,167,9,0,0,0,5.77,Δ曝-1234/Δ读-194/Δ进0/Δ开0/Δ留0,2026-09-24→2026-09-28,diff
6aa78bb4000000000b00de87,特斯拉百科全苏丨全国可订🚗,闭眼入！特斯拉Model Y九月王炸福利来袭🎉,旧:曝1645/读258/进1/开0/留0,199,16,1,0,0,104.36,Δ曝-1446/Δ读-242/Δ进0/Δ开0/Δ留0,2026-09-24→2026-09-28,diff
6aa39fd3000000000d025d41,小林的特斯拉日记,二胎家庭买车，9月减2.2w开走Model Y L🚗,旧:曝99629/读13163/进0/开0/留0,478,32,0,0,0,229.39,Δ曝-99151/Δ读-13131/Δ进0/Δ开0/Δ留0,2026-09-24→2026-09-28,diff
6aa91b30000000001001caad,济南特斯拉主理人,9月无痛提车！Model Y：22.65w起,旧:曝9047/读1298/进0/开0/留1,1590,166,0,0,1,99.49,Δ曝-7457/Δ读-1132/Δ进0/Δ开0/Δ留0,2026-09-24→2026-09-28,diff
6aa521c2000000002a026025,特斯拉长沙向姐🌸,Model Y 现车立减 1 0000！低至22.87w起,旧:曝2361/读313/进1/开1/留1,683,45,1,1,1,74.05,Δ曝-1678/Δ读-268/Δ进0/Δ开0/Δ留0,2026-09-24→2026-09-28,diff
6aa695eb000000002803ab8c,特斯拉tesla星星,西安的新购补补竟然…这么好领？😨太划算了吧,旧:曝6027/读1603/进5/开3/留1,4078,239,8,5,1,446.73,Δ曝-1949/Δ读-1364/Δ进3/Δ开2/Δ留0,2026-09-24→2026-09-28,diff
6aa39fcf00000000280369c5,励志卖十万台特斯拉的-盼盼🍞,天呐‼️Model 3:19.85w起，Model Y：22.87w起,旧:曝1059/读146/进0/开0/留0,162,5,0,0,0,60.18,Δ曝-897/Δ读-141/Δ进0/Δ开0/Δ留0,2026-09-24→2026-09-28,diff
6aa6420e000000002a02e38a,TESLA 李嘉嘉,9.13号成都蕞新落地。。。Model Y ：23.3w提车,旧:曝3679/读730/进1/开1/留1,103,5,1,1,1,50.74,Δ曝-3576/Δ读-725/Δ进0/Δ开0/Δ留0,2026-09-24→2026-09-22,diff
6aa394630000000029018113,TESLA 李嘉嘉,成都补补又加码！Model YL : 30.1w😱,旧:曝2808/读502/进0/开0/留0,359,4,0,0,0,8.38,Δ曝-2449/Δ读-498/Δ进0/Δ开0/Δ留0,2026-09-24→2026-09-28,diff
6aa924af000000002802f419,特斯拉顾问小美🚗,9月Model 3补补至高4w，裸车19.47w起,旧:曝1567/读158/进0/开0/留0,181,9,0,0,0,1.25,Δ曝-1386/Δ读-149/Δ进0/Δ开0/Δ留0,2026-09-24→2026-09-28,diff
6aa6c74d000000001001dc41,特斯拉顾问小美🚗,现在买Model Y啥价格了？一万现车激励来了？,旧:曝3013/读484/进0/开0/留0,156,9,0,0,0,1.42,Δ曝-2857/Δ读-475/Δ进0/Δ开0/Δ留0,2026-09-24→2026-09-28,diff
6aa5fdca0000000029012a7c,特斯拉苏州交付中心,9月想买Model Y？教你怎么22.65w拿下,旧:曝18574/读2127/进0/开0/留0,1056,92,0,0,0,119.58,Δ曝-17518/Δ读-2035/Δ进0/Δ开0/Δ留0,2026-09-24→2026-09-28,diff
6aa916f70000000012025913,Tesla_Selina,白色Model Y提车，国补后：22w+,旧:曝8097/读1266/进2/开2/留1,2007,306,3,3,3,418.13,Δ曝-6090/Δ读-960/Δ进1/Δ开1/Δ留2,2026-09-24→2026-09-28,diff
6aa4d2ff0000000012025096,Tesla_Selina,省2w+！99年女生提Model 3啦！,旧:曝2461/读382/进0/开0/留0,701,95,0,0,0,27.42,Δ曝-1760/Δ读-287/Δ进0/Δ开0/Δ留0,2026-09-24→2026-09-28,diff
6aaa4278000000000b003c6c,哈莉（特斯拉分身）,9月新政，购车明细📑Model 3：19.47w起,旧:曝8023/读1130/进2/开2/留1,1533,146,3,3,1,235.39,Δ曝-6490/Δ读-984/Δ进1/Δ开1/Δ留0,2026-09-24→2026-09-28,diff
6aa92b59000000002901bd45,特斯拉合肥交付中心,19.XX万起开走Model 3！✨9月购车清晰思路,旧:曝2094/读145/进0/开0/留0,587,24,0,0,0,67.44,Δ曝-1507/Δ读-121/Δ进0/Δ开0/Δ留0,2026-09-24→2026-09-28,diff
6aa92615000000002601638a,特斯拉Pupu,🫛毛豆Y捡漏长续航后驱落地27w,旧:曝414/读59/进0/开0/留0,25,2,0,0,0,4.25,Δ曝-389/Δ读-57/Δ进0/Δ开0/Δ留0,2026-09-24→2026-09-15,diff
6aa8ec1f000000001203f649,特斯拉佳慧挺爱吃,老铁别犹豫，9月Model 3：19.47w起,旧:曝1988/读246/进0/开0/留0,57,2,0,0,0,0.56,Δ曝-1931/Δ读-244/Δ进0/Δ开0/Δ留0,2026-09-24→2026-09-28,diff
6aa7bb57000000002700835d,Tesla 特斯拉丨佳佳⚡,9.14刚提🚗 特斯拉Modely费用明细,旧:曝53905/读8180/进25/开21/留7,17778,2871,25,21,7,1959.54,Δ曝-36127/Δ读-5309/Δ进0/Δ开0/Δ留0,2026-09-24→2026-09-28,diff
6aa3e8260000000028000b45,特斯拉佳慧挺爱吃,在东北换了六座Model Y L，过来人教你省钱,旧:曝2588/读394/进0/开0/留0,47,0,0,0,0,0,Δ曝-2541/Δ读-394/Δ进0/Δ开0/Δ留0,2026-09-24→2026-09-27,diff
6aaa442e000000002700baf8,Haha同学在特斯拉,Model 3每天70块，开走爱车,旧:曝3467/读466/进1/开1/留0,746,58,1,1,0,58.57,Δ曝-2721/Δ读-408/Δ进0/Δ开0/Δ留0,2026-09-24→2026-09-23,diff
6aa2b7210000000026033d02,特斯拉冰姐（全国可提）,Model 3实拍，9月多少💰能拿下？,旧:曝718/读84/进0/开0/留0,108,2,0,0,0,0.98,Δ曝-610/Δ读-82/Δ进0/Δ开0/Δ留0,2026-09-24→2026-09-27,diff
6aaaa17c000000002803728f,Tesla-晨璐（努力工作版）,兴奋！无痛提车！Model Y 20多w拿下,旧:曝3870/读574/进4/开4/留3,1688,198,4,4,3,281.21,Δ曝-2182/Δ读-376/Δ进0/Δ开0/Δ留0,2026-09-24→2026-09-28,diff
6aaa62bb0000000028000a80,特斯拉小星✨,9月太值了！浙江Model 3：19.42w起,旧:曝2550/读304/进1/开1/留1,908,73,1,1,1,44.6,Δ曝-1642/Δ读-231/Δ进0/Δ开0/Δ留0,2026-09-24→2026-09-28,diff
6aaaa3550000000028037905,常州特斯拉-小彤,九月，Model 3:💰19.47,旧:曝3000/读439/进0/开0/留0,1151,114,0,0,0,74.08,Δ曝-1849/Δ读-325/Δ进0/Δ开0/Δ留0,2026-09-24→2026-09-19,diff
6aaa8697000000002802cb5a,宁波鄞州特斯拉中心,刚出的！宁波！叠加置换报废补！,旧:曝4876/读682/进6/开6/留4,4650,525,7,7,4,603.69,Δ曝-226/Δ读-157/Δ进1/Δ开1/Δ留0,2026-09-24→2026-09-28,diff
6a9cd4f0000000002800088c,Tesla未来销冠梦瑶,展厅实拍｜快银Model Y➕枪灰大轮,旧:曝5731/读1128/进0/开0/留0,771,154,0,0,0,28.35,Δ曝-4960/Δ读-974/Δ进0/Δ开0/Δ留0,2026-09-24→2026-09-28,diff
6aaae21f000000002a02d0c2,特斯拉 Tesla_无敌沙拉,九月国补后👉Model Y：22w+起,旧:曝3457/读487/进0/开0/留0,333,16,0,0,0,14.46,Δ曝-3124/Δ读-471/Δ进0/Δ开0/Δ留0,2026-09-24→2026-09-28,diff
6aab6594000000002802a5f8,Tesla特斯拉｜佳俊,2026国补落地✨Model3直接干到19.95w提走🚗,旧:曝3909/读583/进0/开0/留0,998,90,0,0,0,53.49,Δ曝-2911/Δ读-493/Δ进0/Δ开0/Δ留0,2026-09-24→2026-09-28,diff
6aaa563b0000000025037f03,特斯拉七七77,特斯拉Model Y日供89｜补贴+金融方案大全,旧:曝1687/读169/进0/开0/留0,629,28,0,0,0,5.3,Δ曝-1058/Δ读-141/Δ进0/Δ开0/Δ留0,2026-09-24→2026-09-28,diff
6a9d42d1000000002700b1fe,Model体验官一凡,Model 3：19.97w起【提车攻略】,旧:曝1816/读216/进0/开0/留0,65,3,0,0,0,0.61,Δ曝-1751/Δ读-213/Δ进0/Δ开0/Δ留0,2026-09-24→2026-09-28,diff
6aaa5e81000000002900ee94,Model体验官一凡,每天70块，开走爱车Model 3,旧:曝4388/读671/进0/开0/留0,225,9,0,0,0,11.95,Δ曝-4163/Δ读-662/Δ进0/Δ开0/Δ留0,2026-09-24→2026-09-28,diff
6aa9f3b0000000002a02ca7f,特斯拉小朱｜全国可提🚗,又兴奋了，9月黑标Model 3：19.77w起,旧:曝2904/读450/进0/开0/留0,103,9,0,0,0,0.23,Δ曝-2801/Δ读-441/Δ进0/Δ开0/Δ留0,2026-09-24→2026-09-28,diff
6aab4c8600000000280306a4,特斯拉小朱｜全国可提🚗,2026国补后，Model Y：22.57w起,旧:曝1960/读258/进0/开0/留0,130,5,0,0,0,1.85,Δ曝-1830/Δ读-253/Δ进0/Δ开0/Δ留0,2026-09-24→2026-09-27,diff
6aa3ea81000000002601644e,特斯拉美美🎀（销冠版,胆子肥嘟嘟的，月薪6k冲Model 3❗️,旧:曝1817/读173/进0/开0/留0,394,17,0,0,0,2.09,Δ曝-1423/Δ读-156/Δ进0/Δ开0/Δ留0,2026-09-24→2026-09-28,diff
6aa519230000000011034f73,特斯拉美美🎀（销冠版,我想要我得到！22.65w提Model Y,旧:曝2824/读317/进0/开0/留0,980,61,0,0,0,18.68,Δ曝-1844/Δ读-256/Δ进0/Δ开0/Δ留0,2026-09-24→2026-09-28,diff
6aaa07bb000000001103507e,特斯拉美美🎀（销冠版,十一假期不等了，提车！Model Y：22.57w 起,旧:曝1987/读223/进0/开0/留0,298,16,0,0,0,3.14,Δ曝-1689/Δ读-207/Δ进0/Δ开0/Δ留0,2026-09-24→2026-09-28,diff
6aab57da000000002600be5a,TESLA特斯拉 雅雅,9月又香又💥炸裂 ！Model 3：19.47W,旧:曝1557/读135/进2/开2/留0,1233,80,2,2,0,186.09,Δ曝-324/Δ读-55/Δ进0/Δ开0/Δ留0,2026-09-24→2026-09-28,diff
6aaa45d9000000002b01cd1d,特斯拉一鸣,2026黑标Model 3：19.47w起，方案直接给,旧:曝3125/读502/进0/开0/留0,167,7,0,0,0,2.08,Δ曝-2958/Δ读-495/Δ进0/Δ开0/Δ留0,2026-09-24→2026-09-28,diff
6aab688a000000002b013c79,特斯拉｜东东,9月Model Y，22.57w起拿下太猛了！,旧:曝5903/读784/进1/开1/留0,516,44,1,1,0,97.99,Δ曝-5387/Δ读-740/Δ进0/Δ开0/Δ留0,2026-09-24→2026-09-28,diff
6a9d88e30000000011034816,特斯拉顾问小美🚗,9月黑标Model Y，浙江落地价23.65w,旧:曝8340/读1350/进9/开9/留7,5266,702,11,11,7,745.32,Δ曝-3074/Δ读-648/Δ进2/Δ开2/Δ留0,2026-09-24→2026-09-28,diff
6aa6c8560000000026017e18,特斯拉顾问小美🚗,杭州9月特斯拉真的夯爆了！补补拉满🔥,旧:曝1999/读294/进1/开1/留1,261,17,1,1,1,5.89,Δ曝-1738/Δ读-277/Δ进0/Δ开0/Δ留0,2026-09-24→2026-09-28,diff
6a4283050000000008001995,特斯拉一鸣,辽宁Model3 9月政ce一览 落地明细来啦,旧:曝5732/读726/进0/开0/留0,571,32,0,0,0,11.08,Δ曝-5161/Δ读-694/Δ进0/Δ开0/Δ留0,2026-09-24→2026-09-28,diff
6aaac2b10000000026016d88,临沂特斯拉的服务员🤖,🔥特斯拉9月限时福利｜尾款减免1w🤩🤩,旧:曝3369/读344/进2/开2/留0,2751,275,2,2,0,215.5,Δ曝-618/Δ读-69/Δ进0/Δ开0/Δ留0,2026-09-24→2026-09-19,diff
6aaa701b0000000011036991,特斯拉Jojo超级辣,9月补补后 ModelY 22.97w起 ！,旧:曝1565/读132/进0/开0/留0,509,22,0,0,0,27.77,Δ曝-1056/Δ读-110/Δ进0/Δ开0/Δ留0,2026-09-24→2026-09-28,diff
6aa0f302000000002600ae27,特斯拉无锡交付中心,9月，Model Y：19.95w起🔥,旧:曝39436/读4463/进23/开22/留10,10990,906,30,28,12,2017.91,Δ曝-28446/Δ读-3557/Δ进7/Δ开6/Δ留2,2026-09-24→2026-09-26,diff
6aa2978b0000000011036a2f,特斯拉青岛-土豆妈妈,青岛姐妹看过来！毛豆3最新购车【政ce】汇总,旧:曝2104/读321/进1/开0/留0,395,27,1,0,0,62.8,Δ曝-1709/Δ读-294/Δ进0/Δ开0/Δ留0,2026-09-24→2026-09-22,diff
6aa6a630000000000d025b36,特斯拉巧巧在湖北,Model 3 19.47w起，新手直接冲！,旧:曝14226/读2287/进2/开2/留0,1383,98,2,2,0,89.54,Δ曝-12843/Δ读-2189/Δ进0/Δ开0/Δ留0,2026-09-24→2026-09-28,diff
6aa0f65c0000000025037378,特斯拉CiCi在苏州,⚠️9.30截止｜Model Y现车福利！尾款直减1w🔥,旧:曝1620/读173/进1/开1/留0,883,59,1,1,0,146.55,Δ曝-737/Δ读-114/Δ进0/Δ开0/Δ留0,2026-09-24→2026-09-21,diff
6aa2baa10000000026017fd8,南昌王府井特斯拉销售阿超,🚗南昌｜Model Y标续购车方案，一次性讲清楚✨,旧:曝3001/读1093/进1/开1/留0,937,24,1,1,0,185.67,Δ曝-2064/Δ读-1069/Δ进0/Δ开0/Δ留0,2026-09-24→2026-09-22,diff
6aa3e854000000000b00febe,Tesla-小韩今天又卖车了吗,Model YL限时✂️1w！裸车30.20w起，直接冲,旧:曝8784/读1503/进1/开1/留1,2768,381,3,3,2,216.17,Δ曝-6016/Δ读-1122/Δ进2/Δ开2/Δ留1,2026-09-24→2026-09-27,diff
6aacafd5000000002a026740,特斯拉体验官Leo,9月无痛提车！Model Y：22.57W起,旧:曝4785/读713/进0/开0/留0,533,48,0,0,0,43.75,Δ曝-4252/Δ读-665/Δ进0/Δ开0/Δ留0,2026-09-24→2026-09-28,diff
6aaa0c1d000000000b00ced0,特斯拉体验官Leo,26年国补后：19.47w起入Model 3！！,旧:曝2076/读269/进0/开0/留0,433,25,1,1,1,140.44,Δ曝-1643/Δ读-244/Δ进1/Δ开1/Δ留1,2026-09-24→2026-09-28,diff
6aa609fc0000000011034b77,台州临海银泰特斯拉,9月提车👉Model Y：23w➕就够啦,旧:曝6991/读950/进1/开0/留0,665,43,1,0,0,50.81,Δ曝-6326/Δ读-907/Δ进0/Δ开0/Δ留0,2026-09-24→2026-09-22,diff
6aa4bc4e000000002802f49c,特斯拉 力川,听我一句劝，9月你还真别等了！,旧:曝12669/读2347/进0/开0/留0,203,15,0,0,0,9.87,Δ曝-12466/Δ读-2332/Δ进0/Δ开0/Δ留0,2026-09-24→2026-09-22,diff
6aa124c50000000029016371,特斯拉新疆-黄小豆bean,谁懂啊😭新疆9月Model Y直接省了3.4万,旧:曝2583/读370/进1/开1/留0,111,10,1,1,0,17.65,Δ曝-2472/Δ读-360/Δ进0/Δ开0/Δ留0,2026-09-24→2026-09-22,diff
6aa8f77e000000000b037dcc,特斯拉新疆-黄小豆bean,9月新疆提车👉Model Y：22.57w起,旧:曝2344/读309/进0/开0/留0,243,7,0,0,0,7.53,Δ曝-2101/Δ读-302/Δ进0/Δ开0/Δ留0,2026-09-24→2026-09-22,diff
6a9e199e000000002901b3bc,特斯拉南京交付中心,别等了！9月30日前下单提车，尾款立⛔️‼️,旧:曝3095/读318/进1/开1/留1,711,44,1,1,1,196.96,Δ曝-2384/Δ读-274/Δ进0/Δ开0/Δ留0,2026-09-24→2026-09-21,diff
6aaa7e5e000000002601c350,特斯拉南京交付中心,🚗南京新购补补来啦！想买新车的宝子快码住,旧:曝9172/读1190/进7/开7/留2,3552,248,7,7,2,396.24,Δ曝-5620/Δ读-942/Δ进0/Δ开0/Δ留0,2026-09-24→2026-09-25,diff
6aacb000000000002b025865,特斯拉邮递员子枫,9月又猛又兴奋！Model Y：22.57w起,旧:曝37096/读6108/进0/开0/留1,1959,196,1,0,1,75.96,Δ曝-35137/Δ读-5912/Δ进1/Δ开0/Δ留0,2026-09-24→2026-09-28,diff
6aacf991000000001103aecb,特斯拉邮递员子枫,9月购车明细📑Model 3：19.47w起,旧:曝4560/读552/进3/开2/留2,2289,203,5,4,2,287.35,Δ曝-2271/Δ读-349/Δ进2/Δ开2/Δ留0,2026-09-24→2026-09-28,diff
6aac2bed00000000260193e6,特斯拉 Tesla_无敌沙拉,99年男生，7.99w提Model 3,旧:曝15627/读2395/进0/开0/留0,454,40,0,0,0,27.35,Δ曝-15173/Δ读-2355/Δ进0/Δ开0/Δ留0,2026-09-24→2026-09-28,diff
6aac9ac9000000002b0139cc,Tesla特斯拉小九,Model Y 2026国补后：22.57w起提走，真香！！,旧:曝2388/读309/进0/开0/留0,532,28,0,0,0,26.41,Δ曝-1856/Δ读-281/Δ进0/Δ开0/Δ留0,2026-09-24→2026-09-26,diff
6aae06c1000000002900cd6e,桃桃在特斯拉🍑,9月19提车，23.69w落地价！！,旧:曝7701/读1325/进0/开0/留0,254,25,0,0,0,14.36,Δ曝-7447/Δ读-1300/Δ进0/Δ开0/Δ留0,2026-09-24→2026-09-28,diff
6aad20d1000000002900e909,桃桃在特斯拉🍑,太猛了！Model 3：19.47w起,旧:曝8057/读1049/进0/开0/留0,451,24,0,0,0,13,Δ曝-7606/Δ读-1025/Δ进0/Δ开0/Δ留0,2026-09-24→2026-09-28,diff
6aaa65d90000000028001772,桃桃在特斯拉🍑,所有女生💓Model 3: 19.47w起,旧:曝2811/读309/进0/开0/留0,240,10,0,0,0,6.44,Δ曝-2571/Δ读-299/Δ进0/Δ开0/Δ留0,2026-09-24→2026-09-20,diff
6aacf595000000002a02c16b,哈莉（特斯拉分身）,9月购车明细📑 Model Y：22.57w起,旧:曝4128/读653/进0/开0/留0,104,5,0,0,0,0.43,Δ曝-4024/Δ读-648/Δ进0/Δ开0/Δ留0,2026-09-24→2026-09-28,diff
6a9bdf190000000011033ffc,Tesla｜玉子（特专业版）,10w，你会选 Model Y 吗？,旧:曝1546/读165/进0/开0/留0,5,0,0,0,0,0,Δ曝-1541/Δ读-165/Δ进0/Δ开0/Δ留0,2026-09-24→2026-09-20,diff
6aae24760000000011036753,Tesla｜玉子（特专业版）,国补助力，Model Y：22.95w起【攻略篇】,旧:曝1311/读159/进0/开0/留0,61,5,0,0,0,2.2,Δ曝-1250/Δ读-154/Δ进0/Δ开0/Δ留0,2026-09-24→2026-09-28,diff
6a99527f000000000d02772d,Tesla｜玉子（特专业版）,📢干货！Model 3和Model Y的区别,旧:曝166683/读17983/进0/开0/留0,48,0,0,0,0,0.32,Δ曝-166635/Δ读-17983/Δ进0/Δ开0/Δ留0,2026-09-24→2026-09-28,diff
6aad2bec000000002b0260a5,特斯拉合肥交付中心,9月入手Model 3，19.xx万起！超划算✨,旧:曝2810/读370/进0/开0/留0,94,11,0,0,0,0.96,Δ曝-2716/Δ读-359/Δ进0/Δ开0/Δ留0,2026-09-24→2026-09-28,diff
6aad1b2500000000290120c8,Tesla-晨璐（努力工作版）,沉浸式体验26款Model Y 请调大音量！,旧:曝89077/读11069/进1/开1/留0,108,5,1,1,0,2.49,Δ曝-88969/Δ读-11064/Δ进0/Δ开0/Δ留0,2026-09-24→2026-09-20,diff
6aa53b030000000011038941,Tesla-晨璐（努力工作版）,家庭实用主义都来看六座Model Y L,旧:曝5889/读913/进0/开0/留0,33,1,0,0,0,0.03,Δ曝-5856/Δ读-912/Δ进0/Δ开0/Δ留0,2026-09-24→2026-09-20,diff
6aa9eafb0000000027009bbd,特斯拉苏州交付中心,9月入手Model 3，月2k+轻松养车🈚️压力,旧:曝2369/读226/进0/开0/留0,290,15,0,0,0,7.47,Δ曝-2079/Δ读-211/Δ进0/Δ开0/Δ留0,2026-09-24→2026-09-28,diff
6aacf45c0000000028003e08,Haha同学在特斯拉,9月Model Y：22.57W起，真的不买吗？,旧:曝3673/读557/进0/开0/留0,277,34,0,0,0,45.97,Δ曝-3396/Δ读-523/Δ进0/Δ开0/Δ留0,2026-09-24→2026-09-28,diff
6aae3deb00000000280367ff,特斯拉苏州交付中心,2026年9🈷苏州新购补贴来啦！最高补7k‼,旧:曝14831/读1747/进5/开5/留1,12384,1676,17,16,5,1108.02,Δ曝-2447/Δ读-71/Δ进12/Δ开11/Δ留4,2026-09-24→2026-09-28,diff
6aae1866000000001203fb76,特斯拉苏州交付中心,划算！22.65w起提Model Y错过真🈚️了,旧:曝18476/读1747/进0/开0/留0,937,78,0,0,0,65.43,Δ曝-17539/Δ读-1669/Δ进0/Δ开0/Δ留0,2026-09-24→2026-09-28,diff
6aacbd47000000001202691a,特斯拉苏州交付中心,想换六座Model Y L？教你怎么30.2w起拿下！,旧:曝4387/读523/进1/开1/留0,340,17,1,1,0,79.93,Δ曝-4047/Δ读-506/Δ进0/Δ开0/Δ留0,2026-09-24→2026-09-28,diff
6aab77020000000012024c15,特斯拉苏州交付中心,2026年9🈷️南京新购补贴来啦！最高7k‼️,旧:曝9516/读1019/进1/开1/留0,4091,538,3,2,0,270.64,Δ曝-5425/Δ读-481/Δ进2/Δ开1/Δ留0,2026-09-24→2026-09-28,diff
6aad25190000000026009f84,特斯拉 开开,2026特斯拉新工服已上身♥️9月真的夯爆了,旧:曝12370/读3025/进0/开0/留0,455,63,0,0,0,12.96,Δ曝-11915/Δ读-2962/Δ进0/Δ开0/Δ留0,2026-09-24→2026-09-28,diff
6aacf783000000002b003ea5,特斯拉茉茉美少女,9月大惊喜！Model 3：19.47w起,旧:曝1874/读236/进0/开0/留0,158,16,0,0,0,24.01,Δ曝-1716/Δ读-220/Δ进0/Δ开0/Δ留0,2026-09-24→2026-09-28,diff
6aa134990000000026017740,特斯拉美美🎀（销冠版,车来！00后销🏆奖励自己一台Model 3,旧:曝2569/读394/进0/开0/留0,7,0,0,0,0,0,Δ曝-2562/Δ读-394/Δ进0/Δ开0/Δ留0,2026-09-24→2026-09-20,diff
6aa376fc000000002502ff5c,特斯拉美美🎀（销冠版,速码❗️Model Y和六座Y L区别和本月政ce一览,旧:曝12398/读1874/进1/开0/留0,114,10,1,0,0,10.62,Δ曝-12284/Δ读-1864/Δ进0/Δ开0/Δ留0,2026-09-24→2026-09-28,diff
6aae024d000000002b025477,特斯拉小朱｜全国可提🚗,9月又猛又兴奋！Model 3：19.47w起✨,旧:曝2975/读471/进1/开1/留1,164,24,1,1,1,8.29,Δ曝-2811/Δ读-447/Δ进0/Δ开0/Δ留0,2026-09-24→2026-09-28,diff
6a087d8400000000350231bf,Model体验官一凡,Model Y更新前后对比，落地24w+,旧:曝135444/读27019/进0/开0/留0,1067,203,0,0,0,10.97,Δ曝-134377/Δ读-26816/Δ进0/Δ开0/Δ留0,2026-09-24→2026-09-28,diff
6aad059f000000002a02fa74,特斯拉洋子（包全国）,等不了了！9月六座Model Y L新购补2.2w+！！,旧:曝1668/读257/进0/开0/留0,21,2,0,0,0,0.09,Δ曝-1647/Δ读-255/Δ进0/Δ开0/Δ留0,2026-09-24→2026-09-20,diff
6aace9c8000000002b011c14,博文在特斯拉,太猛了！Model Y：22.95w+起,旧:曝4343/读670/进0/开0/留0,67,5,0,0,0,11.44,Δ曝-4276/Δ读-665/Δ进0/Δ开0/Δ留0,2026-09-24→2026-09-28,diff
6aa22ab80000000011036c7f,天津特斯拉-小颖,✨既然有人提Model 3，那为什么不能是我呢？,旧:曝2390/读447/进0/开0/留0,147,9,0,0,0,2.79,Δ曝-2243/Δ读-438/Δ进0/Δ开0/Δ留0,2026-09-24→2026-09-28,diff
6aab4750000000002502c63d,天津特斯拉-小颖,9月又猛又兴奋！Model 3：19.77w起,旧:曝1928/读322/进0/开0/留0,150,8,0,0,0,2.96,Δ曝-1778/Δ读-314/Δ进0/Δ开0/Δ留0,2026-09-24→2026-09-28,diff
6aadd323000000002b01d193,特斯拉体验官Leo,9月又猛又兴奋！Model 3：19.47w起,旧:曝67421/读9958/进0/开0/留0,476,54,0,0,0,79.68,Δ曝-66945/Δ读-9904/Δ进0/Δ开0/Δ留0,2026-09-24→2026-09-28,diff
6aabb378000000002b012543,特斯拉洋子（包全国）,9月置换倒计时！Model Y:22.65w起🚀,旧:曝1766/读254/进0/开0/留0,30,2,0,0,0,1.37,Δ曝-1736/Δ读-252/Δ进0/Δ开0/Δ留0,2026-09-24→2026-09-28,diff
6aacf9e3000000002700bf00,Model体验官一凡,9月Model Y：22.57W起，真的不买吗？,旧:曝3680/读502/进0/开0/留0,113,9,0,0,0,0.25,Δ曝-3567/Δ读-493/Δ进0/Δ开0/Δ留0,2026-09-24→2026-09-28,diff
6aaf4c1400000000280337fe,特斯拉Yoki特努力,2026国补后，黑标Model Y：22.57w起,旧:曝5386/读675/进0/开0/留0,186,17,0,0,0,6.85,Δ曝-5200/Δ读-658/Δ进0/Δ开0/Δ留0,2026-09-24→2026-09-28,diff
6aa2ae3f0000000028028fb9,特斯拉Yoki特努力,青岛新购补😱！没有旧车也能补1.2个w?!,旧:曝3928/读817/进0/开0/留0,543,25,1,0,0,30.3,Δ曝-3385/Δ读-792/Δ进1/Δ开0/Δ留0,2026-09-24→2026-09-28,diff
6aa25256000000002601a49b,特斯拉Yoki特努力,9月新政🌈Model 3：19.47w起,旧:曝3738/读506/进0/开0/留0,443,32,0,0,0,49.78,Δ曝-3295/Δ读-474/Δ进0/Δ开0/Δ留0,2026-09-24→2026-09-28,diff
6aabcf460000000011034bb5,宁波鄞州特斯拉中心,9月🔥Model 3价格配置怎么选？,旧:曝3018/读590/进0/开0/留0,22,0,0,0,0,0.2,Δ曝-2996/Δ读-590/Δ进0/Δ开0/Δ留0,2026-09-24→2026-09-20,diff
6aad1e5e00000000120025ed,Tesla未来销冠梦瑶,北京9月18蕞新价🔥Model 3：19w起,旧:曝2441/读518/进0/开0/留0,345,26,2,2,1,28.79,Δ曝-2096/Δ读-492/Δ进2/Δ开2/Δ留1,2026-09-24→2026-09-28,diff
6a6356d4000000000f005b10,Tesla未来销冠梦瑶,2026国补后，Model Y:24.02w！！,旧:曝14018/读1874/进0/开0/留0,86,3,0,0,0,0.5,Δ曝-13932/Δ读-1871/Δ进0/Δ开0/Δ留0,2026-09-24→2026-09-28,diff
6aaa7380000000002802da60,常州特斯拉-小蒋,95后夫妻买车：4.59w无痛提Model Y❗️,旧:曝6690/读1066/进0/开0/留0,223,7,0,0,0,1.88,Δ曝-6467/Δ读-1059/Δ进0/Δ开0/Δ留0,2026-09-24→2026-09-20,diff
6aab5ca6000000002a02495c,特斯拉Tesla-悠悠（全国可提）,开了多年油车，为什么选择换Model 3,旧:曝2365/读422/进0/开0/留0,9,0,0,0,0,0,Δ曝-2356/Δ读-422/Δ进0/Δ开0/Δ留0,2026-09-24→2026-09-20,diff
6aaa219b000000002803286f,特斯拉Tesla-悠悠（全国可提）,Model 3提车，国补后：19.77w起,旧:曝3427/读527/进0/开0/留0,712,61,0,0,0,41.99,Δ曝-2715/Δ读-466/Δ进0/Δ开0/Δ留0,2026-09-24→2026-09-28,diff
6aa7c0e0000000002a006fac,特斯拉Tesla-悠悠（全国可提）,Model Y 中秋节 新活动❗️,旧:曝2079/读255/进0/开0/留0,15,2,0,0,0,0,Δ曝-2064/Δ读-253/Δ进0/Δ开0/Δ留0,2026-09-24→2026-09-20,diff
6aa386f9000000002b025c76,特斯拉Tesla-悠悠（全国可提）,🔥炸场上新｜2026 Model YP性能猛兽终于来了,旧:曝26757/读4712/进0/开0/留0,184,23,0,0,0,3.07,Δ曝-26573/Δ读-4689/Δ进0/Δ开0/Δ留0,2026-09-24→2026-09-20,diff
6aae0717000000000d025c16,常州特斯拉-小蒋,9月提特斯拉 | 六座Model Y L:30.2w起,旧:曝3216/读549/进0/开0/留0,76,2,0,0,0,1.41,Δ曝-3140/Δ读-547/Δ进0/Δ开0/Δ留0,2026-09-24→2026-09-28,diff
6a9d8c6d000000002b01c2dd,宁波特斯拉-海曙龙湖天街店,9月，Model Y黑武士：23.57w 起,旧:曝1988/读257/进0/开0/留0,12,0,0,0,0,0,Δ曝-1976/Δ读-257/Δ进0/Δ开0/Δ留0,2026-09-24→2026-09-20,diff
6aab59de00000000270155c0,宁波特斯拉-海曙龙湖天街店,9月无痛提车！Model Y：22.52w起,旧:曝3044/读520/进0/开0/留0,127,14,1,1,1,9.19,Δ曝-2917/Δ读-506/Δ进1/Δ开1/Δ留1,2026-09-24→2026-09-28,diff
6aaa80a20000000028037a1a,特斯拉tesla星星,绝美Model 3星空灰，9月大惊喜：19.47w起❗️,旧:曝2209/读336/进0/开0/留0,160,17,0,0,0,6.77,Δ曝-2049/Δ读-319/Δ进0/Δ开0/Δ留0,2026-09-24→2026-09-28,diff
6aad086b000000002700bb65,特斯拉tesla星星,9月西安新购继续！Model Y蕞高2w+❗️❗️,旧:曝1429/读202/进0/开0/留0,418,32,0,0,0,37.91,Δ曝-1011/Δ读-170/Δ进0/Δ开0/Δ留0,2026-09-24→2026-09-28,diff
6aad3a490000000012027313,特斯拉tesla星星,天😱西安六座Model Y L：30.2w起 香惨！,旧:曝1338/读541/进0/开0/留0,1128,49,1,1,0,106.26,Δ曝-210/Δ读-492/Δ进1/Δ开1/Δ留0,2026-09-24→2026-09-28,diff
6aabc109000000001103739c,特斯拉顾问小美🚗,9月又猛又兴奋！Model Y：22.57w起,旧:曝2379/读364/进0/开0/留0,40,2,0,0,0,0.01,Δ曝-2339/Δ读-362/Δ进0/Δ开0/Δ留0,2026-09-24→2026-09-27,diff
6aae5b300000000026015836,济南特斯拉主理人,九月还等啥？Model 3 19w+起就能开走🚗,旧:曝1789/读436/进0/开0/留0,23,0,0,0,0,1.02,Δ曝-1766/Δ读-436/Δ进0/Δ开0/Δ留0,2026-09-24→2026-09-20,diff
6aabf76d000000002502de67,济南特斯拉主理人,Model 3裸车不到20w，不费力提车,旧:曝3873/读595/进0/开0/留0,54,3,0,0,0,0.55,Δ曝-3819/Δ读-592/Δ进0/Δ开0/Δ留0,2026-09-24→2026-09-20,diff
6aa8deb9000000002902edaa,励志卖十万台特斯拉的-盼盼🍞,天呐9月太合适了 Model 3🤩19.47w起,旧:曝9341/读1522/进0/开0/留0,442,43,0,0,0,6.71,Δ曝-8899/Δ读-1479/Δ进0/Δ开0/Δ留0,2026-09-24→2026-09-28,diff
6aaca232000000002b026eee,特斯拉一鸣,📝 2026国补后：22.57w提走Model Y,旧:曝3453/读512/进0/开0/留0,127,17,0,0,0,2.95,Δ曝-3326/Δ读-495/Δ进0/Δ开0/Δ留0,2026-09-24→2026-09-28,diff
6a9bc5a300000000280296b5,特斯拉一鸣,00后每月不到200养特斯拉❓❗️,旧:曝989/读221/进0/开0/留0,18,2,0,0,0,0.05,Δ曝-971/Δ读-219/Δ进0/Δ开0/Δ留0,2026-09-24→2026-09-20,diff
6a28c9830000000006036ad0,Tesla 鱼仔吖,2026黑标Model Y：24.27w直接落地提走,旧:曝3342/读463/进0/开0/留0,74,5,0,0,0,3.89,Δ曝-3268/Δ读-458/Δ进0/Δ开0/Δ留0,2026-09-24→2026-09-28,diff
6aa15672000000000b034a4a,特斯拉｜东东,一台统一男女审美的车❓Model Y谁不爱啊,旧:曝2202/读315/进0/开0/留0,23,2,0,0,0,0.01,Δ曝-2179/Δ读-313/Δ进0/Δ开0/Δ留0,2026-09-24→2026-09-20,diff
6aacdafa0000000028029f24,特斯拉｜东东,安徽的宝！特斯拉补补又升级啦！,旧:曝764/读184/进0/开0/留0,62,2,0,0,0,1.44,Δ曝-702/Δ读-182/Δ进0/Δ开0/Δ留0,2026-09-24→2026-09-20,diff
6aab8e5d0000000026009d47,Tesla 鱼仔吖,9月购车明细👀Model 3：19.85w起,旧:曝2183/读305/进0/开0/留0,45,5,0,0,0,18.99,Δ曝-2138/Δ读-300/Δ进0/Δ开0/Δ留0,2026-09-24→2026-09-28,diff
6aaa0550000000002600ac21,Tesla 鱼仔吖,广东的宝子看这里，22w+起带走Model Y,旧:曝1335/读148/进0/开0/留0,86,5,0,0,0,8.52,Δ曝-1249/Δ读-143/Δ进0/Δ开0/Δ留0,2026-09-24→2026-09-28,diff
6ab0c6df000000003401b04e,,(库中无此笔记→将新建),,1362,69,1,1,0,165.95,2026-09-20,2026-09-26,new
6ab0c612000000003a020933,,(库中无此笔记→将新建),,4405,292,7,5,2,362.5,2026-09-20,2026-09-27,new
6aab5e7a00000000250374d9,特斯拉的羊毛,4步提车+省3w，Model Y 9月购车攻略,旧:曝1586/读221/进0/开0/留0,65,3,0,0,0,1.17,Δ曝-1521/Δ读-218/Δ进0/Δ开0/Δ留0,2026-09-24→2026-09-28,diff
6a9cc848000000000d025285,特斯拉的羊毛,9月特斯拉羊毛攻略，四川人买车都来薅,旧:曝1528/读253/进0/开0/留0,67,3,0,0,0,0.57,Δ曝-1461/Δ读-250/Δ进0/Δ开0/Δ留0,2026-09-24→2026-09-28,diff
6ab1e5f1000000003a020e47,特斯拉洋子（包全国）,9月20日刚提！Model Y蕞新落地价😱,旧:曝1688/读282/进0/开0/留0,46,4,0,0,0,0.11,Δ曝-1642/Δ读-278/Δ进0/Δ开0/Δ留0,2026-09-24→2026-09-28,diff
6ab0d37e0000000033039878,特斯拉小朱｜全国可提🚗,2026国补后，黑标Model 3：19.77w起,旧:曝3976/读787/进0/开0/留0,21,2,0,0,0,0.45,Δ曝-3955/Δ读-785/Δ进0/Δ开0/Δ留0,2026-09-24→2026-09-27,diff
6ab1ecfb0000000035012a61,特斯拉体验官Leo,9月无痛提车！Model Y：22.57w起,旧:曝2157/读280/进0/开0/留0,237,17,0,0,0,7.3,Δ曝-1920/Δ读-263/Δ进0/Δ开0/Δ留0,2026-09-24→2026-09-28,diff
6ab1e2fd0000000034014b11,特斯拉美美🎀（销冠版,9.21刚提！特斯拉Model Y 22.57w起！,旧:曝1525/读228/进0/开0/留0,83,10,0,0,0,2.69,Δ曝-1442/Δ读-218/Δ进0/Δ开0/Δ留0,2026-09-24→2026-09-28,diff
6ab1ed670000000035026d36,特斯拉邮递员子枫,九月还等啥？Model Y 22.57w起就能买,旧:曝2023/读259/进0/开0/留0,87,2,0,0,0,0,Δ曝-1936/Δ读-257/Δ进0/Δ开0/Δ留0,2026-09-24→2026-09-28,diff
6aaff36f000000001001daef,常州特斯拉-小蒋,等不了了！9月六座Model Y L新购补2.2w+！！,旧:曝1573/读205/进0/开0/留0,386,27,0,0,0,10.15,Δ曝-1187/Δ读-178/Δ进0/Δ开0/Δ留0,2026-09-24→2026-09-28,diff
6a9cf866000000002700a61f,特斯拉-伊林Elaine🎀,坐标浙江｜Model Y 23.57w起🚙,旧:曝1567/读175/进0/开0/留0,120,2,0,0,0,0.02,Δ曝-1447/Δ读-173/Δ进0/Δ开0/Δ留0,2026-09-24→2026-09-28,diff
6ab1a9d5000000003003e165,特斯拉Tesla-悠悠（全国可提）,9月无痛提车！Model Y：22.87w起,旧:曝1613/读174/进0/开0/留0,368,29,0,0,0,5.47,Δ曝-1245/Δ读-145/Δ进0/Δ开0/Δ留0,2026-09-24→2026-09-28,diff
6a9c3e72000000002a02d79b,特斯拉Tesla-悠悠（全国可提）,9月｜Model YL 4.59w直接开走,旧:曝4874/读573/进0/开0/留0,555,35,0,0,0,13.25,Δ曝-4319/Δ读-538/Δ进0/Δ开0/Δ留0,2026-09-24→2026-09-28,diff
6aaa7e400000000029017146,TESLA 李嘉嘉,9.16号成都Model 3蕞新落地。。19.65w拿下,旧:曝2944/读492/进0/开0/留0,290,15,1,1,0,77.95,Δ曝-2654/Δ读-477/Δ进1/Δ开1/Δ留0,2026-09-24→2026-09-28,diff
6aaffea0000000002a02c4dc,宁波特斯拉-海曙龙湖天街店,真的值得冲🚨宁波现车Model Y这个价香到爆,旧:曝1863/读243/进0/开0/留0,380,43,5,5,3,56.52,Δ曝-1483/Δ读-200/Δ进5/Δ开5/Δ留3,2026-09-24→2026-09-28,diff
6a9ce390000000002a007b96,特斯拉金华| 露娜,Model Y每月2691，00后无痛提车！,旧:曝11299/读1426/进0/开0/留0,324,16,0,0,0,1.81,Δ曝-10975/Δ读-1410/Δ进0/Δ开0/Δ留0,2026-09-24→2026-09-28,diff
6aafba88000000002502e21b,卖特斯拉的潮汕小妮（车主版）,想买SUV看过来！👋付7.99w开走Model Y,旧:曝1168/读127/进0/开0/留0,120,5,0,0,0,0.01,Δ曝-1048/Δ读-122/Δ进0/Δ开0/Δ留0,2026-09-24→2026-09-28,diff
6aabccb4000000002b0032c2,特斯拉长沙向姐🌸,9 月 Model Y，23.35w起就能开走！,旧:曝3982/读504/进0/开0/留0,965,88,2,2,2,34.13,Δ曝-3017/Δ读-416/Δ进2/Δ开2/Δ留2,2026-09-24→2026-09-28,diff
6a9ba2fc0000000026008306,特斯拉长沙向姐🌸,特斯拉9月政ce更新～最高补28800,旧:曝2624/读427/进0/开0/留0,292,20,0,0,0,2.65,Δ曝-2332/Δ读-407/Δ进0/Δ开0/Δ留0,2026-09-24→2026-09-28,diff
6aaa53c1000000002b01fa43,TESLA特斯拉-千赫（全国可提),日供39😎爸妈点头后我提了Model3⚡️,旧:曝1436/读211/进0/开0/留0,64,5,0,0,0,8.66,Δ曝-1372/Δ读-206/Δ进0/Δ开0/Δ留0,2026-09-24→2026-09-28,diff
6aaf85000000000027014378,特斯拉｜东东,9月特斯拉购车浮利拉满，蕞高可省33000！,旧:曝867/读119/进0/开0/留0,157,12,0,0,0,7.58,Δ曝-710/Δ读-107/Δ进0/Δ开0/Δ留0,2026-09-24→2026-09-28,diff
6ab132c40000000031017d0b,特斯拉顾问小美🚗,杭州🔥Model 3：19.47w起【全国可提】,旧:曝1496/读181/进2/开2/留1,159,18,2,2,1,187.49,Δ曝-1337/Δ读-163/Δ进0/Δ开0/Δ留0,2026-09-24→2026-09-23,diff
6aad1ad200000000120370c0,特斯拉尼克,9月18日刚提：特斯拉Model Y蕞新落地💰,旧:曝13681/读2481/进0/开0/留0,425,40,0,0,0,12.75,Δ曝-13256/Δ读-2441/Δ进0/Δ开0/Δ留0,2026-09-24→2026-09-28,diff
6ab001780000000025037180,特斯拉顾问小美🚗,浙江9月购车明细📒Model Y：22.27w落地,旧:曝3119/读466/进0/开0/留0,40,3,1,1,1,84.67,Δ曝-3079/Δ读-463/Δ进1/Δ开1/Δ留1,2026-09-24→2026-09-28,diff
6aae4db1000000002b0131aa,哈莉（特斯拉分身）,沉浸式体验特斯拉｜Model Y：22.57w起,旧:曝203805/读22786/进0/开0/留0,897,56,3,3,0,112.15,Δ曝-202908/Δ读-22730/Δ进3/Δ开3/Δ留0,2026-09-24→2026-09-28,diff
6aafc508000000001203e6c6,Tesla-晨璐（努力工作版）,26款黑标Model Y，9月活动倒计时！,旧:曝1712/读265/进0/开0/留0,234,25,0,0,0,7.73,Δ曝-1478/Δ读-240/Δ进0/Δ开0/Δ留0,2026-09-24→2026-09-28,diff
6aafcc7f000000000b000257,杭州特斯拉Tesla（嘉里中心体验店）,🔥9月即将截止｜Model Y 22.57w起,旧:曝8366/读1282/进0/开0/留0,152,14,0,0,0,40.33,Δ曝-8214/Δ读-1268/Δ进0/Δ开0/Δ留0,2026-09-24→2026-09-28,diff
6a9d0f60000000002603b830,特斯拉合肥交付中心,特斯拉Model3，手付4.59开回家谁懂?,旧:曝3215/读393/进0/开0/留0,121,15,0,0,0,0.93,Δ曝-3094/Δ读-378/Δ进0/Δ开0/Δ留0,2026-09-24→2026-09-28,diff
6aad4ad7000000002a02e24f,杭州特斯拉Tesla（嘉里中心体验店）,为啥男生愿意多花4k冲快银Model 3？,旧:曝27188/读5475/进0/开0/留0,206,48,0,0,0,8.68,Δ曝-26982/Δ读-5427/Δ进0/Δ开0/Δ留0,2026-09-24→2026-09-28,diff
6aab4dae000000002a02edee,杭州特斯拉Tesla（嘉里中心体验店）,别再等了！9月Model Y 22.57w起,旧:曝1422/读242/进0/开0/留0,51,3,0,0,0,5.31,Δ曝-1371/Δ读-239/Δ进0/Δ开0/Δ留0,2026-09-24→2026-09-28,diff
6aaa4cfb000000002a02760f,特斯拉冰姐（全国可提）,全家太挤？30.2w起提六座Model Y L更舒适,旧:曝8356/读1161/进0/开0/留0,35,4,0,0,0,0.05,Δ曝-8321/Δ读-1157/Δ进0/Δ开0/Δ留0,2026-09-24→2026-09-28,diff
6aaa394d0000000026015401,特斯拉Pupu,9月16日特斯拉Modely各地落地价！,旧:曝2074/读322/进0/开0/留0,168,20,0,0,0,27.64,Δ曝-1906/Δ读-302/Δ进0/Δ开0/Δ留0,2026-09-24→2026-09-28,diff
6aace54e000000002802bf41,特斯拉冰姐（全国可提）,六座Model Y L，9月30.2w起无痛提🚗,旧:曝18241/读2392/进0/开0/留0,31,2,0,0,0,0.02,Δ曝-18210/Δ读-2390/Δ进0/Δ开0/Δ留0,2026-09-24→2026-09-28,diff
6aad0d5f000000002902eca0,Tesla_Selina,9月无痛提车！Model 3：19.42W起,旧:曝1847/读276/进0/开0/留0,213,19,0,0,0,30.63,Δ曝-1634/Δ读-257/Δ进0/Δ开0/Δ留0,2026-09-24→2026-09-28,diff
6aaf62ed000000002902f0c5,Tesla_Selina,2026黑标Model 3：19.42w起，方案直接给,旧:曝6528/读1031/进0/开0/留0,226,19,0,0,0,0.1,Δ曝-6302/Δ读-1012/Δ进0/Δ开0/Δ留0,2026-09-24→2026-09-28,diff
6a9b9b7700000000280037f8,特斯拉佳慧挺爱吃,95后新婚小家24w+提走Model Y,旧:曝2441/读353/进0/开0/留0,47,2,0,0,0,0.02,Δ曝-2394/Δ读-351/Δ进0/Δ开0/Δ留0,2026-09-24→2026-09-28,diff
6aab9dc2000000002900e5bc,特斯拉佳慧挺爱吃,老铁别犹豫，9月Model 3：19.47w起,旧:曝1398/读145/进0/开0/留0,39,0,0,0,0,0,Δ曝-1359/Δ读-145/Δ进0/Δ开0/Δ留0,2026-09-24→2026-09-28,diff
6aaba232000000002901066b,特斯拉佳慧挺爱吃,都要结束了！特斯拉九月限时➖💰 激励！,旧:曝802/读75/进0/开0/留0,48,3,0,0,0,0.13,Δ曝-754/Δ读-72/Δ进0/Δ开0/Δ留0,2026-09-24→2026-09-28,diff
6aaa3fe7000000002700abb7,77在特斯拉卖玩具车📔,姐妹别等啦！Model 3低至21.8w,旧:曝2353/读354/进0/开0/留0,82,3,0,0,0,0.02,Δ曝-2271/Δ读-351/Δ进0/Δ开0/Δ留0,2026-09-24→2026-09-28,diff
6aad1a2b000000002600bb79,特斯拉 开开,9🈷️心动了！Model 3算下来19.47w起🔥,旧:曝1490/读145/进0/开0/留0,67,3,0,0,0,0.02,Δ曝-1423/Δ读-142/Δ进0/Δ开0/Δ留0,2026-09-24→2026-09-28,diff
6aaced28000000002a02e5d1,Tesla特斯拉海岛日记,22.65w起提Model Y，假期开🚗在海边兜风吧～,旧:曝2094/读298/进0/开0/留0,90,9,0,0,0,0.11,Δ曝-2004/Δ读-289/Δ进0/Δ开0/Δ留0,2026-09-24→2026-09-28,diff
6aaa3cc1000000002b011147,Tesla特斯拉海岛日记,9月Model Y，22.65w提走了,旧:曝2895/读404/进0/开0/留0,159,13,0,0,0,0.83,Δ曝-2736/Δ读-391/Δ进0/Δ开0/Δ留0,2026-09-24→2026-09-28,diff
6aafaaeb000000002503758f,特斯拉的羊毛,9月20日川渝现车情况｜想本月提车的看这里,旧:曝574/读96/进0/开0/留0,18,0,0,0,0,0,Δ曝-556/Δ读-96/Δ进0/Δ开0/Δ留0,2026-09-24→2026-09-28,diff
6aaa3e42000000001103291b,特斯拉的羊毛,9月买特斯拉【高达】省5万！补 tie 攻略速看,旧:曝401/读35/进0/开0/留0,26,0,0,0,0,0,Δ曝-375/Δ读-35/Δ进0/Δ开0/Δ留0,2026-09-24→2026-09-28,diff
6aa36766000000002802e3cb,特斯拉的羊毛,Model Y高性能版正式上市｜36.9w值不值得看？,旧:曝19216/读3025/进0/开0/留0,393,65,0,0,0,5.55,Δ曝-18823/Δ读-2960/Δ进0/Δ开0/Δ留0,2026-09-24→2026-09-28,diff
6aaa0560000000002600ac61,特斯拉晶晶✨,🚗家庭电车首选，23.35w起开走Model Y,旧:曝763/读104/进0/开0/留0,40,1,0,0,0,0,Δ曝-723/Δ读-103/Δ进0/Δ开0/Δ留0,2026-09-24→2026-09-28,diff
6a9c1376000000002a02d01b,TESLA特斯拉-千赫（全国可提),🤍9月，Model Y白骑士来了！23.57w起📝,旧:曝2323/读341/进0/开0/留0,226,9,0,0,0,7.62,Δ曝-2097/Δ读-332/Δ进0/Δ开0/Δ留0,2026-09-24→2026-09-28,diff
6aaf5821000000000b00c500,TESLA 李嘉嘉,感谢善良夫妇资助！✋付5w爽提Model Y,旧:曝2088/读430/进0/开0/留0,142,24,0,0,0,3.78,Δ曝-1946/Δ读-406/Δ进0/Δ开0/Δ留0,2026-09-24→2026-09-28,diff
6aa639fb000000002b003e31,TESLA 李嘉嘉,95后备婚，选Model Y还是Model 3❓,旧:曝2140/读274/进0/开0/留0,37,3,0,0,0,2.07,Δ曝-2103/Δ读-271/Δ进0/Δ开0/Δ留0,2026-09-24→2026-09-28,diff
6aa68717000000002601dacc,特斯拉奶爸~啊新 （全国可定）,特斯拉补贴倒计时🔥多地置换补贴即将叫停,旧:曝843/读94/进0/开0/留0,114,8,0,0,0,0.04,Δ曝-729/Δ读-86/Δ进0/Δ开0/Δ留0,2026-09-24→2026-09-28,diff
6a9d66e2000000002b012f77,特斯拉奶爸~啊新 （全国可定）,🚙特斯拉 Model3｜9 月🛒车补贴整理,旧:曝1805/读205/进0/开0/留0,226,11,0,0,0,0.53,Δ曝-1579/Δ读-194/Δ进0/Δ开0/Δ留0,2026-09-24→2026-09-28,diff
6aae4e65000000002502d21d,特斯拉校草,9月Model 3，19.47w起【详细攻略】🖤,旧:曝2165/读266/进0/开0/留0,54,5,0,0,0,1.4,Δ曝-2111/Δ读-261/Δ进0/Δ开0/Δ留0,2026-09-24→2026-09-28,diff
6aaa5f7c000000001001e55a,特斯拉校草,家用六座怎么选？Model Y L把我拿捏了🫶,旧:曝2738/读327/进0/开0/留0,37,6,0,0,0,0.01,Δ曝-2701/Δ读-321/Δ进0/Δ开0/Δ留0,2026-09-24→2026-09-28,diff
6aae4fe8000000002803721d,特斯拉-伊林Elaine🎀,香麻了！杭州9月 Model Y：22.57w起,旧:曝2430/读401/进0/开0/留0,35,6,0,0,0,1.84,Δ曝-2395/Δ读-395/Δ进0/Δ开0/Δ留0,2026-09-24→2026-09-28,diff
6aa366d4000000001200299b,特斯拉-伊林Elaine🎀,不接受反驳！珍珠白Model 3女生很难拒绝,旧:曝1619/读222/进0/开0/留0,765,124,1,0,0,9.27,Δ曝-854/Δ读-98/Δ进1/Δ开0/Δ留0,2026-09-24→2026-09-28,diff
6a9b8382000000002802f486,卖特斯拉的潮汕小妮（车主版）,00后狂喜！5.59w真的能开走Model 3🚗,旧:曝1906/读260/进0/开0/留0,123,6,0,0,0,0.04,Δ曝-1783/Δ读-254/Δ进0/Δ开0/Δ留0,2026-09-24→2026-09-28,diff
6a9ce7a6000000000d027cfb,卖特斯拉的潮汕小妮（车主版）,打工人逆袭！4.59w开走Model 3，通勤直接开挂,旧:曝1410/读156/进0/开0/留0,65,6,0,0,0,1.16,Δ曝-1345/Δ读-150/Δ进0/Δ开0/Δ留0,2026-09-24→2026-09-28,diff
6aab928b000000002802e8c5,卖特斯拉的潮汕小妮（车主版）,00后女生🈷️供2377，轻松开走Model 3🚗,旧:曝1255/读161/进0/开0/留0,77,9,0,0,0,1.37,Δ曝-1178/Δ读-152/Δ进0/Δ开0/Δ留0,2026-09-24→2026-09-28,diff
6aaa4dfb0000000028003881,特斯拉尼克,国补后19.42w起拿下Model 3！这波冲了！,旧:曝1674/读184/进0/开0/留0,135,9,0,0,0,0.29,Δ曝-1539/Δ读-175/Δ进0/Δ开0/Δ留0,2026-09-24→2026-09-28,diff
6a9b9efe000000002502dfe4,嘉兴特斯拉中心🚗,提车啦姐妹们！Model Y：23.57w直接拿下,旧:曝1968/读279/进0/开0/留0,136,2,0,0,0,0.18,Δ曝-1832/Δ读-277/Δ进0/Δ开0/Δ留0,2026-09-24→2026-09-28,diff
6aad037f0000000028037e80,励志卖十万台特斯拉的-盼盼🍞,00后提Model 3，选对方案省下好几千,旧:曝1036/读125/进0/开0/留0,28,0,0,0,0,0,Δ曝-1008/Δ读-125/Δ进0/Δ开0/Δ留0,2026-09-24→2026-09-28,diff
6aacec860000000026015593,小林的特斯拉日记,刚上班买Model 3，🈷️付仅需2k+的快乐谁懂,旧:曝1549/读179/进0/开0/留0,75,4,0,0,0,0.02,Δ曝-1474/Δ读-175/Δ进0/Δ开0/Δ留0,2026-09-24→2026-09-28,diff
6aa3c28d0000000026039e94,特斯拉百科全苏丨全国可订🚗,特斯拉试驾覆盖全省，了解活动试驾安排🚗,旧:曝409/读54/进0/开0/留0,273,23,0,0,0,20.44,Δ曝-136/Δ读-31/Δ进0/Δ开0/Δ留0,2026-09-24→2026-09-28,diff
6aaf8f09000000000b003684,特斯拉一鸣,辽宁家庭用车｜六座Model Y L宝藏SUV💫,旧:曝1186/读165/进0/开0/留0,19,1,0,0,0,0.8,Δ曝-1167/Δ读-164/Δ进0/Δ开0/Δ留0,2026-09-24→2026-09-28,diff
6a9ad2a1000000002902e4d1,励志卖十万台特斯拉的-盼盼🍞,90后油车置换Model Y，省了2w+,旧:曝1683/读240/进0/开0/留0,100,8,0,0,0,1.55,Δ曝-1583/Δ读-232/Δ进0/Δ开0/Δ留0,2026-09-24→2026-09-28,diff
6aad547a00000000290147e8,特斯拉金华| 露娜,职场女性首选👉Model Y：22.57开走,旧:曝2284/读310/进0/开0/留0,102,10,0,0,0,31.6,Δ曝-2182/Δ读-300/Δ进0/Δ开0/Δ留0,2026-09-24→2026-09-28,diff
6aaa2d8d000000002902cf9b,杭州萧山特斯拉中心,9月太逆天！Model 3：19.47w起,旧:曝12478/读1981/进0/开0/留0,1842,202,3,3,1,244.73,Δ曝-10636/Δ读-1779/Δ进3/Δ开3/Δ留1,2026-09-24→2026-09-28,diff
6ab259f2000000003300d2af,特斯拉tesla星星,我没看错吧…9月新购Model 3才这个价吗😱,旧:曝1453/读226/进0/开0/留0,431,17,0,0,0,14.59,Δ曝-1022/Δ读-209/Δ进0/Δ开0/Δ留0,2026-09-24→2026-09-28,diff
6aacfa250000000028032dea,特斯拉百科全苏丨全国可订🚗,9月蕞全✨想入手特斯拉的必看！！！,旧:曝458/读65/进0/开0/留0,14,1,0,0,0,0,Δ曝-444/Δ读-64/Δ进0/Δ开0/Δ留0,2026-09-24→2026-09-27,diff
6ab2604c00000000310172c1,常州特斯拉-小蒋,9月20日刚提！苏州新购后Model Y落地价🔍,旧:曝714/读118/进0/开0/留0,1007,101,1,1,1,155.37,Δ曝293/Δ读-17/Δ进1/Δ开1/Δ留1,2026-09-24→2026-09-28,diff
6aa6b62a000000002601f48e,糖酸酸🍬开特斯拉,坐标重庆｜9月Model Y落地居然23.05w起？,旧:曝2191/读353/进0/开0/留0,1019,90,2,2,2,169.51,Δ曝-1172/Δ读-263/Δ进2/Δ开2/Δ留2,2026-09-24→2026-09-28,diff
6ab4d5d90000000002011331,哈莉（特斯拉分身）,(库中无此笔记→将新建),,870,94,3,3,1,127.46,2026-09-23,2026-09-28,new
6ab1f5b9000000003402b2e8,特斯拉邮递员子枫,2026全新黑标Model Y：22.57w起,旧:曝2/读3/进0/开0/留0,159,17,0,0,0,8.94,Δ曝157/Δ读14/Δ进0/Δ开0/Δ留0,2026-09-24→2026-09-28,diff
6ab1f45a000000003a023b0f,特斯拉邮递员子枫,国补后19.47w起拿下Model 3！是谁还没冲？,旧:曝1758/读247/进0/开0/留0,216,6,0,0,0,0.03,Δ曝-1542/Δ读-241/Δ进0/Δ开0/Δ留0,2026-09-24→2026-09-28,diff
6ab4e6fc000000001801618a,特斯拉茉茉美少女,(库中无此笔记→将新建),,1019,98,1,1,1,185.17,2026-09-23,2026-09-28,new
6aaa5295000000002b01f65a,特斯拉Yoki特努力,9🈷️青岛提Model Y，新购也能拿1.2w补补？！！,旧:曝2711/读420/进0/开0/留0,400,29,1,1,1,88.77,Δ曝-2311/Δ读-391/Δ进1/Δ开1/Δ留1,2026-09-24→2026-09-28,diff
6aa23275000000002503500b,特斯拉巧巧在湖北,9🈷️又兴奋！Model Y 22.65w起，真香警告,旧:曝2088/读298/进0/开0/留0,587,40,0,0,0,64.3,Δ曝-1501/Δ读-258/Δ进0/Δ开0/Δ留0,2026-09-24→2026-09-28,diff
6aad251c00000000110378e9,特斯拉巧巧在湖北,珍珠白Model Y，抢到现车交付优惠1w❗️🚘,旧:曝1359/读185/进0/开0/留0,517,32,0,0,0,97.38,Δ曝-842/Δ读-153/Δ进0/Δ开0/Δ留0,2026-09-24→2026-09-28,diff
6ab4d748000000001203614e,Haha同学在特斯拉,(库中无此笔记→将新建),,243,14,0,0,0,13.28,2026-09-27,2026-09-28,new
6ab4fe36000000001203c230,Tesla_Selina,(库中无此笔记→将新建),,484,21,0,0,0,13.74,2026-09-27,2026-09-28,new
6ab4f0b00000000015016beb,桃桃在特斯拉🍑,(库中无此笔记→将新建),,32,1,0,0,0,0.32,2026-09-28,2026-09-28,new
6aafefb70000000026031e1c,特斯拉晶晶✨,20w就可以买model3了嘛？,旧:曝644/读137/进0/开0/留0,111,9,0,0,0,2.25,Δ曝-533/Δ读-128/Δ进0/Δ开0/Δ留0,2026-09-24→2026-09-28,diff